*************************************************
******************* ORCA 6.1.1 ******************
*************************************************
$Calculation_Status
   &GeometryIndex 14
   &version [&Type "String"] "6.1.1"
   &progName [&Type "String"] "LeanSCF"
   &Status [&Type "String"] "NORMAL TERMINATION"
$End
$Geometry
   &GeometryIndex 1
   &NAtoms [&Type "Integer"] 32
   &NCorelessECP [&Type "Integer"] 0
   &NGhostAtoms [&Type "Integer"] 0
   &CartesianCoordinates [&Type "Coordinates", &Dim(32,4), &Units "Bohr"] 
              O     -3.706697811687   -4.525516145515   -4.315945517263
              C     -2.919248931682   -2.909422355785   -2.854620297901
              C     -0.199933024969   -2.476864043731   -2.488769318374
              C      0.549721332358   -0.693718463762   -0.851510595945
              C      3.251084840798   -0.152311926394   -0.410448516288
              C      5.013443433293   -2.114981489085   -0.061794044579
              C      7.557392754778   -1.562614540139    0.369063513955
              O      9.274586892672   -3.460466496437    0.705056820566
              C      8.358069717720    0.937304162425    0.465061601558
              O     10.842114720760    1.518394948606    0.882880049768
              C      6.623301126781    2.890525094446    0.143430213565
              O      7.510338574043    5.317878313468    0.266640357496
              C      4.081430504043    2.368393763644   -0.286860427129
              O     -1.082813074737    0.825999293137    0.523454139096
              C     -3.636966917345    0.476210985748    0.235081931060
              C     -5.228683239947    2.021440045456    1.657100846836
              C     -7.836316332145    1.748941536944    1.434302135646
              O     -9.324475662608    3.298327994146    2.857076941876
              C     -8.882468719883   -0.042140892786   -0.185193161124
              C     -7.282815547519   -1.580566938412   -1.600409062818
              O     -8.409092323336   -3.307587652202   -3.162456685117
              C     -4.659875673636   -1.323186238972   -1.391972270246
              H      1.074498279748   -3.630352875876   -3.597282668532
              H      4.392479425687   -4.071414955533   -0.103745964752
              H      8.425343968088   -5.081473574114    0.641939967693
              H     10.905987464086    3.361822792246    0.871163747738
              H      6.094933699736    6.468721529026    0.041196029719
              H      2.738024195439    3.900394740413   -0.540083729075
              H     -4.450494017998    3.427963206933    2.934177768140
              H    -11.087212200329    2.894304546714    2.530154320707
              H    -10.912979450782   -0.266262412270   -0.370008377022
              H     -7.072678001427   -4.257930924951   -4.040801392164
$End
$SCF_Mulliken_Population_Analysis
   &GeometryIndex 1
   &NAtoms [&Type "Integer"] 32
   &ATNO [&Type "ArrayOfIntegers", &Dim (32,1)] 
                                                         0

0                                                        8
1                                                        6
2                                                        6
3                                                        6
4                                                        6
5                                                        6
6                                                        6
7                                                        8
8                                                        6
9                                                        8
10                                                       6
11                                                       8
12                                                       6
13                                                       8
14                                                       6
15                                                       6
16                                                       6
17                                                       8
18                                                       6
19                                                       6
20                                                       8
21                                                       6
22                                                       1
23                                                       1
24                                                       1
25                                                       1
26                                                       1
27                                                       1
28                                                       1
29                                                       1
30                                                       1
31                                                       1
   &AtomicCharges [&Type "ArrayOfDoubles", &Dim (32,1)] 
                                                         0

0                                     -3.0571984215400505e-01
1                                      1.6346809466208079e-01
2                                     -9.3969418040029673e-02
3                                      2.1029267235682170e-01
4                                      2.9018779348945145e-02
5                                     -8.9598693326728096e-02
6                                      1.1185691123139829e-01
7                                     -2.1954668054332949e-01
8                                      6.2220568176579505e-02
9                                     -2.0874717936894527e-01
10                                     1.3327191044936981e-01
11                                    -2.3506548487139511e-01
12                                    -9.5313933208033497e-02
13                                    -2.5563561888476372e-01
14                                     2.2027765597217375e-01
15                                    -1.2593709334503878e-01
16                                     2.1621030066994784e-01
17                                    -2.1441975051153506e-01
18                                    -1.1825218824944628e-01
19                                     1.0080186919544065e-01
20                                    -2.2525712620850058e-01
21                                    -6.6588986356217461e-02
22                                     1.0626022262578472e-02
23                                    -1.2127203804620734e-02
24                                     2.1734142732236106e-01
25                                     2.0318662084688677e-01
26                                     2.2740987069307717e-01
27                                    -1.4599128024368913e-02
28                                    -1.8394692816280811e-02
29                                     2.1915842939609487e-01
30                                    -1.6516321806574474e-02
31                                     1.9054820893626312e-01
   &Method [&Type "String"] "SCF"
   &Level [&Type "String"] "Relaxed density"
   &Mult [&Type "Integer"] 1
   &State [&Type "Integer"] -1
   &Irrep [&Type "Integer"] 0
$End
$SCF_Loewdin_Population_Analysis
   &GeometryIndex 1
   &NAtoms [&Type "Integer"] 32
   &ATNO [&Type "ArrayOfIntegers", &Dim (32,1)] 
                                                         0

0                                                        8
1                                                        6
2                                                        6
3                                                        6
4                                                        6
5                                                        6
6                                                        6
7                                                        8
8                                                        6
9                                                        8
10                                                       6
11                                                       8
12                                                       6
13                                                       8
14                                                       6
15                                                       6
16                                                       6
17                                                       8
18                                                       6
19                                                       6
20                                                       8
21                                                       6
22                                                       1
23                                                       1
24                                                       1
25                                                       1
26                                                       1
27                                                       1
28                                                       1
29                                                       1
30                                                       1
31                                                       1
   &AtomicCharges [&Type "ArrayOfDoubles", &Dim (32,1)] 
                                                         0

0                                     -2.3122687249731300e-01
1                                      6.7979630403568692e-02
2                                     -9.1987673707827788e-02
3                                      1.0698644609755448e-01
4                                     -4.9077024846294393e-02
5                                     -6.5323557789273679e-02
6                                      2.8116427743173134e-02
7                                     -6.9385485807568870e-02
8                                      3.7815889696268812e-04
9                                     -7.2667924826234298e-02
10                                     2.1971848550858653e-02
11                                    -6.8822284314212112e-02
12                                    -6.8198141353981612e-02
13                                    -2.6671131249845104e-02
14                                     8.4748535627742427e-02
15                                    -1.0053265146718005e-01
16                                     7.6318203945787921e-02
17                                    -5.8172146127002833e-02
18                                    -1.0496403393231279e-01
19                                     9.0976747294781113e-02
20                                    -7.2830733327643671e-02
21                                    -1.4081384548732245e-01
22                                     4.9137068040948972e-02
23                                     4.0357298381547446e-02
24                                     1.1656668390237224e-01
25                                     1.0262648254651718e-01
26                                     1.2540638842964213e-01
27                                     3.8695351515230070e-02
28                                     4.1283286370938033e-02
29                                     1.2007495718216699e-01
30                                     4.2536092579476659e-02
31                                     6.6513899224945439e-02
   &Method [&Type "String"] "SCF"
   &Level [&Type "String"] "Relaxed density"
   &Mult [&Type "Integer"] 1
   &State [&Type "Integer"] -1
   &Irrep [&Type "Integer"] 0
$End
$SCF_Mayer_Population_Analysis
   &GeometryIndex 1
   &NAtoms [&Type "Integer"] 32 "Total number of atoms"
   &NBondOrdersPrint [&Type "Integer"] 35 "The number of bond orders larger than threshold"
   &bondThresh [&Type "Double"]       1.0000000000000001e-01  "The threshold for printing"
   &components [&Type "ArrayOfIntegers", &Dim (35,4)] "The indices and atomic numbers of the bonding atoms"
                                                         0                           1                           2                           3

0                                                        0                           8                           1                           6
1                                                        0                           8                          31                           1
2                                                        1                           6                           2                           6
3                                                        1                           6                          21                           6
4                                                        2                           6                           3                           6
5                                                        2                           6                          22                           1
6                                                        3                           6                           4                           6
7                                                        3                           6                          13                           8
8                                                        4                           6                           5                           6
9                                                        4                           6                          12                           6
10                                                       5                           6                           6                           6
11                                                       5                           6                          23                           1
12                                                       6                           6                           7                           8
13                                                       6                           6                           8                           6
14                                                       7                           8                          24                           1
15                                                       8                           6                           9                           8
16                                                       8                           6                          10                           6
17                                                       9                           8                          25                           1
18                                                      10                           6                          11                           8
19                                                      10                           6                          12                           6
20                                                      11                           8                          26                           1
21                                                      12                           6                          27                           1
22                                                      13                           8                          14                           6
23                                                      14                           6                          15                           6
24                                                      14                           6                          21                           6
25                                                      15                           6                          16                           6
26                                                      15                           6                          28                           1
27                                                      16                           6                          17                           8
28                                                      16                           6                          18                           6
29                                                      17                           8                          29                           1
30                                                      18                           6                          19                           6
31                                                      18                           6                          30                           1
32                                                      19                           6                          20                           8
33                                                      19                           6                          21                           6
34                                                      20                           8                          31                           1
   &BondOrders [&Type "ArrayOfDoubles", &Dim (35,1)] "The bond orders"
                                                         0

0                                      1.9077759765277531e+00
1                                      1.4498991763496577e-01
2                                      1.1079433138235395e+00
3                                      1.0157931747616635e+00
4                                      1.5712782592326127e+00
5                                      9.7603930352472845e-01
6                                      9.9086430663510106e-01
7                                      1.0969290394621138e+00
8                                      1.3269391076941577e+00
9                                      1.2872774932829583e+00
10                                     1.3265706176224652e+00
11                                     1.0070332118736884e+00
12                                     1.2110042963327494e+00
13                                     1.3604259328330202e+00
14                                     9.4066357860365457e-01
15                                     1.2732076778226398e+00
16                                     1.3189413635356209e+00
17                                     9.3218845206896550e-01
18                                     1.1709603036170746e+00
19                                     1.3019526133349284e+00
20                                     9.3512210750247982e-01
21                                     1.0138549287524616e+00
22                                     1.0706848758445007e+00
23                                     1.3400309421292358e+00
24                                     1.2722433885547182e+00
25                                     1.2897116459458806e+00
26                                     1.0183874257016861e+00
27                                     1.2044718289001746e+00
28                                     1.2596152268194236e+00
29                                     9.4517705782728900e-01
30                                     1.3415934670318659e+00
31                                     1.0108000524541738e+00
32                                     1.2954216387920534e+00
33                                     1.2192729250083507e+00
34                                     8.8653030664634425e-01
   &ATNO [&Type "ArrayOfIntegers", &Dim (32,1)] "Atomic number of the elements"
                                                         0

0                                                        8
1                                                        6
2                                                        6
3                                                        6
4                                                        6
5                                                        6
6                                                        6
7                                                        8
8                                                        6
9                                                        8
10                                                       6
11                                                       8
12                                                       6
13                                                       8
14                                                       6
15                                                       6
16                                                       6
17                                                       8
18                                                       6
19                                                       6
20                                                       8
21                                                       6
22                                                       1
23                                                       1
24                                                       1
25                                                       1
26                                                       1
27                                                       1
28                                                       1
29                                                       1
30                                                       1
31                                                       1
   &NA [&Type "ArrayOfDoubles", &Dim (32,1)] "Mulliken gross atomic population"
                                                         0

0                                      8.3057198421539979e+00
1                                      5.8365319053378757e+00
2                                      6.0939694180400554e+00
3                                      5.7897073276431836e+00
4                                      5.9709812206510282e+00
5                                      6.0895986933267618e+00
6                                      5.8881430887686124e+00
7                                      8.2195466805433046e+00
8                                      5.9377794318234489e+00
9                                      8.2087471793689488e+00
10                                     5.8667280895506426e+00
11                                     8.2350654848714040e+00
12                                     6.0953139332080362e+00
13                                     8.2556356188847513e+00
14                                     5.7797223440278085e+00
15                                     6.1259370933450121e+00
16                                     5.7837896993300486e+00
17                                     8.2144197505115280e+00
18                                     6.1182521882494374e+00
19                                     5.8991981308045665e+00
20                                     8.2252571262084917e+00
21                                     6.0665889863562255e+00
22                                     9.8937397773741964e-01
23                                     1.0121272038046201e+00
24                                     7.8265857267763939e-01
25                                     7.9681337915311390e-01
26                                     7.7259012930692339e-01
27                                     1.0145991280243705e+00
28                                     1.0183946928162821e+00
29                                     7.8084157060390491e-01
30                                     1.0165163218065729e+00
31                                     8.0945179106373610e-01
   &ZA [&Type "ArrayOfDoubles", &Dim (32,1)] "Total nuclear charge"
                                                         0

0                                      8.0000000000000000e+00
1                                      6.0000000000000000e+00
2                                      6.0000000000000000e+00
3                                      6.0000000000000000e+00
4                                      6.0000000000000000e+00
5                                      6.0000000000000000e+00
6                                      6.0000000000000000e+00
7                                      8.0000000000000000e+00
8                                      6.0000000000000000e+00
9                                      8.0000000000000000e+00
10                                     6.0000000000000000e+00
11                                     8.0000000000000000e+00
12                                     6.0000000000000000e+00
13                                     8.0000000000000000e+00
14                                     6.0000000000000000e+00
15                                     6.0000000000000000e+00
16                                     6.0000000000000000e+00
17                                     8.0000000000000000e+00
18                                     6.0000000000000000e+00
19                                     6.0000000000000000e+00
20                                     8.0000000000000000e+00
21                                     6.0000000000000000e+00
22                                     1.0000000000000000e+00
23                                     1.0000000000000000e+00
24                                     1.0000000000000000e+00
25                                     1.0000000000000000e+00
26                                     1.0000000000000000e+00
27                                     1.0000000000000000e+00
28                                     1.0000000000000000e+00
29                                     1.0000000000000000e+00
30                                     1.0000000000000000e+00
31                                     1.0000000000000000e+00
   &QA [&Type "ArrayOfDoubles", &Dim (32,1)] "Mulliken gross atomic charge"
                                                         0

0                                     -3.0571984215399794e-01
1                                      1.6346809466212431e-01
2                                     -9.3969418040055430e-02
3                                      2.1029267235681637e-01
4                                      2.9018779348971790e-02
5                                     -8.9598693326761847e-02
6                                      1.1185691123138763e-01
7                                     -2.1954668054330462e-01
8                                      6.2220568176551083e-02
9                                     -2.0874717936894882e-01
10                                     1.3327191044935738e-01
11                                    -2.3506548487140400e-01
12                                    -9.5313933208036161e-02
13                                    -2.5563561888475128e-01
14                                     2.2027765597219151e-01
15                                    -1.2593709334501213e-01
16                                     2.1621030066995139e-01
17                                    -2.1441975051152795e-01
18                                    -1.1825218824943740e-01
19                                     1.0080186919543355e-01
20                                    -2.2525712620849170e-01
21                                    -6.6588986356225455e-02
22                                     1.0626022262580359e-02
23                                    -1.2127203804620068e-02
24                                     2.1734142732236061e-01
25                                     2.0318662084688610e-01
26                                     2.2740987069307661e-01
27                                    -1.4599128024370467e-02
28                                    -1.8394692816282143e-02
29                                     2.1915842939609509e-01
30                                    -1.6516321806572920e-02
31                                     1.9054820893626390e-01
   &VA [&Type "ArrayOfDoubles", &Dim (32,1)] "Mayer's total valence"
                                                         0

0                                      2.2284755669437994e+00
1                                      4.1470799063251276e+00
2                                      3.7663251756626779e+00
3                                      3.7812853914170907e+00
4                                      3.7045584832511111e+00
5                                      3.7805057929695502e+00
6                                      4.0599560338226892e+00
7                                      2.2236061314891340e+00
8                                      4.0604841650517862e+00
9                                      2.2654997753577497e+00
10                                     3.9261196694328122e+00
11                                     2.2297699095488110e+00
12                                     3.7336696057545633e+00
13                                     2.2939006923418956e+00
14                                     3.8585666798251586e+00
15                                     3.7466350118495977e+00
16                                     3.8888755397897623e+00
17                                     2.2487010920220505e+00
18                                     3.7043095440200418e+00
19                                     4.0667841913026104e+00
20                                     2.2742776641508553e+00
21                                     3.5176354768592866e+00
22                                     1.0122652196671780e+00
23                                     1.0045661034597764e+00
24                                     9.8930877695975350e-01
25                                     1.0217441797211693e+00
26                                     9.8434271049331556e-01
27                                     1.0055380044271898e+00
28                                     1.0081396898033006e+00
29                                     9.8772317534642662e-01
30                                     1.0091535911986305e+00
31                                     1.0736422667310233e+00
   &BVA [&Type "ArrayOfDoubles", &Dim (32,1)] "Mayer's bonded valence"
                                                         0

0                                      2.2284755669438359e+00
1                                      4.1470799063252279e+00
2                                      3.7663251756626566e+00
3                                      3.7812853914170961e+00
4                                      3.7045584832512213e+00
5                                      3.7805057929694486e+00
6                                      4.0599560338226128e+00
7                                      2.2236061314891797e+00
8                                      4.0604841650516619e+00
9                                      2.2654997753577426e+00
10                                     3.9261196694328246e+00
11                                     2.2297699095487844e+00
12                                     3.7336696057545891e+00
13                                     2.2939006923418757e+00
14                                     3.8585666798251146e+00
15                                     3.7466350118495741e+00
16                                     3.8888755397897046e+00
17                                     2.2487010920220154e+00
18                                     3.7043095440200706e+00
19                                     4.0667841913025979e+00
20                                     2.2742776641508375e+00
21                                     3.5176354768592266e+00
22                                     1.0122652196671813e+00
23                                     1.0045661034597746e+00
24                                     9.8930877695975394e-01
25                                     1.0217441797211650e+00
26                                     9.8434271049331235e-01
27                                     1.0055380044271784e+00
28                                     1.0081396898032884e+00
29                                     9.8772317534642007e-01
30                                     1.0091535911986280e+00
31                                     1.0736422667310253e+00
   &FA [&Type "ArrayOfDoubles", &Dim (32,1)] "Mayer's free valence"
                                                         0

0                                      0.0000000000000000e+00
1                                      0.0000000000000000e+00
2                                      0.0000000000000000e+00
3                                      0.0000000000000000e+00
4                                      0.0000000000000000e+00
5                                      0.0000000000000000e+00
6                                      0.0000000000000000e+00
7                                      0.0000000000000000e+00
8                                      0.0000000000000000e+00
9                                      0.0000000000000000e+00
10                                     0.0000000000000000e+00
11                                     0.0000000000000000e+00
12                                     0.0000000000000000e+00
13                                     0.0000000000000000e+00
14                                     0.0000000000000000e+00
15                                     0.0000000000000000e+00
16                                     0.0000000000000000e+00
17                                     0.0000000000000000e+00
18                                     0.0000000000000000e+00
19                                     0.0000000000000000e+00
20                                     0.0000000000000000e+00
21                                     0.0000000000000000e+00
22                                     0.0000000000000000e+00
23                                     0.0000000000000000e+00
24                                     0.0000000000000000e+00
25                                     0.0000000000000000e+00
26                                     0.0000000000000000e+00
27                                     0.0000000000000000e+00
28                                     0.0000000000000000e+00
29                                     0.0000000000000000e+00
30                                     0.0000000000000000e+00
31                                     0.0000000000000000e+00
   &Method [&Type "String"] "SCF"
   &Level [&Type "String"] "Relaxed density"
   &Mult [&Type "Integer"] 1
   &State [&Type "Integer"] -1
   &Irrep [&Type "Integer"] 0
$End
$SCF_Energy
   &GeometryIndex 1
   &Method [&Type "String"] "SCF"
   &totalEnergy [&Type "ArrayOfDoubles", &Dim (1,1)] "Total energy of each state"
                                                         0

0                                     -1.1028280278042826e+03
   &Mult [&Type "ArrayOfIntegers", &Dim (1,1)] "Multiplicity of each state"
                                                         0

0                                                        1
$End
$DFT_Energy
   &GeometryIndex 1
   &nAlphaEl [&Type "Integer"] 77
   &nBetaEl [&Type "Integer"] 77
   &nTotalEl [&Type "Integer"] 155
   &finalEn [&Type "Double"]      -1.1028280278042826e+03  "No Van der Waals correction"
   &eExchange [&Type "Double"]      -1.1051908766532080e+02
   &eCorr [&Type "Double"]      -6.4408077881264640e+00
   &eXC [&Type "Double"]      -1.1695989545344726e+02
   &eCNL [&Type "Double"]       0.0000000000000000e+00
$End
$Solvation_Details
   &GeometryIndex 1
   &Solvent [&Type "String"] "WATER"
   &Epsilon [&Type "Double"]       8.0150999999999996e+01
   &Refrac [&Type "Double"]       1.3328000000000000e+00
   &RSolv [&Type "Double"]       1.3000000000000000e+00
   &SurfaceType [&Type "String"] "GAUSSIAN VDW"
   &CPCMDielEnergy [&Type "Double"]      -3.5302656000000002e-02
   &NPoints [&Type "Integer"] 2836
   &SurfaceArea [&Type "Double"]       1.1037502685140000e+03
$End
$SCF_Timings
   &GeometryIndex 1
   &TOTAL [&Type "Double"]       1.9161500000000001e+02
   &PREP [&Type "Double"]       5.7000000000000006e-01
   &FOCK [&Type "Double"]       1.8290499999999997e+02
   &DENS [&Type "Double"]       3.0700000000001637e-01
   &ETOT [&Type "Double"]       1.6099999999999071e-01
   &POP [&Type "Double"]       6.9999999999993179e-02
   &TRAFO [&Type "Double"]       6.8999999999988404e-02
   &DIIS [&Type "Double"]       4.6899999999999764e-01
   &SOSCF [&Type "Double"]       4.1899999999999693e-01
   &XC [&Type "Double"]       2.1653999999999971e+01
   &FOCKSTART [&Type "Double"]       1.6000000000012338e-02
   &SOLV [&Type "Double"]       1.9588000000000022e+01
   &SOLV_INIT [&Type "Double"]       3.5900000000000004e-01
   &INT_BF [&Type "Double"]       7.3309999999993352e+00
   &INT_DENS [&Type "Double"]       4.5600000000004073e+00
   &INT_DENSIO [&Type "Double"]       3.2872096180000026e+06
   &INT_FUNC [&Type "Double"]       7.2999999999992227e-01
   &INT_POT [&Type "Double"]       8.0470000000001143e+00
   &INT_POTIO [&Type "Double"]       2.5800000000020162e-01
   &SPLITRIJ [&Type "Double"]       1.6684999999999977e+01
   &COSX [&Type "Double"]       1.3172999999999996e+02
$End
$VdW_Correction
   &GeometryIndex 1
   &vdW [&Type "Double"]      -7.1171714743552050e-02
$End
$Single_Point_Data
   &GeometryIndex 1
   &FinalEnergy [&Type "Double"]      -1.1028991995190261e+03  "Final single point energy"
   &Converged [&Type "Boolean"] true
$End
$SCF_Nuc_Gradient
   &GeometryIndex 1
   &NAtoms [&Type "Integer"] 32
   &gradNorm [&Type "Double"]       1.0396969748211166e-01
   &grad [&Type "ArrayOfDoubles", &Dim (96,1)] 
                                                         0

0                                      1.0142021841099389e-02
1                                      2.1447638922810337e-02
2                                      2.0232570228466536e-02
3                                     -9.2089942712233336e-03
4                                     -1.0380750468550765e-02
5                                     -1.1784408364032274e-02
6                                      3.6782927700439484e-02
7                                      5.3456643709426958e-03
8                                      2.0487578137129568e-03
9                                     -1.5428246019501466e-02
10                                    -1.6733205610680212e-02
11                                    -1.4512517283931428e-02
12                                    -1.2918195010111772e-03
13                                    -6.0076772396152646e-03
14                                    -8.7279075265297920e-03
15                                     9.1524981455345222e-03
16                                    -8.0618452331044175e-03
17                                     3.9861258963930415e-03
18                                     4.0110693998538132e-03
19                                     2.4551132771655888e-02
20                                     1.1692453688737603e-03
21                                    -2.5516194809689645e-03
22                                    -1.0753159337616117e-02
23                                    -8.5427387453750427e-04
24                                    -2.5338730188075732e-02
25                                    -9.4631390132874534e-03
26                                    -4.0255091394039225e-03
27                                     8.3670643049139834e-03
28                                    -1.5336631328833950e-03
29                                     1.3283732402642034e-03
30                                     1.6421477274402525e-02
31                                    -1.3438976649949988e-02
32                                     2.8987275077268547e-03
33                                    -3.7219897139952263e-04
34                                     8.1578739804441039e-03
35                                     7.0647123857384150e-05
36                                     3.7112739840864011e-03
37                                     6.6524520137593831e-03
38                                    -1.1071254215436080e-03
39                                    -5.0561213613174380e-03
40                                     1.8148175639067073e-02
41                                     1.7645306795205418e-02
42                                     6.2919200749541318e-03
43                                    -1.7522587300802014e-02
44                                    -1.4225667600185371e-02
45                                    -1.2225598570226448e-02
46                                    -4.5874824894272352e-03
47                                    -4.1174060784411569e-03
48                                     1.0788095238019572e-02
49                                    -1.0297244706205078e-02
50                                    -9.5338670127289599e-03
51                                    -5.0348728900739591e-03
52                                     7.1788854137532299e-03
53                                     6.3291850511220400e-03
54                                    -1.9163145938450889e-03
55                                     4.3825796306503212e-03
56                                     3.9350876092844427e-03
57                                     3.0400618828052204e-02
58                                     1.3764053537969927e-02
59                                     1.2174853550219399e-02
60                                    -9.2895740700280616e-03
61                                    -1.2272492981634863e-02
62                                    -1.1087730318164174e-02
63                                    -2.9444427096462052e-02
64                                     1.4219162006944897e-02
65                                     1.3359509989079555e-02
66                                    -6.3473871554213333e-03
67                                     7.6555604856080466e-05
68                                     5.7213547547401680e-04
69                                     2.6526299517311703e-04
70                                     4.2267690716869012e-03
71                                    -1.8762275621277098e-04
72                                     7.3184828567789085e-04
73                                    -8.3423199239399896e-04
74                                     4.1539633939950362e-04
75                                    -5.2089585316059221e-03
76                                     3.0222206632570378e-03
77                                    -9.3010270342497184e-04
78                                    -4.4979688742589211e-03
79                                    -1.1463288621840257e-04
80                                    -7.2519856305172680e-04
81                                     1.5873657149426722e-03
82                                    -3.8433388564904536e-03
83                                     4.8602308654160668e-05
84                                    -1.5210264522603982e-03
85                                    -2.0299336267169169e-03
86                                    -1.7019314989045117e-03
87                                    -1.6545411424112356e-03
88                                    -1.7749228386754160e-03
89                                    -1.2781176203097348e-03
90                                     4.4285381787853937e-03
91                                     3.3829931472426658e-04
92                                     2.0085557771371619e-04
93                                    -6.6935826507266228e-03
94                                    -1.8621786920245691e-03
95                                    -1.6159941487730385e-03
   &Method [&Type "String"] "SCF"
   &Level [&Type "String"] "Relaxed density"
   &Mult [&Type "Integer"] 1
   &State [&Type "Integer"] 0
   &Irrep [&Type "Integer"] 0
$End
$Geometry
   &GeometryIndex 2
   &NAtoms [&Type "Integer"] 32
   &NCorelessECP [&Type "Integer"] 0
   &NGhostAtoms [&Type "Integer"] 0
   &CartesianCoordinates [&Type "Coordinates", &Dim(32,4), &Units "Bohr"] 
              O     -3.748254071507   -4.754860106469   -4.240850827783
              C     -2.954734355021   -3.080173739994   -2.801515190021
              C     -0.255188549234   -2.612127342178   -2.441180784644
              C      0.537889592235   -0.766806306171   -0.854487008575
              C      3.219253980443   -0.174043345935   -0.389627709294
              C      5.016749933410   -2.116586704247   -0.174896207067
              C      7.565277580968   -1.542707657142    0.244412347511
              O      9.354478404887   -3.373811358689    0.466541597012
              C      8.331681058471    0.978678440304    0.462211785363
              O     10.810482406024    1.560024509911    0.872485567744
              C      6.533112759302    2.913105594824    0.266915709561
              O      7.435626483353    5.316147072689    0.501926213223
              C      3.989495760314    2.358386434759   -0.149279747340
              O     -1.073239731536    0.776785451840    0.446136104072
              C     -3.623246732876    0.470190199649    0.182445577350
              C     -5.164820173052    2.102930185509    1.557868426716
              C     -7.789121819152    1.856702032605    1.351237003851
              O     -9.226929858501    3.481268952042    2.712140121919
              C     -8.875832762476    0.005123838571   -0.203938276213
              C     -7.308972329089   -1.619910833247   -1.570262457395
              O     -8.408245730752   -3.379668815302   -3.050441882535
              C     -4.656054923758   -1.405441526465   -1.391242841193
              H      1.042658303800   -3.795952267900   -3.510708175581
              H      4.431049390989   -4.090741338917   -0.314397535020
              H      8.563617402599   -5.018567851204    0.327210081578
              H     10.900518694180    3.394819855677    0.966544827294
              H      6.046098903099    6.501461078621    0.368588466665
              H      2.607021199080    3.882690988727   -0.303952397710
              H     -4.347906509508    3.549775409624    2.777339931469
              H    -10.999277319159    3.115909908414    2.417599461096
              H    -10.922459938403   -0.193402371220   -0.369932388675
              H     -7.030727049129   -4.339387361300   -3.859011436289
$End
$SCF_Energy
   &GeometryIndex 2
   &Method [&Type "String"] "SCF"
   &totalEnergy [&Type "ArrayOfDoubles", &Dim (1,1)] "Total energy of each state"
                                                         0

0                                     -1.1028366261776655e+03
   &Mult [&Type "ArrayOfIntegers", &Dim (1,1)] "Multiplicity of each state"
                                                         0

0                                                        1
$End
$DFT_Energy
   &GeometryIndex 2
   &nAlphaEl [&Type "Integer"] 78
   &nBetaEl [&Type "Integer"] 78
   &nTotalEl [&Type "Integer"] 155
   &finalEn [&Type "Double"]      -1.1028366261776655e+03  "No Van der Waals correction"
   &eExchange [&Type "Double"]      -1.1049915656361458e+02
   &eCorr [&Type "Double"]      -6.4399675133608829e+00
   &eXC [&Type "Double"]      -1.1693912407697546e+02
   &eCNL [&Type "Double"]       0.0000000000000000e+00
$End
$Solvation_Details
   &GeometryIndex 2
   &Solvent [&Type "String"] "WATER"
   &Epsilon [&Type "Double"]       8.0150999999999996e+01
   &Refrac [&Type "Double"]       1.3328000000000000e+00
   &RSolv [&Type "Double"]       1.3000000000000000e+00
   &SurfaceType [&Type "String"] "GAUSSIAN VDW"
   &CPCMDielEnergy [&Type "Double"]      -3.5808341000000000e-02
   &NPoints [&Type "Integer"] 2845
   &SurfaceArea [&Type "Double"]       1.1049617841740001e+03
$End
$SCF_Timings
   &GeometryIndex 2
   &TOTAL [&Type "Double"]       1.8509899999999999e+02
   &PREP [&Type "Double"]       5.1800000000000002e-01
   &FOCK [&Type "Double"]       1.7766600000000003e+02
   &DENS [&Type "Double"]       2.9800000000000182e-01
   &ETOT [&Type "Double"]       1.9199999999997530e-01
   &TRAFO [&Type "Double"]       6.7000000000025040e-02
   &DIIS [&Type "Double"]       3.7599999999999412e-01
   &SOSCF [&Type "Double"]       6.1400000000003985e-01
   &XC [&Type "Double"]       2.0046000000000042e+01
   &FOCKSTART [&Type "Double"]       1.1999999999973143e-02
   &SOLV [&Type "Double"]       1.8655000000000008e+01
   &SOLV_INIT [&Type "Double"]       3.4899999999999998e-01
   &INT_BF [&Type "Double"]       7.2009999999996204e+00
   &INT_DENS [&Type "Double"]       4.4060000000002262e+00
   &INT_DENSIO [&Type "Double"]       3.2354320209999955e+06
   &INT_FUNC [&Type "Double"]       7.2799999999996245e-01
   &INT_POT [&Type "Double"]       6.7220000000001114e+00
   &INT_POTIO [&Type "Double"]       2.8499999999999659e-01
   &SPLITRIJ [&Type "Double"]       1.6036999999999956e+01
   &COSX [&Type "Double"]       1.2830600000000001e+02
$End
$VdW_Correction
   &GeometryIndex 2
   &vdW [&Type "Double"]      -7.1188150604488049e-02
$End
$Single_Point_Data
   &GeometryIndex 2
   &FinalEnergy [&Type "Double"]      -1.1029078143282700e+03  "Final single point energy"
   &Converged [&Type "Boolean"] true
$End
$SCF_Nuc_Gradient
   &GeometryIndex 2
   &NAtoms [&Type "Integer"] 32
   &gradNorm [&Type "Double"]       5.2425967450224854e-02
   &grad [&Type "ArrayOfDoubles", &Dim (96,1)] 
                                                         0

0                                      6.6107593700202505e-03
1                                      6.3010363990215236e-03
2                                      4.4870974498440906e-03
3                                     -5.4740696624852809e-03
4                                     -7.4690581424261627e-03
5                                     -4.5243309487855623e-03
6                                      2.0404659261937103e-02
7                                      4.6794633165174650e-03
8                                      4.4220210462462889e-04
9                                     -1.0929047376760386e-02
10                                    -7.3249547714701818e-03
11                                    -5.1347443425277250e-03
12                                    -4.4648234461859039e-04
13                                    -2.6246224958005283e-03
14                                    -3.5457222900926069e-03
15                                     2.5400742109892883e-03
16                                    -2.2262593417841530e-03
17                                     2.6193033311881862e-03
18                                     2.7295991455233209e-03
19                                     1.1405153509118728e-02
20                                     1.1464130046878991e-03
21                                    -9.3811509849337101e-04
22                                    -5.2478607301977218e-03
23                                    -8.3108716440148016e-04
24                                    -1.3357413633816526e-02
25                                    -5.2938958467265195e-03
26                                    -2.1716888410334033e-03
27                                     7.8063761858424216e-03
28                                     1.2677839447981620e-03
29                                     1.2077598625350758e-03
30                                     8.0918369747083087e-03
31                                    -5.1335716965707255e-03
32                                     1.0548571582724667e-03
33                                    -4.2550217323619174e-05
34                                     5.0461110179998245e-03
35                                     2.4866605919989903e-04
36                                     1.6292727163619420e-03
37                                     1.6351575920392299e-03
38                                    -1.3059013594702005e-03
39                                    -1.0449731649655809e-03
40                                     9.5810181545878236e-03
41                                     9.4991108084119258e-03
42                                     6.7523918313501649e-03
43                                    -8.1824876859276138e-03
44                                    -6.1929382101462262e-03
45                                    -5.9511503672953448e-03
46                                    -2.1867659957273407e-03
47                                    -1.6770473146289681e-03
48                                     5.5026538969442850e-03
49                                    -4.0539130013122308e-03
50                                    -3.2631343505399950e-03
51                                    -3.1535445789623528e-03
52                                     4.4771641523923718e-03
53                                     3.4812623486162294e-03
54                                    -2.4170091239839415e-03
55                                     9.9337433503933871e-04
56                                     7.7661165057438177e-04
57                                     1.6303610485674833e-02
58                                     3.4407204199396395e-03
59                                     2.9090902542474963e-03
60                                    -3.9714120530360934e-03
61                                    -5.1741669937294850e-03
62                                    -4.4949438953715039e-03
63                                    -1.7004214468168639e-02
64                                     8.0908716602252646e-03
65                                     5.9587512586164442e-03
66                                    -3.3600978058616797e-03
67                                    -1.7268211438878603e-03
68                                    -1.1803885611979422e-03
69                                    -9.3292514807928086e-04
70                                     3.3939358967922641e-04
71                                    -2.6224629502684551e-04
72                                     1.6400955167897532e-04
73                                     3.5132634991735551e-04
74                                     3.4162882210705709e-04
75                                    -2.6297400712235264e-03
76                                     6.6935192361105493e-04
77                                    -3.5840305469759517e-04
78                                    -1.1101584469524490e-03
79                                    -1.9648825655832515e-03
80                                    -2.2502348133242951e-04
81                                    -8.8633523043469642e-04
82                                    -5.5670662442523842e-04
83                                    -2.5809789228905627e-04
84                                    -2.2312497082504278e-04
85                                     2.8854578390004294e-04
86                                     3.3621883050566554e-04
87                                     5.4221343863855554e-04
88                                    -1.0819976170020644e-03
89                                    -6.9091537012083313e-04
90                                     2.7958240206791223e-04
91                                    -3.5963316163694465e-04
92                                    -3.4375156809957454e-04
93                                    -5.4846755839891301e-03
94                                     2.0411255552160537e-03
95                                     1.9513919643091061e-03
   &Method [&Type "String"] "SCF"
   &Level [&Type "String"] "Relaxed density"
   &Mult [&Type "Integer"] 1
   &State [&Type "Integer"] 0
   &Irrep [&Type "Integer"] 0
$End
$Geometry
   &GeometryIndex 3
   &NAtoms [&Type "Integer"] 32
   &NCorelessECP [&Type "Integer"] 0
   &NGhostAtoms [&Type "Integer"] 0
   &CartesianCoordinates [&Type "Coordinates", &Dim(32,4), &Units "Bohr"] 
              O     -3.811481848849   -4.993052074807   -4.025783358674
              C     -2.987469724849   -3.220984666915   -2.693574944365
              C     -0.310333152007   -2.751576558357   -2.338164616161
              C      0.533609572110   -0.834555409097   -0.836111900316
              C      3.199220435922   -0.202146823961   -0.371254394202
              C      5.037228516837   -2.115046195451   -0.335301561954
              C      7.583225315194   -1.518323506000    0.069267604575
              O      9.445494041671   -3.274217621883    0.140042015667
              C      8.304591656992    1.012213935870    0.446050346173
              O     10.769464853369    1.592003275729    0.839828829885
              C      6.445088298447    2.916274725169    0.418540817231
              O      7.349154602078    5.291748398753    0.796664273187
              C      3.906917075139    2.329523999735    0.021025440619
              O     -1.066823936298    0.751808588981    0.366960894174
              C     -3.617289697784    0.489351791975    0.129200980819
              C     -5.118634550006    2.213268662483    1.425973323258
              C     -7.755005363830    1.979441415840    1.230102465856
              O     -9.160240106523    3.678122184385    2.502685994940
              C     -8.864073503299    0.053976522994   -0.233879930964
              C     -7.324248222566   -1.659910404473   -1.524700253814
              O     -8.382900720534   -3.477830800345   -2.920478030941
              C     -4.647321246562   -1.469704729789   -1.362255858525
              H      1.007302365689   -3.979452980385   -3.338502144828
              H      4.496163669548   -4.091227267614   -0.596139201070
              H      8.722294777738   -4.938167972893   -0.110706066812
              H     10.880578554821    3.412460325857    1.063562498918
              H      5.979256710794    6.507643964984    0.784355523448
              H      2.491765019187    3.831902423300    0.000291779052
              H     -4.275496748899    3.707397665202    2.567433512808
              H    -10.943059449606    3.342730613038    2.236578466824
              H    -10.916211107121   -0.124638990445   -0.383116325787
              H     -6.970766086804   -4.459221464496   -3.672717821931
$End
$SCF_Energy
   &GeometryIndex 3
   &Method [&Type "String"] "SCF"
   &totalEnergy [&Type "ArrayOfDoubles", &Dim (1,1)] "Total energy of each state"
                                                         0

0                                     -1.1028398143912752e+03
   &Mult [&Type "ArrayOfIntegers", &Dim (1,1)] "Multiplicity of each state"
                                                         0

0                                                        1
$End
$DFT_Energy
   &GeometryIndex 3
   &nAlphaEl [&Type "Integer"] 78
   &nBetaEl [&Type "Integer"] 78
   &nTotalEl [&Type "Integer"] 156
   &finalEn [&Type "Double"]      -1.1028398143912752e+03  "No Van der Waals correction"
   &eExchange [&Type "Double"]      -1.1050246308783417e+02
   &eCorr [&Type "Double"]      -6.4410479265900689e+00
   &eXC [&Type "Double"]      -1.1694351101442425e+02
   &eCNL [&Type "Double"]       0.0000000000000000e+00
$End
$Solvation_Details
   &GeometryIndex 3
   &Solvent [&Type "String"] "WATER"
   &Epsilon [&Type "Double"]       8.0150999999999996e+01
   &Refrac [&Type "Double"]       1.3328000000000000e+00
   &RSolv [&Type "Double"]       1.3000000000000000e+00
   &SurfaceType [&Type "String"] "GAUSSIAN VDW"
   &CPCMDielEnergy [&Type "Double"]      -3.6417053999999997e-02
   &NPoints [&Type "Integer"] 2829
   &SurfaceArea [&Type "Double"]       1.0997287041659999e+03
$End
$SCF_Timings
   &GeometryIndex 3
   &TOTAL [&Type "Double"]       1.9052600000000001e+02
   &PREP [&Type "Double"]       5.0100000000000000e-01
   &FOCK [&Type "Double"]       1.8320400000000004e+02
   &DENS [&Type "Double"]       2.9500000000001592e-01
   &ETOT [&Type "Double"]       1.7800000000001148e-01
   &TRAFO [&Type "Double"]       9.0999999999986869e-02
   &DIIS [&Type "Double"]       3.7399999999999523e-01
   &SOSCF [&Type "Double"]       5.0400000000002620e-01
   &XC [&Type "Double"]       1.9973000000000006e+01
   &FOCKSTART [&Type "Double"]       1.4000000000016999e-02
   &SOLV [&Type "Double"]       1.8562000000000037e+01
   &SOLV_INIT [&Type "Double"]       3.3499999999999996e-01
   &INT_BF [&Type "Double"]       7.2690000000003003e+00
   &INT_DENS [&Type "Double"]       4.3600000000000101e+00
   &INT_DENSIO [&Type "Double"]       3.2352308349999981e+06
   &INT_FUNC [&Type "Double"]       6.7900000000000205e-01
   &INT_POT [&Type "Double"]       6.6179999999997463e+00
   &INT_POTIO [&Type "Double"]       3.0499999999983984e-01
   &SPLITRIJ [&Type "Double"]       1.5929000000000039e+01
   &COSX [&Type "Double"]       1.3400600000000003e+02
$End
$VdW_Correction
   &GeometryIndex 3
   &vdW [&Type "Double"]      -7.1286582482113961e-02
$End
$Single_Point_Data
   &GeometryIndex 3
   &FinalEnergy [&Type "Double"]      -1.1029111009737574e+03  "Final single point energy"
   &Converged [&Type "Boolean"] true
$End
$SCF_Nuc_Gradient
   &GeometryIndex 3
   &NAtoms [&Type "Integer"] 32
   &gradNorm [&Type "Double"]       1.4432447201355180e-02
   &grad [&Type "ArrayOfDoubles", &Dim (96,1)] 
                                                         0

0                                      3.2980661807286630e-03
1                                     -1.4040067433677701e-03
2                                      5.3710329370084591e-04
3                                     -2.7950757213827965e-03
4                                     -1.5401203088092148e-03
5                                     -4.4344154423646394e-03
6                                      4.2631663650781948e-03
7                                      3.2760045591479219e-03
8                                      1.1454007742816132e-03
9                                     -5.3375668251721331e-03
10                                    -5.4373652075394568e-04
11                                     1.1698422459316682e-03
12                                     8.9360226256406214e-04
13                                     5.3607739713454491e-04
14                                    -1.8969147674865046e-04
15                                    -1.9536873534732224e-03
16                                     1.9767253202963278e-04
17                                     1.5535422302864073e-03
18                                     1.4821799999319893e-03
19                                     7.6147001719625461e-04
20                                     3.1306080061333896e-04
21                                     1.0721122765732481e-04
22                                     2.7519245015258600e-04
23                                    -2.4696661724535058e-04
24                                    -1.6229116753973343e-03
25                                    -1.0757252341971988e-03
26                                    -2.1678426580189485e-04
27                                     2.9588259174790745e-03
28                                     9.3333293627047655e-04
29                                     5.0457117984826268e-04
30                                     7.3431088336272022e-05
31                                     6.3194782869010482e-04
32                                     9.0499007928793732e-05
33                                     1.2246225489742303e-03
34                                    -1.2238766644392745e-05
35                                     1.4477835709194917e-04
36                                     3.7058795238071083e-05
37                                    -2.1473694957009290e-04
38                                    -1.5242574134321154e-03
39                                     2.1647656199871358e-03
40                                    -1.6928740706465594e-04
41                                     1.2472900408336480e-03
42                                     3.2927120132905693e-03
43                                    -4.8049751331451842e-04
44                                    -5.9482534046697839e-05
45                                    -1.5904033479768626e-04
46                                    -1.2797192945034183e-05
47                                     1.9311553765738660e-05
48                                     1.8576716125159708e-04
49                                     7.4274179073925977e-04
50                                     6.8988406358425959e-04
51                                     3.6217637564425775e-04
52                                     8.5728717296369380e-04
53                                     4.8902982987190371e-04
54                                    -2.3528985978346221e-03
55                                    -1.0691506821832167e-04
56                                    -2.0995995623597610e-04
57                                     3.0302202672594695e-03
58                                    -1.7314340511379305e-03
59                                    -9.6279435641383410e-04
60                                     1.3507429886905698e-03
61                                    -4.6913739181882847e-05
62                                     1.7878532594340512e-04
63                                    -2.7830915182906883e-03
64                                    -3.2648986551796167e-04
65                                     3.3964953831555384e-04
66                                    -1.3009510929435459e-03
67                                    -1.3827692460386025e-03
68                                    -9.1828757992611500e-04
69                                    -8.2618773052971282e-04
70                                    -4.6524450559437140e-04
71                                    -3.5197116016504856e-04
72                                    -2.9662599366405708e-04
73                                     3.2830876264391409e-04
74                                     1.9007115146836752e-04
75                                    -6.8578093408128453e-04
76                                    -1.9865203855934778e-04
77                                    -1.5419059821973196e-04
78                                    -3.5898618739210573e-04
79                                    -7.9007753047390301e-04
80                                    -8.0445488733072682e-05
81                                    -8.6152038348547347e-04
82                                     2.0248196713790526e-04
83                                    -8.6557058649279489e-05
84                                     3.4227431413160109e-05
85                                     3.7876358006410515e-04
86                                     2.9179914907958193e-04
87                                     4.9837457831208680e-04
88                                    -4.6692468079737796e-04
89                                    -2.8819673702010370e-04
90                                    -4.2435081694629136e-04
91                                    -5.2325925135697613e-04
92                                    -3.7171609004353623e-04
93                                    -3.4984754627295977e-03
94                                     2.3705455380662196e-03
95                                     1.1910982378152209e-03
   &Method [&Type "String"] "SCF"
   &Level [&Type "String"] "Relaxed density"
   &Mult [&Type "Integer"] 1
   &State [&Type "Integer"] 0
   &Irrep [&Type "Integer"] 0
$End
$Geometry
   &GeometryIndex 4
   &NAtoms [&Type "Integer"] 32
   &NCorelessECP [&Type "Integer"] 0
   &NGhostAtoms [&Type "Integer"] 0
   &CartesianCoordinates [&Type "Coordinates", &Dim(32,4), &Units "Bohr"] 
              O     -3.846647217020   -5.128176197319   -3.815404292164
              C     -2.999102984656   -3.348457492652   -2.497527162579
              C     -0.329886874186   -2.863201330162   -2.185502078882
              C      0.534887035832   -0.877948003874   -0.776656013565
              C      3.197832583767   -0.226344888667   -0.339837998305
              C      5.072051634782   -2.098500939022   -0.511294398951
              C      7.615515943360   -1.483814743089   -0.141445753868
              O      9.519145651427   -3.190256905613   -0.256278216161
              C      8.302523613116    1.030113395060    0.404585517624
              O     10.762306308213    1.616789854985    0.762480427545
              C      6.405053850470    2.893057615554    0.579887892886
              O      7.288364750240    5.247041124563    1.104158047517
              C      3.868348092928    2.283909133985    0.221379616675
              O     -1.071522779744    0.760753437466    0.344183216740
              C     -3.624742035613    0.517264591207    0.108215967532
              C     -5.119693252505    2.323445101889    1.291204992517
              C     -7.758076354430    2.097122370233    1.071948583738
              O     -9.165653329728    3.868709388756    2.229880759998
              C     -8.863485516454    0.100795078322   -0.297400809208
              C     -7.328458227002   -1.697474313977   -1.469730264543
              O     -8.359135307384   -3.600306570244   -2.762892061166
              C     -4.645811748789   -1.516316610573   -1.284313518738
              H      0.997235087087   -4.123161421828   -3.132015082165
              H      4.565443062050   -4.061731086428   -0.898404921933
              H      8.832468852023   -4.848673521210   -0.624090931985
              H     10.871575709952    3.414902998816    1.125017791302
              H      5.914012260526    6.451773184186    1.228967331817
              H      2.430378968479    3.755867145477    0.359094331502
              H     -4.274884260002    3.870857920680    2.356129969068
              H    -10.950535970917    3.542621576236    1.962179805658
              H    -10.915572781606   -0.066183603979   -0.455655539082
              H     -6.923934764217   -4.644665261390   -3.404986851738
$End
$SCF_Energy
   &GeometryIndex 4
   &Method [&Type "String"] "SCF"
   &totalEnergy [&Type "ArrayOfDoubles", &Dim (1,1)] "Total energy of each state"
                                                         0

0                                     -1.1028405450034495e+03
   &Mult [&Type "ArrayOfIntegers", &Dim (1,1)] "Multiplicity of each state"
                                                         0

0                                                        1
$End
$DFT_Energy
   &GeometryIndex 4
   &nAlphaEl [&Type "Integer"] 78
   &nBetaEl [&Type "Integer"] 78
   &nTotalEl [&Type "Integer"] 156
   &finalEn [&Type "Double"]      -1.1028405450034495e+03  "No Van der Waals correction"
   &eExchange [&Type "Double"]      -1.1050643095674651e+02
   &eCorr [&Type "Double"]      -6.4418876154833082e+00
   &eXC [&Type "Double"]      -1.1694831857222982e+02
   &eCNL [&Type "Double"]       0.0000000000000000e+00
$End
$Solvation_Details
   &GeometryIndex 4
   &Solvent [&Type "String"] "WATER"
   &Epsilon [&Type "Double"]       8.0150999999999996e+01
   &Refrac [&Type "Double"]       1.3328000000000000e+00
   &RSolv [&Type "Double"]       1.3000000000000000e+00
   &SurfaceType [&Type "String"] "GAUSSIAN VDW"
   &CPCMDielEnergy [&Type "Double"]      -3.6742354999999997e-02
   &NPoints [&Type "Integer"] 2824
   &SurfaceArea [&Type "Double"]       1.0988220834740000e+03
$End
$SCF_Timings
   &GeometryIndex 4
   &TOTAL [&Type "Double"]       1.6911600000000001e+02
   &PREP [&Type "Double"]       5.1700000000000002e-01
   &FOCK [&Type "Double"]       1.6072100000000000e+02
   &DENS [&Type "Double"]       2.6999999999998181e-01
   &ETOT [&Type "Double"]       1.7299999999998406e-01
   &TRAFO [&Type "Double"]       7.3999999999998067e-02
   &DIIS [&Type "Double"]       3.7600000000000122e-01
   &SOSCF [&Type "Double"]       4.6800000000002484e-01
   &XC [&Type "Double"]       1.7922999999999977e+01
   &FOCKSTART [&Type "Double"]       1.2000000000014555e-02
   &SOLV [&Type "Double"]       1.6658000000000065e+01
   &SOLV_INIT [&Type "Double"]       3.4499999999999997e-01
   &INT_BF [&Type "Double"]       6.2940000000004268e+00
   &INT_DENS [&Type "Double"]       3.8469999999999942e+00
   &INT_DENSIO [&Type "Double"]       2.4490652040000008e+06
   &INT_FUNC [&Type "Double"]       5.3199999999985792e-01
   &INT_POT [&Type "Double"]       6.4359999999997868e+00
   &INT_POTIO [&Type "Double"]       2.8200000000000003e-01
   &SPLITRIJ [&Type "Double"]       1.3912000000000017e+01
   &COSX [&Type "Double"]       1.1881099999999998e+02
$End
$VdW_Correction
   &GeometryIndex 4
   &vdW [&Type "Double"]      -7.1364850162784432e-02
$End
$Single_Point_Data
   &GeometryIndex 4
   &FinalEnergy [&Type "Double"]      -1.1029119098536123e+03  "Final single point energy"
   &Converged [&Type "Boolean"] true
$End
$SCF_Nuc_Gradient
   &GeometryIndex 4
   &NAtoms [&Type "Integer"] 32
   &gradNorm [&Type "Double"]       1.3681291139377598e-02
   &grad [&Type "ArrayOfDoubles", &Dim (96,1)] 
                                                         0

0                                      1.0051688374641816e-03
1                                      1.3014174025563969e-03
2                                     -3.5308263236310802e-03
3                                     -1.7391838192087183e-03
4                                     -5.3238728232803834e-03
5                                      4.6264481274737321e-03
6                                     -1.0955961267039396e-03
7                                      3.7104652345178010e-03
8                                     -9.9178014726208886e-04
9                                     -1.6006200534035685e-03
10                                     4.3135344606768283e-04
11                                     1.3125349929639682e-03
12                                     2.3804336282436628e-03
13                                     8.9708629462290112e-04
14                                     7.2522246370722982e-04
15                                    -2.1558481775637551e-03
16                                     3.3975757730170828e-04
17                                     7.9721637486909009e-04
18                                     7.6338981727838424e-04
19                                    -1.5918437089033829e-03
20                                    -3.7833099917458445e-04
21                                     3.5192507084611977e-04
22                                     1.3417931471554911e-03
23                                     2.6220390907164540e-04
24                                     1.9567370376315646e-03
25                                     1.7374344650192400e-04
26                                     2.7790391301705771e-04
27                                     7.9616192165627559e-05
28                                     1.2136379867195347e-04
29                                     8.1582409336639175e-05
30                                    -2.1405103631818778e-03
31                                     1.4281954503238855e-03
32                                     1.2544414506804915e-04
33                                     9.5096147544538798e-04
34                                    -1.0376006047692714e-03
35                                    -2.2698144459775422e-04
36                                    -5.7773387083148557e-04
37                                    -2.9572699982761020e-04
38                                    -1.1062428984970323e-03
39                                     1.5323664584719243e-03
40                                    -2.1334924797993147e-03
41                                    -8.4732343265203256e-04
42                                     2.6112166979299918e-05
43                                     2.2067451982496081e-03
44                                     1.1503869436748503e-03
45                                     1.3546845573407134e-03
46                                     1.6499561636102540e-04
47                                     3.8672939359262918e-04
48                                    -1.3259894115585532e-03
49                                     1.6157374366032355e-03
50                                     9.7434373917033000e-04
51                                     1.0460813161628946e-03
52                                    -5.9567638978891453e-04
53                                    -3.6744388018832442e-04
54                                    -9.3957279524442615e-04
55                                    -2.8573794628855440e-04
56                                    -7.8276065862302151e-05
57                                    -1.3011518496178283e-03
58                                    -5.2938799786484423e-04
59                                    -8.4833488150395182e-04
60                                     3.0362502354190153e-03
61                                     5.7607900098956472e-04
62                                    -3.7970151280558790e-04
63                                     2.5163188829917800e-03
64                                    -1.4302764483243612e-03
65                                    -3.2569903864424470e-03
66                                    -8.8211702513521680e-05
67                                    -6.6945516074687328e-04
68                                    -4.8932855154992891e-04
69                                    -6.5574310292380660e-04
70                                    -2.7394602636312594e-04
71                                    -1.9931082068838125e-04
72                                    -3.6048492176699856e-04
73                                    -2.5532839861774323e-05
74                                     6.6886979021394562e-05
75                                     8.5142550444050765e-06
76                                    -1.5798693520139082e-04
77                                    -9.4267329421597053e-05
78                                    -3.2701843711575428e-05
79                                     1.7830861870104077e-05
80                                     6.6210722115470885e-05
81                                    -4.4104844848339250e-04
82                                     2.1216785994766422e-04
83                                     4.4260888111790503e-05
84                                     6.5792621160258398e-05
85                                     8.5488052409507336e-05
86                                     1.2518330818053560e-04
87                                    -7.7684395701994782e-06
88                                     1.2504297093687014e-05
89                                     4.2544606210116330e-06
90                                    -2.2459873929175488e-04
91                                    -4.3503066792460754e-04
92                                    -2.5712248868415795e-04
93                                    -2.3875887313927727e-03
94                                     1.4884282010468471e-04
95                                     2.0254484217506704e-03
   &Method [&Type "String"] "SCF"
   &Level [&Type "String"] "Relaxed density"
   &Mult [&Type "Integer"] 1
   &State [&Type "Integer"] 0
   &Irrep [&Type "Integer"] 0
$End
$Geometry
   &GeometryIndex 5
   &NAtoms [&Type "Integer"] 32
   &NCorelessECP [&Type "Integer"] 0
   &NGhostAtoms [&Type "Integer"] 0
   &CartesianCoordinates [&Type "Coordinates", &Dim(32,4), &Units "Bohr"] 
              O     -3.881720441595   -5.373025365152   -3.382575337026
              C     -3.007592966272   -3.451696215452   -2.292062920167
              C     -0.342722042168   -2.978460424526   -1.997395293590
              C      0.537876991947   -0.896514962397   -0.737558186656
              C      3.200000775179   -0.238805452440   -0.324643342097
              C      5.101917251583   -2.052685107254   -0.723408336923
              C      7.641446860651   -1.426830257711   -0.380902831944
              O      9.570916519250   -3.076946531964   -0.706302596924
              C      8.306044996058    1.044161319344    0.365372707150
              O     10.762331346323    1.633240883698    0.694837456792
              C      6.385758003565    2.848641505047    0.765683529673
              O      7.249223671155    5.164205331945    1.465614695463
              C      3.850491106269    2.224743386103    0.436463685654
              O     -1.078369849564    0.819465798331    0.261660944061
              C     -3.635506163870    0.576951326976    0.041525132194
              C     -5.130537231666    2.457571251811    1.099200110558
              C     -7.769196824844    2.206475927600    0.894736773060
              O     -9.187040670031    4.042404512637    1.931970953160
              C     -8.867417753356    0.124685655400   -0.342864440458
              C     -7.334022267812   -1.741198668525   -1.398783742249
              O     -8.339053521350   -3.717137276988   -2.598970792153
              C     -4.648716966352   -1.543649218175   -1.210765874039
              H      0.992344300716   -4.308452722363   -2.827253030802
              H      4.624465347720   -3.985985050510   -1.259646604865
              H      8.908630403820   -4.707911085619   -1.215329918371
              H     10.873529671576    3.391295892002    1.218799756313
              H      5.870882867804    6.338897099226    1.738040701423
              H      2.400560447796    3.654593304144    0.749452154312
              H     -4.288219599247    4.072584829574    2.059260272704
              H    -10.972234350684    3.700620251035    1.685428198807
              H    -10.919323777352   -0.044004884217   -0.494598082019
              H     -6.874746135249   -4.757424024191   -3.219107383955
$End
$SCF_Energy
   &GeometryIndex 5
   &Method [&Type "String"] "SCF"
   &totalEnergy [&Type "ArrayOfDoubles", &Dim (1,1)] "Total energy of each state"
                                                         0

0                                     -1.1028410051401502e+03
   &Mult [&Type "ArrayOfIntegers", &Dim (1,1)] "Multiplicity of each state"
                                                         0

0                                                        1
$End
$DFT_Energy
   &GeometryIndex 5
   &nAlphaEl [&Type "Integer"] 78
   &nBetaEl [&Type "Integer"] 78
   &nTotalEl [&Type "Integer"] 156
   &finalEn [&Type "Double"]      -1.1028410051401502e+03  "No Van der Waals correction"
   &eExchange [&Type "Double"]      -1.1050969386708242e+02
   &eCorr [&Type "Double"]      -6.4426136986127789e+00
   &eXC [&Type "Double"]      -1.1695230756569519e+02
   &eCNL [&Type "Double"]       0.0000000000000000e+00
$End
$Solvation_Details
   &GeometryIndex 5
   &Solvent [&Type "String"] "WATER"
   &Epsilon [&Type "Double"]       8.0150999999999996e+01
   &Refrac [&Type "Double"]       1.3328000000000000e+00
   &RSolv [&Type "Double"]       1.3000000000000000e+00
   &SurfaceType [&Type "String"] "GAUSSIAN VDW"
   &CPCMDielEnergy [&Type "Double"]      -3.7017770999999998e-02
   &NPoints [&Type "Integer"] 2842
   &SurfaceArea [&Type "Double"]       1.0968722799810000e+03
$End
$SCF_Timings
   &GeometryIndex 5
   &TOTAL [&Type "Double"]       1.7660700000000003e+02
   &PREP [&Type "Double"]       5.2100000000000002e-01
   &FOCK [&Type "Double"]       1.6879700000000005e+02
   &DENS [&Type "Double"]       2.8900000000001569e-01
   &ETOT [&Type "Double"]       1.7299999999997695e-01
   &TRAFO [&Type "Double"]       6.6999999999996618e-02
   &DIIS [&Type "Double"]       3.7099999999999866e-01
   &SOSCF [&Type "Double"]       4.1499999999999915e-01
   &XC [&Type "Double"]       1.8858000000000025e+01
   &FOCKSTART [&Type "Double"]       1.2999999999985024e-02
   &SOLV [&Type "Double"]       1.7521000000000011e+01
   &SOLV_INIT [&Type "Double"]       3.5199999999999998e-01
   &INT_BF [&Type "Double"]       6.7240000000000677e+00
   &INT_DENS [&Type "Double"]       4.1250000000001705e+00
   &INT_DENSIO [&Type "Double"]       2.8451397770000007e+06
   &INT_FUNC [&Type "Double"]       6.1799999999988131e-01
   &INT_POT [&Type "Double"]       6.5179999999998479e+00
   &INT_POTIO [&Type "Double"]       2.5100000000004741e-01
   &SPLITRIJ [&Type "Double"]       1.5042999999999974e+01
   &COSX [&Type "Double"]       1.2338800000000005e+02
$End
$VdW_Correction
   &GeometryIndex 5
   &vdW [&Type "Double"]      -7.1421967005781142e-02
$End
$Single_Point_Data
   &GeometryIndex 5
   &FinalEnergy [&Type "Double"]      -1.1029124271071560e+03  "Final single point energy"
   &Converged [&Type "Boolean"] true
$End
$SCF_Nuc_Gradient
   &GeometryIndex 5
   &NAtoms [&Type "Integer"] 32
   &gradNorm [&Type "Double"]       1.4242553060489634e-02
   &grad [&Type "ArrayOfDoubles", &Dim (96,1)] 
                                                         0

0                                     -1.5835483511497407e-03
1                                     -1.4763780850555184e-03
2                                      1.7951709246633260e-03
3                                      5.5571432552851854e-06
4                                      1.8020160456375077e-03
5                                     -2.0246653612545746e-03
6                                     -4.0236086972018784e-03
7                                      3.3451778394001826e-04
8                                      4.5394194460416330e-04
9                                      2.8450944984672070e-03
10                                     5.9816212404271995e-04
11                                     2.4484930741042963e-04
12                                     2.6379621606910575e-03
13                                     5.0698445935467001e-04
14                                     8.8849888532386298e-04
15                                    -1.0310421437443693e-03
16                                    -1.7417009639745639e-04
17                                    -1.9738719674634519e-04
18                                    -1.2969924620162673e-04
19                                    -2.1466302408811324e-03
20                                    -9.0286820648874475e-04
21                                     4.0164029788327380e-04
22                                     1.2371265101883563e-03
23                                     4.8263017297622650e-04
24                                     3.5321804919626978e-03
25                                     8.0056626564708306e-04
26                                     3.5390003923445009e-04
27                                    -2.2816149972653839e-03
28                                    -6.5158385061097181e-04
29                                    -2.4309050999892157e-04
30                                    -2.8058090602621315e-03
31                                     1.0332422903277132e-03
32                                     3.3058735588686764e-04
33                                    -6.3611615950691125e-05
34                                    -7.9332060492293653e-04
35                                    -4.8668017224923123e-04
36                                    -7.5633475563766984e-04
37                                     2.2486601471975924e-04
38                                    -1.9033512058307301e-04
39                                    -3.5716034677689011e-04
40                                    -2.4820367555369724e-03
41                                    -7.0705462476509018e-04
42                                    -3.1528086707411623e-03
43                                     3.1677671069071192e-03
44                                     1.5027057974279256e-03
45                                     1.7480151856799932e-03
46                                     1.3928820328217278e-04
47                                    -4.1993545705325101e-05
48                                    -1.7316273134073371e-03
49                                     1.1461711600095296e-03
50                                     5.9109279937100828e-04
51                                     6.9526992069345408e-04
52                                    -1.4329676531193267e-03
53                                    -7.4906700145033840e-04
54                                     1.1115509776500150e-03
55                                    -2.3629463807547794e-04
56                                    -1.6235706282963360e-04
57                                    -3.8129944953795396e-03
58                                     1.1541701956502936e-03
59                                     8.9419103588381287e-04
60                                     3.1553372630066319e-03
61                                    -1.0280692315160944e-03
62                                     5.0564655576759330e-04
63                                     5.1796808793020087e-03
64                                    -3.3976632968229863e-03
65                                    -8.5243652586993411e-04
66                                     1.2446794237705578e-03
67                                     3.2467675786145434e-04
68                                    -6.8117045033139461e-05
69                                    -5.9721000674806731e-04
70                                    -1.4985699836817857e-05
71                                     1.7293613236714437e-04
72                                    -2.2033653012264580e-04
73                                    -2.1560186493834412e-04
74                                    -1.4924423520877697e-04
75                                     6.4932854858874519e-04
76                                    -5.2659313810532625e-05
77                                     2.6621449758306317e-05
78                                     4.2846333598540250e-04
79                                     4.8265336093850200e-04
80                                     1.1675248442114042e-04
81                                     9.5536378626577006e-05
82                                     6.9591239717922031e-05
83                                     8.8305157760213966e-05
84                                     1.0483846392203317e-04
85                                    -1.0306490231017069e-04
86                                    -7.2427743836712212e-05
87                                    -4.9268874586074190e-04
88                                     5.6880632919605804e-04
89                                     2.8058525798277899e-04
90                                     2.4944269686219913e-06
91                                    -2.0243214953091998e-04
92                                    -6.8205789577632119e-05
93                                    -7.9753428255827812e-04
94                                     8.1725250528705295e-04
95                                    -1.8124851342806554e-03
   &Method [&Type "String"] "SCF"
   &Level [&Type "String"] "Relaxed density"
   &Mult [&Type "Integer"] 1
   &State [&Type "Integer"] 0
   &Irrep [&Type "Integer"] 0
$End
$Geometry
   &GeometryIndex 6
   &NAtoms [&Type "Integer"] 32
   &NCorelessECP [&Type "Integer"] 0
   &NGhostAtoms [&Type "Integer"] 0
   &CartesianCoordinates [&Type "Coordinates", &Dim(32,4), &Units "Bohr"] 
              O     -3.882682188013   -5.381239072527   -3.369558563773
              C     -3.009654368457   -3.460022144177   -2.281875879808
              C     -0.340266181032   -2.995786000526   -1.987923513792
              C      0.538730331317   -0.898189915364   -0.756821892072
              C      3.202047961381   -0.241037258120   -0.350415374868
              C      5.114892949206   -2.039264613231   -0.778668551839
              C      7.651139238616   -1.409860411222   -0.420741163476
              O      9.582088905893   -3.053455947742   -0.780240035435
              C      8.306886979857    1.046189827699    0.373357384612
              O     10.762694809871    1.642524301981    0.719034448359
              C      6.383035577682    2.833977994223    0.805761322394
              O      7.227147119436    5.139454394014    1.563670386751
              C      3.849884140841    2.208694434677    0.457791313377
              O     -1.072804147577    0.839032682149    0.219536317929
              C     -3.629936550386    0.587093790767    0.011777635041
              C     -5.123042400070    2.483965253554    1.045557043164
              C     -7.760115281156    2.233436042460    0.853184728777
              O     -9.174542160310    4.089492317759    1.864822868581
              C     -8.866289039398    0.133138041989   -0.342107618384
              C     -7.337833518908   -1.753816360004   -1.367901525506
              O     -8.359301537330   -3.760195076465   -2.505855469349
              C     -4.654371394755   -1.546849055943   -1.203129289908
              H      0.986199315048   -4.342701941649   -2.799511343314
              H      4.650023533204   -3.963977295402   -1.353508446439
              H      8.921566738787   -4.674563280934   -1.319765437048
              H     10.857143726456    3.391084703943    1.277326616378
              H      5.834762746396    6.292351375748    1.856495080519
              H      2.395658082592    3.627117072590    0.799998484803
              H     -4.277841955132    4.114712542297    1.976335661902
              H    -10.958726826757    3.738354914620    1.628724243866
              H    -10.918933767286   -0.037383162154   -0.477244447746
              H     -6.897560840015   -4.842467127624   -3.062226626609
$End
$SCF_Energy
   &GeometryIndex 6
   &Method [&Type "String"] "SCF"
   &totalEnergy [&Type "ArrayOfDoubles", &Dim (1,1)] "Total energy of each state"
                                                         0

0                                     -1.1028412723388005e+03
   &Mult [&Type "ArrayOfIntegers", &Dim (1,1)] "Multiplicity of each state"
                                                         0

0                                                        1
$End
$DFT_Energy
   &GeometryIndex 6
   &nAlphaEl [&Type "Integer"] 78
   &nBetaEl [&Type "Integer"] 78
   &nTotalEl [&Type "Integer"] 156
   &finalEn [&Type "Double"]      -1.1028412723388005e+03  "No Van der Waals correction"
   &eExchange [&Type "Double"]      -1.1050893414075708e+02
   &eCorr [&Type "Double"]      -6.4425048234060283e+00
   &eXC [&Type "Double"]      -1.1695143896416310e+02
   &eCNL [&Type "Double"]       0.0000000000000000e+00
$End
$Solvation_Details
   &GeometryIndex 6
   &Solvent [&Type "String"] "WATER"
   &Epsilon [&Type "Double"]       8.0150999999999996e+01
   &Refrac [&Type "Double"]       1.3328000000000000e+00
   &RSolv [&Type "Double"]       1.3000000000000000e+00
   &SurfaceType [&Type "String"] "GAUSSIAN VDW"
   &CPCMDielEnergy [&Type "Double"]      -3.6912026000000001e-02
   &NPoints [&Type "Integer"] 2845
   &SurfaceArea [&Type "Double"]       1.0954823408530001e+03
$End
$SCF_Timings
   &GeometryIndex 6
   &TOTAL [&Type "Double"]       1.5092900000000000e+02
   &PREP [&Type "Double"]       5.4500000000000004e-01
   &FOCK [&Type "Double"]       1.4254800000000000e+02
   &DENS [&Type "Double"]       2.5300000000000011e-01
   &ETOT [&Type "Double"]       1.3899999999999935e-01
   &TRAFO [&Type "Double"]       7.4000000000001620e-02
   &DIIS [&Type "Double"]       3.7900000000000489e-01
   &SOSCF [&Type "Double"]       2.9700000000001125e-01
   &XC [&Type "Double"]       1.5980999999999998e+01
   &FOCKSTART [&Type "Double"]       1.2000000000000344e-02
   &SOLV [&Type "Double"]       1.4741000000000014e+01
   &SOLV_INIT [&Type "Double"]       3.6300000000000004e-01
   &INT_BF [&Type "Double"]       5.6930000000000582e+00
   &INT_DENS [&Type "Double"]       3.5450000000002753e+00
   &INT_DENSIO [&Type "Double"]       1.9949573499999996e+06
   &INT_FUNC [&Type "Double"]       5.1500000000011426e-01
   &INT_POT [&Type "Double"]       5.4779999999998452e+00
   &INT_POTIO [&Type "Double"]       2.1199999999990737e-01
   &SPLITRIJ [&Type "Double"]       1.2642000000000015e+01
   &COSX [&Type "Double"]       1.0602900000000002e+02
$End
$VdW_Correction
   &GeometryIndex 6
   &vdW [&Type "Double"]      -7.1421854489202824e-02
$End
$Single_Point_Data
   &GeometryIndex 6
   &FinalEnergy [&Type "Double"]      -1.1029126941932898e+03  "Final single point energy"
   &Converged [&Type "Boolean"] true
$End
$SCF_Nuc_Gradient
   &GeometryIndex 6
   &NAtoms [&Type "Integer"] 32
   &gradNorm [&Type "Double"]       6.3368554999822810e-03
   &grad [&Type "ArrayOfDoubles", &Dim (96,1)] 
                                                         0

0                                     -4.3740348707215127e-04
1                                     -3.1162085467038354e-04
2                                      5.1016476288832002e-04
3                                      7.3046299483075781e-05
4                                      1.5045465681971220e-03
5                                     -2.1528291356680560e-03
6                                     -1.2144451565087729e-03
7                                     -7.2794714145221697e-04
8                                      4.2431518392953759e-04
9                                      1.3859816845672103e-03
10                                    -2.2057258394224608e-04
11                                    -7.3899051969465479e-05
12                                     1.3293335630663297e-03
13                                     1.4817569550028777e-04
14                                     7.5193487237269990e-05
15                                    -3.1096100882492886e-05
16                                    -6.3387797156226318e-04
17                                    -2.0782402078072462e-04
18                                    -1.4178170767118381e-05
19                                    -3.6871963865587904e-04
20                                    -2.3418362700550820e-04
21                                     1.6840195347335533e-04
22                                     1.6760271213423281e-04
23                                     9.9964855618937457e-05
24                                     1.0107606835510242e-03
25                                     1.2947101719238544e-04
26                                     8.6941673517075221e-05
27                                    -1.0681799345771397e-03
28                                    -2.3436780438972966e-04
29                                    -8.7161410148468859e-05
30                                    -8.7714769289578198e-04
31                                     1.9449779890154037e-04
32                                    -4.0944598599793302e-05
33                                    -2.6961839831246678e-04
34                                    -1.8282124853142667e-04
35                                    -1.0936266630621338e-04
36                                    -4.8789746267527314e-04
37                                     3.7013060716474804e-04
38                                    -2.8489047213217037e-05
39                                    -2.7930974207432955e-04
40                                    -5.8091509572989156e-04
41                                     3.0690139554076311e-04
42                                    -1.9443487440189749e-03
43                                     1.1899985025628165e-03
44                                     5.4806061907889379e-04
45                                     6.0507955722525423e-04
46                                    -1.5152440440222638e-04
47                                    -1.4096526634653223e-04
48                                    -6.7474178194229354e-04
49                                     1.6442952875324782e-04
50                                     1.4962002288594343e-04
51                                     5.5420851722590549e-05
52                                    -7.6775145541905718e-04
53                                    -3.8435197501902603e-04
54                                     8.4286585313114541e-04
55                                    -2.2855615965339143e-05
56                                    -4.9635745928621207e-06
57                                    -1.8793742791132170e-03
58                                     9.6665801890081192e-04
59                                     3.8868000981882932e-04
60                                     4.0571036812428246e-04
61                                     2.9048233769244682e-04
62                                    -2.6587667857569765e-04
63                                     2.2612118208068361e-03
64                                    -1.1183270264218943e-03
65                                     2.4138388071381629e-04
66                                     7.2532343228889256e-04
67                                     5.3935058785476765e-04
68                                     1.0015629646287647e-04
69                                    -5.1837423459233400e-04
70                                     1.3032940340082223e-04
71                                     2.2322258955077162e-04
72                                    -6.7033099053471188e-06
73                                    -4.4251716255845928e-05
74                                    -5.0966852195728826e-05
75                                     3.8218982603699191e-04
76                                     1.5398009346067950e-05
77                                     3.0751922315971837e-06
78                                     2.5879577770647347e-04
79                                     2.4166264387323459e-04
80                                     5.1298473672748820e-05
81                                     4.2443993185106511e-05
82                                    -5.9659706820144778e-05
83                                     4.9898265606830979e-05
84                                     6.9203124001196472e-05
85                                    -6.0957818214578494e-05
86                                    -8.7433486200414037e-05
87                                    -1.5148453456877720e-04
88                                     3.8554976279903943e-04
89                                     2.0136654133679567e-04
90                                     5.9268461320294752e-05
91                                    -5.5527854504327111e-05
92                                    -7.6979388158950589e-05
93                                     1.7926588456580975e-04
94                                    -8.9658528871421658e-04
95                                     4.8598756487284230e-04
   &Method [&Type "String"] "SCF"
   &Level [&Type "String"] "Relaxed density"
   &Mult [&Type "Integer"] 1
   &State [&Type "Integer"] 0
   &Irrep [&Type "Integer"] 0
$End
$Geometry
   &GeometryIndex 7
   &NAtoms [&Type "Integer"] 32
   &NCorelessECP [&Type "Integer"] 0
   &NGhostAtoms [&Type "Integer"] 0
   &CartesianCoordinates [&Type "Coordinates", &Dim(32,4), &Units "Bohr"] 
              O     -3.891092578751   -5.431154874761   -3.283446998894
              C     -3.016474741092   -3.508929470669   -2.201520697167
              C     -0.343302275701   -3.038418649741   -1.937571811883
              C      0.538280989645   -0.914961269952   -0.755544394712
              C      3.202558181879   -0.249750427816   -0.367078506438
              C      5.130274847687   -2.023250377299   -0.838859799203
              C      7.663087833776   -1.383799864121   -0.475709378950
              O      9.599644258284   -3.010920509114   -0.882627892414
              C      8.306948870121    1.056329286860    0.369699497884
              O     10.761603880851    1.665831619948    0.721676651708
              C      6.375232576450    2.819246676823    0.846740153436
              O      7.198315353746    5.113245728717    1.662161818585
              C      3.844592687552    2.185761550586    0.489114506330
              O     -1.066307458468    0.845249646000    0.191411942491
              C     -3.622813425749    0.587935765796   -0.004486217312
              C     -5.111547542126    2.507469010196    0.996316475361
              C     -7.747561021407    2.262187379960    0.811006982623
              O     -9.156217828173    4.141773266759    1.791392366308
              C     -8.863765043643    0.147529756673   -0.348124515716
              C     -7.341246297663   -1.761324525291   -1.344178407305
              O     -8.376195060583   -3.775378665084   -2.458270180924
              C     -4.660352672339   -1.561508743155   -1.176684490145
              H      0.971816208312   -4.409578032832   -2.723315309241
              H      4.683772336459   -3.937879486096   -1.459281933731
              H      8.944022313108   -4.622612824050   -1.453908976152
              H     10.836726494323    3.402384843695    1.319089295624
              H      5.790883131089    6.239870457238    1.984467197790
              H      2.383841897102    3.587643477760    0.868968725473
              H     -4.262052692607    4.152713934920    1.897493087792
              H    -10.939640819197    3.785388708233    1.560179558667
              H    -10.917088469720   -0.014879783248   -0.480859279305
              H     -6.915943933164   -4.856402579547   -3.022371113492
$End
$SCF_Energy
   &GeometryIndex 7
   &Method [&Type "String"] "SCF"
   &totalEnergy [&Type "ArrayOfDoubles", &Dim (1,1)] "Total energy of each state"
                                                         0

0                                     -1.1028413671282688e+03
   &Mult [&Type "ArrayOfIntegers", &Dim (1,1)] "Multiplicity of each state"
                                                         0

0                                                        1
$End
$DFT_Energy
   &GeometryIndex 7
   &nAlphaEl [&Type "Integer"] 78
   &nBetaEl [&Type "Integer"] 78
   &nTotalEl [&Type "Integer"] 156
   &finalEn [&Type "Double"]      -1.1028413671282688e+03  "No Van der Waals correction"
   &eExchange [&Type "Double"]      -1.1050900160965469e+02
   &eCorr [&Type "Double"]      -6.4424907320519260e+00
   &eXC [&Type "Double"]      -1.1695149234170661e+02
   &eCNL [&Type "Double"]       0.0000000000000000e+00
$End
$Solvation_Details
   &GeometryIndex 7
   &Solvent [&Type "String"] "WATER"
   &Epsilon [&Type "Double"]       8.0150999999999996e+01
   &Refrac [&Type "Double"]       1.3328000000000000e+00
   &RSolv [&Type "Double"]       1.3000000000000000e+00
   &SurfaceType [&Type "String"] "GAUSSIAN VDW"
   &CPCMDielEnergy [&Type "Double"]      -3.6840757000000002e-02
   &NPoints [&Type "Integer"] 2837
   &SurfaceArea [&Type "Double"]       1.0953984292150001e+03
$End
$SCF_Timings
   &GeometryIndex 7
   &TOTAL [&Type "Double"]       1.3491500000000002e+02
   &PREP [&Type "Double"]       5.2800000000000002e-01
   &FOCK [&Type "Double"]       1.2500800000000002e+02
   &DENS [&Type "Double"]       2.0899999999998897e-01
   &ETOT [&Type "Double"]       1.2999999999997058e-01
   &TRAFO [&Type "Double"]       1.0300000000000153e-01
   &DIIS [&Type "Double"]       3.8799999999999812e-01
   &SOSCF [&Type "Double"]       1.9800000000001461e-01
   &XC [&Type "Double"]       1.3646000000000011e+01
   &FOCKSTART [&Type "Double"]       1.2000000000018107e-02
   &SOLV [&Type "Double"]       1.2338000000000005e+01
   &SOLV_INIT [&Type "Double"]       3.5799999999999998e-01
   &INT_BF [&Type "Double"]       4.6930000000000298e+00
   &INT_DENS [&Type "Double"]       2.9559999999998325e+00
   &INT_DENSIO [&Type "Double"]       1.3683077040000008e+06
   &INT_FUNC [&Type "Double"]       4.1300000000001091e-01
   &INT_POT [&Type "Double"]       4.9519999999999591e+00
   &INT_POTIO [&Type "Double"]       1.9000000000006168e-01
   &SPLITRIJ [&Type "Double"]       1.0685999999999991e+01
   &COSX [&Type "Double"]       9.6878999999999991e+01
$End
$VdW_Correction
   &GeometryIndex 7
   &vdW [&Type "Double"]      -7.1426396761533367e-02
$End
$Single_Point_Data
   &GeometryIndex 7
   &FinalEnergy [&Type "Double"]      -1.1029127935250303e+03  "Final single point energy"
   &Converged [&Type "Boolean"] true
$End
$SCF_Nuc_Gradient
   &GeometryIndex 7
   &NAtoms [&Type "Integer"] 32
   &gradNorm [&Type "Double"]       4.6502346191321722e-03
   &grad [&Type "ArrayOfDoubles", &Dim (96,1)] 
                                                         0

0                                      3.1174678427937203e-04
1                                      6.9690023340429098e-04
2                                     -7.1850821771515967e-04
3                                      3.9848683462297244e-05
4                                     -1.1347171698700578e-03
5                                      2.2499104871632463e-03
6                                      5.9868679400861804e-04
7                                     -5.3884463956734875e-04
8                                     -1.2361906820178925e-03
9                                     -2.5269389425456256e-04
10                                    -4.2733768372686079e-04
11                                    -3.1902950432270325e-04
12                                    -3.2906040798536180e-05
13                                    -1.4095541481717216e-04
14                                    -2.9247964605042578e-04
15                                     7.5514398831469972e-04
16                                    -7.1713646728834707e-04
17                                    -1.5790617653941327e-04
18                                     9.0439636123031250e-05
19                                     8.6624611450075760e-04
20                                     3.1340058017580998e-04
21                                    -6.5637259999741092e-05
22                                    -4.6134475965705751e-04
23                                    -1.6555692197344166e-04
24                                    -9.8580903467164818e-04
25                                    -2.8595255934321575e-04
26                                    -1.0963519463238687e-04
27                                     6.7475629870494141e-05
28                                     1.6056479997754282e-04
29                                     6.1136253218582420e-05
30                                     7.8687042508525319e-04
31                                    -3.4737306601962027e-04
32                                    -2.6290874953424344e-04
33                                    -2.5457876141688309e-04
34                                     1.2550232740406869e-04
35                                     1.5857998960487613e-04
36                                    -2.0262213603102172e-04
37                                     2.8090634975048637e-04
38                                     1.3251060273284979e-05
39                                     1.6453325050159830e-04
40                                     7.8766135097847918e-04
41                                     6.6822277999495990e-04
42                                    -4.5457465026660967e-04
43                                    -5.1302986902263870e-04
44                                    -4.2735443939379540e-04
45                                    -3.1265744310223436e-04
46                                    -1.9659268834158733e-04
47                                    -1.1065966359368801e-04
48                                     1.8880612880519667e-04
49                                    -3.3407628705099993e-04
50                                    -2.0361387308052842e-04
51                                    -2.6344422591873201e-04
52                                    -1.3000785381814370e-04
53                                    -8.3046846270702797e-05
54                                     3.2375150915351871e-04
55                                     1.4915125558304600e-04
56                                     9.3141692816074375e-05
57                                     6.9717824741235385e-05
58                                     1.0770806277675509e-04
59                                     1.6632835957088775e-04
60                                    -1.3488392553815897e-03
61                                     5.0363719255643122e-04
62                                     2.0116135048001439e-04
63                                    -2.8543395589472674e-04
64                                     1.0718403270362753e-03
65                                    -9.8049644824803832e-05
66                                     2.0589411724553417e-04
67                                     5.7532221789247356e-04
68                                     1.7252921044006781e-04
69                                    -3.4376008215739030e-04
70                                     1.8308751864343860e-04
71                                     2.1974407383704283e-04
72                                     1.1541587633137531e-04
73                                     7.4609370929959711e-05
74                                     4.3256186255847111e-05
75                                     8.4540832212089470e-05
76                                     1.1870362059120579e-05
77                                    -3.0590952577539740e-05
78                                     2.2385265506749094e-05
79                                     5.0442450735107159e-05
80                                     5.1177385237348140e-06
81                                    -3.2767249866173094e-05
82                                    -1.3526431754125312e-04
83                                    -7.9807282162326778e-06
84                                     3.1365821033133416e-05
85                                    -5.8941938645495440e-05
86                                    -5.0775787924430698e-06
87                                     1.1337292507170168e-04
88                                     1.0505266002107399e-04
89                                     6.6707915968793784e-05
90                                     7.2925394810702195e-05
91                                     4.6065081958617044e-06
92                                     2.7785899192418877e-05
93                                     7.9280323624137121e-04
94                                    -3.3353443063341198e-04
95                                    -2.3168473152952311e-04
   &Method [&Type "String"] "SCF"
   &Level [&Type "String"] "Relaxed density"
   &Mult [&Type "Integer"] 1
   &State [&Type "Integer"] 0
   &Irrep [&Type "Integer"] 0
$End
$Geometry
   &GeometryIndex 8
   &NAtoms [&Type "Integer"] 32
   &NCorelessECP [&Type "Integer"] 0
   &NGhostAtoms [&Type "Integer"] 0
   &CartesianCoordinates [&Type "Coordinates", &Dim(32,4), &Units "Bohr"] 
              O     -3.901063998486   -5.485273352749   -3.179418384474
              C     -3.021652643889   -3.535210923452   -2.150404154258
              C     -0.349108858386   -3.068934407926   -1.887061854676
              C      0.537728333746   -0.920462467564   -0.752767532305
              C      3.201682991754   -0.251857306400   -0.369252314556
              C      5.136769920856   -2.000465682374   -0.902712208448
              C      7.668546799737   -1.358778142572   -0.540784836193
              O      9.609947507112   -2.963213236484   -1.008432852143
              C      8.308135768251    1.060465562497    0.366844530825
              O     10.761956610935    1.671734017596    0.717974643050
              C      6.371048726005    2.799721979873    0.903800950516
              O      7.188529318057    5.075317350923    1.774031860418
              C      3.841125801965    2.163764258480    0.544606971583
              O     -1.065589356731    0.862415232903    0.150744762899
              C     -3.621843359627    0.603502815722   -0.035621207860
              C     -5.108380986019    2.543526039397    0.929235718035
              C     -7.744759917746    2.293424920095    0.754300046815
              O     -9.152109362931    4.191606945960    1.700374969767
              C     -8.863993660391    0.155070016373   -0.359067959407
              C     -7.343404208540   -1.774196500273   -1.319406257509
              O     -8.376764939462   -3.814186345834   -2.385828017457
              C     -4.662712961466   -1.568628939057   -1.161764711062
              H      0.962056355001   -4.466090952555   -2.633104800947
              H      4.701445431159   -3.899015051892   -1.578350979851
              H      8.958584357335   -4.561175848711   -1.621910547265
              H     10.832860112460    3.390883831311    1.364225962623
              H      5.777866603415    6.185772415397    2.135639316243
              H      2.378272609345    3.549984469611    0.970491713004
              H     -4.257576293292    4.206709375460    1.795703399420
              H    -10.935621966764    3.828168734240    1.480145724489
              H    -10.917923822658   -0.009054716547   -0.481992817580
              H     -6.914050910742   -4.905713064060   -2.924360776608
$End
$SCF_Energy
   &GeometryIndex 8
   &Method [&Type "String"] "SCF"
   &totalEnergy [&Type "ArrayOfDoubles", &Dim (1,1)] "Total energy of each state"
                                                         0

0                                     -1.1028414297871120e+03
   &Mult [&Type "ArrayOfIntegers", &Dim (1,1)] "Multiplicity of each state"
                                                         0

0                                                        1
$End
$DFT_Energy
   &GeometryIndex 8
   &nAlphaEl [&Type "Integer"] 78
   &nBetaEl [&Type "Integer"] 78
   &nTotalEl [&Type "Integer"] 156
   &finalEn [&Type "Double"]      -1.1028414297871120e+03  "No Van der Waals correction"
   &eExchange [&Type "Double"]      -1.1050952369317019e+02
   &eCorr [&Type "Double"]      -6.4425951420951479e+00
   &eXC [&Type "Double"]      -1.1695211883526534e+02
   &eCNL [&Type "Double"]       0.0000000000000000e+00
$End
$Solvation_Details
   &GeometryIndex 8
   &Solvent [&Type "String"] "WATER"
   &Epsilon [&Type "Double"]       8.0150999999999996e+01
   &Refrac [&Type "Double"]       1.3328000000000000e+00
   &RSolv [&Type "Double"]       1.3000000000000000e+00
   &SurfaceType [&Type "String"] "GAUSSIAN VDW"
   &CPCMDielEnergy [&Type "Double"]      -3.6896063000000000e-02
   &NPoints [&Type "Integer"] 2840
   &SurfaceArea [&Type "Double"]       1.0947313449610001e+03
$End
$SCF_Timings
   &GeometryIndex 8
   &TOTAL [&Type "Double"]       1.4313399999999999e+02
   &PREP [&Type "Double"]       5.2600000000000002e-01
   &FOCK [&Type "Double"]       1.3367200000000000e+02
   &DENS [&Type "Double"]       2.3099999999999454e-01
   &ETOT [&Type "Double"]       1.0900000000001953e-01
   &TRAFO [&Type "Double"]       7.0000000000003837e-02
   &DIIS [&Type "Double"]       3.6899999999999977e-01
   &SOSCF [&Type "Double"]       2.6399999999998869e-01
   &XC [&Type "Double"]       1.4967000000000009e+01
   &FOCKSTART [&Type "Double"]       1.1999999999986133e-02
   &SOLV [&Type "Double"]       1.3575999999999997e+01
   &SOLV_INIT [&Type "Double"]       3.5599999999999998e-01
   &INT_BF [&Type "Double"]       5.4760000000000382e+00
   &INT_DENS [&Type "Double"]       3.2559999999999043e+00
   &INT_DENSIO [&Type "Double"]       1.6582161740000010e+06
   &INT_FUNC [&Type "Double"]       4.7300000000000608e-01
   &INT_POT [&Type "Double"]       5.0960000000001422e+00
   &INT_POTIO [&Type "Double"]       1.7699999999997473e-01
   &SPLITRIJ [&Type "Double"]       1.1756999999999980e+01
   &COSX [&Type "Double"]       1.0142199999999997e+02
$End
$VdW_Correction
   &GeometryIndex 8
   &vdW [&Type "Double"]      -7.1431278337923454e-02
$End
$Single_Point_Data
   &GeometryIndex 8
   &FinalEnergy [&Type "Double"]      -1.1029128610654500e+03  "Final single point energy"
   &Converged [&Type "Boolean"] true
$End
$SCF_Nuc_Gradient
   &GeometryIndex 8
   &NAtoms [&Type "Integer"] 32
   &gradNorm [&Type "Double"]       3.0950367266784243e-03
   &grad [&Type "ArrayOfDoubles", &Dim (96,1)] 
                                                         0

0                                     -1.0874110730814903e-04
1                                      3.1916618816330537e-04
2                                     -2.4656729912022815e-04
3                                      2.9902967690505433e-04
4                                      1.1049239780399971e-05
5                                      9.3160693360922245e-04
6                                     -1.2523413224441364e-04
7                                     -9.1671663057692622e-04
8                                     -6.9212099073410701e-04
9                                     -4.4879557524299298e-05
10                                    -7.7526819012099625e-05
11                                    -1.4031710497033344e-04
12                                    -5.0556459919302464e-04
13                                    -1.5533285123218201e-04
14                                    -1.7940130033418952e-04
15                                     8.6302458069705207e-04
16                                    -3.6147032555354600e-04
17                                    -1.9057764734538358e-04
18                                    -6.1135034512775806e-05
19                                     5.6368057921639988e-04
20                                     1.9616021090665262e-04
21                                    -1.0827231775809742e-04
22                                    -2.8208622741975460e-04
23                                    -1.1786717096293588e-04
24                                    -7.6249038687907326e-04
25                                    -6.3236747467145107e-05
26                                    -7.1778377102016879e-05
27                                     4.7049668051377146e-05
28                                     1.2261589266150818e-04
29                                     5.3714468168492317e-05
30                                     7.5911634417020818e-04
31                                    -2.4920121665060078e-04
32                                    -1.0382596608901781e-04
33                                    -2.0451376890169980e-04
34                                     8.9127495403848846e-05
35                                     9.6446323418857021e-05
36                                    -3.4500844681737992e-05
37                                     1.1868669317660328e-04
38                                     2.8816684236461195e-07
39                                     1.7097858780769658e-04
40                                     4.8792309838957169e-04
41                                     4.6395039416806898e-04
42                                    -1.7718721801858844e-04
43                                    -6.0195994179380863e-04
44                                    -4.8814289892038279e-04
45                                    -3.0734617392762291e-04
46                                    -3.0375341848740362e-05
47                                    -1.7655357202864448e-05
48                                     2.2502273297422292e-04
49                                    -2.1980101906276828e-04
50                                    -1.2163433258573660e-04
51                                    -1.8154064579630120e-04
52                                    -5.4086375943396270e-05
53                                    -1.9409811705872347e-05
54                                     2.2154975135595128e-04
55                                     1.3365860724099941e-04
56                                     1.1792195044913351e-04
57                                     2.3176388329290394e-04
58                                    -8.0504792128364543e-05
59                                    -1.3472556478423572e-04
60                                    -9.1936460256289323e-04
61                                     1.6696364089669661e-04
62                                     8.4753553423257789e-05
63                                    -3.8695290326647451e-04
64                                     6.8350531575376650e-04
65                                     2.8986144452013233e-04
66                                     2.5101875722173078e-04
67                                     5.0847765969427861e-04
68                                     3.9865998857464824e-05
69                                    -1.6671507162455807e-04
70                                     6.0079704940215460e-05
71                                     2.4062262156585444e-04
72                                     1.0618789084797611e-04
73                                     4.1837978100490682e-05
74                                     6.5988773935399971e-05
75                                     4.3402365795652831e-05
76                                    -2.5266196098603012e-05
77                                    -1.5107054190201185e-05
78                                     5.2147022098795349e-05
79                                     3.4685437430404789e-05
80                                     1.1750466840583187e-05
81                                    -1.7639853078786490e-06
82                                    -9.2966208881610133e-05
83                                    -5.1606813412085497e-05
84                                     3.6877295558079305e-05
85                                    -2.5819568280940810e-05
86                                    -7.2329446304910717e-06
87                                     7.6186150679238759e-05
88                                    -3.1174347691876019e-06
89                                     9.5646901972055596e-06
90                                     2.5461094482239638e-05
91                                     5.7258057828234863e-05
92                                     3.7026141327735214e-05
93                                     6.8738667642941780e-04
94                                    -1.5924794625771135e-04
95                                    -4.1551488773071274e-05
   &Method [&Type "String"] "SCF"
   &Level [&Type "String"] "Relaxed density"
   &Mult [&Type "Integer"] 1
   &State [&Type "Integer"] 0
   &Irrep [&Type "Integer"] 0
$End
$Geometry
   &GeometryIndex 9
   &NAtoms [&Type "Integer"] 32
   &NCorelessECP [&Type "Integer"] 0
   &NGhostAtoms [&Type "Integer"] 0
   &CartesianCoordinates [&Type "Coordinates", &Dim(32,4), &Units "Bohr"] 
              O     -3.918619787068   -5.649455406553   -2.829712110709
              C     -3.032103655009   -3.628577066630   -1.948780332623
              C     -0.361496282839   -3.165430457230   -1.689643125489
              C      0.536068236480   -0.945220820485   -0.707903738523
              C      3.199105182547   -0.261458840069   -0.351196506274
              C      5.147688078396   -1.916947157182   -1.094652306144
              C      7.678807807105   -1.265018637736   -0.757411894603
              O      9.627847164487   -2.779430320401   -1.440903098652
              C      8.313678048067    1.075276136213    0.343221030345
              O     10.766944914416    1.697933031058    0.669031080608
              C      6.366434424436    2.725468001440    1.085201275667
              O      7.173930874388    4.932140727721    2.124497257945
              C      3.836834737822    2.079901763309    0.741825113742
              O     -1.066131460108    0.899852123691    0.057120805862
              C     -3.621146254103    0.637584567657   -0.110531716465
              C     -5.103391229578    2.640951574003    0.724785666270
              C     -7.740167086088    2.385954276774    0.559909947420
              O     -9.143976269058    4.345596717239    1.379117638192
              C     -8.865908243765    0.182576308120   -0.415493824826
              C     -7.349372244421   -1.811039684893   -1.245007317628
              O     -8.379864290248   -3.917031933080   -2.174746884814
              C     -4.668999949619   -1.598261028057   -1.097354401862
              H      0.937895106207   -4.636417529462   -2.303637666468
              H      4.736860599992   -3.746469905307   -1.952114075777
              H      8.981859140210   -4.321672384347   -2.188888448861
              H     10.830795548606    3.353088111545    1.466028548349
              H      5.756558155661    5.980295537716    2.620748139317
              H      2.371920440699    3.403797155278    1.327944915184
              H     -4.250764144037    4.354841843949    1.484088505940
              H    -10.927537983102    3.970111867152    1.178306213368
              H    -10.920774455534    0.020634552903   -0.528881516591
              H     -6.912975124944   -5.043762096951   -2.629088814813
$End
$SCF_Energy
   &GeometryIndex 9
   &Method [&Type "String"] "SCF"
   &totalEnergy [&Type "ArrayOfDoubles", &Dim (1,1)] "Total energy of each state"
                                                         0

0                                     -1.1028414883927448e+03
   &Mult [&Type "ArrayOfIntegers", &Dim (1,1)] "Multiplicity of each state"
                                                         0

0                                                        1
$End
$DFT_Energy
   &GeometryIndex 9
   &nAlphaEl [&Type "Integer"] 78
   &nBetaEl [&Type "Integer"] 78
   &nTotalEl [&Type "Integer"] 156
   &finalEn [&Type "Double"]      -1.1028414883927448e+03  "No Van der Waals correction"
   &eExchange [&Type "Double"]      -1.1050975367463667e+02
   &eCorr [&Type "Double"]      -6.4426865576572343e+00
   &eXC [&Type "Double"]      -1.1695244023229391e+02
   &eCNL [&Type "Double"]       0.0000000000000000e+00
$End
$Solvation_Details
   &GeometryIndex 9
   &Solvent [&Type "String"] "WATER"
   &Epsilon [&Type "Double"]       8.0150999999999996e+01
   &Refrac [&Type "Double"]       1.3328000000000000e+00
   &RSolv [&Type "Double"]       1.3000000000000000e+00
   &SurfaceType [&Type "String"] "GAUSSIAN VDW"
   &CPCMDielEnergy [&Type "Double"]      -3.6993697999999998e-02
   &NPoints [&Type "Integer"] 2852
   &SurfaceArea [&Type "Double"]       1.0980441502730000e+03
$End
$SCF_Timings
   &GeometryIndex 9
   &TOTAL [&Type "Double"]       1.5976599999999999e+02
   &PREP [&Type "Double"]       5.1400000000000001e-01
   &FOCK [&Type "Double"]       1.5029100000000000e+02
   &DENS [&Type "Double"]       2.3800000000001376e-01
   &ETOT [&Type "Double"]       1.6800000000001702e-01
   &TRAFO [&Type "Double"]       6.9999999999996732e-02
   &DIIS [&Type "Double"]       3.7599999999999412e-01
   &SOSCF [&Type "Double"]       3.0800000000000693e-01
   &XC [&Type "Double"]       1.6628000000000014e+01
   &FOCKSTART [&Type "Double"]       1.2000000000029987e-02
   &SOLV [&Type "Double"]       1.5156999999999996e+01
   &SOLV_INIT [&Type "Double"]       3.4399999999999997e-01
   &INT_BF [&Type "Double"]       5.6899999999997419e+00
   &INT_DENS [&Type "Double"]       3.5519999999999783e+00
   &INT_DENSIO [&Type "Double"]       2.0746350810000014e+06
   &INT_FUNC [&Type "Double"]       5.3500000000004633e-01
   &INT_POT [&Type "Double"]       6.1080000000001107e+00
   &INT_POTIO [&Type "Double"]       2.2500000000002629e-01
   &SPLITRIJ [&Type "Double"]       1.2853000000000002e+01
   &COSX [&Type "Double"]       1.1354400000000001e+02
$End
$VdW_Correction
   &GeometryIndex 9
   &vdW [&Type "Double"]      -7.1426776888751486e-02
$End
$Single_Point_Data
   &GeometryIndex 9
   &FinalEnergy [&Type "Double"]      -1.1029129151696336e+03  "Final single point energy"
   &Converged [&Type "Boolean"] true
$End
$SCF_Nuc_Gradient
   &GeometryIndex 9
   &NAtoms [&Type "Integer"] 32
   &gradNorm [&Type "Double"]       4.5922554907320912e-03
   &grad [&Type "ArrayOfDoubles", &Dim (96,1)] 
                                                         0

0                                     -8.3567669350867793e-04
1                                     -5.2541365266213415e-04
2                                      2.9356904831645894e-04
3                                      1.1870112856862791e-03
4                                      1.6111014077220742e-03
5                                     -6.5095713381762470e-04
6                                     -1.6335171163215430e-03
7                                     -1.1257779143507198e-03
8                                      1.3843677896245490e-04
9                                      6.6717037693148518e-04
10                                     6.7823684892297134e-04
11                                     3.6983147638862391e-04
12                                    -1.6027892585433420e-03
13                                    -2.5027221155122489e-04
14                                     1.9784648757837384e-04
15                                     7.9975423174442634e-04
16                                     6.6622404217663554e-04
17                                     1.2343769660867114e-04
18                                    -6.4875155623928329e-04
19                                    -3.7470145134599613e-04
20                                    -7.5467721338553167e-05
21                                    -2.2533762096249311e-04
22                                    -2.5873742771790513e-05
23                                     1.8473144441636356e-05
24                                    -4.3952082668722171e-05
25                                     5.1378827932468106e-04
26                                     1.4490627122904206e-04
27                                     8.7969302247787099e-05
28                                     4.8161166579092929e-05
29                                    -1.1513197796524280e-04
30                                     5.3893911932381114e-04
31                                    -7.4981685386430179e-05
32                                     1.9832873529913931e-04
33                                    -8.2995078345510107e-05
34                                     4.0447367487952382e-05
35                                    -8.1068572109061165e-05
36                                     4.9868123927593777e-04
37                                    -1.6900567146109949e-04
38                                    -1.8881247556513768e-04
39                                    -2.3826494639967558e-04
40                                    -4.6313024542876148e-04
41                                    -2.5674960839932931e-04
42                                     6.5726266189960374e-04
43                                    -6.2227668387053057e-04
44                                    -3.9315716943872037e-04
45                                    -2.3679689892574046e-04
46                                     3.5287078578280983e-04
47                                     1.4175511700931091e-04
48                                     3.5496160686253580e-04
49                                    -5.2356915006707974e-05
50                                    -3.4035331021340081e-05
51                                    -4.8149239379864607e-05
52                                     3.2898034645127819e-04
53                                     1.2983084386861970e-04
54                                    -1.5857603809958101e-04
55                                     3.4969045094518082e-05
56                                     1.3565873424672249e-04
57                                     3.9391377199242563e-04
58                                    -7.4433793391023341e-04
59                                    -4.3898969430691945e-04
60                                    -3.9813529532166316e-04
61                                    -3.5528590723558830e-05
62                                    -2.0109538110307703e-06
63                                    -7.1266954724901951e-04
64                                     2.2305582949630557e-04
65                                     6.4804439212751998e-04
66                                    -3.6308400368986105e-06
67                                     2.1440047417643808e-04
68                                    -1.3402685383965526e-04
69                                     7.1122607991843561e-04
70                                    -6.5145159559322529e-05
71                                     5.1931053905166167e-05
72                                     1.2673023129886206e-04
73                                     4.4282959842854944e-05
74                                    -1.0663861381892550e-04
75                                    -1.0978411192442169e-04
76                                    -1.2323544274339140e-04
77                                     1.3728071161339501e-04
78                                     7.5621633474086893e-05
79                                    -4.4050146741059638e-05
80                                    -1.6931996816806972e-05
81                                     1.8426193665648039e-04
82                                     7.7307895962710528e-05
83                                    -1.4135295309352232e-04
84                                     9.5877209905438568e-06
85                                     2.4579393181698350e-05
86                                    -1.4778047322585046e-06
87                                     4.0996105772442900e-05
88                                    -2.7657893906088459e-04
89                                    -1.8988021141052349e-04
90                                    -5.6157002031134847e-05
91                                     2.0886986070248084e-04
92                                     7.2851848076407262e-05
93                                     7.0109614789672016e-04
94                                    -9.4609331657347258e-05
95                                     2.4506738696281389e-05
   &Method [&Type "String"] "SCF"
   &Level [&Type "String"] "Relaxed density"
   &Mult [&Type "Integer"] 1
   &State [&Type "Integer"] 0
   &Irrep [&Type "Integer"] 0
$End
$Geometry
   &GeometryIndex 10
   &NAtoms [&Type "Integer"] 32
   &NCorelessECP [&Type "Integer"] 0
   &NGhostAtoms [&Type "Integer"] 0
   &CartesianCoordinates [&Type "Coordinates", &Dim(32,4), &Units "Bohr"] 
              O     -3.903766467847   -5.599214258727   -2.945016565377
              C     -3.024347409238   -3.598805614001   -2.014683856767
              C     -0.353336991594   -3.131712413272   -1.748049878491
              C      0.536766657808   -0.932774783599   -0.716742784371
              C      3.199818646673   -0.254555260695   -0.350680887278
              C      5.139970701907   -1.945185303690   -1.029399079117
              C      7.673404386979   -1.299611549402   -0.688335395819
              O      9.618804921967   -2.847529230207   -1.303894771218
              C      8.312258858833    1.068815461878    0.347370802337
              O     10.766911619088    1.686831884595    0.674204778332
              C      6.369214885862    2.752107106882    1.027288514734
              O      7.183617403770    4.982242365930    2.009839124590
              C      3.838456780147    2.111203102236    0.685890640149
              O     -1.067414658127    0.892690505188    0.091354660511
              C     -3.622498281500    0.629011136554   -0.084819369784
              C     -5.108620476515    2.610438000438    0.793352173595
              C     -7.745280907404    2.355625001951    0.622753971085
              O     -9.151294091288    4.293934723440    1.486899608115
              C     -8.865842598826    0.172897962569   -0.402747553322
              C     -7.345243517194   -1.798631608029   -1.274984823036
              O     -8.375440300461   -3.883673751395   -2.251963926808
              C     -4.664623977067   -1.587880710730   -1.121658083871
              H      0.951403196483   -4.582907703864   -2.398248308696
              H      4.715976048758   -3.796912295790   -1.831758263811
              H      8.968325963515   -4.410687196001   -2.003113225856
              H     10.835285453802    3.367377401788    1.415844745446
              H      5.769521955339    6.053043497905    2.465984332401
              H      2.374491856614    3.456391408141    1.225371728608
              H     -4.258706318388    4.308151309607    1.590978287433
              H    -10.935110233493    3.922705323742    1.280522289289
              H    -10.920024131521    0.007207863917   -0.521670912628
              H     -6.912678977080   -5.000781349976   -2.734009613286
$End
$SCF_Energy
   &GeometryIndex 10
   &Method [&Type "String"] "SCF"
   &totalEnergy [&Type "ArrayOfDoubles", &Dim (1,1)] "Total energy of each state"
                                                         0

0                                     -1.1028415182053279e+03
   &Mult [&Type "ArrayOfIntegers", &Dim (1,1)] "Multiplicity of each state"
                                                         0

0                                                        1
$End
$DFT_Energy
   &GeometryIndex 10
   &nAlphaEl [&Type "Integer"] 78
   &nBetaEl [&Type "Integer"] 78
   &nTotalEl [&Type "Integer"] 156
   &finalEn [&Type "Double"]      -1.1028415182053279e+03  "No Van der Waals correction"
   &eExchange [&Type "Double"]      -1.1050940291358037e+02
   &eCorr [&Type "Double"]      -6.4426492419043351e+00
   &eXC [&Type "Double"]      -1.1695205215548471e+02
   &eCNL [&Type "Double"]       0.0000000000000000e+00
$End
$Solvation_Details
   &GeometryIndex 10
   &Solvent [&Type "String"] "WATER"
   &Epsilon [&Type "Double"]       8.0150999999999996e+01
   &Refrac [&Type "Double"]       1.3328000000000000e+00
   &RSolv [&Type "Double"]       1.3000000000000000e+00
   &SurfaceType [&Type "String"] "GAUSSIAN VDW"
   &CPCMDielEnergy [&Type "Double"]      -3.6977874000000001e-02
   &NPoints [&Type "Integer"] 2850
   &SurfaceArea [&Type "Double"]       1.0965330787400001e+03
$End
$SCF_Timings
   &GeometryIndex 10
   &TOTAL [&Type "Double"]       1.5110599999999999e+02
   &PREP [&Type "Double"]       5.1300000000000001e-01
   &FOCK [&Type "Double"]       1.4292300000000000e+02
   &DENS [&Type "Double"]       2.5399999999999068e-01
   &ETOT [&Type "Double"]       1.4199999999999235e-01
   &TRAFO [&Type "Double"]       7.3000000000000398e-02
   &DIIS [&Type "Double"]       3.7299999999999400e-01
   &SOSCF [&Type "Double"]       3.0400000000000205e-01
   &XC [&Type "Double"]       1.6043999999999986e+01
   &FOCKSTART [&Type "Double"]       1.1999999999989686e-02
   &SOLV [&Type "Double"]       1.4640000000000015e+01
   &SOLV_INIT [&Type "Double"]       3.3800000000000002e-01
   &INT_BF [&Type "Double"]       5.8799999999997823e+00
   &INT_DENS [&Type "Double"]       3.4820000000005038e+00
   &INT_DENSIO [&Type "Double"]       1.9773340449999997e+06
   &INT_FUNC [&Type "Double"]       5.9200000000031139e-01
   &INT_POT [&Type "Double"]       5.3439999999994185e+00
   &INT_POTIO [&Type "Double"]       2.2199999999994091e-01
   &SPLITRIJ [&Type "Double"]       1.2585000000000003e+01
   &COSX [&Type "Double"]       1.0630499999999999e+02
$End
$VdW_Correction
   &GeometryIndex 10
   &vdW [&Type "Double"]      -7.1434879933240450e-02
$End
$Single_Point_Data
   &GeometryIndex 10
   &FinalEnergy [&Type "Double"]      -1.1029129530852613e+03  "Final single point energy"
   &Converged [&Type "Boolean"] true
$End
$SCF_Nuc_Gradient
   &GeometryIndex 10
   &NAtoms [&Type "Integer"] 32
   &gradNorm [&Type "Double"]       2.0704375831971686e-03
   &grad [&Type "ArrayOfDoubles", &Dim (96,1)] 
                                                         0

0                                     -4.0246471250895949e-04
1                                     -3.3452010116812394e-04
2                                      1.0476363405883876e-04
3                                      4.9848884020393947e-04
4                                      8.4759615000350673e-04
5                                     -2.6250728358304776e-04
6                                     -6.1517123934081742e-04
7                                     -4.3217983047579944e-04
8                                      5.0190652661966442e-05
9                                      3.3852951078887838e-04
10                                     2.8841205019801614e-04
11                                     9.1282863926630685e-05
12                                    -6.6536446323617023e-04
13                                    -1.2615474968401605e-04
14                                     3.2731987998571311e-06
15                                     8.9678819337484514e-05
16                                     3.3221430765321204e-04
17                                     1.5042084167844264e-04
18                                    -1.8737757785833287e-04
19                                    -1.5166798356431229e-04
20                                    -4.0874144470269625e-05
21                                    -7.9459424798459090e-05
22                                     2.9035032438334905e-05
23                                     3.7321140145503943e-05
24                                     5.9982657312303690e-05
25                                     1.7279895891778312e-04
26                                     6.0937066719509023e-05
27                                     4.4511823205512229e-05
28                                    -2.1015095965298846e-05
29                                    -6.5638846725278742e-05
30                                     1.3226155187784369e-04
31                                     6.1723650317276502e-05
32                                     6.6802868550437113e-05
33                                    -3.9280803641707763e-05
34                                     2.0793752143255571e-05
35                                    -7.4115090448826466e-05
36                                     2.1768690145742019e-04
37                                    -2.0982275593996324e-04
38                                    -1.2674471120076723e-04
39                                    -6.2875685590330001e-05
40                                    -1.4383400050632417e-04
41                                    -1.0749283828610247e-05
42                                     3.3044023179687953e-04
43                                    -2.2604394137321009e-04
44                                    -1.5418329657492641e-04
45                                    -1.1626247135910949e-04
46                                     2.0801929669552263e-04
47                                     8.8301658381210492e-05
48                                     2.1237832684987769e-04
49                                    -1.8540761897800243e-05
50                                    -6.0396909602234648e-05
51                                    -5.4192430651610454e-05
52                                     1.8617031147721223e-04
53                                     1.2097819977539124e-04
54                                    -2.2937084744801617e-05
55                                    -2.5487114599113167e-05
56                                     1.5523762796873104e-05
57                                     4.1669807830131060e-05
58                                    -4.0488231169726817e-04
59                                    -2.8296588765976133e-04
60                                    -2.6115808586697845e-04
61                                     7.4317810013114539e-05
62                                     8.1710175984496970e-05
63                                    -3.0129842289685759e-04
64                                     6.0759650008041795e-05
65                                     3.2787193316899897e-04
66                                     3.3266681401637776e-04
67                                     9.4005638327171969e-05
68                                    -3.6225477357578406e-05
69                                     9.6637154668422767e-05
70                                    -2.1444885466223378e-04
71                                    -6.4061848121859495e-05
72                                     4.0075207398838946e-05
73                                     1.5796158269110920e-06
74                                    -2.6169990427863760e-05
75                                    -4.9892122581743749e-05
76                                    -2.6888943739649800e-05
77                                     7.1364376916124576e-05
78                                     3.2318923158854669e-05
79                                     6.6794071564090060e-06
80                                     4.1950752816600348e-05
81                                     2.5585827087789882e-06
82                                     8.4668651262284427e-05
83                                    -3.0093609340269090e-05
84                                     6.3396101432296970e-06
85                                     2.5958295763492227e-06
86                                    -8.5001028094719173e-06
87                                    -1.5873129306721189e-05
88                                    -1.3459318554987727e-04
89                                    -7.4756360125976336e-05
90                                    -2.9209349908667238e-05
91                                     1.0689512544754265e-04
92                                     4.4342722021316938e-05
93                                     4.2659234443464741e-04
94                                    -1.0818563773511960e-04
95                                    -3.9053004202568950e-05
   &Method [&Type "String"] "SCF"
   &Level [&Type "String"] "Relaxed density"
   &Mult [&Type "Integer"] 1
   &State [&Type "Integer"] 0
   &Irrep [&Type "Integer"] 0
$End
$Geometry
   &GeometryIndex 11
   &NAtoms [&Type "Integer"] 32
   &NCorelessECP [&Type "Integer"] 0
   &NGhostAtoms [&Type "Integer"] 0
   &CartesianCoordinates [&Type "Coordinates", &Dim(32,4), &Units "Bohr"] 
              O     -3.902973909883   -5.605977837876   -2.934079305437
              C     -3.024653411157   -3.605432683140   -2.004266163030
              C     -0.353066740740   -3.138457920994   -1.736008236731
              C      0.537107443589   -0.937589583197   -0.709620276242
              C      3.200757409080   -0.257698037863   -0.345811802834
              C      5.141288565147   -1.943434450848   -1.034870357234
              C      7.674873074675   -1.294927244001   -0.697989337748
              O      9.621203271342   -2.837928307724   -1.323109457517
              C      8.312001676376    1.071423438419    0.343158398536
              O     10.766486161939    1.693931867998    0.663551881085
              C      6.367719167850    2.748890912663    1.034763579953
              O      7.180806199529    4.976792263223    2.023460501728
              C      3.837228004671    2.104907663820    0.698805214094
              O     -1.066724484402    0.890730840162    0.093205468251
              C     -3.621894718968    0.627785451029   -0.084324904059
              C     -5.107437181060    2.611769380582    0.788345576808
              C     -7.744224925077    2.359683690895    0.615113737311
              O     -9.148358696707    4.301793669519    1.473500885406
              C     -8.865301503360    0.176488396034   -0.408383249945
              C     -7.345065885744   -1.797716755103   -1.274677891079
              O     -8.377419723716   -3.882814479645   -2.249688586628
              C     -4.664322748597   -1.590153182224   -1.119105577218
              H      0.949250676490   -4.594152271631   -2.379981319001
              H      4.717290606255   -3.791635473917   -1.844075284455
              H      8.970826070844   -4.401016174991   -2.022663740206
              H     10.833844470799    3.374599722049    1.405044838062
              H      5.765533283919    6.043541912173    2.485592816323
              H      2.372074327403    3.444480335394    1.248628714808
              H     -4.256966856177    4.310260868025    1.583727736682
              H    -10.932690544035    3.933619359929    1.266717746144
              H    -10.919323507778    0.011637259618   -0.530488705132
              H     -6.917865572509   -5.003591600991   -2.728594543608
$End
$SCF_Energy
   &GeometryIndex 11
   &Method [&Type "String"] "SCF"
   &totalEnergy [&Type "ArrayOfDoubles", &Dim (1,1)] "Total energy of each state"
                                                         0

0                                     -1.1028415304341763e+03
   &Mult [&Type "ArrayOfIntegers", &Dim (1,1)] "Multiplicity of each state"
                                                         0

0                                                        1
$End
$DFT_Energy
   &GeometryIndex 11
   &nAlphaEl [&Type "Integer"] 78
   &nBetaEl [&Type "Integer"] 78
   &nTotalEl [&Type "Integer"] 156
   &finalEn [&Type "Double"]      -1.1028415304341763e+03  "No Van der Waals correction"
   &eExchange [&Type "Double"]      -1.1050938879650327e+02
   &eCorr [&Type "Double"]      -6.4426241997060636e+00
   &eXC [&Type "Double"]      -1.1695201299620933e+02
   &eCNL [&Type "Double"]       0.0000000000000000e+00
$End
$Solvation_Details
   &GeometryIndex 11
   &Solvent [&Type "String"] "WATER"
   &Epsilon [&Type "Double"]       8.0150999999999996e+01
   &Refrac [&Type "Double"]       1.3328000000000000e+00
   &RSolv [&Type "Double"]       1.3000000000000000e+00
   &SurfaceType [&Type "String"] "GAUSSIAN VDW"
   &CPCMDielEnergy [&Type "Double"]      -3.6965837000000001e-02
   &NPoints [&Type "Integer"] 2852
   &SurfaceArea [&Type "Double"]       1.0968677398370000e+03
$End
$SCF_Timings
   &GeometryIndex 11
   &TOTAL [&Type "Double"]       1.2750300000000000e+02
   &PREP [&Type "Double"]       5.0400000000000000e-01
   &FOCK [&Type "Double"]       1.1909900000000000e+02
   &DENS [&Type "Double"]       1.1500000000003752e-01
   &ETOT [&Type "Double"]       1.0099999999997777e-01
   &TRAFO [&Type "Double"]       3.5000000000010800e-02
   &DIIS [&Type "Double"]       5.8999999999997499e-02
   &SOSCF [&Type "Double"]       3.5699999999998155e-01
   &XC [&Type "Double"]       1.1568999999999996e+01
   &FOCKSTART [&Type "Double"]       9.9999999999978995e-03
   &SOLV [&Type "Double"]       1.0460000000000001e+01
   &SOLV_INIT [&Type "Double"]       3.3399999999999996e-01
   &INT_BF [&Type "Double"]       4.3050000000003408e+00
   &INT_DENS [&Type "Double"]       2.4799999999998406e+00
   &INT_DENSIO [&Type "Double"]       1.3010929360000000e+06
   &INT_FUNC [&Type "Double"]       3.7899999999999423e-01
   &INT_POT [&Type "Double"]       3.8969999999998741e+00
   &INT_POTIO [&Type "Double"]       1.2000000000004718e-01
   &SPLITRIJ [&Type "Double"]       8.8740000000000165e+00
   &COSX [&Type "Double"]       9.5570999999999984e+01
$End
$VdW_Correction
   &GeometryIndex 11
   &vdW [&Type "Double"]      -7.1433056755567562e-02
$End
$Single_Point_Data
   &GeometryIndex 11
   &FinalEnergy [&Type "Double"]      -1.1029129634909318e+03  "Final single point energy"
   &Converged [&Type "Boolean"] true
$End
$SCF_Nuc_Gradient
   &GeometryIndex 11
   &NAtoms [&Type "Integer"] 32
   &gradNorm [&Type "Double"]       1.1320357040196837e-03
   &grad [&Type "ArrayOfDoubles", &Dim (96,1)] 
                                                         0

0                                     -2.2493538289682799e-04
1                                     -2.0943257736664533e-04
2                                     -7.3282462479919088e-06
3                                      2.7928146007191919e-04
4                                      4.3526239142655654e-04
5                                     -1.3711534552723989e-05
6                                     -2.5874723558868629e-04
7                                     -2.8121903023961808e-04
8                                     -7.5657909646803545e-05
9                                      1.1026856219622236e-04
10                                     1.5561067102599056e-04
11                                     9.9379787730030590e-05
12                                    -3.0795460407400136e-04
13                                    -1.9424593495833434e-06
14                                    -2.2881287644014856e-05
15                                    -4.7823550869575818e-05
16                                     1.1030899115318253e-04
17                                     9.4496774609626345e-05
18                                    -5.9808982403343524e-05
19                                    -8.8809277494373559e-05
20                                    -5.4342749897942844e-05
21                                    -3.0010448327358438e-05
22                                     1.3801222161462538e-05
23                                     5.2234235868069720e-05
24                                     5.9994122480499709e-05
25                                     5.8888688420639026e-05
26                                     5.3878952452423695e-05
27                                     5.0182794834260165e-05
28                                    -1.5128292033499835e-05
29                                    -6.3368417824970972e-05
30                                     1.0078963228891187e-05
31                                     7.4442420209575011e-05
32                                     2.5035450696193602e-05
33                                    -2.1266293493583043e-05
34                                     1.3889029391322115e-05
35                                    -7.2429156261935460e-05
36                                     1.3915528534683158e-04
37                                    -1.6236648943715896e-04
38                                    -6.7513988724274114e-05
39                                    -1.5070294184152878e-05
40                                    -4.5448902839863488e-05
41                                    -1.8929133535841531e-05
42                                     2.2916670291858618e-04
43                                    -1.1848181425802606e-04
44                                    -5.6614412263120171e-05
45                                    -8.5381828635073279e-05
46                                     1.1848973458847495e-04
47                                     3.5406255111207773e-05
48                                     1.5145217720006454e-04
49                                    -6.5696197896131573e-05
50                                    -2.7667783729878729e-05
51                                    -5.9350898646648421e-05
52                                     1.6041805829829534e-04
53                                     7.6534832177026815e-05
54                                    -9.4946090149504231e-06
55                                    -4.6005329391260298e-05
56                                    -2.3587254985601823e-05
57                                    -1.7922161097619696e-05
58                                    -2.8337183883569343e-04
59                                    -1.5659883838111660e-04
60                                    -1.5333428570536906e-04
61                                     1.0580882587433673e-04
62                                     6.5309215053481771e-05
63                                    -1.8738263031828836e-04
64                                     7.9419077257229890e-05
65                                     1.3873510936637665e-04
66                                     1.3685466060653559e-04
67                                     8.6616818375067825e-05
68                                     1.1615579265525984e-06
69                                     1.0556354466115689e-04
70                                    -4.8582611695946638e-05
71                                     3.5041591816869822e-06
72                                     1.3432504082905777e-05
73                                    -5.9498525410708544e-06
74                                    -1.6407037020847156e-05
75                                    -4.1902159562471708e-05
76                                    -3.0496596734556490e-06
77                                     4.6463705966167969e-05
78                                    -5.5670574932812500e-06
79                                    -9.0144480891437033e-06
80                                     3.7122048323627788e-05
81                                    -3.4511726846795844e-06
82                                     5.3586749857709832e-05
83                                    -1.9338607291020026e-06
84                                     2.2339892121919270e-07
85                                     1.8802447043922226e-06
86                                    -7.3995257711593045e-06
87                                     3.1358107731583305e-06
88                                    -7.8692323428051971e-05
89                                    -4.6805107390155819e-05
90                                    -1.8561701262736791e-05
91                                     7.8805139381874778e-05
92                                     3.1305267072220980e-05
93                                     2.5917541993380062e-04
94                                    -8.4036977061805438e-05
95                                    -2.7391098361984908e-05
   &Method [&Type "String"] "SCF"
   &Level [&Type "String"] "Relaxed density"
   &Mult [&Type "Integer"] 1
   &State [&Type "Integer"] 0
   &Irrep [&Type "Integer"] 0
$End
$Geometry
   &GeometryIndex 12
   &NAtoms [&Type "Integer"] 32
   &NCorelessECP [&Type "Integer"] 0
   &NGhostAtoms [&Type "Integer"] 0
   &CartesianCoordinates [&Type "Coordinates", &Dim(32,4), &Units "Bohr"] 
              O     -3.901729322441   -5.633633420106   -2.877029341247
              C     -3.025180542497   -3.624571987108   -1.965919872415
              C     -0.353026957900   -3.156681762654   -1.696133188472
              C      0.537547315898   -0.944591808259   -0.695778934566
              C      3.201871934667   -0.260903870177   -0.338486283599
              C      5.142730653786   -1.929550461009   -1.066047798743
              C      7.676633992793   -1.277366098131   -0.736392095497
              O      9.623977914384   -2.803386730624   -1.399143712983
              C      8.312069540588    1.075613978103    0.335273946468
              O     10.766412837848    1.703577372133    0.646291044127
              C      6.366525039623    2.735378409570    1.065885482649
              O      7.178696142418    4.950424902790    2.083964696948
              C      3.836072921491    2.088106741563    0.737551257564
              O     -1.066252470619    0.893891425263    0.084366886273
              C     -3.621492856660    0.630697197463   -0.093188234663
              C     -5.106329643547    2.624620259311    0.756747796425
              C     -7.743342096535    2.374996453733    0.581301087980
              O     -9.144832380165    4.328069581923    1.418060035647
              C     -8.864919118319    0.183400666277   -0.422914019727
              C     -7.344936376083   -1.800847485003   -1.265701743935
              O     -8.379994279881   -3.894080718549   -2.221074638655
              C     -4.664084605341   -1.596454054351   -1.108422134097
              H      0.945257009191   -4.626586441608   -2.315182869752
              H      4.718554867274   -3.763928676665   -1.905526504875
              H      8.973390858558   -4.359749774406   -2.113411784677
              H     10.833116167717    3.377456365779    1.403046303370
              H      5.762345047677    6.006470721345    2.567027367088
              H      2.369790853850    3.412384363767    1.319790949940
              H     -4.255282058790    4.330044542111    1.536542778140
              H    -10.929996406760    3.962543376233    1.214273811802
              H    -10.918677090258    0.018194588305   -0.547958913748
              H     -6.924916891965   -5.023726629632   -2.685933015685
$End
$SCF_Energy
   &GeometryIndex 12
   &Method [&Type "String"] "SCF"
   &totalEnergy [&Type "ArrayOfDoubles", &Dim (1,1)] "Total energy of each state"
                                                         0

0                                     -1.1028415420872032e+03
   &Mult [&Type "ArrayOfIntegers", &Dim (1,1)] "Multiplicity of each state"
                                                         0

0                                                        1
$End
$DFT_Energy
   &GeometryIndex 12
   &nAlphaEl [&Type "Integer"] 78
   &nBetaEl [&Type "Integer"] 78
   &nTotalEl [&Type "Integer"] 156
   &finalEn [&Type "Double"]      -1.1028415420872032e+03  "No Van der Waals correction"
   &eExchange [&Type "Double"]      -1.1050941102484987e+02
   &eCorr [&Type "Double"]      -6.4425923520664190e+00
   &eXC [&Type "Double"]      -1.1695200337691628e+02
   &eCNL [&Type "Double"]       0.0000000000000000e+00
$End
$Solvation_Details
   &GeometryIndex 12
   &Solvent [&Type "String"] "WATER"
   &Epsilon [&Type "Double"]       8.0150999999999996e+01
   &Refrac [&Type "Double"]       1.3328000000000000e+00
   &RSolv [&Type "Double"]       1.3000000000000000e+00
   &SurfaceType [&Type "String"] "GAUSSIAN VDW"
   &CPCMDielEnergy [&Type "Double"]      -3.6953499000000001e-02
   &NPoints [&Type "Integer"] 2850
   &SurfaceArea [&Type "Double"]       1.0978462214090000e+03
$End
$SCF_Timings
   &GeometryIndex 12
   &TOTAL [&Type "Double"]       1.3159700000000001e+02
   &PREP [&Type "Double"]       5.4600000000000004e-01
   &FOCK [&Type "Double"]       1.2239100000000001e+02
   &DENS [&Type "Double"]       2.6700000000002433e-01
   &ETOT [&Type "Double"]       1.0699999999997445e-01
   &TRAFO [&Type "Double"]       2.9400000000001825e-01
   &DIIS [&Type "Double"]       5.9799999999999187e-01
   &SOSCF [&Type "Double"]       2.0199999999999818e-01
   &XC [&Type "Double"]       1.3527000000000005e+01
   &FOCKSTART [&Type "Double"]       9.0000000000002300e-03
   &SOLV [&Type "Double"]       1.2157000000000021e+01
   &SOLV_INIT [&Type "Double"]       3.5100000000000003e-01
   &INT_BF [&Type "Double"]       4.8230000000001780e+00
   &INT_DENS [&Type "Double"]       2.9260000000000268e+00
   &INT_DENSIO [&Type "Double"]       1.3424345500000003e+06
   &INT_FUNC [&Type "Double"]       4.1600000000007853e-01
   &INT_POT [&Type "Double"]       4.7759999999997014e+00
   &INT_POTIO [&Type "Double"]       1.6699999999999449e-01
   &SPLITRIJ [&Type "Double"]       1.0427000000000001e+01
   &COSX [&Type "Double"]       9.3878999999999991e+01
$End
$VdW_Correction
   &GeometryIndex 12
   &vdW [&Type "Double"]      -7.1429612532965675e-02
$End
$Single_Point_Data
   &GeometryIndex 12
   &FinalEnergy [&Type "Double"]      -1.1029129716997361e+03  "Final single point energy"
   &Converged [&Type "Boolean"] true
$End
$SCF_Nuc_Gradient
   &GeometryIndex 12
   &NAtoms [&Type "Integer"] 32
   &gradNorm [&Type "Double"]       5.0854393138302797e-04
   &grad [&Type "ArrayOfDoubles", &Dim (96,1)] 
                                                         0

0                                      2.1208955202885252e-05
1                                     -3.8567460036554950e-05
2                                     -6.1147998269166714e-05
3                                     -2.2048059737627039e-05
4                                     -5.7812451989922237e-05
5                                      1.2973656801553462e-04
6                                      1.3767312443475538e-04
7                                      7.0831978534552310e-05
8                                     -6.7896692811900502e-05
9                                     -7.7592295243687976e-05
10                                     2.5697162016635393e-06
11                                     3.1278490793375187e-05
12                                     1.2349936829242380e-04
13                                     5.1454139952802913e-05
14                                     3.7875315557654509e-06
15                                    -2.1280620922883777e-04
16                                     5.2037909797589157e-06
17                                     4.9743660363292255e-05
18                                     4.4482091911017194e-05
19                                    -3.1618099602546664e-05
20                                    -5.5207164878202374e-05
21                                     1.7040304882120160e-05
22                                    -1.3412589835735185e-05
23                                     5.8500101894503860e-05
24                                     7.5106659055375672e-05
25                                    -4.4894660433855601e-05
26                                     2.9514068628317082e-05
27                                     2.4507582745285405e-05
28                                     7.7404890202995729e-06
29                                    -4.0193986551242391e-05
30                                    -1.1116176952269760e-04
31                                     3.5227592432162226e-05
32                                    -1.4454120309899827e-05
33                                     1.6104170528188365e-05
34                                     2.2139064949647507e-05
35                                    -3.0859329522399165e-05
36                                     1.8512520162122673e-05
37                                    -1.5743364414132850e-05
38                                    -1.1610288490457860e-05
39                                    -4.3386910417477376e-05
40                                    -2.1327181057952398e-05
41                                    -3.3454935437801921e-05
42                                     6.3590538564273940e-05
43                                     5.1470808596774289e-05
44                                     6.3003707271240387e-05
45                                    -1.2049803152579198e-05
46                                    -1.6447228156059367e-05
47                                    -1.4210473868299351e-05
48                                     2.0088716832455836e-05
49                                    -6.5201836344501061e-05
50                                    -3.5413740808369517e-05
51                                    -1.8789422142140755e-05
52                                     6.6945530899786485e-05
53                                     1.4330463007871281e-05
54                                    -5.4438307703445483e-06
55                                    -6.7231654288976765e-05
56                                    -3.4730144167190435e-05
57                                    -7.5219413441716260e-05
58                                    -3.3508199138602857e-05
59                                     3.5184903250748699e-06
60                                     5.3752682525836585e-05
61                                     6.8342811263295464e-05
62                                     3.2115971594060265e-05
63                                     1.2710646711074346e-05
64                                     2.4928824975722707e-05
65                                    -6.6457648990223911e-05
66                                    -1.1212330692137307e-04
67                                    -5.1569014798824066e-05
68                                     1.5141384857394091e-06
69                                     1.2401019691730692e-04
70                                     4.2871400057273702e-05
71                                     3.8642459697104954e-05
72                                    -8.8425249594847714e-06
73                                    -3.7116390486011651e-06
74                                    -1.1357637128131442e-05
75                                    -1.7449265956721003e-05
76                                     2.1181994963880151e-05
77                                    -3.8619536865903002e-06
78                                    -4.1276514418629617e-05
79                                    -3.2208762000517034e-05
80                                     1.7420493417858606e-05
81                                     2.8594092285630751e-05
82                                     7.9061789863396539e-06
83                                     2.2938962571851697e-05
84                                    -1.1340637190685957e-05
85                                     5.4890821565653112e-06
86                                    -5.1755375294876402e-06
87                                     7.0574202901044604e-06
88                                     2.2196351442484478e-06
89                                    -1.3760574678530027e-05
90                                    -1.3687820375841769e-06
91                                     3.2671196145808511e-05
92                                     1.0750802014109535e-05
93                                    -1.7040196382496242e-05
94                                    -2.5940126732573450e-05
95                                    -7.0036748329652522e-06
   &Method [&Type "String"] "SCF"
   &Level [&Type "String"] "Relaxed density"
   &Mult [&Type "Integer"] 1
   &State [&Type "Integer"] 0
   &Irrep [&Type "Integer"] 0
$End
$Geometry
   &GeometryIndex 13
   &NAtoms [&Type "Integer"] 32
   &NCorelessECP [&Type "Integer"] 0
   &NGhostAtoms [&Type "Integer"] 0
   &CartesianCoordinates [&Type "Coordinates", &Dim(32,4), &Units "Bohr"] 
              O     -3.901428925850   -5.637873840828   -2.866861861585
              C     -3.024967703652   -3.626551306889   -1.960796711960
              C     -0.352899687522   -3.157872741382   -1.691994602456
              C      0.537574864862   -0.943269204978   -0.697274723251
              C      3.201794238443   -0.259259236406   -0.341017234934
              C      5.142464421845   -1.926001285651   -1.073625022377
              C      7.676339868228   -1.274996537007   -0.742041161742
              O      9.623583151103   -2.799113812883   -1.409439168797
              C      8.311963056786    1.074854990273    0.336337593702
              O     10.766361396894    1.700779437207    0.650735541721
              C      6.366778938587    2.733329788042    1.070545815240
              O      7.179558887813    4.945741602956    2.093937347676
              C      3.836166908085    2.087428472705    0.740102541351
              O     -1.066322144790    0.896753849939    0.079126292966
              C     -3.621629540816    0.632591982391   -0.097009124544
              C     -5.106586258510    2.627803660006    0.749696094266
              C     -7.743659018238    2.376950520046    0.576395616142
              O     -9.145354680525    4.330944420195    1.410333691590
              C     -8.864996374496    0.183037941228   -0.422953411806
              C     -7.344834849796   -1.802418380620   -1.262539767580
              O     -8.379835455025   -3.898018822616   -2.213005792808
              C     -4.663993723929   -1.597016432640   -1.106990613711
              H      0.945759365977   -4.629209156035   -2.306969273948
              H      4.717552983717   -3.757904110785   -1.918451426832
              H      8.972899660830   -4.353801130789   -2.127204034711
              H     10.833578511976    3.372557756451    1.412026381882
              H      5.763724375243    6.002224262904    2.577468804713
              H      2.369900888779    3.410369585466    1.325464455985
              H     -4.255587143373    4.334985535154    1.525684782644
              H    -10.930546863130    3.964337675118    1.208724857415
              H    -10.918746748961    0.016627804979   -0.546560615057
              H     -6.924612400556   -5.028202258164   -2.675966912106
$End
$SCF_Energy
   &GeometryIndex 13
   &Method [&Type "String"] "SCF"
   &totalEnergy [&Type "ArrayOfDoubles", &Dim (1,1)] "Total energy of each state"
                                                         0

0                                     -1.1028415383435670e+03
   &Mult [&Type "ArrayOfIntegers", &Dim (1,1)] "Multiplicity of each state"
                                                         0

0                                                        1
$End
$DFT_Energy
   &GeometryIndex 13
   &nAlphaEl [&Type "Integer"] 78
   &nBetaEl [&Type "Integer"] 78
   &nTotalEl [&Type "Integer"] 156
   &finalEn [&Type "Double"]      -1.1028415383435670e+03  "No Van der Waals correction"
   &eExchange [&Type "Double"]      -1.1050947858157289e+02
   &eCorr [&Type "Double"]      -6.4425983577000530e+00
   &eXC [&Type "Double"]      -1.1695207693927294e+02
   &eCNL [&Type "Double"]       0.0000000000000000e+00
$End
$Solvation_Details
   &GeometryIndex 13
   &Solvent [&Type "String"] "WATER"
   &Epsilon [&Type "Double"]       8.0150999999999996e+01
   &Refrac [&Type "Double"]       1.3328000000000000e+00
   &RSolv [&Type "Double"]       1.3000000000000000e+00
   &SurfaceType [&Type "String"] "GAUSSIAN VDW"
   &CPCMDielEnergy [&Type "Double"]      -3.6954854000000002e-02
   &NPoints [&Type "Integer"] 2854
   &SurfaceArea [&Type "Double"]       1.0978838793350001e+03
$End
$SCF_Timings
   &GeometryIndex 13
   &TOTAL [&Type "Double"]       1.0965600000000001e+02
   &PREP [&Type "Double"]       5.1700000000000002e-01
   &FOCK [&Type "Double"]       1.0073700000000001e+02
   &DENS [&Type "Double"]       8.0999999999988859e-02
   &ETOT [&Type "Double"]       6.2000000000011823e-02
   &TRAFO [&Type "Double"]       4.3999999999996930e-02
   &DIIS [&Type "Double"]       5.8999999999997499e-02
   &SOSCF [&Type "Double"]       2.4699999999998568e-01
   &XC [&Type "Double"]       9.3640000000000079e+00
   &FOCKSTART [&Type "Double"]       7.9999999999931237e-03
   &SOLV [&Type "Double"]       8.0549999999999926e+00
   &SOLV_INIT [&Type "Double"]       3.4100000000000003e-01
   &INT_BF [&Type "Double"]       3.2319999999998572e+00
   &INT_DENS [&Type "Double"]       2.0569999999997783e+00
   &INT_DENSIO [&Type "Double"]       8.0931370099999907e+05
   &INT_FUNC [&Type "Double"]       2.9200000000010817e-01
   &INT_POT [&Type "Double"]       3.3580000000002670e+00
   &INT_POTIO [&Type "Double"]       1.1999999999994770e-01
   &SPLITRIJ [&Type "Double"]       6.8700000000000054e+00
   &COSX [&Type "Double"]       8.4574000000000012e+01
$End
$VdW_Correction
   &GeometryIndex 13
   &vdW [&Type "Double"]      -7.1430216118036072e-02
$End
$Single_Point_Data
   &GeometryIndex 13
   &FinalEnergy [&Type "Double"]      -1.1029129685596849e+03  "Final single point energy"
   &Converged [&Type "Boolean"] true
$End
$SCF_Nuc_Gradient
   &GeometryIndex 13
   &NAtoms [&Type "Integer"] 32
   &gradNorm [&Type "Double"]       3.4440003920991632e-04
   &grad [&Type "ArrayOfDoubles", &Dim (96,1)] 
                                                         0

0                                      2.9851354500410400e-05
1                                     -1.9789039180934088e-05
2                                     -2.7599826746420894e-05
3                                     -3.0616660076976780e-05
4                                     -3.9608179082348672e-05
5                                      6.9877622570221377e-05
6                                      1.2108860762023927e-04
7                                      8.1477957961195171e-05
8                                     -6.3315433112393050e-06
9                                     -2.8687967319520225e-05
10                                    -6.8928053746092078e-06
11                                    -4.7350545131740359e-06
12                                     7.4238081749460137e-05
13                                     1.5915337302155620e-05
14                                     1.0118239284055576e-05
15                                    -1.5445300312370679e-04
16                                     3.0308262783136568e-05
17                                     2.7183892790918045e-05
18                                     2.8442403449539398e-05
19                                    -1.3394554951218240e-05
20                                    -2.8531312218783909e-05
21                                     4.4779323754996336e-06
22                                    -1.9057783962654509e-05
23                                     4.1761999861608245e-05
24                                     4.9157799968527866e-05
25                                    -2.1698961678083922e-05
26                                    -1.2746681167605532e-06
27                                     4.6281839565064510e-06
28                                     8.3960304499239465e-06
29                                    -1.1472679247710461e-05
30                                    -6.3190327416862390e-05
31                                    -3.7997452648113120e-06
32                                     1.1300992783139826e-05
33                                     1.3438719029986324e-05
34                                     3.7033751161845354e-05
35                                    -2.9018985234856710e-05
36                                    -4.4670590929498765e-06
37                                    -3.5625050021206644e-07
38                                    -2.2611245458883272e-05
39                                    -4.0160774354864296e-05
40                                    -3.0395187518567903e-05
41                                    -7.4457732292206090e-06
42                                     3.0796964438957307e-05
43                                     4.9864208317381319e-05
44                                     2.1860422052700003e-05
45                                    -1.1357296425776211e-07
46                                    -1.5022752665015389e-05
47                                    -1.2024804634726651e-05
48                                    -2.9254706996541160e-06
49                                    -3.7424334917833389e-05
50                                    -1.8555451015524042e-05
51                                    -4.9424550106801426e-06
52                                     2.3764896949463607e-05
53                                    -3.5060929800498374e-06
54                                    -1.1357194242888409e-06
55                                    -4.2934437622852513e-05
56                                    -2.2867454285698638e-05
57                                    -5.0310812660783147e-05
58                                     1.1276286840928537e-06
59                                     1.0247197590582498e-05
60                                     4.3631920325181545e-05
61                                     3.0052685868133748e-05
62                                     1.7190562613510999e-05
63                                     2.3340368595083278e-05
64                                    -3.2039595160141313e-06
65                                    -3.6918841116332821e-05
66                                    -8.8128192904776863e-05
67                                    -5.4967118975457799e-05
68                                     1.9064411181250783e-07
69                                     8.5582603706426736e-05
70                                     6.4946572077896093e-06
71                                     1.7358227281350430e-05
72                                    -1.5026989351884666e-06
73                                     3.8289219822130874e-06
74                                    -6.6579241773373200e-06
75                                    -4.8282264785122291e-06
76                                     9.8483827259376302e-06
77                                    -8.6107661136752259e-07
78                                    -2.3649766738225675e-05
79                                    -2.2027242468650773e-05
80                                     1.0571310454540511e-05
81                                     2.0666397282473237e-05
82                                     1.2149420016947744e-05
83                                     1.5522443128614577e-05
84                                    -1.0811971625228176e-05
85                                     5.8671665614422135e-06
86                                    -6.6789618153885162e-06
87                                     3.0179965840115104e-06
88                                     6.5664798931805641e-06
89                                    -1.1930073082789172e-05
90                                    -6.7609567818886036e-07
91                                     2.2125996728618704e-05
92                                     6.1395669275984860e-06
93                                    -2.1758437080910315e-05
94                                    -1.4249460555273313e-05
95                                    -3.0134804249561716e-07
   &Method [&Type "String"] "SCF"
   &Level [&Type "String"] "Relaxed density"
   &Mult [&Type "Integer"] 1
   &State [&Type "Integer"] 0
   &Irrep [&Type "Integer"] 0
$End
$Geometry
   &GeometryIndex 14
   &NAtoms [&Type "Integer"] 32
   &NCorelessECP [&Type "Integer"] 0
   &NGhostAtoms [&Type "Integer"] 0
   &CartesianCoordinates [&Type "Coordinates", &Dim(32,4), &Units "Bohr"] 
              O     -3.901248103025   -5.635608880681   -2.870999394066
              C     -3.024605093331   -3.624421702768   -1.964814888728
              C     -0.352696665230   -3.155231486419   -1.696739222342
              C      0.537532104368   -0.940880556195   -0.701181115052
              C      3.201626280851   -0.257354222197   -0.344450145951
              C      5.142043815941   -1.926287317006   -1.073222604676
              C      7.675789663405   -1.276929604078   -0.738413300233
              O      9.622937619738   -2.802725780175   -1.402207458241
              C      8.311636720248    1.073236320479    0.339150532603
              O     10.766097066973    1.696420265227    0.658211060807
              C      6.367029881090    2.734537330119    1.067996914011
              O      7.180671702085    4.947392562858    2.089757242929
              C      3.836267746590    2.090422803985    0.734292435167
              O     -1.066409302586    0.898451630626    0.076765362569
              C     -3.621824921341    0.633403423459   -0.098173276790
              C     -5.106968459880    2.627582266735    0.750735125502
              C     -7.744090133040    2.375418429698    0.579631170945
              O     -9.146372549183    4.327767542598    1.416097039434
              C     -8.865028580005    0.181448372053   -0.420034234533
              C     -7.344631767222   -1.802809987581   -1.262068376167
              O     -8.379344266458   -3.898464175076   -2.212957659554
              C     -4.663825072868   -1.596245150758   -1.108264384066
              H      0.947362893496   -4.624659447520   -2.313486567740
              H      4.715874560855   -3.758814725689   -1.916393631502
              H      8.972292092256   -4.358057463529   -2.118546283304
              H     10.833972891775    3.368442177878    1.418843263274
              H      5.765701958190    6.007599227957    2.567517192649
              H      2.369971832440    3.415286798551    1.315292414320
              H     -4.255999175377    4.334633022165    1.527039050868
              H    -10.931495362847    3.959938699758    1.216009017768
              H    -10.918778755519    0.013761483664   -0.542077752758
              H     -6.923490622390   -5.027440830752   -2.677429170053
$End
$SCF_Mulliken_Population_Analysis
   &GeometryIndex 14
   &NAtoms [&Type "Integer"] 32
   &ATNO [&Type "ArrayOfIntegers", &Dim (32,1)] 
                                                         0

0                                                        8
1                                                        6
2                                                        6
3                                                        6
4                                                        6
5                                                        6
6                                                        6
7                                                        8
8                                                        6
9                                                        8
10                                                       6
11                                                       8
12                                                       6
13                                                       8
14                                                       6
15                                                       6
16                                                       6
17                                                       8
18                                                       6
19                                                       6
20                                                       8
21                                                       6
22                                                       1
23                                                       1
24                                                       1
25                                                       1
26                                                       1
27                                                       1
28                                                       1
29                                                       1
30                                                       1
31                                                       1
   &AtomicCharges [&Type "ArrayOfDoubles", &Dim (32,1)] 
                                                         0

0                                     -3.4681466809466777e-01
1                                      2.1180341874624364e-01
2                                     -1.5086482620985553e-01
3                                      2.2781053856343902e-01
4                                      7.0926192467184457e-02
5                                     -1.2163141419079526e-01
6                                      1.1492316424933158e-01
7                                     -2.0756435186223854e-01
8                                      4.3655232875314809e-02
9                                     -1.8539696985662601e-01
10                                     1.3552939348941351e-01
11                                    -2.2823825096730310e-01
12                                    -1.1541753455278325e-01
13                                    -2.3581979752385784e-01
14                                     2.1296297640913853e-01
15                                    -1.2777523900706456e-01
16                                     1.9557784843612680e-01
17                                    -1.9747619183379328e-01
18                                    -1.2991328488377274e-01
19                                     1.1125499284832863e-01
20                                    -2.1099157674167834e-01
21                                    -9.5244574205839427e-02
22                                     2.8387206343727378e-03
23                                    -5.7170007147735458e-03
24                                     2.1832554798249293e-01
25                                     2.0734633710150474e-01
26                                     2.2562154353530250e-01
27                                    -8.0757828598232440e-03
28                                    -1.3401266767041342e-02
29                                     2.2020410940820168e-01
30                                    -1.3407665797188884e-02
31                                     1.9497037932270866e-01
   &Method [&Type "String"] "SCF"
   &Level [&Type "String"] "Relaxed density"
   &Mult [&Type "Integer"] 1
   &State [&Type "Integer"] -1
   &Irrep [&Type "Integer"] 0
$End
$SCF_Loewdin_Population_Analysis
   &GeometryIndex 14
   &NAtoms [&Type "Integer"] 32
   &ATNO [&Type "ArrayOfIntegers", &Dim (32,1)] 
                                                         0

0                                                        8
1                                                        6
2                                                        6
3                                                        6
4                                                        6
5                                                        6
6                                                        6
7                                                        8
8                                                        6
9                                                        8
10                                                       6
11                                                       8
12                                                       6
13                                                       8
14                                                       6
15                                                       6
16                                                       6
17                                                       8
18                                                       6
19                                                       6
20                                                       8
21                                                       6
22                                                       1
23                                                       1
24                                                       1
25                                                       1
26                                                       1
27                                                       1
28                                                       1
29                                                       1
30                                                       1
31                                                       1
   &AtomicCharges [&Type "ArrayOfDoubles", &Dim (32,1)] 
                                                         0

0                                     -2.5695175884481891e-01
1                                      7.0365862569901516e-02
2                                     -1.0555463650369301e-01
3                                      1.0703468327182808e-01
4                                     -5.7108147729293179e-02
5                                     -6.6547525352198988e-02
6                                      2.5324439931832643e-02
7                                     -6.0240443586573988e-02
8                                      6.1238676438453155e-03
9                                     -5.1782925389749934e-02
10                                     1.8017162177444312e-02
11                                    -6.1370781275545738e-02
12                                    -6.7421646264136825e-02
13                                    -1.0057082501582215e-03
14                                     8.5305234128957963e-02
15                                    -1.1015012639609800e-01
16                                     7.7913041317780873e-02
17                                    -4.2668033576447328e-02
18                                    -1.2047074282886783e-01
19                                     8.1209071712615710e-02
20                                    -6.5038903824431671e-02
21                                    -1.4167620852979645e-01
22                                     4.5651484613309812e-02
23                                     4.2158099457691778e-02
24                                     1.1755981139901839e-01
25                                     1.0538491839948361e-01
26                                     1.2349251103883407e-01
27                                     3.8521675568898628e-02
28                                     4.3603557365990753e-02
29                                     1.2119104125211988e-01
30                                     4.2546817848700957e-02
31                                     5.6584308653575333e-02
   &Method [&Type "String"] "SCF"
   &Level [&Type "String"] "Relaxed density"
   &Mult [&Type "Integer"] 1
   &State [&Type "Integer"] -1
   &Irrep [&Type "Integer"] 0
$End
$SCF_Mayer_Population_Analysis
   &GeometryIndex 14
   &NAtoms [&Type "Integer"] 32 "Total number of atoms"
   &NBondOrdersPrint [&Type "Integer"] 35 "The number of bond orders larger than threshold"
   &bondThresh [&Type "Double"]       1.0000000000000001e-01  "The threshold for printing"
   &components [&Type "ArrayOfIntegers", &Dim (35,4)] "The indices and atomic numbers of the bonding atoms"
                                                         0                           1                           2                           3

0                                                        0                           8                           1                           6
1                                                        0                           8                          31                           1
2                                                        1                           6                           2                           6
3                                                        1                           6                          21                           6
4                                                        2                           6                           3                           6
5                                                        2                           6                          22                           1
6                                                        3                           6                           4                           6
7                                                        3                           6                          13                           8
8                                                        4                           6                           5                           6
9                                                        4                           6                          12                           6
10                                                       5                           6                           6                           6
11                                                       5                           6                          23                           1
12                                                       6                           6                           7                           8
13                                                       6                           6                           8                           6
14                                                       7                           8                          24                           1
15                                                       8                           6                           9                           8
16                                                       8                           6                          10                           6
17                                                       9                           8                          25                           1
18                                                      10                           6                          11                           8
19                                                      10                           6                          12                           6
20                                                      11                           8                          26                           1
21                                                      12                           6                          27                           1
22                                                      13                           8                          14                           6
23                                                      14                           6                          15                           6
24                                                      14                           6                          21                           6
25                                                      15                           6                          16                           6
26                                                      15                           6                          28                           1
27                                                      16                           6                          17                           8
28                                                      16                           6                          18                           6
29                                                      17                           8                          29                           1
30                                                      18                           6                          19                           6
31                                                      18                           6                          30                           1
32                                                      19                           6                          20                           8
33                                                      19                           6                          21                           6
34                                                      20                           8                          31                           1
   &BondOrders [&Type "ArrayOfDoubles", &Dim (35,1)] "The bond orders"
                                                         0

0                                      1.8143733330307861e+00
1                                      2.0209163307978298e-01
2                                      1.1230881572171865e+00
3                                      1.0538118909353293e+00
4                                      1.5061531894287545e+00
5                                      9.6934836983371786e-01
6                                      1.0456036776646234e+00
7                                      1.1414682968910210e+00
8                                      1.2932726463304989e+00
9                                      1.2523609125226367e+00
10                                     1.3496288599478545e+00
11                                     9.9865812209354710e-01
12                                     1.2305291273308592e+00
13                                     1.3354555476842986e+00
14                                     9.3928618368548444e-01
15                                     1.3059710888005018e+00
16                                     1.3051074411949590e+00
17                                     9.2722852585843074e-01
18                                     1.1825484990092332e+00
19                                     1.3021571579163411e+00
20                                     9.3422770974227498e-01
21                                     1.0116005940044861e+00
22                                     1.0625882622307092e+00
23                                     1.3362758422989887e+00
24                                     1.2673418337655862e+00
25                                     1.2711542965488143e+00
26                                     1.0168896340592075e+00
27                                     1.2222752540072819e+00
28                                     1.2636750702756498e+00
29                                     9.4301360613839014e-01
30                                     1.3413221156456747e+00
31                                     1.0028915698228265e+00
32                                     1.3401587071046430e+00
33                                     1.1916675274669866e+00
34                                     8.4783214046795974e-01
   &ATNO [&Type "ArrayOfIntegers", &Dim (32,1)] "Atomic number of the elements"
                                                         0

0                                                        8
1                                                        6
2                                                        6
3                                                        6
4                                                        6
5                                                        6
6                                                        6
7                                                        8
8                                                        6
9                                                        8
10                                                       6
11                                                       8
12                                                       6
13                                                       8
14                                                       6
15                                                       6
16                                                       6
17                                                       8
18                                                       6
19                                                       6
20                                                       8
21                                                       6
22                                                       1
23                                                       1
24                                                       1
25                                                       1
26                                                       1
27                                                       1
28                                                       1
29                                                       1
30                                                       1
31                                                       1
   &NA [&Type "ArrayOfDoubles", &Dim (32,1)] "Mulliken gross atomic population"
                                                         0

0                                      8.3468146680946909e+00
1                                      5.7881965812537537e+00
2                                      6.1508648262098582e+00
3                                      5.7721894614365548e+00
4                                      5.9290738075328058e+00
5                                      6.1216314141908077e+00
6                                      5.8850768357506649e+00
7                                      8.2075643518622101e+00
8                                      5.9563447671247003e+00
9                                      8.1853969698565940e+00
10                                     5.8644706065105936e+00
11                                     8.2282382509672836e+00
12                                     6.1154175345527824e+00
13                                     8.2358197975238543e+00
14                                     5.7870370235908570e+00
15                                     6.1277752390070575e+00
16                                     5.8044221515638794e+00
17                                     8.1974761918337595e+00
18                                     6.1299132848837559e+00
19                                     5.8887450071516758e+00
20                                     8.2109915767416961e+00
21                                     6.0952445742058403e+00
22                                     9.9716127936562760e-01
23                                     1.0057170007147742e+00
24                                     7.8167445201750918e-01
25                                     7.9265366289849426e-01
26                                     7.7437845646469772e-01
27                                     1.0080757828598237e+00
28                                     1.0134012667670396e+00
29                                     7.7979589059179777e-01
30                                     1.0134076657971871e+00
31                                     8.0502962067728989e-01
   &ZA [&Type "ArrayOfDoubles", &Dim (32,1)] "Total nuclear charge"
                                                         0

0                                      8.0000000000000000e+00
1                                      6.0000000000000000e+00
2                                      6.0000000000000000e+00
3                                      6.0000000000000000e+00
4                                      6.0000000000000000e+00
5                                      6.0000000000000000e+00
6                                      6.0000000000000000e+00
7                                      8.0000000000000000e+00
8                                      6.0000000000000000e+00
9                                      8.0000000000000000e+00
10                                     6.0000000000000000e+00
11                                     8.0000000000000000e+00
12                                     6.0000000000000000e+00
13                                     8.0000000000000000e+00
14                                     6.0000000000000000e+00
15                                     6.0000000000000000e+00
16                                     6.0000000000000000e+00
17                                     8.0000000000000000e+00
18                                     6.0000000000000000e+00
19                                     6.0000000000000000e+00
20                                     8.0000000000000000e+00
21                                     6.0000000000000000e+00
22                                     1.0000000000000000e+00
23                                     1.0000000000000000e+00
24                                     1.0000000000000000e+00
25                                     1.0000000000000000e+00
26                                     1.0000000000000000e+00
27                                     1.0000000000000000e+00
28                                     1.0000000000000000e+00
29                                     1.0000000000000000e+00
30                                     1.0000000000000000e+00
31                                     1.0000000000000000e+00
   &QA [&Type "ArrayOfDoubles", &Dim (32,1)] "Mulliken gross atomic charge"
                                                         0

0                                     -3.4681466809469086e-01
1                                      2.1180341874624631e-01
2                                     -1.5086482620985819e-01
3                                      2.2781053856344524e-01
4                                      7.0926192467194227e-02
5                                     -1.2163141419080770e-01
6                                      1.1492316424933513e-01
7                                     -2.0756435186221012e-01
8                                      4.3655232875299710e-02
9                                     -1.8539696985659404e-01
10                                     1.3552939348940640e-01
11                                    -2.2823825096728356e-01
12                                    -1.1541753455278236e-01
13                                    -2.3581979752385429e-01
14                                     2.1296297640914297e-01
15                                    -1.2777523900705745e-01
16                                     1.9557784843612058e-01
17                                    -1.9747619183375953e-01
18                                    -1.2991328488375586e-01
19                                     1.1125499284832419e-01
20                                    -2.1099157674169611e-01
21                                    -9.5244574205840316e-02
22                                     2.8387206343724047e-03
23                                    -5.7170007147742119e-03
24                                     2.1832554798249082e-01
25                                     2.0734633710150574e-01
26                                     2.2562154353530228e-01
27                                    -8.0757828598236880e-03
28                                    -1.3401266767039566e-02
29                                     2.2020410940820223e-01
30                                    -1.3407665797187107e-02
31                                     1.9497037932271011e-01
   &VA [&Type "ArrayOfDoubles", &Dim (32,1)] "Mayer's total valence"
                                                         0

0                                      2.1995047244851520e+00
1                                      4.0909844713206631e+00
2                                      3.7187016968393327e+00
3                                      3.8010431941163252e+00
4                                      3.6487959531132539e+00
5                                      3.7514263445955951e+00
6                                      4.0673043455253275e+00
7                                      2.2392895812274709e+00
8                                      4.0646586220329528e+00
9                                      2.2972665704912485e+00
10                                     3.9186019298432204e+00
11                                     2.2386892210144431e+00
12                                     3.6858812827551533e+00
13                                     2.3302315429967790e+00
14                                     3.8522868096728420e+00
15                                     3.7206815170118124e+00
16                                     3.9120297476033321e+00
17                                     2.2704375086145694e+00
18                                     3.6998475521653393e+00
19                                     4.0821554528060409e+00
20                                     2.3004552751055272e+00
21                                     3.5442584599094897e+00
22                                     1.0095685658809108e+00
23                                     1.0004255375887605e+00
24                                     9.8845953927131813e-01
25                                     1.0179622624567475e+00
26                                     9.8436192684079626e-01
27                                     1.0162952016596221e+00
28                                     1.0072427222519906e+00
29                                     9.8735473965351506e-01
30                                     1.0070954900211564e+00
31                                     1.0872672773602901e+00
   &BVA [&Type "ArrayOfDoubles", &Dim (32,1)] "Mayer's bonded valence"
                                                         0

0                                      2.1995047244851400e+00
1                                      4.0909844713206658e+00
2                                      3.7187016968393829e+00
3                                      3.8010431941163891e+00
4                                      3.6487959531132370e+00
5                                      3.7514263445955121e+00
6                                      4.0673043455253328e+00
7                                      2.2392895812274971e+00
8                                      4.0646586220329093e+00
9                                      2.2972665704913089e+00
10                                     3.9186019298431871e+00
11                                     2.2386892210144724e+00
12                                     3.6858812827552216e+00
13                                     2.3302315429968119e+00
14                                     3.8522868096727869e+00
15                                     3.7206815170119323e+00
16                                     3.9120297476033055e+00
17                                     2.2704375086146467e+00
18                                     3.6998475521653860e+00
19                                     4.0821554528059636e+00
20                                     2.3004552751055258e+00
21                                     3.5442584599094209e+00
22                                     1.0095685658809177e+00
23                                     1.0004255375887570e+00
24                                     9.8845953927130914e-01
25                                     1.0179622624567404e+00
26                                     9.8436192684079338e-01
27                                     1.0162952016596238e+00
28                                     1.0072427222520235e+00
29                                     9.8735473965351483e-01
30                                     1.0070954900211608e+00
31                                     1.0872672773602936e+00
   &FA [&Type "ArrayOfDoubles", &Dim (32,1)] "Mayer's free valence"
                                                         0

0                                      0.0000000000000000e+00
1                                      0.0000000000000000e+00
2                                      0.0000000000000000e+00
3                                      0.0000000000000000e+00
4                                      0.0000000000000000e+00
5                                      0.0000000000000000e+00
6                                      0.0000000000000000e+00
7                                      0.0000000000000000e+00
8                                      0.0000000000000000e+00
9                                      0.0000000000000000e+00
10                                     0.0000000000000000e+00
11                                     0.0000000000000000e+00
12                                     0.0000000000000000e+00
13                                     0.0000000000000000e+00
14                                     0.0000000000000000e+00
15                                     0.0000000000000000e+00
16                                     0.0000000000000000e+00
17                                     0.0000000000000000e+00
18                                     0.0000000000000000e+00
19                                     0.0000000000000000e+00
20                                     0.0000000000000000e+00
21                                     0.0000000000000000e+00
22                                     0.0000000000000000e+00
23                                     0.0000000000000000e+00
24                                     0.0000000000000000e+00
25                                     0.0000000000000000e+00
26                                     0.0000000000000000e+00
27                                     0.0000000000000000e+00
28                                     0.0000000000000000e+00
29                                     0.0000000000000000e+00
30                                     0.0000000000000000e+00
31                                     0.0000000000000000e+00
   &Method [&Type "String"] "SCF"
   &Level [&Type "String"] "Relaxed density"
   &Mult [&Type "Integer"] 1
   &State [&Type "Integer"] -1
   &Irrep [&Type "Integer"] 0
$End
$SCF_Energy
   &GeometryIndex 14
   &Method [&Type "String"] "SCF"
   &totalEnergy [&Type "ArrayOfDoubles", &Dim (1,1)] "Total energy of each state"
                                                         0

0                                     -1.1028415251608337e+03
   &Mult [&Type "ArrayOfIntegers", &Dim (1,1)] "Multiplicity of each state"
                                                         0

0                                                        1
$End
$DFT_Energy
   &GeometryIndex 14
   &nAlphaEl [&Type "Integer"] 78
   &nBetaEl [&Type "Integer"] 78
   &nTotalEl [&Type "Integer"] 156
   &finalEn [&Type "Double"]      -1.1028415251608337e+03  "No Van der Waals correction"
   &eExchange [&Type "Double"]      -1.1050953560155237e+02
   &eCorr [&Type "Double"]      -6.4426093567192781e+00
   &eXC [&Type "Double"]      -1.1695214495827165e+02
   &eCNL [&Type "Double"]       0.0000000000000000e+00
$End
$Solvation_Details
   &GeometryIndex 14
   &Solvent [&Type "String"] "WATER"
   &Epsilon [&Type "Double"]       8.0150999999999996e+01
   &Refrac [&Type "Double"]       1.3328000000000000e+00
   &RSolv [&Type "Double"]       1.3000000000000000e+00
   &SurfaceType [&Type "String"] "GAUSSIAN VDW"
   &CPCMDielEnergy [&Type "Double"]      -3.6956674000000002e-02
   &NPoints [&Type "Integer"] 2853
   &SurfaceArea [&Type "Double"]       1.0976897592160001e+03
$End
$SCF_Timings
   &GeometryIndex 14
   &TOTAL [&Type "Double"]       9.9691000000000003e+01
   &PREP [&Type "Double"]       5.2700000000000002e-01
   &FOCK [&Type "Double"]       9.0588999999999999e+01
   &DENS [&Type "Double"]       9.9000000000003752e-02
   &ETOT [&Type "Double"]       5.2999999999990166e-02
   &POP [&Type "Double"]       1.0999999999999943e-01
   &TRAFO [&Type "Double"]       3.4999999999996589e-02
   &DIIS [&Type "Double"]       5.7999999999999829e-02
   &SOSCF [&Type "Double"]       1.8900000000000006e-01
   &XC [&Type "Double"]       7.9640000000000022e+00
   &FOCKSTART [&Type "Double"]       6.0000000000084430e-03
   &SOLV [&Type "Double"]       6.8470000000000013e+00
   &SOLV_INIT [&Type "Double"]       3.4400000000000003e-01
   &INT_BF [&Type "Double"]       2.6929999999998664e+00
   &INT_DENS [&Type "Double"]       1.7329999999999650e+00
   &INT_DENSIO [&Type "Double"]       6.0037081799999927e+05
   &INT_FUNC [&Type "Double"]       2.2400000000001441e-01
   &INT_POT [&Type "Double"]       2.9700000000000770e+00
   &INT_POTIO [&Type "Double"]       1.0900000000004795e-01
   &SPLITRIJ [&Type "Double"]       5.8110000000000026e+00
   &COSX [&Type "Double"]       7.8359000000000023e+01
$End
$VdW_Correction
   &GeometryIndex 14
   &vdW [&Type "Double"]      -7.1431685252750371e-02
$End
$Single_Point_Data
   &GeometryIndex 14
   &FinalEnergy [&Type "Double"]      -1.1029129568460864e+03  "Final single point energy"
   &Converged [&Type "Boolean"] true
$End
$SCF_Dipole_Moment
   &GeometryIndex 14
   &dipoleMagnitude [&Type "Double", &Units "a.u."]       2.2376259726656187e+00
   &dipoleElecContrib [&Type "ArrayOfDoubles", &Dim (3,1)] "Electronic contribution"
                                                         0

0                                      2.2233151580889368e-01
1                                     -2.7264234432568796e-01
2                                     -1.1626779142146910e-01
   &dipoleNucContrib [&Type "ArrayOfDoubles", &Dim (3,1)] "Nuclear contribution"
                                                         0

0                                      9.4336494226876511e-02
1                                      2.2894802297545516e+00
2                                      1.0322679600167435e+00
   &dipoleTotal [&Type "ArrayOfDoubles", &Dim (3,1)] "Total"
                                                         0

0                                      3.1666801003577016e-01
1                                      2.0168378854288638e+00
2                                      9.1600016859527433e-01
   &doAtomicDipole [&Type "Boolean"] false
   &Method [&Type "String"] "SCF"
   &Level [&Type "String"] "Relaxed density"
   &Mult [&Type "Integer"] 1
   &State [&Type "Integer"] -1
   &Irrep [&Type "Integer"] 0
$End
$THERMOCHEMISTRY_Energies
   &GeometryIndex 14
   &temperature [&Type "Double"]       2.9814999999999998e+02
   &pressure [&Type "Double"]       1.0000000000000000e+00
   &totalMass [&Type "Double"]       3.0223800000000000e+02
   &spinDegeneracy [&Type "Integer"] 1
   &elEnergy [&Type "Double"]      -1.1029129568460864e+03
   &transEnergy [&Type "Double"]       1.4162714244859817e-03
   &rotEnergy [&Type "Double"]       1.4162714244859817e-03
   &vibEnergy [&Type "Double"]       1.5059205331375270e-02
   &numOfFreqs [&Type "Integer"] 96
   &freqScalingFactor [&Type "Double"]       1.0000000000000000e+00
   &FREQ [&Type "ArrayOfDoubles", &Units "cm^-1", &Dim (96,1)] 
                                                         0

0                                      0.0000000000000000e+00
1                                      0.0000000000000000e+00
2                                      0.0000000000000000e+00
3                                      0.0000000000000000e+00
4                                      0.0000000000000000e+00
5                                      0.0000000000000000e+00
6                                      1.7887077325757538e+01
7                                      4.3862864221367488e+01
8                                      7.9461286538004188e+01
9                                      1.0751682242654402e+02
10                                     1.1294020230505450e+02
11                                     1.5508614045737059e+02
12                                     1.9904128756627514e+02
13                                     2.1544456572701375e+02
14                                     2.3189455797714541e+02
15                                     2.3870074867284742e+02
16                                     2.4595465508379215e+02
17                                     2.5471325905839083e+02
18                                     2.6523667369974584e+02
19                                     2.9416886685148245e+02
20                                     2.9935005752903089e+02
21                                     3.2802058688879987e+02
22                                     3.4522320193338516e+02
23                                     3.5797573156534020e+02
24                                     3.6431448772026789e+02
25                                     3.9577323218408213e+02
26                                     4.2425474832199558e+02
27                                     4.4678697194044946e+02
28                                     4.5520479173141280e+02
29                                     4.8890943660119370e+02
30                                     5.2109415527783472e+02
31                                     5.3470769434573606e+02
32                                     5.4154322194285032e+02
33                                     5.6966927855432414e+02
34                                     5.7575390268709327e+02
35                                     5.8821039969406195e+02
36                                     6.2761006794273169e+02
37                                     6.3514801948498507e+02
38                                     6.5296279390085579e+02
39                                     6.5441025424354461e+02
40                                     6.5740068670662390e+02
41                                     6.6753408262023515e+02
42                                     6.7235736611839036e+02
43                                     7.2083746556161498e+02
44                                     7.5361899237676118e+02
45                                     7.6634833544536605e+02
46                                     7.8744068939810518e+02
47                                     8.3139153569556890e+02
48                                     8.4087573004411911e+02
49                                     8.5257272860221781e+02
50                                     8.5926267837427861e+02
51                                     8.6187417943665798e+02
52                                     8.7885775728460942e+02
53                                     9.0036039445126073e+02
54                                     9.7160679638242505e+02
55                                     1.0266563924750924e+03
56                                     1.0517356952904772e+03
57                                     1.0680950868806563e+03
58                                     1.1325753646852349e+03
59                                     1.1416849326448796e+03
60                                     1.1653614357088527e+03
61                                     1.1685693596106196e+03
62                                     1.2009315141975242e+03
63                                     1.2091395333115149e+03
64                                     1.2294595850807366e+03
65                                     1.2563952092804216e+03
66                                     1.2666814399723658e+03
67                                     1.2943437736767246e+03
68                                     1.3188710497313441e+03
69                                     1.3481308965216936e+03
70                                     1.3596706607265801e+03
71                                     1.3959675890621320e+03
72                                     1.4012139220584129e+03
73                                     1.4362037302962754e+03
74                                     1.4398334210792473e+03
75                                     1.4730597936535851e+03
76                                     1.4923909057381804e+03
77                                     1.5032461578217240e+03
78                                     1.5420865645647764e+03
79                                     1.5765064617073112e+03
80                                     1.6203508338979609e+03
81                                     1.6368796312313380e+03
82                                     1.6486157241793530e+03
83                                     1.6642801386383394e+03
84                                     1.6697371829887531e+03
85                                     1.7010377135165115e+03
86                                     3.0553005494491999e+03
87                                     3.1930735568519744e+03
88                                     3.2014567946815228e+03
89                                     3.2159358482441185e+03
90                                     3.2234814720814975e+03
91                                     3.2385574587832598e+03
92                                     3.7295710551996463e+03
93                                     3.7748264432426622e+03
94                                     3.7823096205729512e+03
95                                     3.7899467401558218e+03
   &zpe [&Type "Double"]       2.2994763041629895e-01
   &innerEnergyU [&Type "Double"]      -1.1026651174674898e+03
   &enthalpyH [&Type "Double"]      -1.1026641732584476e+03
   &qEl [&Type "Double"]       0.0000000000000000e+00
   &qRot [&Type "Double"]       1.6544615670519992e-02
   &qVib [&Type "Double"]       2.5594752007260423e-02
   &qTrans [&Type "Double"]       2.0437701481433628e-02
   &entropyS [&Type "Double"]       6.2577069159214044e-02
   &freeEnergyG [&Type "Double"]      -1.1027267503276069e+03
   &isLinear [&Type "Boolean"] false
$End
$Hessian
   &GeometryIndex 14
   &HESSIAN [&Type "ArrayOfDoubles", &Dim (96,96)] "The Hessian"
                                                         0                           1                           2                           3                           4                           5                           6                           7

0                                      1.8748440202580949e-01         1.5848421040846927e-01         7.3063329414679828e-02        -1.5984225353842757e-01        -1.2701418548802601e-01        -5.7889123126630873e-02        -3.2893098430786562e-02        -6.4764631962721919e-02
1                                      1.5848421040846927e-01         5.0220589931449244e-01         2.0738310291592404e-01        -1.3533889396157087e-01        -4.1785330850324709e-01        -1.5561098983861016e-01        -4.3551430633273450e-02        -2.1604338724637712e-02
2                                      7.3063329414679828e-02         2.0738310291592404e-01         1.3270970501660995e-01        -6.1685435306830155e-02        -1.5557509515564330e-01        -1.4124865338029446e-01        -2.0306106783595623e-02        -1.8687086866731609e-02
3                                     -1.5984225353842757e-01        -1.3533889396157087e-01        -6.1685435306830155e-02         6.3999304371997712e-01         8.4183049755674838e-02         4.7347087146756388e-02        -2.5676583497003325e-01         1.9004168475841070e-02
4                                     -1.2701418548802601e-01        -4.1785330850324709e-01        -1.5557509515564330e-01         8.4183049755674838e-02         6.9443127494984325e-01         2.2136995484631075e-01        -2.3266061000499043e-03        -9.8853345689659824e-02
5                                     -5.7889123126630873e-02        -1.5561098983861016e-01        -1.4124865338029446e-01         4.7347087146756388e-02         2.2136995484631075e-01         2.9514908508950549e-01        -5.4421920258978414e-03        -1.2608988295696746e-02
6                                     -3.2893098430786562e-02        -4.3551430633273450e-02        -2.0306106783595623e-02        -2.5676583497003325e-01        -2.3266061000499043e-03        -5.4421920258978414e-03         6.5761366695055168e-01        -1.7299361490285214e-02
7                                     -6.4764631962721919e-02        -2.1604338724637712e-02        -1.8687086866731609e-02         1.9004168475841070e-02        -9.8853345689659824e-02        -1.2608988295696746e-02        -1.7299361490285214e-02         6.8955153228374011e-01
8                                     -2.9713513346005031e-02        -1.8217319978455791e-02         8.6367473093649158e-03         4.1642838008592491e-03        -1.3025179486020336e-02        -7.5075033405211405e-02         4.8767727003948850e-03         2.5696850025353379e-01
9                                     -5.4076999017061769e-03         6.8150407183765506e-03         2.7416754726452856e-03        -1.2358890841344110e-02        -4.1642007257971583e-02        -1.8480071543363605e-02        -1.5175296169388941e-01        -8.8902868345885705e-02
10                                     1.9096738018909491e-02         1.6548009272268759e-02         5.5411609083661885e-03        -6.6538431469404552e-02        -8.2667295254960915e-03        -4.6118672522283827e-03        -7.0597480614559005e-02        -3.2297681851673388e-01
11                                     8.2061878034459194e-03         5.3054087427667051e-03         7.4094133165451383e-03        -2.9642762118288254e-02        -4.1211264540329164e-03        -3.5333103199892690e-03        -3.3035327928722852e-02        -1.1729309788134933e-01
12                                    -3.1413911123461809e-03        -4.0674272477391150e-03        -1.8174054691365389e-03         1.2794983162401574e-02         3.8126405331969484e-03         1.7172426699640017e-03        -2.1997603887755082e-02        -2.4265798314295060e-02
13                                    -3.5465834483623618e-03        -2.2062270716323188e-03        -4.0074061898522312e-04         6.5288790768149221e-03        -2.1428555024138275e-03        -4.4942882895974857e-03        -3.3756417490600578e-02        -3.1951273056405396e-03
14                                    -1.6151840079337903e-03        -4.1128412303938417e-04        -1.6998008977183335e-03         2.9786152461904547e-03        -4.5676484420576298e-03         6.3881578302101179e-03        -1.5579310996939631e-02        -6.6651157017922694e-03
15                                     9.2174033822994372e-04         9.3395863520822644e-04         4.2944962864333513e-04        -2.5897063330968971e-03         5.6144879130349797e-04         2.0512317846171132e-04         2.0633112646806263e-03         4.2975809379010230e-03
16                                    -9.5233235108632555e-04        -1.1484166080139395e-03        -5.6028395447901651e-04         3.1061150392308664e-03         5.9703355396677291e-04         5.3204362065745615e-04        -4.0018514209917561e-03        -3.1524538918325110e-03
17                                    -3.8069434172600258e-04        -5.0612402415708990e-04        -1.5212157041133762e-04         1.2640243117143497e-03         4.6429726038280951e-04        -2.7470895074058644e-04        -1.6692333342960119e-03        -1.2882970725675408e-03
18                                     2.8864564853166091e-04         2.2328584145360269e-04         1.0420887318764291e-04        -4.2498871765418982e-04        -3.2194559070181745e-04        -1.4046871114235798e-04         1.3268243285818018e-03        -1.1635244145318322e-03
19                                    -2.0255074663726468e-03        -1.8683837938041990e-03        -8.9687303189735495e-04         5.5637619210263450e-03         1.3022873655061306e-03         5.5744636718876861e-04        -5.2311258126389272e-03        -4.8525303695809352e-03
20                                    -9.3160205087303594e-04        -8.8940638801908575e-04        -3.3559281234145290e-04         2.5627573923026115e-03         4.5181179678153690e-04         5.5702014164995910e-04        -2.3838803730657117e-03        -2.0424758013467253e-03
21                                    -9.7521832177310472e-04        -9.0651962796632559e-04        -4.2018260315966627e-04         2.3025212208065151e-03         5.1971841444769552e-04         2.7476991243667256e-04        -2.2412508093418945e-03        -1.0686293885341382e-03
22                                     1.0026696773438306e-03         9.3135208802251645e-04         4.3051961808715901e-04        -2.5204762911665486e-03        -5.0513109950087653e-04        -2.7618747637222726e-04         2.4371048328994684e-03         1.4497880299924543e-03
23                                     4.3730277487918001e-04         4.0651317351901226e-04         1.8956877060950707e-04        -1.1017940583187087e-03        -2.2609377734858071e-04        -1.1270724185526919e-04         1.0660316615204036e-03         6.6662315992608320e-04
24                                     3.2696180371420175e-03         3.0042706071400698e-03         1.3883432980141093e-03        -8.9327255891180051e-03        -1.4317459966035340e-03        -7.8973027678225997e-04         8.8873174686165991e-03         5.2614265791146621e-03
25                                     3.2647469566588329e-04         2.5544570006592795e-04         1.4550633118903540e-04        -7.5043479950105707e-04        -1.1227389669190795e-04        -2.2969354579872948e-04         1.0637790661695230e-04         1.3086103934923539e-03
26                                     1.9038273881330189e-04         1.7906533711201339e-04         2.4114570310593543e-05        -4.5993048828943053e-04        -2.1186379862923188e-04         2.2095616469236829e-04         1.4488201419963142e-04         5.5904397355438463e-04
27                                    -3.3700687655848975e-03        -2.9919325144486721e-03        -1.3841912496578533e-03         9.1172549098280965e-03         1.5427178482912288e-03         8.4269762742980787e-04        -8.8112619524729728e-03        -4.9421911594631999e-03
28                                    -1.2088126676409196e-03        -1.0721770808401663e-03        -4.9882774562776621e-04         3.2736391555702087e-03         5.8207918829428055e-04         3.6606039951357606e-04        -3.1232796758613197e-03        -1.9032134912075086e-03
29                                    -5.9894933229124290e-04        -5.3535207429579652e-04        -2.4097514745587470e-04         1.6246267438249017e-03         3.3878798445627096e-04         6.8317979934989683e-05        -1.5473415591202074e-03        -9.3234707600234139e-04
30                                    -1.9333775785545456e-03        -1.8500171317696313e-03        -8.5060468594184199e-04         6.1149721202512046e-03         1.0245928760253221e-03         5.4591783786590332e-04        -6.4964368832095519e-03        -4.2393404641435026e-03
31                                     1.9175630466007536e-03         1.9510500110973624e-03         8.3240559378427244e-04        -5.4530865023402477e-03        -1.5007314518407987e-03        -4.0356135799364659e-04         4.3509533968621381e-03         3.3637764081450379e-03
32                                     8.3957675289330074e-04         7.9802363554256923e-04         5.0347563746922809e-04        -2.3727387618475751e-03        -3.3920382041812964e-04        -9.3579021329022547e-04         1.8689178114509944e-03         1.4991169299216939e-03
33                                    -3.0839335407428065e-04        -2.5552215353098968e-04        -1.2195172585466289e-04         4.7379169473611195e-04         8.7810984593251074e-06         2.2529530828299327e-05        -9.9456962166702173e-04         6.4303447052180984e-05
34                                    -1.5032545211896026e-03        -1.4089105666329567e-03        -6.8533924561645760e-04         3.7166932695865931e-03         7.1737712308646414e-04         4.8419486795291523e-04        -4.1011492253523723e-03        -1.9124546376947842e-03
35                                    -6.8658922546128531e-04        -6.7229881204636612e-04        -2.3770624238617842e-04         1.6888380299429253e-03         4.1847955282951906e-04        -1.3248724289025883e-06        -1.8646470812800199e-03        -7.2240841908733180e-04
36                                     2.8360534638517589e-04         7.0790247745023760e-04         3.1258084331289767e-04        -3.0255063724780300e-03        -1.5817083658870290e-03        -7.1971430527446184e-04        -7.4619076183520937e-04         4.9406229795823930e-03
37                                     1.5567800961314982e-03         1.3841950371117151e-03         8.2348451708457121e-04        -4.8106511472712195e-03        -3.8346768337104532e-04        -7.4762139410692967e-04         6.8284051220022252e-03         5.2540015493287295e-03
38                                     7.1535352855547950e-04         8.1103317701582177e-04        -2.9705214035490694e-05        -2.2300478086678039e-03        -6.8229906345123334e-04         7.7586939691263361e-04         3.0333359268228345e-03         1.6263729108192560e-03
39                                     8.1083812600717502e-03        -3.1008515691791027e-03        -1.1905781800767711e-03        -3.5352067555117384e-02         1.3257725955340319e-02         5.2075758119356167e-03         2.0397282638294600e-02         2.3435278919547099e-02
40                                    -8.8873008663739178e-03        -7.2758917908075250e-03        -3.3059882990599415e-03         2.3950570998108031e-02         5.7371996116208340e-03         6.5039715315410584e-03         1.8569799625261584e-02        -5.2079052812117513e-02
41                                    -3.7454377499260266e-03        -3.1967780040515906e-03        -1.7088089610746311e-03         9.9643288845025664e-03         6.2582719413506955e-03        -4.7694819900310215e-03         8.3653674343865687e-03        -2.8219154455913990e-02
42                                    -8.8647602399820856e-03         1.0695112396426931e-02         4.3883368836837291e-03         4.5873033092150989e-02         3.7713591157170902e-03         2.8514118530373208e-03        -4.7704206088322511e-03        -1.8729461738341575e-02
43                                     5.5020372353638209e-03         1.1494760635517572e-02         2.6811549459789001e-03         1.1483300515855888e-02        -4.6417602511974160e-02        -1.7649342616599659e-02        -5.9969512762856770e-03        -4.9619925447328423e-03
44                                     2.0994935452050166e-03         2.8069367106082206e-03         7.0429593525340546e-03         6.2589757874688071e-03        -1.7821414206735307e-02        -1.3642407075632246e-02        -2.7015343711009557e-03        -1.8339851309417570e-03
45                                     3.3414531752428639e-03         2.8230568336797702e-03         1.3588097195077866e-03         3.3582634596483149e-03        -1.0869330273146603e-02        -4.8654432299742693e-03        -5.3049688881802162e-03         1.9775405811776640e-03
46                                     8.8657673795308018e-04        -3.8606781623449151e-03        -1.0931736780790012e-03        -9.1025730831745880e-03         4.1746072507397591e-03        -1.2405140679539843e-03         3.5387586597025720e-03         2.7295820758059465e-04
47                                     5.0278155641717351e-04        -1.0547436642608233e-03        -1.7968642691828143e-03        -4.1091158316586725e-03        -1.2605759537131782e-03         5.8309115516515849e-03         1.4639188274032128e-03         4.2246166633801792e-04
48                                    -2.0430321696750372e-03        -4.1589408159653845e-03        -1.9022429368634008e-03        -7.8167956998436705e-03         6.8039183889398933e-03         2.8716118966754956e-03         5.0463739605366579e-03        -1.0627421375283331e-03
49                                    -1.2732744876641690e-03         3.9438356985518836e-03         1.4553749306091819e-03         3.2536201094479390e-03        -6.4281481656037077e-03        -1.8070547236443742e-03        -9.1445854252385607e-04        -1.6957147856391990e-03
50                                    -6.2361985509619953e-04         1.4078610149024975e-03         1.1839801800092378e-03         1.3308066742233025e-03        -1.7657033746741923e-03        -2.8871147249636170e-03        -2.9414854937162614e-04        -7.0681429945365171e-04
51                                     2.3375596757218718e-04         4.1800733763614623e-03         1.8548375480375761e-03         6.2324064542154979e-03        -6.9286896078351937e-03        -2.9078871521593650e-03        -3.1938540401597660e-03        -8.0599145801616985e-04
52                                     5.1208026313501567e-04        -4.3271516809048859e-03        -1.8719819652415373e-03        -6.3720445374232451e-03         7.5479941715518419e-03         3.1931571179554252e-03         3.2999125692173645e-03         1.3812877832906317e-03
53                                     2.3343587410824267e-04        -1.7920588370297428e-03        -8.5063049810722138e-04        -2.6794992322077727e-03         3.1988867029958037e-03         1.3099631863730979e-03         1.3845697826596740e-03         5.2792892426926788e-04
54                                     2.0574393677789903e-03         1.1235414745721945e-03         5.4767393649612353e-04        -5.8252064419897654e-03        -4.5476319136561055e-03        -2.2314326080553034e-03         2.4234377533418824e-04         1.9721181616128387e-03
55                                     5.0850455681060516e-03        -2.7711855424043426e-03        -9.9556681079179354e-04        -6.3602826516362069e-03         4.1771177834751668e-03        -1.4920428261508542e-04         4.8135984446848960e-04         3.4080241537129668e-03
56                                     2.3044389947326515e-03        -1.1092827502679572e-03        -6.8100914609895758e-04        -3.0721222376547865e-03        -5.9718966252978508e-05         4.0576554922270676e-03         2.4655729578967759e-04         1.8238039268706745e-03
57                                    -1.3071956354758229e-02        -1.6414150670532746e-02        -7.4629449431289690e-03        -3.8045325887877540e-02         3.0973900712095020e-02         1.2715598634294738e-02         5.8569812296240063e-03         6.2975576247743673e-03
58                                    -2.0669723571269078e-02        -3.4345056480980171e-03        -8.3940685601871338e-04         2.8172613220274739e-02         2.3964970157886324e-02         9.7162926801077111e-03         4.3690390381438491e-03        -5.9659573373375113e-03
59                                    -9.4060286164844211e-03        -7.8998229311438156e-04        -3.1452221551164011e-03         1.1555269741702831e-02         9.9033863258161468e-03         7.8460050379992805e-03         1.9836747138057228e-03        -3.9191268864962473e-03
60                                    -4.0528519273517472e-02         6.0743134384355288e-03         1.6008014863825625e-03         1.1194000328463320e-02         1.1970479764819613e-02         5.6290569138794941e-03        -4.8676031811598500e-03        -5.5683895484748905e-03
61                                     3.7222247939346344e-02         1.3012735353849581e-02         3.7316365720934264e-03         4.9976727668406412e-03        -2.9047203320237008e-02        -1.1034907605948736e-02        -9.7921068761344741e-04         3.1782058114297710e-03
62                                     1.5368629638632416e-02         3.0171838183716978e-03         8.1564737796625993e-03         2.5691269669818398e-03        -1.0891494509179664e-02        -8.4747476417787321e-03        -5.5453071368887765e-04         1.5336548053401765e-03
63                                     3.1093518290757328e-02         3.7428801699274329e-03         1.9609909444416465e-03        -1.7516974237956737e-01         5.2573114659826864e-02         2.0544665958505071e-02        -3.3289516929022323e-02         2.0843491616923254e-02
64                                     6.5365995181861231e-03        -6.4486609119917868e-02        -3.6308195543390959e-02         5.4314801348954014e-02        -1.5285760592192016e-01        -3.7314705182887709e-02         1.4848565026819131e-02         1.8148114445298850e-02
65                                     3.1712157630844756e-03        -3.6332051482716038e-02         2.2060286794200745e-03         2.1313246789328246e-02        -3.7448193232784505e-02        -8.1198185052846539e-02         5.4934990562925771e-03         3.1762560431489346e-03
66                                     4.2698209846519369e-03        -1.0364240782057815e-03        -3.0382278778175436e-04        -1.3862352515995359e-02         2.4122069085784383e-02         1.0234693321394454e-02        -1.7329693153811493e-01         1.3480502453201182e-01
67                                     1.0639493643215619e-03         3.0919410508074407e-04         1.4929060231490367e-03        -5.4216831963193740e-03         6.9050744198544201e-03         1.0740016338122412e-03         1.3398440250130206e-01        -2.0183302222960012e-01
68                                     6.5660564420165317e-04         1.4338976198482421e-03        -2.3832970021070046e-03        -2.8182344769616466e-03         1.7747855127613066e-03         4.8765268893052518e-03         5.5739623708416459e-02        -7.2130023299984219e-02
69                                     2.3569257103975955e-04         1.4665425598573491e-04         7.3182599282019440e-05        -1.9309312403980932e-04        -4.2326855081440356e-04        -1.9873115862163463e-04        -1.8222644582582617e-03         1.0767020118684035e-03
70                                     6.6234442409506222e-05         2.5789995163750146e-05         2.7083277518647505e-05        -1.9366809583921675e-04         2.4504465990565717e-04         2.6652227868750108e-04        -7.3150846300691521e-04         1.2876516965908678e-04
71                                     2.8506179660996320e-05         2.8005673184646265e-05        -1.5728030079633089e-05        -9.5712199350851373e-05         2.7945746304381666e-04        -2.2588190214351401e-04        -4.1367625532037701e-04        -2.1551876693748275e-04
72                                     1.0488669933462587e-04         7.7622833974869181e-05         3.6672149145705643e-05        -2.1711158987450067e-04        -7.5454785257880015e-05        -3.7779202527192708e-05         2.3951702962754604e-04         1.4107264494888391e-04
73                                    -1.8942815679002614e-04        -1.8181056092544874e-04        -8.3304103645757748e-05         4.5733234712854142e-04         1.0461917530197001e-04         6.4577308651835293e-05        -4.9118200186111321e-04        -2.1953854012500882e-04
74                                    -8.5829697045743873e-05        -8.2267160603405538e-05        -3.9604485552486017e-05         2.0830229261695101e-04         5.8252325957578228e-05         6.1810548578324801e-06        -2.2259370483519307e-04        -1.1372877020094234e-04
75                                     1.6534535510698988e-04         1.5229555337265257e-04         7.0540067431936756e-05        -4.0956469465332478e-04        -6.9630315158194717e-05        -3.7468856579972522e-05         4.4169167087188910e-04         1.9269329450664983e-04
76                                     4.4173731509047453e-04         3.9690205118538078e-04         1.8325491101752833e-04        -1.2089656447330623e-03        -2.1354120490009692e-04        -9.2525350190483625e-05         1.1448833795641863e-03         6.8640663134484790e-04
77                                     2.0188434606454745e-04         1.8179830652711334e-04         8.4311390428385924e-05        -5.5188176854362376e-04        -7.5754874241171352e-05        -9.3679550922754257e-05         5.2517531107516618e-04         3.1696889789018066e-04
78                                    -6.0274510322026173e-05        -5.6938742503125474e-05        -2.6208631646077365e-05         1.5891445021701909e-04         2.8272714841170838e-05         1.4793101138670252e-05        -1.9088031435681346e-04        -8.5665613782148574e-05
79                                     2.3362273162941781e-04         2.0804573400202237e-04         1.0079873638371272e-04        -5.3998589969029838e-04        -9.0140819731353923e-05        -6.2516331936513197e-05         6.2170981061277549e-04         2.2986881765153661e-04
80                                     1.1022977215575485e-04         1.0181996296079876e-04         3.8724858317318292e-05        -2.5446171937130427e-04        -5.3611981626462229e-05        -3.5378821114051236e-06         2.9192961000848038e-04         1.0446978218617617e-04
81                                     1.4671365267951338e-04         1.7387049571078914e-04         8.1312864280826916e-05        -2.5835140535196562e-04        -1.0176960976028031e-04        -5.7432606596519978e-05         3.4249852830519402e-04         2.2197593912808347e-04
82                                     5.1210146270158115e-05         1.3219940202967723e-04         8.6985358105162448e-05         1.1721200978296348e-05        -1.1054567044176025e-04        -2.0154397314010663e-04        -1.1226384093845241e-04         1.9368286325837009e-04
83                                     3.5817113144785329e-05         9.9707168249780874e-05        -1.5667767035866403e-05        -2.6016769755402095e-05        -2.0745516032034586e-04         2.4493117805440698e-04        -2.5506468694571485e-05         3.1837026477986308e-05
84                                    -1.2931623998425459e-04         4.5016420966082697e-04         2.0467554947656600e-04         9.9497597520217720e-04         3.7215411979303630e-04         1.6132023052457462e-04        -1.1540598229829783e-04        -1.2825996043111496e-04
85                                     2.1147587157172769e-04        -6.8747153133353537e-04        -1.2781044450868242e-04        -1.3493619243552029e-03         3.2247782245909068e-04        -3.9342963139917648e-04         9.1674314208108185e-05         2.8561612374366195e-04
86                                     9.9982271655359211e-05        -1.2167145455316859e-04        -4.3587323035478774e-04        -6.0219492321559112e-04        -3.5593375269492452e-04         9.6582812376996700e-04         3.5299938466365954e-05         8.9104471131975290e-05
87                                     8.4152788726700369e-05        -7.7459171066841847e-04        -3.4078286614920247e-04        -1.1432614971740875e-03         1.3426469041285126e-03         5.6666820303085893e-04         5.9067770843278266e-04         2.3302516107595524e-04
88                                    -1.1600757508909039e-04         5.9446995700070639e-05         1.7276534054053580e-05        -7.2894366339938660e-05        -1.2542270506756199e-04        -3.4207722288632949e-05        -1.2462346415975878e-05         3.7944196465462681e-05
89                                    -5.2214632958758674e-05         9.7719529820835544e-06         1.7248481182982089e-05        -5.2355788412194657e-05        -1.4675242702810111e-05        -5.8508029603131012e-05         3.7663308105341419e-06         2.1585978640242402e-05
90                                     3.3763834282980059e-04         3.6097514249284189e-04         1.6923426441858632e-04        -1.9551475305112416e-04        -1.2050357273474797e-03        -5.4704846489417205e-04        -3.1142134906846655e-04         2.0773020588899817e-04
91                                    -3.4774573928866051e-04        -9.2781766463712517e-05        -1.3059097002722124e-05         9.7969178598032855e-04         9.5053102407668174e-04         2.2274491409806277e-04         2.0630727522562810e-04        -3.4148582463057144e-04
92                                    -1.4370471009920983e-04         1.0402018873641094e-06        -8.5333016034515340e-05         4.1719061849163064e-04         1.8077633705125854e-04         5.8232203761585870e-04         9.1909322726109769e-05         9.0538490517796784e-06
93                                     3.0142549939601707e-02         1.4406889126569837e-02         7.4082112928327074e-03        -1.6179866681209774e-02        -3.8413446096782371e-02        -1.7376314642299773e-02         6.8139897469846680e-03         8.0629462600691638e-03
94                                    -7.7709419125445087e-03        -1.8579013242130574e-02        -3.1145650498315492e-03        -6.8803324762340265e-03         1.3148365414528724e-02         4.7416882620582301e-03        -1.6609170572382767e-03        -3.3315361669638676e-03
95                                    -2.3750716858768131e-03        -2.5249112329754457e-03        -1.3100157517076522e-02        -3.5251028548927738e-03         3.8763863132625807e-03         3.6553410790830837e-03        -5.7084888585058136e-04        -1.9814528183097237e-03
                                                         8                           9                          10                          11                          12                          13                          14                          15

0                                     -2.9713513346005031e-02        -5.4076999017061769e-03         1.9096738018909491e-02         8.2061878034459194e-03        -3.1413911123461809e-03        -3.5465834483623618e-03        -1.6151840079337903e-03         9.2174033822994372e-04
1                                     -1.8217319978455791e-02         6.8150407183765506e-03         1.6548009272268759e-02         5.3054087427667051e-03        -4.0674272477391150e-03        -2.2062270716323188e-03        -4.1128412303938417e-04         9.3395863520822644e-04
2                                      8.6367473093649158e-03         2.7416754726452856e-03         5.5411609083661885e-03         7.4094133165451383e-03        -1.8174054691365389e-03        -4.0074061898522312e-04        -1.6998008977183335e-03         4.2944962864333513e-04
3                                      4.1642838008592491e-03        -1.2358890841344110e-02        -6.6538431469404552e-02        -2.9642762118288254e-02         1.2794983162401574e-02         6.5288790768149221e-03         2.9786152461904547e-03        -2.5897063330968971e-03
4                                     -1.3025179486020336e-02        -4.1642007257971583e-02        -8.2667295254960915e-03        -4.1211264540329164e-03         3.8126405331969484e-03        -2.1428555024138275e-03        -4.5676484420576298e-03         5.6144879130349797e-04
5                                     -7.5075033405211405e-02        -1.8480071543363605e-02        -4.6118672522283827e-03        -3.5333103199892690e-03         1.7172426699640017e-03        -4.4942882895974857e-03         6.3881578302101179e-03         2.0512317846171132e-04
6                                      4.8767727003948850e-03        -1.5175296169388941e-01        -7.0597480614559005e-02        -3.3035327928722852e-02        -2.1997603887755082e-02        -3.3756417490600578e-02        -1.5579310996939631e-02         2.0633112646806263e-03
7                                      2.5696850025353379e-01        -8.8902868345885705e-02        -3.2297681851673388e-01        -1.1729309788134933e-01        -2.4265798314295060e-02        -3.1951273056405396e-03        -6.6651157017922694e-03         4.2975809379010230e-03
8                                      2.1882020789556608e-01        -4.1036017470875527e-02        -1.1675332375469664e-01        -1.1378536075416040e-01        -1.1423012476031544e-02        -6.9366111355469787e-03         7.5944332231543486e-03         1.9029780888959805e-03
9                                     -4.1036017470875527e-02         6.2823934525059089e-01         6.9418517710054459e-02         4.0514220649460420e-02        -2.1474937183573098e-01        -4.6440065067257008e-02        -2.3479351280492805e-02        -4.1795626915868848e-02
10                                    -1.1675332375469664e-01         6.9418517710054459e-02         6.3692206708348564e-01         2.0707164222314012e-01        -2.6632105801960945e-02        -1.0562505730704227e-01        -1.8237692254966891e-02         1.0871655746100153e-02
11                                    -1.1378536075416040e-01         4.0514220649460420e-02         2.0707164222314012e-01         2.6432880541518849e-01        -1.4893364210387908e-02        -1.8627223024073967e-02        -7.4789641773644874e-02         4.3057072974788651e-03
12                                    -1.1423012476031544e-02        -2.1474937183573098e-01        -2.6632105801960945e-02        -1.4893364210387908e-02         6.6104229876845966e-01        -1.9023337182571196e-02         1.5613803149153036e-04        -2.1091646991156723e-01
13                                    -6.9366111355469787e-03        -4.6440065067257008e-02        -1.0562505730704227e-01        -1.8627223024073967e-02        -1.9023337182571196e-02         5.9842078069017257e-01         2.0481043097937163e-01         7.9131000820128181e-02
14                                     7.5944332231543486e-03        -2.3479351280492805e-02        -1.8237692254966891e-02        -7.4789641773644874e-02         1.5613803149153036e-04         2.0481043097937163e-01         2.3941868418180651e-01         3.3543346591889102e-02
15                                     1.9029780888959805e-03        -4.1795626915868848e-02         1.0871655746100153e-02         4.3057072974788651e-03        -2.1091646991156723e-01         7.9131000820128181e-02         3.3543346591889102e-02         6.9413430827985312e-01
16                                    -1.4961456509257772e-03         5.3067379969608131e-03         1.3613138922638358e-02         5.3963443533838786e-03         1.1522421621308987e-01        -1.9443690370494748e-01        -6.0445548726558981e-02         4.6553201487648660e-03
17                                    -7.0589069277662083e-04         1.5891941010710972e-03         5.4675023266287526e-03         4.3932866848668296e-03         5.0076187897386451e-02        -6.1089581413843699e-02        -8.4189934382241885e-02         1.1074021654837583e-02
18                                    -5.3032627142515429e-04         4.7377597322175308e-03         4.8633594338227445e-03         2.1995588629627749e-03        -5.4725403186826546e-02         3.6595932482550407e-02         1.5765306344760185e-02        -3.1856644693327391e-01
19                                    -2.1102011037577484e-03         1.4875044580935503e-02         3.5828215245770970e-03        -1.4851245865371500e-04        -6.8587944727797855e-03         4.1258282587077186e-02         1.9954353890945787e-02        -2.4381626907164861e-02
20                                    -1.3311194389684397e-03         6.7169021491773860e-03        -3.1008489679748715e-04         4.3663898459296701e-03        -3.8998341292634710e-03         2.0729763709925547e-02         6.4515385966285518e-03        -1.5242315720528300e-02
21                                    -5.1655549434169890e-04         3.2190601329549502e-03         2.9816617935392344e-03         1.3971994192946058e-03        -2.2067066361689223e-03        -5.0573676144498262e-03        -2.4215770347028732e-03        -4.5654435969954651e-02
22                                     7.2465240363733059e-04        -4.8045746540594184e-03        -1.8386893504934399e-03        -1.4120631961129645e-03         1.8069781156144476e-03        -2.8569834409505291e-03        -4.5698919134047524e-03         2.6958940594663597e-03
23                                     2.5067556745936244e-04        -2.1383956448149197e-03        -1.2743716324053135e-03         4.7496294140860504e-04         6.4566914394401011e-04        -4.6705080168986833e-03         5.1156742243709599e-03         4.5424722434868683e-04
24                                     2.5074557815360637e-03        -1.5610763878448293e-02        -4.8348427415444021e-03        -2.4111504398921161e-03         1.3206393619716740e-02         1.8249065064107266e-02         8.4122677251334821e-03        -2.2777645723591373e-03
25                                     5.0307350636603714e-04        -4.4948713200363109e-03        -3.8492465792584673e-03        -1.3228522312630970e-03         1.9138183238550252e-02        -4.1042936075904882e-02        -2.1319643274531584e-02        -6.7600832103068026e-02
26                                     4.8633996296284403e-04        -2.2336772043310576e-03        -1.3224646915384127e-03        -1.7581294493221266e-03         8.7972272412942150e-03        -2.1426201951652530e-02        -3.0311264002342983e-03        -3.0724679970873123e-02
27                                    -2.3703560280781814e-03         1.4690526243149340e-02         4.9644394302991437e-03         2.4812271116413111e-03        -1.6645220606700824e-02        -4.0562472789581836e-03        -2.0676479441449529e-03         9.3433392664292198e-03
28                                    -8.9824929599477323e-04         5.5307219589159099e-03         2.0191371889859947e-03         1.0902576022710434e-03        -6.8473375239605410e-03         2.6882086500504374e-04         8.0932013399069092e-04         7.4743168930307786e-03
29                                    -4.6801795959473455e-04         2.7467452626078739e-03         1.0820260123654019e-03         3.4764549799114728e-04        -3.3502897797909048e-03         8.4149228774366060e-04        -1.4094107833522954e-03         3.4527018564013898e-03
30                                    -2.0018165899628594e-03         1.1462812769123072e-02         4.0143405732233559e-03         1.9201935553127027e-03        -8.7349684571209479e-03        -7.1375227274694711e-02        -3.2612930056991514e-02        -4.6668692114881602e-02
31                                     1.5984764942159702e-03        -8.0550066997511112e-03        -6.7058749244322561e-03        -5.3853648726286674e-03        -2.8870878730087954e-02         3.2563998423113805e-03         2.1216782905196657e-03         1.2485915963205417e-02
32                                     6.5252086582488311e-04        -3.5878322607613821e-03        -5.2334483873442469e-03         2.4966607791084613e-03        -1.3227649757950315e-02         1.5379102265605446e-03        -2.0481039815492819e-03         4.8437206299321075e-03
33                                     1.6004143957567127e-05         6.7887582818134513e-04        -1.6709880430854375e-03        -7.6608384025617505e-04        -4.8801810645565831e-03         4.7943824324570734e-03         2.0206964277342063e-03         8.3506102937785692e-04
34                                    -7.7822570905908283e-04         6.0256210104352196e-03         9.2042022609949961e-04         4.4915896424214236e-05        -1.3530722852138667e-03        -1.4660889564863007e-03        -3.8537372407217987e-03        -6.8197706145285402e-03
35                                    -6.6773615063909445e-04         2.7202731982090764e-03        -7.1727296373604721e-05         1.0079528318056314e-03        -8.0361538063346977e-04        -3.7571396774397229e-03         5.2936985703679156e-03        -3.0362944814166550e-03
36                                     2.1353071079165623e-03        -1.9278830833039721e-02        -3.5826628267791864e-02        -1.6640973004454447e-02        -1.1931923313097860e-01        -1.5518451262174431e-02        -8.1593605056478700e-03         3.3990116004572968e-02
37                                     1.6184090091671925e-03        -2.2601649584912550e-02        -8.7051688256650564e-03        -5.5179453412440363e-03        -5.3746334983915560e-02        -2.6923302651386644e-01        -9.7298130282678780e-02         3.8879235498535183e-02
38                                     2.5700918329133000e-03        -1.0564629070668477e-02        -5.6877602968390881e-03        -1.2426974048188391e-04        -2.5605373823110778e-02        -9.6725198036190452e-02        -1.0175456662227644e-01         1.8207985028892898e-02
39                                     1.0500157097442422e-02        -1.5587647122703210e-01         7.0588385963926109e-02         2.8953172430508073e-02        -5.0029834248412779e-02         3.6886956290341694e-02         1.5129263733461662e-02        -2.8016706267430186e-03
40                                    -2.8415474607854166e-02         5.9373645211749163e-02        -1.9360545622644248e-01        -6.0643758225178257e-02         1.1841870752651966e-02         5.9863650971885701e-03         1.4610914269413875e-03        -2.9016678779095291e-03
41                                     8.4610409206140394e-04         2.3815339525252929e-02        -6.0395215987660386e-02        -8.0022080356801223e-02         4.1899687372740045e-03         1.9832070599741262e-03         4.2519998104194635e-03        -1.3896755220295320e-03
42                                    -8.3341171930672066e-03        -6.5277919196363637e-02         3.8360454964269722e-02         1.5329947538687931e-02         4.5585447615960582e-03        -4.1495466751164094e-04        -7.9055089627485956e-05        -6.3363418476480773e-05
43                                    -1.5472611045602379e-03         3.2227899466933461e-02         1.1652170913450766e-02         6.4364719955471343e-03         9.5652250676633811e-04        -4.0814872095752928e-03        -2.7899070277962999e-03         8.0015167142959425e-04
44                                    -2.6111194538445239e-03         1.2623318959768728e-02         6.5617544958261860e-03         2.0895612571060311e-03         5.1357932074652126e-04        -2.8109932917232930e-03         1.0262423137975788e-03         3.1514070946258915e-04
45                                     7.5539300737382652e-04         4.5332159959587288e-03        -5.2649046556623915e-03        -2.2470824871925676e-03        -8.8047702338892530e-04         1.5966122354580704e-03         6.5143600254624916e-04        -5.9978467253225679e-04
46                                     4.6810562973301673e-04        -4.8529295425256283e-03        -1.2659869834407600e-03        -1.3849960886948452e-03        -3.9408157951416529e-04         5.1768107261733281e-04        -2.0980788474460219e-04         1.6112872847366509e-04
47                                    -3.7001027391787036e-04        -2.0886574596065311e-03        -1.3883826138908863e-03         9.4114900669820813e-04        -2.1314464068655716e-04        -1.6860964463691076e-04         9.1020971507633152e-04         5.4620805704272819e-05
48                                    -3.4032051687764157e-04        -5.0267484392362595e-03         4.3288844330059478e-04         1.6908987349846191e-05         1.6985595562243406e-04        -4.8347243644216456e-04        -2.0167099360472913e-04         4.1351757718614758e-04
49                                    -7.0072740263313706e-04         7.9704494193191626e-04         2.3391940656222170e-03         4.2253177663806047e-05        -7.7795601641345545e-04        -7.4607016493679268e-04        -3.2165984549808600e-04         4.4204662605525026e-04
50                                    -4.8911369581280061e-04         1.8889239790915183e-04         5.2594181328172494e-05         2.2914964668028798e-03        -3.4335742413091770e-04        -3.1400814838799087e-04        -2.0692336199349732e-04         2.0694016057494095e-04
51                                    -4.3986854073054275e-04         1.6821857901064539e-03         1.1125646386889220e-03         5.3167281435202924e-04        -7.5449646029525277e-04         9.9727649371938196e-05         2.7291071444684390e-05        -1.7382044321063127e-05
52                                     6.2729543838066157e-04        -1.3291736115939960e-03        -2.4230671114667244e-03        -1.0422320500174352e-03         7.7020475838523615e-04         1.8820336151293085e-04         1.4934179345933081e-04        -1.0511062101489476e-04
53                                     4.1560437799504328e-04        -5.4595460885262985e-04        -9.9130644091115368e-04        -5.7769698871512078e-04         3.2524283314498372e-04         1.3156766011425305e-04        -3.9119928437084770e-05        -4.5464894042032041e-05
54                                     8.8640100811303183e-04         2.4217611526295519e-03        -2.7459950490988467e-03        -1.1533061567972369e-03        -6.7964359316105040e-04        -6.6368496522094733e-05        -5.3575136489131671e-05         1.9510149909699977e-04
55                                     1.7830054881788199e-03         1.6670547870687581e-03        -2.9239173698731549e-03        -1.1418004723969240e-03         8.6577930219316275e-04         5.7756367846585534e-04         1.7214155162048847e-04        -4.1447188078289808e-04
56                                     2.0713053259672871e-04         7.9155371271003635e-04        -1.2554017717106474e-03        -7.7136801199582982e-04         3.6665134390581887e-04         1.5257587965125723e-04         3.0234313742949411e-04        -1.7972920597959644e-04
57                                     2.8514666763231563e-03        -1.6179651522660989e-03        -4.7911150517300225e-03        -2.1388521624558332e-03         2.4242404916941505e-03         6.8074075921796225e-04         3.7184941422363038e-04        -6.4874796929490267e-04
58                                    -3.9525607233774985e-03        -1.5484087462543710e-03        -7.1603532009359948e-04        -1.5903199522976187e-04         2.8489772502236402e-04        -8.2723836262818529e-05         2.1231830773654539e-04         2.7469668506364514e-05
59                                     1.5584591286589857e-03        -7.1193009092093132e-04        -2.2304204455287350e-04        -5.5064201252905088e-04         1.9188861000424279e-04         2.2422140015601838e-04        -4.4624528602960230e-04         2.2887539977075477e-06
60                                    -2.5616987728796351e-03         1.3989850370879303e-03         3.4684439932594424e-03         1.5606976768994269e-03        -1.1363296407991728e-03        -4.3293580310871133e-04        -2.2251809706274532e-04         1.9329734126271865e-04
61                                     1.6461897481999184e-03         2.7427751968591117e-03        -1.1479770792316162e-03        -5.1906401114372642e-04        -5.8175842245510468e-04         2.9036064522368880e-04         6.8326186305124522e-05         4.5057637081196078e-05
62                                     3.9666595982083959e-05         1.2497831289273646e-03        -4.9088375670969372e-04        -2.2480392092184338e-05        -2.8983311543066218e-04         7.0502697301994300e-05         1.3026387014535885e-04         2.2971086336890281e-05
63                                     8.0523893705762711e-03         4.8289567095535554e-03         1.2151137910259395e-03         6.0497395747276424e-04        -3.8677080851855531e-03        -7.9800702257849397e-04        -4.2174997475302343e-04         7.6994125245008135e-04
64                                     3.0332654604979942e-03         4.7687397284471283e-03        -1.4208280314209521e-02        -5.6025915611608865e-03         1.5789570134182502e-03         1.0349451078162544e-03         8.5135923223006232e-04        -5.5230742370143942e-04
65                                     1.3612853247142703e-02         2.1190339797406872e-03        -5.7070451901861325e-03        -3.7242804979531448e-03         6.3895323276649178e-04         8.0154795189574018e-04        -4.4943200585720615e-04        -2.2982468158603002e-04
66                                     5.6055342215127632e-02         1.1746632542307529e-02        -6.6514069333006021e-03        -2.6352618155694382e-03        -9.6326208927575638e-04         6.5625680432782486e-04         3.5642920986575424e-04        -1.8246115900085618e-03
67                                    -7.2196567078523136e-02         1.7659241454278798e-02        -1.1916034529852591e-02        -4.1765495868010365e-03         6.6467206148264173e-04        -6.4205876066408124e-04         1.3221494646631481e-03         7.1872724899369280e-04
68                                    -6.1541744931181058e-02         8.0099586472479559e-03        -4.7575180985324553e-03        -3.4671989775830925e-03         4.0408093461212664e-04         1.3399084062705050e-03        -3.0422294819714684e-03         2.7179620249675389e-04
69                                     5.1745652316779567e-04         2.8445505111834510e-05        -1.6348606833863077e-04        -1.2733200787641737e-05         1.0778183416251625e-02         1.8957712006298658e-02         8.7828046492471872e-03        -7.0040373019533919e-02
70                                    -1.6305524785342643e-04        -1.7736789527255103e-03        -1.3802075920820510e-03         9.6075703285368355e-04        -5.5489461016654806e-03        -1.1875523456594407e-02        -5.9699672053282297e-03        -5.3078268395587061e-02
71                                     4.0752666536848976e-04        -6.9528710377928481e-04         9.9645661961887157e-04        -3.1108012700031386e-03        -2.4080245144383582e-03        -5.5885231382837817e-03        -1.5432837605409782e-03        -2.4878095956636363e-02
72                                     6.4530819510096049e-05        -2.0219697746168318e-04        -4.3662731517688576e-05        -1.7829388946091461e-05        -5.2947858193378664e-04         3.9332540896334087e-04         1.8169642527039802e-04         1.7508553483743948e-03
73                                    -1.1793489822353932e-04         6.7835936985339912e-04         4.4477192803521492e-04         2.7262168459380961e-04        -6.3514666776030458e-04        -6.4096696615821211e-04        -3.1692125986930680e-05        -4.0236123587990349e-03
74                                    -2.2647606116023151e-05         3.1550510568612825e-04         2.6355699141508173e-04        -7.5912113380832461e-06        -2.8841560188415112e-04        -2.7178981775016200e-05        -5.9025559033463071e-04        -1.5036620986674867e-03
75                                     9.4283009922407234e-05        -6.2327359283427715e-04        -9.7231101970362063e-05        -5.3542358486734875e-05         4.3411233860099062e-04         3.1783758509956500e-04         1.5232211114057112e-04         6.2032375776722450e-04
76                                     3.3389856856082885e-04        -2.0262977471487043e-03        -7.4867412883879300e-04        -3.9065804592141310e-04         2.3072644667215510e-03         4.7053732455056918e-04         3.1189904432205224e-04        -1.4848826576989980e-03
77                                     1.3939983690008695e-04        -9.2124787105119150e-04        -3.5825721523961309e-04        -1.3542633647714233e-04         1.0470050371686073e-03         2.8126362219658746e-04         5.7309040706087010e-06        -6.8526727680745579e-04
78                                    -4.0531371893750030e-05         3.6028601691040095e-04        -1.1580436626722486e-04        -4.6195943448249606e-05        -5.7664742125100327e-04        -4.4763266383220947e-04        -2.0697743254823991e-04        -8.4023196454541488e-04
79                                     1.0916580647700280e-04        -7.6301195845906371e-04        -5.9164131149895663e-06         2.0110547750481225e-06         7.6023752953018162e-04        -4.4880790233067553e-04         1.0678285435887047e-04         3.9927257664891037e-05
80                                     5.8892886035028026e-05        -3.5751078143954069e-04         9.8308886136357104e-06        -3.2568813111611839e-05         3.7158938290559793e-04         5.9312970586103788e-05        -5.8761982814805854e-04        -1.4378911096407524e-05
81                                     1.0385800702117321e-04        -7.7865158296990325e-04         4.0610978194376840e-04         2.2226369168563791e-04         1.0333789470045391e-02        -4.1845507487255074e-03        -1.7537920989557330e-03         2.3961387569136584e-04
82                                     2.6389145985751083e-06         2.1233049885239046e-03        -1.0775455302791843e-03         1.2853045420947243e-03         1.9603662647475328e-02        -1.1248709530012904e-02        -5.5948975857106516e-03        -2.9403194966490919e-03
83                                     1.9490659224980931e-04         1.0102043275292448e-03         1.2231271487082671e-03        -3.2089647730562708e-03         9.0911309670795217e-03        -5.9399108189094330e-03        -8.3544961064036167e-04        -1.4062836550546125e-03
84                                    -6.1515602211672019e-05         6.6376709592537984e-05         2.5090945949716840e-04         1.3085628051740509e-04         3.7005297229490697e-05        -8.6028889387291689e-05        -3.6757678335488827e-05         8.2324427531811148e-06
85                                     9.0977444114145748e-05         1.8712791047597395e-04        -3.1814302618155926e-04         2.2639075895238551e-04         2.2670778368481727e-05         1.8641952712062087e-05         1.0328157198296115e-05        -4.1364727511857620e-06
86                                     1.2313708378868503e-04         1.0588829344847293e-04         2.2138096851658570e-04        -7.1447483009795271e-04         1.1718810742615402e-05         9.2059061962070126e-06        -2.2146187537640488e-06        -2.9932861790562995e-06
87                                     1.1744014909708967e-04        -2.8017429559748795e-04        -4.0151978362467050e-04        -1.7960804860887934e-04         1.3075938695062333e-04         4.1098002565824444e-05         2.2676367263167006e-05        -1.7030116984910960e-05
88                                     1.4699131765529846e-05         1.6021884136221233e-04        -1.0128892657847504e-04         4.5227177391379173e-05        -3.5780625041287838e-05        -3.6709752803955624e-05         3.8226474323663025e-06         1.8792227168429852e-05
89                                     1.3312755741494549e-05         7.5956139971335496e-05         2.8963450186334310e-05        -1.7971341077881997e-04        -1.4272765115743092e-05         5.3287753412159713e-06        -4.5673634486656141e-05         8.3527375750175456e-06
90                                     9.1984334387269101e-05         1.8962726372617235e-04         1.0857360128115704e-04         5.3388272010126430e-05        -6.6852640061654316e-05        -1.1245730920833419e-05        -7.1874155806712865e-06         2.8263532830738729e-06
91                                     1.1915396657967916e-05        -8.7361579905072576e-05        -1.2831341908524095e-04        -4.3305089054613733e-05         4.2279090717276633e-05         3.2683772675447806e-05         7.4943385307084094e-06        -9.7926142853302481e-06
92                                    -3.4822539706370447e-04        -3.5920994743925952e-05        -3.7100577306197463e-05        -5.1893607094583588e-05         1.7216409290680740e-05         6.2319842883581708e-06         2.1626415951435699e-05        -4.5763685713354390e-06
93                                     3.6717934183087596e-03         3.5269368458716154e-04        -5.7780477343597854e-03        -2.5506979099051237e-03         8.9111294494814643e-04         7.7174518610340060e-04         3.6913762490175167e-04        -1.5924745756608477e-04
94                                    -2.2425925728910417e-03        -1.0356977336011897e-03         1.8926978747287389e-03         7.4033414845143738e-04        -4.4659503519383706e-05        -3.1300253910505519e-04        -5.8564078965200647e-05         2.8161698530473187e-05
95                                     7.8800930752038990e-04        -4.6136700054163528e-04         5.9913013982467898e-04         4.2056948377464424e-04         1.3471251516565276e-05        -3.5405915472599004e-05        -1.9957084521793686e-04         7.9413315241584647e-06
                                                        16                          17                          18                          19                          20                          21                          22                          23

0                                     -9.5233235108632555e-04        -3.8069434172600258e-04         2.8864564853166091e-04        -2.0255074663726468e-03        -9.3160205087303594e-04        -9.7521832177310472e-04         1.0026696773438306e-03         4.3730277487918001e-04
1                                     -1.1484166080139395e-03        -5.0612402415708990e-04         2.2328584145360269e-04        -1.8683837938041990e-03        -8.8940638801908575e-04        -9.0651962796632559e-04         9.3135208802251645e-04         4.0651317351901226e-04
2                                     -5.6028395447901651e-04        -1.5212157041133762e-04         1.0420887318764291e-04        -8.9687303189735495e-04        -3.3559281234145290e-04        -4.2018260315966627e-04         4.3051961808715901e-04         1.8956877060950707e-04
3                                      3.1061150392308664e-03         1.2640243117143497e-03        -4.2498871765418982e-04         5.5637619210263450e-03         2.5627573923026115e-03         2.3025212208065151e-03        -2.5204762911665486e-03        -1.1017940583187087e-03
4                                      5.9703355396677291e-04         4.6429726038280951e-04        -3.2194559070181745e-04         1.3022873655061306e-03         4.5181179678153690e-04         5.1971841444769552e-04        -5.0513109950087653e-04        -2.2609377734858071e-04
5                                      5.3204362065745615e-04        -2.7470895074058644e-04        -1.4046871114235798e-04         5.5744636718876861e-04         5.5702014164995910e-04         2.7476991243667256e-04        -2.7618747637222726e-04        -1.1270724185526919e-04
6                                     -4.0018514209917561e-03        -1.6692333342960119e-03         1.3268243285818018e-03        -5.2311258126389272e-03        -2.3838803730657117e-03        -2.2412508093418945e-03         2.4371048328994684e-03         1.0660316615204036e-03
7                                     -3.1524538918325110e-03        -1.2882970725675408e-03        -1.1635244145318322e-03        -4.8525303695809352e-03        -2.0424758013467253e-03        -1.0686293885341382e-03         1.4497880299924543e-03         6.6662315992608320e-04
8                                     -1.4961456509257772e-03        -7.0589069277662083e-04        -5.3032627142515429e-04        -2.1102011037577484e-03        -1.3311194389684397e-03        -5.1655549434169890e-04         7.2465240363733059e-04         2.5067556745936244e-04
9                                      5.3067379969608131e-03         1.5891941010710972e-03         4.7377597322175308e-03         1.4875044580935503e-02         6.7169021491773860e-03         3.2190601329549502e-03        -4.8045746540594184e-03        -2.1383956448149197e-03
10                                     1.3613138922638358e-02         5.4675023266287526e-03         4.8633594338227445e-03         3.5828215245770970e-03        -3.1008489679748715e-04         2.9816617935392344e-03        -1.8386893504934399e-03        -1.2743716324053135e-03
11                                     5.3963443533838786e-03         4.3932866848668296e-03         2.1995588629627749e-03        -1.4851245865371500e-04         4.3663898459296701e-03         1.3971994192946058e-03        -1.4120631961129645e-03         4.7496294140860504e-04
12                                     1.1522421621308987e-01         5.0076187897386451e-02        -5.4725403186826546e-02        -6.8587944727797855e-03        -3.8998341292634710e-03        -2.2067066361689223e-03         1.8069781156144476e-03         6.4566914394401011e-04
13                                    -1.9443690370494748e-01        -6.1089581413843699e-02         3.6595932482550407e-02         4.1258282587077186e-02         2.0729763709925547e-02        -5.0573676144498262e-03        -2.8569834409505291e-03        -4.6705080168986833e-03
14                                    -6.0445548726558981e-02        -8.4189934382241885e-02         1.5765306344760185e-02         1.9954353890945787e-02         6.4515385966285518e-03        -2.4215770347028732e-03        -4.5698919134047524e-03         5.1156742243709599e-03
15                                     4.6553201487648660e-03         1.1074021654837583e-02        -3.1856644693327391e-01        -2.4381626907164861e-02        -1.5242315720528300e-02        -4.5654435969954651e-02         2.6958940594663597e-03         4.5424722434868683e-04
16                                     6.3171940522237358e-01         2.3627870120629169e-01        -8.9943181701889516e-02        -1.3525397264228026e-01        -3.9763202077500164e-02         3.4747756754388348e-02         7.9699912637332011e-03         3.9852878697032093e-04
17                                     2.3627870120629169e-01         2.2153371554428192e-01        -4.5129188578476830e-02        -3.8642679941158602e-02        -6.9437262258930835e-02         1.4917595439117231e-02         3.5004106596767809e-05         8.1882472045292642e-03
18                                    -8.9943181701889516e-02        -4.5129188578476830e-02         7.3088701396804767e-01         4.0614052839546347e-03         1.0978244069886300e-02        -2.3441699638627289e-01         1.1689663650511385e-01         5.0172555948828274e-02
19                                    -1.3525397264228026e-01        -3.8642679941158602e-02         4.0614052839546347e-03         6.1562693747052988e-01         2.1971122611263097e-01         7.4611131945760897e-02        -1.6998264937479121e-01        -5.7257610924503238e-02
20                                    -3.9763202077500164e-02        -6.9437262258930835e-02         1.0978244069886300e-02         2.1971122611263097e-01         2.3333138779912782e-01         3.1013379053399626e-02        -5.6660881455091336e-02        -6.7294229453319351e-02
21                                     3.4747756754388348e-02         1.4917595439117231e-02        -2.3441699638627289e-01         7.4611131945760897e-02         3.1013379053399626e-02         3.8450460341951465e-01         1.3195681209725453e-02         1.1564357888415998e-02
22                                     7.9699912637332011e-03         3.5004106596767809e-05         1.1689663650511385e-01        -1.6998264937479121e-01        -5.6660881455091336e-02         1.3195681209725453e-02         5.6411423468839283e-01         2.4327198495048835e-01
23                                     3.9852878697032093e-04         8.1882472045292642e-03         5.0172555948828274e-02        -5.7257610924503238e-02        -6.7294229453319351e-02         1.1564357888415998e-02         2.4327198495048835e-01         1.3938998795664939e-01
24                                    -3.2444205126341052e-02        -1.4682308441462687e-02        -1.1569145808271532e-01        -7.7238270730933645e-02        -3.6180081575880110e-02        -4.3002348557892450e-03         4.7361013313646137e-02         2.1369110202738704e-02
25                                     2.9277355456168285e-03         3.8912483023760755e-03        -8.1470115636921824e-03        -2.5278107501290631e-01        -9.4241707407065417e-02         8.1887913189738690e-03        -4.4782956406841226e-02        -2.3198560557490783e-02
26                                     4.4898300089278587e-03        -6.4192482552451260e-03        -4.7136822618870575e-03        -9.5260852033078991e-02        -8.8867552968187047e-02         3.5561919656350166e-03        -2.2579610051211743e-02        -3.7037504693790517e-03
27                                     2.1089386017784416e-03         9.9351789672175519e-04        -3.3517641086250438e-02        -1.5202888236996497e-02        -7.4319260192714474e-03         1.0891259808099883e-02        -3.1621690880821599e-03        -1.4471101031005955e-03
28                                    -4.5908264343114871e-03        -4.4569299190439660e-03        -5.1251647044627188e-02        -1.3872766600487474e-02        -8.8000217732500281e-03         1.0395997795162172e-03         2.3952126655236864e-03         2.6378689020453571e-03
29                                    -4.5208681600953848e-03         3.4190062906152849e-03        -2.3918462086916292e-02        -8.2620031049938595e-03        -2.4485710260100865e-04         5.1691109162665190e-04         2.5418486654153346e-03        -2.1571590523444149e-03
30                                     1.9070755666163664e-02         7.8311207522264170e-03         4.9526725044436198e-02         4.6155222980173924e-02         2.2011660578278233e-02         1.2644974846104393e-03        -1.3013165122194036e-02        -5.9622474202535658e-03
31                                     2.7680374011764680e-05        -2.9673213390715297e-03         1.0536485001829705e-02        -4.3392758419988263e-02        -1.2480890887259892e-02        -7.8114985608733270e-03         5.5559318294753877e-03         6.5148290728595393e-05
32                                    -2.8981415991438178e-03         5.7442039785800172e-03         5.7868296844167944e-03        -1.1913014289227551e-02        -2.0919707263878089e-02        -3.6098649019492626e-03        -3.9296058458014333e-06         5.0690559445205185e-03
33                                    -2.7250291388740589e-03        -1.2038595649129468e-03        -7.2147342401911955e-03         1.0832804889037817e-03         2.8373856498527678e-04         1.0016996742917388e-03         1.7692934198190883e-03         8.1800747425571504e-04
34                                    -5.2279931934433397e-03        -1.7809686622645138e-03         5.6504761810741051e-03         1.3517122053923273e-02         3.7089091403131442e-03         1.9579339668938192e-03        -5.4102610228878283e-03        -2.3864716147844575e-03
35                                    -1.7036721151399057e-03        -2.3976978401908742e-03         2.4038041052425792e-03         3.6413927840673000e-03         7.1419881984873517e-03         9.0129183472962161e-04        -2.4163567728457910e-03        -1.1386981005950148e-03
36                                     8.2288892059942352e-03         4.2683363632182690e-03        -1.8046395808923903e-02        -2.2988263653520535e-02        -1.0895003358960431e-02        -5.2787963023497760e-03         7.2918354895581457e-03         3.2667751160206379e-03
37                                    -4.0522970421405208e-02        -1.9782019720332208e-02        -2.8329022307420165e-02        -2.2509861816405932e-02        -1.3824934747926721e-02         3.1803226727045979e-03         1.2465044584710307e-04         8.1300039696582179e-04
38                                    -2.0231348497196794e-02        -4.6366373939549302e-03        -1.3276392075410768e-02        -1.3788734423231952e-02         3.7802848652470668e-04         1.3767071543945798e-03         8.9362320215806109e-04        -1.1211947802432136e-03
39                                    -6.2078682282666157e-03        -2.9210149334695018e-03        -7.9855625549651486e-04        -2.0455081323250317e-03        -9.1270107081829993e-04        -3.1415379383618863e-03         2.2120442540589057e-03         9.6782392006593472e-04
40                                     6.8500426686712813e-04        -5.8718569927959673e-04         4.4116617261353371e-04         1.5531223378984123e-03         5.6004235071340836e-04         2.0315951582291870e-04        -4.3101927418035088e-04        -6.4298339297819468e-05
41                                    -6.8373029528798136e-04         1.5796521739800920e-03         1.8760629088511666e-04         5.1966181911968510e-04         5.6297922086137586e-04         3.0059122153313673e-05        -1.8129259951580459e-05        -2.9691749645691286e-04
42                                     2.7445412890318038e-04         8.5093689770989302e-05        -1.4018617124162081e-04         9.7082503603708448e-04         4.2937742067618301e-04         1.0063054571459833e-03        -8.7198252874561412e-04        -3.7574763381601888e-04
43                                     5.3062347560447619e-04        -1.1402460608703693e-04         2.8446931293239666e-04        -1.0538646840405278e-03        -4.3695302649470716e-04        -2.6182937614477336e-04         3.8671442674990486e-04         2.3870422937482624e-04
44                                    -1.5062886121957841e-04         8.0326169210064111e-04         1.3937900142455066e-04        -3.7168965222578979e-04        -2.8244639739356554e-04        -9.2180491361538305e-05         2.1619613062808532e-04        -5.5576278357636052e-05
45                                    -5.4166476355870690e-04        -2.4589989778104791e-04         3.1274860082547375e-04        -3.5013889414844897e-04        -1.5292803035978682e-04        -5.4010830061004779e-04         4.0290813263000138e-04         1.7439460282251779e-04
46                                    -6.6743052877109451e-05        -1.5591788353711082e-05        -2.0092104490528970e-04         7.6521130921579399e-05         6.3266722542242590e-05         1.1508994713893246e-04        -1.0461292011656030e-04        -4.7370683963727427e-05
47                                    -2.7373819483297204e-05        -5.0006783195555822e-05        -8.1671921112103378e-05         5.7139928633002238e-05        -4.0439032906330245e-05         3.8560261971483633e-05        -3.9102251535753875e-05        -1.3396297996505447e-05
48                                     2.2943620615132893e-04         1.0372209441578405e-04        -3.0957102577265904e-04         2.0669457168978513e-04         9.1641965832931751e-05         3.5699917096894998e-04        -2.6929289172365176e-04        -1.1705193457607575e-04
49                                    -1.8529144508666389e-04        -5.3686684342177301e-05        -4.6272642386403762e-05        -7.2449263499927341e-04        -3.2153123474293831e-04        -2.0021819673753940e-04         2.6497436231118492e-04         1.1052618409151755e-04
50                                    -6.2027436412396788e-05        -5.5802720526949064e-05        -2.7730319211435775e-05        -3.0636380076700770e-04        -1.6721316418165106e-04        -8.1395544513330180e-05         1.0629195999508151e-04         5.9187839410489930e-05
51                                    -3.1496972395991834e-04        -1.3412636940616113e-04         1.3464506416169172e-04        -5.3123192556579421e-04        -2.4233816412208301e-04        -3.3438550624007387e-04         3.0912869214310833e-04         1.3468691590710937e-04
52                                     2.9090816847091163e-04         1.2429823456121464e-04        -1.1052780819606158e-04         6.2579094999912102e-04         2.8097611224817663e-04         3.1801744660420899e-04        -3.1791170224288552e-04        -1.3908750989561581e-04
53                                     1.2587204110535408e-04         4.3403331049100965e-05        -4.6234309951638863e-05         2.5911865181499046e-04         1.3023936415886367e-04         1.3292581650499989e-04        -1.3389128199241918e-04        -5.7531318272526662e-05
54                                    -1.3228588277789700e-04        -5.3352583549522940e-05        -5.6277218795395406e-05        -3.4946206218981144e-04        -1.5944151422137058e-04        -1.3394944469361943e-04         1.4888833117428780e-04         6.5138473610325110e-05
55                                     1.6962612122706547e-04         6.6801553022825992e-05         9.4731559688702581e-05         5.3296785947820114e-04         2.4586674027623557e-04         1.0712580311220163e-04        -1.6824852589518533e-04        -7.3184851452037141e-05
56                                     7.4074602060757161e-05         2.5736868023967455e-05         4.0653451437517907e-05         2.3077096395635865e-04         1.0753592750212997e-04         4.5694435044993777e-05        -7.1747625376919550e-05        -3.3163017919610532e-05
57                                     6.0140439818793590e-04         2.4354554248836728e-04         4.1616232408346097e-05         1.3417983464637496e-03         6.1814010076497730e-04         4.8852061909840155e-04        -5.6592790137819737e-04        -2.4783369043695385e-04
58                                     1.0908958785338314e-04         3.5344339709943287e-05        -9.7850579413989708e-05         3.0837190203900257e-04         1.5616542640212332e-04         1.7783002025926987e-04        -1.6254518002741970e-04        -7.5289466717320854e-05
59                                     5.3410234326113138e-05         4.2090824644941388e-05        -4.4555881108476771e-05         1.8018842064187031e-04         4.2167371114376593e-05         8.9404368260795949e-05        -8.8623795861894475e-05        -2.8005691307064769e-05
60                                    -3.4224842594360446e-04        -1.4088357229142146e-04         1.0553384611732434e-04        -7.2473916813891226e-04        -3.3154305526705179e-04        -3.6015625466427495e-04         3.6478510945993429e-04         1.5896914845707239e-04
61                                    -1.8867246477034168e-04        -8.8600597752591849e-05         2.6220707306514224e-05        -3.1163283013446508e-04        -1.3773426082420461e-04        -1.7830035357944068e-04         1.7295898485997175e-04         7.6401591003159405e-05
62                                    -9.9899419885328384e-05        -2.7957394568656411e-05         1.5326222507061762e-05        -1.5234510264760040e-04        -7.9442884140386964e-05        -8.8452611216707739e-05         8.7287458192032404e-05         3.6186380844667728e-05
63                                    -7.5294247387311809e-04        -3.0229464329087466e-04        -1.0892822291109420e-05        -1.8563230663576555e-03        -8.4715287660781357e-04        -6.9562813298557589e-04         7.8712585735216871e-04         3.4501208947435339e-04
64                                     4.8841389475980123e-04         2.3414423027015360e-04        -1.5427772401865978e-05         1.0461392296086760e-03         5.1264841087852932e-04         3.3903132878342713e-04        -4.2494475294042774e-04        -1.8445442347090810e-04
65                                     2.4649241615475737e-04         2.1324266115729416e-05        -1.1468505464610983e-05         4.4707077391764984e-04         1.4169102756839136e-04         1.3748675614240306e-04        -1.7136487479976967e-04        -7.6556713670942808e-05
66                                    -1.8738300547634645e-03        -8.1660547091889110e-04        -2.4151644270003071e-04         1.0789656597066162e-04         5.6137592854577979e-05         1.5148249486513670e-04        -5.5284441523993291e-05        -2.2469588437795416e-05
67                                    -2.6525446548026927e-04        -3.6773714291689081e-04        -3.5980623931190824e-04         4.5218807907061015e-04         4.1114938016345386e-04         1.8031901568157135e-04        -1.1197884936024665e-04        -4.3862011418875686e-05
68                                    -3.7118764378711816e-04         3.6679585248246423e-04        -1.6857425396422509e-04         4.0520836119841872e-04        -3.0516575466696839e-04         8.0564227888549377e-05        -4.6963556295848691e-05        -3.0598744971394802e-05
69                                    -5.2304432782012217e-02        -2.4460908032462137e-02        -3.5316943901348820e-03        -2.6774934414959511e-02        -1.2316797541145926e-02         3.3499264436740103e-03        -1.0443248282932787e-03        -3.6577120504790875e-04
70                                    -2.7662523107671844e-01        -1.1325144831613398e-01         2.1818614236621958e-03        -4.6478598951373643e-03        -4.0082268054534125e-03         6.3127805971988776e-04         1.2365624544786536e-03         2.4195983338290328e-03
71                                    -1.1316098677764845e-01        -8.2597483503130398e-02         9.5174850955402623e-04        -4.4293212555244245e-03         2.2217019496437291e-03         4.0644719248747723e-04         2.3997727140534697e-03        -2.9473746380540532e-03
72                                     2.0621919840712846e-03         1.2374150556936215e-03         6.6898315406729979e-03         3.7106632017842985e-02         1.7048732783040213e-02        -1.0891432000877282e-01        -1.7319284928522055e-01        -8.0260924374711134e-02
73                                     4.3576482652623299e-03         2.2356536086024625e-03        -5.4626334365787989e-03        -3.0131938552901527e-02        -1.3139898625712687e-02        -1.2533868880462345e-01        -3.5855083509311148e-01        -1.6209898712401205e-01
74                                     2.4449314701740291e-03         5.4218851036557498e-05        -2.1969744559137295e-03        -1.2594404861564105e-02        -7.3518452935513101e-03        -5.8477007129335221e-02        -1.6295025694772608e-01        -7.9564715595286023e-02
75                                    -1.0258042055572975e-03        -4.7661157419844914e-04        -6.5901812524517605e-03        -2.7237392623674812e-04        -2.3391392979310848e-04         3.9471167442142198e-05         1.5475199694273225e-03         6.9923065392410628e-04
76                                    -2.2962831784071957e-04        -7.4008516642386083e-04         2.5931275455418380e-03         2.3206991282246660e-03         6.5439394065764343e-04        -1.1761441109734124e-03         8.3963608074328331e-04         3.7951342374609653e-04
77                                    -7.3903540956949017e-04         1.0137315123426153e-03         1.0748225292946407e-03         6.2000535055374041e-04         1.2333358162420008e-03        -5.3619797136163932e-04         4.1969377234132377e-04         1.4432860266831994e-04
78                                    -3.3466248340977705e-04        -1.6834249211944847e-04         1.0048534867894829e-03         9.6836145683819232e-04         4.4223072749904674e-04         8.9556964520602351e-05        -4.3795126201126599e-04        -1.9363889899431691e-04
79                                     7.7870585266380749e-04         3.7207671314735166e-04         1.6808150589663318e-03        -5.3329062483569107e-04        -1.0017968194298531e-03        -6.9031285223361224e-04         1.4188715636000550e-04         1.6127702091676345e-04
80                                     3.6971264468277430e-04         1.3849916098868621e-04         7.6032680674271774e-04        -1.0025824652675737e-03         1.2824871521156314e-03        -3.2089308206164632e-04         1.8347324537986164e-04        -1.5652729190629032e-04
81                                    -1.9858855504244835e-03        -9.9099810454562724e-04        -6.2437306306300285e-04        -1.0138976341064832e-03        -4.3769576844515266e-04         1.7395249232431961e-04         9.9518039584505749e-05         4.9090108691454009e-05
82                                    -2.3722383902089368e-03        -3.4885751901870543e-03        -6.1010697339539469e-04        -2.6576204481820439e-04         5.8369381358755988e-04         1.7241119500648012e-04         5.0618483026911921e-05         1.0475476987870395e-04
83                                    -3.4734542653660806e-03         3.5552892336855576e-03        -2.7456404643758829e-04         5.6309089420312304e-04        -1.3170212429089215e-03         7.8970663409769025e-05         1.1067974946611238e-04        -1.2228400215823161e-04
84                                     8.6953571821169902e-06         3.6502395676019290e-06         5.9783949427642320e-06        -4.7686914261326900e-06        -2.3195623892564338e-06         3.7837727695849837e-06        -1.1806663315704601e-06        -3.2093567863511950e-07
85                                     1.6704179621465686e-05        -4.0969374217723100e-06        -5.0959010638538659e-06         2.3260533263357372e-05         9.4336496587252560e-06         7.6474448132276499e-06        -9.0655343662062273e-06        -1.2973970846800155e-06
86                                    -4.2400403705394039e-06         2.4221480896610996e-05        -1.4113475160053832e-06         9.4457471329804647e-06         6.5223712352550606e-06         3.2005145375573229e-06        -1.1178848680935350e-06        -6.5334158182070153e-06
87                                     4.7578169334534050e-05         1.9592657926329836e-05        -2.0558550757869028e-05         1.1040115196527008e-04         5.0353437555989112e-05         5.7360226420918371e-05        -5.6929959436456901e-05        -2.4865836317284919e-05
88                                    -5.9805020684284378e-06        -2.8396730450860175e-06        -2.1252508478733679e-06        -2.8897216606559727e-05        -1.5694784840825538e-05        -9.3909252334832159e-06         1.1503536128352225e-05         5.3358659268463903e-06
89                                    -2.8773506756719246e-06         5.7166561895346049e-07        -1.3667200498168059e-06        -1.4578138159420246e-05        -1.1137097494680201e-06        -3.5287454740873073e-06         4.8836878379010408e-06         1.4689341539039910e-06
90                                    -2.2667458625702714e-05        -9.0766172888763518e-06         9.8358321511147969e-06        -4.9129010887495871e-05        -2.2558888405001566e-05        -2.6518075483138307e-05         2.5575058925928466e-05         1.1151188489623143e-05
91                                     7.9587448060499722e-06         6.3252231296116480e-06        -1.9865483308650452e-06         3.6641041273909675e-05         1.2969191207906066e-05         1.2436514204565945e-05        -1.3885009752746604e-05        -5.9843536846613014e-06
92                                     6.6587791679445332e-06        -5.3286878412387538e-06        -4.6102815671597024e-07         1.2135489522724414e-05         1.4118591442106420e-05         5.1362661577098121e-06        -5.8299675379604637e-06        -2.7484395181577847e-06
93                                     2.8238106854767779e-04         1.1228991805457879e-04        -1.4414008507066531e-04         6.4578080184868162e-04         2.9543539042070009e-04         3.1924239395364658e-04        -3.2168629022735827e-04        -1.3989875526360530e-04
94                                    -1.7090828191837647e-05        -6.5344068779330677e-06         2.9861366521864851e-05        -5.1416679672917486e-05        -2.7507677789667361e-05        -2.4849193296371794e-05         2.5701041813097909e-05         1.0922311314906920e-05
95                                     9.8313338406398056e-07         2.8238179157464857e-06         8.4644757579302396e-06        -5.8567973104990390e-06         5.8769174929005247e-06        -5.0223075800480269e-07         7.6754625746469185e-07         3.2367280488049667e-07
                                                        24                          25                          26                          27                          28                          29                          30                          31

0                                      3.2696180371420175e-03         3.2647469566588329e-04         1.9038273881330189e-04        -3.3700687655848975e-03        -1.2088126676409196e-03        -5.9894933229124290e-04        -1.9333775785545456e-03         1.9175630466007536e-03
1                                      3.0042706071400698e-03         2.5544570006592795e-04         1.7906533711201339e-04        -2.9919325144486721e-03        -1.0721770808401663e-03        -5.3535207429579652e-04        -1.8500171317696313e-03         1.9510500110973624e-03
2                                      1.3883432980141093e-03         1.4550633118903540e-04         2.4114570310593543e-05        -1.3841912496578533e-03        -4.9882774562776621e-04        -2.4097514745587470e-04        -8.5060468594184199e-04         8.3240559378427244e-04
3                                     -8.9327255891180051e-03        -7.5043479950105707e-04        -4.5993048828943053e-04         9.1172549098280965e-03         3.2736391555702087e-03         1.6246267438249017e-03         6.1149721202512046e-03        -5.4530865023402477e-03
4                                     -1.4317459966035340e-03        -1.1227389669190795e-04        -2.1186379862923188e-04         1.5427178482912288e-03         5.8207918829428055e-04         3.3878798445627096e-04         1.0245928760253221e-03        -1.5007314518407987e-03
5                                     -7.8973027678225997e-04        -2.2969354579872948e-04         2.2095616469236829e-04         8.4269762742980787e-04         3.6606039951357606e-04         6.8317979934989683e-05         5.4591783786590332e-04        -4.0356135799364659e-04
6                                      8.8873174686165991e-03         1.0637790661695230e-04         1.4488201419963142e-04        -8.8112619524729728e-03        -3.1232796758613197e-03        -1.5473415591202074e-03        -6.4964368832095519e-03         4.3509533968621381e-03
7                                      5.2614265791146621e-03         1.3086103934923539e-03         5.5904397355438463e-04        -4.9421911594631999e-03        -1.9032134912075086e-03        -9.3234707600234139e-04        -4.2393404641435026e-03         3.3637764081450379e-03
8                                      2.5074557815360637e-03         5.0307350636603714e-04         4.8633996296284403e-04        -2.3703560280781814e-03        -8.9824929599477323e-04        -4.6801795959473455e-04        -2.0018165899628594e-03         1.5984764942159702e-03
9                                     -1.5610763878448293e-02        -4.4948713200363109e-03        -2.2336772043310576e-03         1.4690526243149340e-02         5.5307219589159099e-03         2.7467452626078739e-03         1.1462812769123072e-02        -8.0550066997511112e-03
10                                    -4.8348427415444021e-03        -3.8492465792584673e-03        -1.3224646915384127e-03         4.9644394302991437e-03         2.0191371889859947e-03         1.0820260123654019e-03         4.0143405732233559e-03        -6.7058749244322561e-03
11                                    -2.4111504398921161e-03        -1.3228522312630970e-03        -1.7581294493221266e-03         2.4812271116413111e-03         1.0902576022710434e-03         3.4764549799114728e-04         1.9201935553127027e-03        -5.3853648726286674e-03
12                                     1.3206393619716740e-02         1.9138183238550252e-02         8.7972272412942150e-03        -1.6645220606700824e-02        -6.8473375239605410e-03        -3.3502897797909048e-03        -8.7349684571209479e-03        -2.8870878730087954e-02
13                                     1.8249065064107266e-02        -4.1042936075904882e-02        -2.1426201951652530e-02        -4.0562472789581836e-03         2.6882086500504374e-04         8.4149228774366060e-04        -7.1375227274694711e-02         3.2563998423113805e-03
14                                     8.4122677251334821e-03        -2.1319643274531584e-02        -3.0311264002342983e-03        -2.0676479441449529e-03         8.0932013399069092e-04        -1.4094107833522954e-03        -3.2612930056991514e-02         2.1216782905196657e-03
15                                    -2.2777645723591373e-03        -6.7600832103068026e-02        -3.0724679970873123e-02         9.3433392664292198e-03         7.4743168930307786e-03         3.4527018564013898e-03        -4.6668692114881602e-02         1.2485915963205417e-02
16                                    -3.2444205126341052e-02         2.9277355456168285e-03         4.4898300089278587e-03         2.1089386017784416e-03        -4.5908264343114871e-03        -4.5208681600953848e-03         1.9070755666163664e-02         2.7680374011764680e-05
17                                    -1.4682308441462687e-02         3.8912483023760755e-03        -6.4192482552451260e-03         9.9351789672175519e-04        -4.4569299190439660e-03         3.4190062906152849e-03         7.8311207522264170e-03        -2.9673213390715297e-03
18                                    -1.1569145808271532e-01        -8.1470115636921824e-03        -4.7136822618870575e-03        -3.3517641086250438e-02        -5.1251647044627188e-02        -2.3918462086916292e-02         4.9526725044436198e-02         1.0536485001829705e-02
19                                    -7.7238270730933645e-02        -2.5278107501290631e-01        -9.5260852033078991e-02        -1.5202888236996497e-02        -1.3872766600487474e-02        -8.2620031049938595e-03         4.6155222980173924e-02        -4.3392758419988263e-02
20                                    -3.6180081575880110e-02        -9.4241707407065417e-02        -8.8867552968187047e-02        -7.4319260192714474e-03        -8.8000217732500281e-03        -2.4485710260100865e-04         2.2011660578278233e-02        -1.2480890887259892e-02
21                                    -4.3002348557892450e-03         8.1887913189738690e-03         3.5561919656350166e-03         1.0891259808099883e-02         1.0395997795162172e-03         5.1691109162665190e-04         1.2644974846104393e-03        -7.8114985608733270e-03
22                                     4.7361013313646137e-02        -4.4782956406841226e-02        -2.2579610051211743e-02        -3.1621690880821599e-03         2.3952126655236864e-03         2.5418486654153346e-03        -1.3013165122194036e-02         5.5559318294753877e-03
23                                     2.1369110202738704e-02        -2.3198560557490783e-02        -3.7037504693790517e-03        -1.4471101031005955e-03         2.6378689020453571e-03        -2.1571590523444149e-03        -5.9622474202535658e-03         6.5148290728595393e-05
24                                     7.1930368552453161e-01         5.6369060387810727e-03         1.1438464483228104e-02        -3.1405426603023390e-01        -6.7852063167059912e-02        -3.4889681377095222e-02        -2.1344174778285407e-01         1.2821414283947538e-01
25                                     5.6369060387810727e-03         6.4991106486381622e-01         2.4553066535897905e-01        -2.5540516202481139e-02        -1.0831582894114725e-01        -3.3128070503931933e-02         5.5353438422874129e-02        -1.7256748054779003e-01
26                                     1.1438464483228104e-02         2.4553066535897905e-01         2.2239134913281206e-01        -1.5762883419464149e-02        -3.3716799206924095e-02        -5.1967496896343161e-02         2.2914344719588059e-02        -5.5344644718986549e-02
27                                    -3.1405426603023390e-01        -2.5540516202481139e-02        -1.5762883419464149e-02         4.2852008798506408e-01         7.1585882695560238e-02         3.8520574060814314e-02        -6.6011940339605502e-02        -1.2706998957169605e-02
28                                    -6.7852063167059912e-02        -1.0831582894114725e-01        -3.3716799206924095e-02         7.1585882695560238e-02         5.1793902571520145e-01         2.2283884037767282e-01         1.4161899607686056e-02         6.1527866741655154e-03
29                                    -3.4889681377095222e-02        -3.3128070503931933e-02        -5.1967496896343161e-02         3.8520574060814314e-02         2.2283884037767282e-01         1.3080713791162082e-01         5.3423170810870824e-03        -3.2568888400045793e-04
30                                    -2.1344174778285407e-01         5.5353438422874129e-02         2.2914344719588059e-02        -6.6011940339605502e-02         1.4161899607686056e-02         5.3423170810870824e-03         7.4846246284112039e-01         6.3965180049242332e-03
31                                     1.2821414283947538e-01        -1.7256748054779003e-01        -5.5344644718986549e-02        -1.2706998957169605e-02         6.1527866741655154e-03        -3.2568888400045793e-04         6.3965180049242332e-03         5.9928466638248445e-01
32                                     5.6123205558554205e-02        -5.6531097923548684e-02        -7.1942137846555509e-02        -6.8337660202103870e-03         1.6640125830016277e-05         6.4534971225665184e-03         1.2028907665114351e-02         2.1434508367123728e-01
33                                     4.4310869190774885e-03         2.7510042491214574e-02         1.2509213823422793e-02         7.9293290292634204e-03         6.6389103937764399e-03         3.2122400617653683e-03        -1.3112442042907449e-01        -3.4952714374209798e-02
34                                    -7.7564173275884787e-03        -5.8838674874017186e-02        -3.0267424474742587e-02         3.1265298038186604e-03         2.7542990468214824e-03         2.9376434908581625e-03        -7.6915236506602633e-02        -2.4780491392825368e-01
35                                    -3.7378667263553000e-03        -2.9679788361060590e-02        -6.4579557245537482e-03         1.6480666393429927e-03         3.0211981887380036e-03        -2.0466942621531611e-03        -3.6265706773724912e-02        -9.5325717957080891e-02
36                                    -5.1401791937107921e-02         3.7414285246400128e-02         1.6376431898426431e-02         8.3430081846133583e-03         3.0299718182891866e-03         1.4086611220969847e-03        -3.3396209657746867e-01        -7.3527352134687640e-02
37                                     1.4194872874931791e-03         4.2002468361368554e-02         2.2609888840895286e-02         7.9336569362729332e-03        -2.4919204613152350e-03        -4.4398609543214989e-03        -8.1483443032189032e-03        -1.2616106423420437e-01
38                                     2.6065103888660290e-05         2.3171862994475462e-02         3.0087985537204376e-03         3.5882651430395275e-03        -4.5308099486394459e-03         5.4903424755117034e-03        -8.2902694797711701e-03        -3.5341216606871513e-02
39                                     3.3451297529382305e-03         2.3033369435792165e-03         1.0978675697962527e-03        -3.8738846847537964e-03        -1.4732450649951676e-03        -7.3285663084887687e-04        -1.4412794527838418e-04         3.5824644556115720e-03
40                                    -1.6663433756319845e-03        -6.2769577870655264e-04        -2.8559882716555965e-04         1.1082302921578023e-03         5.4211753652045084e-04         2.4033500835804429e-04         9.2488325391404933e-04         1.8081959766181937e-04
41                                    -6.9401518842492375e-04        -2.1062686869012382e-04        -1.5252278844624659e-04         4.2771101020002415e-04         1.9343960940329787e-04         1.4499804149361765e-04         4.3725509008019049e-04         2.0364585459197078e-04
42                                    -6.1870752312362387e-04        -7.6945094909425650e-04        -3.6873762622808464e-04         8.0633524164834796e-04         2.6352004336866234e-04         1.3700964472301730e-04        -7.5695588741140425e-04        -8.9425939675063181e-04
43                                     1.1866855079813194e-03         4.2539727230310402e-05        -6.0137731129840722e-05        -1.4911120809701715e-03        -4.9646204900165238e-04        -2.0564208605879062e-04        -7.5759897833865884e-04         1.1929650563316278e-03
44                                     5.0391842263588745e-04        -1.1067681930480690e-04         1.6774463777624018e-04        -6.3269670977213633e-04        -1.6784242881788812e-04        -1.7757957347195265e-04        -3.6330878680433274e-04         4.8962390991169093e-04
45                                     7.9410769648781214e-04         1.3382167750310814e-04         7.1773827178901809e-05        -8.6610157771020843e-04        -3.0976914882966132e-04        -1.5349668720670613e-04        -1.5741629844951284e-04         5.9850694964667852e-04
46                                    -1.8574933680348408e-04         3.9899493250337200e-05         3.3361280576345145e-05         2.1265071426078115e-04         6.8434431756204278e-05         2.7635818708967498e-05         9.4039044090684200e-05        -1.9284429113249722e-04
47                                    -6.6840680718209005e-05         3.9530527444157106e-05        -2.2412995010848188e-05         7.7379743539699651e-05         1.7873419478556250e-05         2.3223272381075612e-05         4.1495004391896604e-05        -7.8225828282333160e-05
48                                    -4.9716474365894586e-04        -1.8963045825498332e-05        -1.4925990194924018e-05         5.6505734697137643e-04         1.9308979292777527e-04         9.5449438136103272e-05         1.2764349006317698e-04        -4.3950799959119888e-04
49                                     8.9459290914161197e-04         2.0426293522553171e-04         9.9971187353585481e-05        -9.8841965443623300e-04        -3.6520260031501039e-04        -1.8049059612250165e-04        -4.9832746302353316e-04         5.4606262704806792e-04
50                                     3.8713155392937403e-04         8.6250373895757423e-05         5.4592003975656740e-05        -4.2726896928915791e-04        -1.5759676419510710e-04        -7.9765909958501730e-05        -2.1884864911334725e-04         2.3418326103791468e-04
51                                     8.5457180481247430e-04         1.2598602299584196e-04         6.8072648906526963e-05        -9.3860223421102815e-04        -3.3735501665504953e-04        -1.6738393116088126e-04        -4.0217812217247309e-04         5.8956504340430035e-04
52                                    -9.4958333667007674e-04        -1.3998977410528354e-04        -7.4387588708843262e-05         1.0402317642142216e-03         3.7644631807628732e-04         1.8650679987893530e-04         4.9073087030739200e-04        -6.3253904291273532e-04
53                                    -4.0060880316963746e-04        -5.7846239259756154e-05        -3.3937352682212296e-05         4.3818217718076828e-04         1.5855099779025545e-04         7.9057098066843165e-05         2.0759647396827126e-04        -2.6709639281343454e-04
54                                     3.4112263199622620e-04         1.6727959691992708e-04         8.0957545432196117e-05        -3.8303667848490721e-04        -1.4699381127215638e-04        -7.3184145601446436e-05        -1.0684731864320850e-04         2.1418594932347067e-04
55                                    -6.9853116128337431e-04        -1.3839570734233594e-04        -7.3190802967887841e-05         7.3389964355914520e-04         2.7188432263612042e-04         1.3530669425930399e-04         4.7261134063924544e-04        -3.9041886284895056e-04
56                                    -3.0533503105521098e-04        -5.9959375320534457e-05        -2.8214804214317846e-05         3.2045388081157554e-04         1.1899360554359521e-04         5.8053112205867530e-05         2.0833237197538296e-04        -1.6646400483465450e-04
57                                    -1.8600225302824902e-03        -3.4135184175004965e-04        -1.7824294618383189e-04         1.9746606891203403e-03         7.1938354718984940e-04         3.5620977418580283e-04         1.1289190048129388e-03        -1.1512539990394240e-03
58                                    -4.0264939330685463e-04        -9.7517437540510681e-05        -2.5000763760417691e-05         4.5113156801787028e-04         1.7783518581797203e-04         7.0409788272831201e-05         1.5068132972128993e-04        -2.6536766541155476e-04
59                                    -2.1948963500296765e-04        -2.2207180558480950e-05        -6.6914753632377983e-05         2.4297107849238978e-04         7.6929329333391729e-05         7.7181208469646824e-05         9.7507514950974060e-05        -1.1410034165013714e-04
60                                     1.1030169978572695e-03         1.5302705894630717e-04         8.3041318475997588e-05        -1.1820738332661209e-03        -4.2533206722694520e-04        -2.1029752038968699e-04        -6.1209420468394545e-04         7.2108263373314306e-04
61                                     4.3283491219712453e-04         1.0771154995493961e-04         4.6742492556164259e-05        -4.7781200679293230e-04        -1.7323603921580552e-04        -8.1655908765222962e-05        -1.8370522867278998e-04         3.2015631242284447e-04
62                                     2.2183830802586225e-04         4.3045691207661547e-05         4.0599413055654786e-05        -2.4341175818066380e-04        -8.3618646645753123e-05        -5.2201527645839927e-05        -9.8847182529674234e-05         1.5448215567289336e-04
63                                     2.2645396790501311e-03         5.3196248550714249e-04         2.7287848866473010e-04        -2.4891685584037342e-03        -9.1269451726380007e-04        -4.5324254407545539e-04        -1.2819457707649699e-03         1.5490812177370991e-03
64                                    -1.7359186362351797e-03        -1.2086506468380308e-04        -4.0062211343145923e-05         1.8125447241570756e-03         6.4901374783063578e-04         3.1232571655008610e-04         1.2652818588360375e-03        -1.0059662014907701e-03
65                                    -7.2470147295939432e-04        -2.6197382685479761e-07        -9.1791170964696152e-05         7.5289475816458259e-04         2.5957240030805267e-04         1.4930253903786402e-04         5.3649302503147611e-04        -4.8006019811206813e-04
66                                     6.4669605974942588e-05        -6.9446639393731509e-05        -2.6268118607763503e-05        -2.0311451903322667e-05         1.7575947018932993e-05         5.1895907193716731e-06        -2.7901316924354403e-04         1.7005451598453461e-05
67                                     3.5058027320336154e-05        -1.4091912044756017e-04         4.1100930698258908e-05         1.3298933699363246e-04         1.3155932261615472e-04         1.9985331331923221e-05        -1.0029037716916808e-04        -4.3220623334392846e-05
68                                     5.9297603617824518e-06         5.8198015108608240e-05        -2.0911674250133038e-04         6.5246918467276618e-05         1.6078415092717703e-05         1.0449620204092946e-04        -2.9000590761096075e-05        -1.5506444954730710e-04
69                                    -4.6743704785319213e-03         8.5495730272737783e-04         2.2849014403009994e-04        -1.8470035061292608e-04        -1.7712517852498020e-03        -8.0893035884061241e-04        -1.0953529317311789e-03         3.6612473717293707e-04
70                                    -6.3306195506318205e-04         1.9221343594329546e-03        -1.9180905851282608e-03        -2.8360116521479386e-04        -3.5936787552307209e-04        -1.8753928382309517e-04         8.6430368875143292e-06         4.1476765340611559e-04
71                                    -4.5630732559456127e-04        -1.9289784020225416e-03         5.2129121885218718e-03        -1.1787147635145350e-04        -1.9939616459312064e-04        -5.3432226190994767e-05        -5.7339730073787233e-06         9.1210527720448666e-04
72                                    -5.5535113106469219e-03         3.2518422982410204e-03         1.3649656715149089e-03         3.0954565537788146e-04        -9.6662782548080249e-04        -4.1635776564684677e-04         1.5352395836025197e-03         6.0095557658650805e-04
73                                     1.4408926686882359e-03         1.1752880713474211e-03        -1.5058270440890947e-04         1.5207883890017227e-03         8.5261875744641915e-04         5.2015364418964128e-04        -2.2161132467429681e-04        -1.0280428433165345e-03
74                                     5.4346644528516751e-04        -1.3337812610372292e-04         1.4994992464644596e-03         7.1146269174098432e-04         4.9269654676814989e-04        -1.8603328813166187e-05        -1.1288235955516203e-04        -1.3609705126118570e-03
75                                    -1.2378911768591152e-02        -4.5427390051706845e-02        -2.0833354786584025e-02        -4.1107371028182044e-02         1.9798683649146415e-02         8.5795308524716958e-03        -3.3169550993307241e-03        -5.4650734570423753e-03
76                                    -1.0378069246860452e-02        -1.4487149906251863e-02        -6.4649234370267924e-03        -2.4211249292319471e-02        -4.0316400665889407e-01        -1.8006499486467412e-01         6.5274644488704792e-03         3.6536528196831576e-03
77                                    -4.8706624249252890e-03        -6.9557284780307621e-03        -3.8792550364237246e-03        -1.1409834312854687e-02        -1.7944708589594663e-01        -8.8601229080341792e-02         2.9103483818495347e-03         1.2942087705646440e-03
78                                    -2.5333634183347174e-03        -5.1618239891119081e-03        -2.4044822107589085e-03         1.0412800113434525e-03         1.6771454723113507e-03         7.7245510576442480e-04         1.2139054603703646e-02        -1.1437623889420122e-02
79                                    -3.1947200738849700e-03        -2.2546978852945217e-03        -1.7660106558274689e-03        -1.6851714539574815e-03         1.2234066864949180e-03         3.7896634865989360e-04         2.9253048598871022e-02        -3.1020411012645004e-02
80                                    -1.5276331419963565e-03        -1.7487284829425104e-03         6.8063367659943440e-04        -7.6558471660693615e-04         4.8488594968841277e-04         5.2211433813774324e-04         1.3714161300248417e-02        -1.3552585962980979e-02
81                                    -2.9141500459634387e-03        -2.7762437875722377e-03        -1.4226124983268053e-03        -1.2572478454978440e-03         8.0588664057096651e-04         3.5930524067636054e-04        -1.5891333017745132e-02         1.9369239022265311e-02
82                                    -1.7923434031595353e-03         4.1700424982304361e-04        -2.5891429103951777e-03        -4.8625914692525555e-04         4.1907137840350430e-04         3.6795185172476454e-04        -8.0462177970182930e-03         6.7721791517807751e-03
83                                    -9.5615833248745546e-04        -2.5844758689107282e-03         4.8490624984377801e-03        -2.4556342552578227e-04         3.8409840283848662e-04        -2.2688268468677277e-04        -3.9691454378432203e-03         1.4523919621399551e-03
84                                     3.2687294349168365e-06        -3.4759135860452476e-06        -1.8217983449129999e-06        -7.2092157467090230e-06        -3.0166553240802246e-06        -1.4080484210950508e-06        -1.1478821395604875e-05        -5.0487029304262243e-07
85                                    -4.2750355144205598e-05        -2.0024936144645635e-06        -3.9911516007518254e-06         4.4322730329557478e-05         1.7327626182133427e-05         9.5904748174676735e-06         2.8751691101166105e-05        -1.6713706907617852e-05
86                                    -1.8481913057943863e-05        -4.2769373527628129e-06         4.2150884214617820e-06         1.8791624294834250e-05         8.4927957751009111e-06         1.7698351913282226e-06         1.2084381350504311e-05        -5.3212663275857027e-06
87                                    -1.6586465258478205e-04        -2.4994902358814187e-05        -1.3455130093385848e-05         1.8237605344094711e-04         6.5472948112845991e-05         3.2519398427753604e-05         8.3838808977056573e-05        -1.0976749669367166e-04
88                                     3.2303675441133917e-05         1.0888015239341976e-05         5.3878765394260078e-06        -3.6063054712928459e-05        -1.3566389673517058e-05        -6.7004700930545238e-06        -1.3692355920996208e-05         2.0895770943016256e-05
89                                     1.2932571314326201e-05         4.7972353720407410e-06         2.3644680308644406e-06        -1.4267919844862173e-05        -5.4196710663783694e-06        -2.7601940991000170e-06        -5.2961093361823806e-06         8.7689356133818758e-06
90                                     7.0615368321315112e-05         1.2095018396587536e-05         6.2502967695801182e-06        -7.8107122917830133e-05        -2.8432982846526280e-05        -1.4002810980875213e-05        -3.3924522826503739e-05         4.7974858520871566e-05
91                                    -4.2207024600236152e-05        -7.8521014295039886e-06        -6.4412973949161832e-06         4.6901899342485361e-05         1.7050432286406687e-05         9.8936147689665669e-06         2.2457744648277914e-05        -2.5618298969010817e-05
92                                    -1.7861100209002274e-05        -6.2179437997183013e-06         2.2014550234039433e-06         1.9792792473911457e-05         8.6698156110136580e-06         1.0396010633006784e-06         9.0308269422367022e-06        -1.1792907219265384e-05
93                                    -1.0323246356138962e-03        -9.0285446527116599e-05        -5.3293280830713115e-05         1.0841529381892391e-03         3.9158696618211286e-04         1.9317104772263841e-04         6.1713752174528947e-04        -6.4000283024366784e-04
94                                     1.1907774999886119e-04        -1.7495661889914467e-05        -1.5651933697832487e-06        -1.1265344000630554e-04        -3.9552468132388882e-05        -2.0409962991504288e-05        -9.4821271820860856e-05         6.0175544510151119e-05
95                                     1.9396008044339604e-05        -5.4723358002781592e-06        -1.3819407109314749e-05        -1.4587876667893465e-05        -5.9455368105151659e-06        -1.1679727589026620e-07        -2.2007241188301899e-05        -2.1265294721136880e-06
                                                        32                          33                          34                          35                          36                          37                          38                          39

0                                      8.3957675289330074e-04        -3.0839335407428065e-04        -1.5032545211896026e-03        -6.8658922546128531e-04         2.8360534638517589e-04         1.5567800961314982e-03         7.1535352855547950e-04         8.1083812600717502e-03
1                                      7.9802363554256923e-04        -2.5552215353098968e-04        -1.4089105666329567e-03        -6.7229881204636612e-04         7.0790247745023760e-04         1.3841950371117151e-03         8.1103317701582177e-04        -3.1008515691791027e-03
2                                      5.0347563746922809e-04        -1.2195172585466289e-04        -6.8533924561645760e-04        -2.3770624238617842e-04         3.1258084331289767e-04         8.2348451708457121e-04        -2.9705214035490694e-05        -1.1905781800767711e-03
3                                     -2.3727387618475751e-03         4.7379169473611195e-04         3.7166932695865931e-03         1.6888380299429253e-03        -3.0255063724780300e-03        -4.8106511472712195e-03        -2.2300478086678039e-03        -3.5352067555117384e-02
4                                     -3.3920382041812964e-04         8.7810984593251074e-06         7.1737712308646414e-04         4.1847955282951906e-04        -1.5817083658870290e-03        -3.8346768337104532e-04        -6.8229906345123334e-04         1.3257725955340319e-02
5                                     -9.3579021329022547e-04         2.2529530828299327e-05         4.8419486795291523e-04        -1.3248724289025883e-06        -7.1971430527446184e-04        -7.4762139410692967e-04         7.7586939691263361e-04         5.2075758119356167e-03
6                                      1.8689178114509944e-03        -9.9456962166702173e-04        -4.1011492253523723e-03        -1.8646470812800199e-03        -7.4619076183520937e-04         6.8284051220022252e-03         3.0333359268228345e-03         2.0397282638294600e-02
7                                      1.4991169299216939e-03         6.4303447052180984e-05        -1.9124546376947842e-03        -7.2240841908733180e-04         4.9406229795823930e-03         5.2540015493287295e-03         1.6263729108192560e-03         2.3435278919547099e-02
8                                      6.5252086582488311e-04         1.6004143957567127e-05        -7.7822570905908283e-04        -6.6773615063909445e-04         2.1353071079165623e-03         1.6184090091671925e-03         2.5700918329133000e-03         1.0500157097442422e-02
9                                     -3.5878322607613821e-03         6.7887582818134513e-04         6.0256210104352196e-03         2.7202731982090764e-03        -1.9278830833039721e-02        -2.2601649584912550e-02        -1.0564629070668477e-02        -1.5587647122703210e-01
10                                    -5.2334483873442469e-03        -1.6709880430854375e-03         9.2042022609949961e-04        -7.1727296373604721e-05        -3.5826628267791864e-02        -8.7051688256650564e-03        -5.6877602968390881e-03         7.0588385963926109e-02
11                                     2.4966607791084613e-03        -7.6608384025617505e-04         4.4915896424214236e-05         1.0079528318056314e-03        -1.6640973004454447e-02        -5.5179453412440363e-03        -1.2426974048188391e-04         2.8953172430508073e-02
12                                    -1.3227649757950315e-02        -4.8801810645565831e-03        -1.3530722852138667e-03        -8.0361538063346977e-04        -1.1931923313097860e-01        -5.3746334983915560e-02        -2.5605373823110778e-02        -5.0029834248412779e-02
13                                     1.5379102265605446e-03         4.7943824324570734e-03        -1.4660889564863007e-03        -3.7571396774397229e-03        -1.5518451262174431e-02        -2.6923302651386644e-01        -9.6725198036190452e-02         3.6886956290341694e-02
14                                    -2.0481039815492819e-03         2.0206964277342063e-03        -3.8537372407217987e-03         5.2936985703679156e-03        -8.1593605056478700e-03        -9.7298130282678780e-02        -1.0175456662227644e-01         1.5129263733461662e-02
15                                     4.8437206299321075e-03         8.3506102937785692e-04        -6.8197706145285402e-03        -3.0362944814166550e-03         3.3990116004572968e-02         3.8879235498535183e-02         1.8207985028892898e-02        -2.8016706267430186e-03
16                                    -2.8981415991438178e-03        -2.7250291388740589e-03        -5.2279931934433397e-03        -1.7036721151399057e-03         8.2288892059942352e-03        -4.0522970421405208e-02        -2.0231348497196794e-02        -6.2078682282666157e-03
17                                     5.7442039785800172e-03        -1.2038595649129468e-03        -1.7809686622645138e-03        -2.3976978401908742e-03         4.2683363632182690e-03        -1.9782019720332208e-02        -4.6366373939549302e-03        -2.9210149334695018e-03
18                                     5.7868296844167944e-03        -7.2147342401911955e-03         5.6504761810741051e-03         2.4038041052425792e-03        -1.8046395808923903e-02        -2.8329022307420165e-02        -1.3276392075410768e-02        -7.9855625549651486e-04
19                                    -1.1913014289227551e-02         1.0832804889037817e-03         1.3517122053923273e-02         3.6413927840673000e-03        -2.2988263653520535e-02        -2.2509861816405932e-02        -1.3788734423231952e-02        -2.0455081323250317e-03
20                                    -2.0919707263878089e-02         2.8373856498527678e-04         3.7089091403131442e-03         7.1419881984873517e-03        -1.0895003358960431e-02        -1.3824934747926721e-02         3.7802848652470668e-04        -9.1270107081829993e-04
21                                    -3.6098649019492626e-03         1.0016996742917388e-03         1.9579339668938192e-03         9.0129183472962161e-04        -5.2787963023497760e-03         3.1803226727045979e-03         1.3767071543945798e-03        -3.1415379383618863e-03
22                                    -3.9296058458014333e-06         1.7692934198190883e-03        -5.4102610228878283e-03        -2.4163567728457910e-03         7.2918354895581457e-03         1.2465044584710307e-04         8.9362320215806109e-04         2.2120442540589057e-03
23                                     5.0690559445205185e-03         8.1800747425571504e-04        -2.3864716147844575e-03        -1.1386981005950148e-03         3.2667751160206379e-03         8.1300039696582179e-04        -1.1211947802432136e-03         9.6782392006593472e-04
24                                     5.6123205558554205e-02         4.4310869190774885e-03        -7.7564173275884787e-03        -3.7378667263553000e-03        -5.1401791937107921e-02         1.4194872874931791e-03         2.6065103888660290e-05         3.3451297529382305e-03
25                                    -5.6531097923548684e-02         2.7510042491214574e-02        -5.8838674874017186e-02        -2.9679788361060590e-02         3.7414285246400128e-02         4.2002468361368554e-02         2.3171862994475462e-02         2.3033369435792165e-03
26                                    -7.1942137846555509e-02         1.2509213823422793e-02        -3.0267424474742587e-02        -6.4579557245537482e-03         1.6376431898426431e-02         2.2609888840895286e-02         3.0087985537204376e-03         1.0978675697962527e-03
27                                    -6.8337660202103870e-03         7.9293290292634204e-03         3.1265298038186604e-03         1.6480666393429927e-03         8.3430081846133583e-03         7.9336569362729332e-03         3.5882651430395275e-03        -3.8738846847537964e-03
28                                     1.6640125830016277e-05         6.6389103937764399e-03         2.7542990468214824e-03         3.0211981887380036e-03         3.0299718182891866e-03        -2.4919204613152350e-03        -4.5308099486394459e-03        -1.4732450649951676e-03
29                                     6.4534971225665184e-03         3.2122400617653683e-03         2.9376434908581625e-03        -2.0466942621531611e-03         1.4086611220969847e-03        -4.4398609543214989e-03         5.4903424755117034e-03        -7.3285663084887687e-04
30                                     1.2028907665114351e-02        -1.3112442042907449e-01        -7.6915236506602633e-02        -3.6265706773724912e-02        -3.3396209657746867e-01        -8.1483443032189032e-03        -8.2902694797711701e-03        -1.4412794527838418e-04
31                                     2.1434508367123728e-01        -3.4952714374209798e-02        -2.4780491392825368e-01        -9.5325717957080891e-02        -7.3527352134687640e-02        -1.2616106423420437e-01        -3.5341216606871513e-02         3.5824644556115720e-03
32                                     2.2837582763168693e-01        -1.7034469867731737e-02        -9.5521716074634125e-02        -8.4537191224669128e-02        -3.8036998473413096e-02        -3.4352663617674341e-02        -6.7339356121113386e-02         1.6485597806234029e-03
33                                    -1.7034469867731737e-02         4.6772950701104982e-01        -1.3700688914408132e-01        -5.9007110848029169e-02        -1.1416138557496971e-02        -4.6075512325525592e-02        -2.1470005163667691e-02        -5.2204823436891945e-04
34                                    -9.5521716074634125e-02        -1.3700688914408132e-01         4.9449745472397355e-01         2.1407792525671254e-01        -1.1632689587649167e-02        -1.6569887379742555e-02        -1.0871718732858063e-02        -2.0791719082044967e-03
35                                    -8.4537191224669128e-02        -5.9007110848029169e-02         2.1407792525671254e-01         1.2262268327991424e-01        -5.7117883836196315e-03        -1.1475348468889656e-02         1.4492000413485785e-03        -9.5948735562629943e-04
36                                    -3.8036998473413096e-02        -1.1416138557496971e-02        -1.1632689587649167e-02        -5.7117883836196315e-03         7.2553857202108107e-01        -2.9663756715648887e-02        -3.5352475619372502e-03        -2.2716149078532404e-03
37                                    -3.4352663617674341e-02        -4.6075512325525592e-02        -1.6569887379742555e-02        -1.1475348468889656e-02        -2.9663756715648887e-02         6.1172059271872448e-01         2.2617289982375982e-01         1.2157311628883029e-03
38                                    -6.7339356121113386e-02        -2.1470005163667691e-02        -1.0871718732858063e-02         1.4492000413485785e-03        -3.5352475619372502e-03         2.2617289982375982e-01         2.1782654485489467e-01         4.3081014863362559e-04
39                                     1.6485597806234029e-03        -5.2204823436891945e-04        -2.0791719082044967e-03        -9.5948735562629943e-04        -2.2716149078532404e-03         1.2157311628883029e-03         4.3081014863362559e-04         5.6823779961085064e-01
40                                     1.5783553554265487e-04         5.1534786006941850e-05         4.6113430973789287e-04         1.7026106129245400e-04        -4.3258060121673034e-03        -4.1267504332387055e-03        -1.9619108578586494e-03        -7.9803452776948849e-02
41                                    -2.9457905369512853e-05         1.1184509442478823e-05         1.2999643096065056e-04         1.4861846996950745e-04        -2.0292585320702675e-03        -1.7789135209464798e-03        -9.7691321604230410e-04        -2.3696663957183953e-02
42                                    -4.2347464654297104e-04         4.3694150603823913e-04         7.8114915682588331e-04         3.6430418796639373e-04         8.0217303384183839e-04         2.0479244225217940e-04         1.2835917318315844e-04        -2.5435902968293761e-01
43                                     5.0519896996931678e-04        -1.1265979024146396e-04        -6.1327462722278101e-04        -2.7048106526196184e-04        -6.3092277943654418e-04        -8.1324312058297194e-06         1.6782839097090004e-05        -3.8865726996346474e-02
44                                     2.6173719543249723e-04        -4.0080519087101783e-05        -2.4636661894147645e-04        -1.3035249100009895e-04        -2.4829432839139440e-04         4.1276643940791805e-05        -8.7180336421422799e-05        -2.1971029373190419e-02
45                                     2.6923181540317059e-04        -1.8223692625903262e-04        -5.4344957044520615e-04        -2.4993514134804846e-04         1.3725985356756194e-04         2.2985603818150984e-04         1.1217123879022615e-04        -6.3899896315788698e-02
46                                    -8.9318183014489754e-05         4.5281256273438386e-05         1.4314829681145048e-04         6.3947072769945359e-05         4.2511751891586549e-05         6.2553966249783983e-06         5.5260111009242335e-05         1.0852730550382168e-02
47                                    -2.5214852659391138e-05         1.5752862781474609e-05         5.0363873718853403e-05         2.6977274719962378e-05         2.2026591504728304e-05         5.9506431939799624e-05        -8.6402184583412049e-05         3.2475593583399694e-03
48                                    -1.9658316963262445e-04         1.3260764816171023e-04         3.8146062344119187e-04         1.7556268821021504e-04         1.2970398159755823e-05        -6.7740757607313851e-05        -3.1267425837114293e-05         1.8010320623010972e-02
49                                     2.4459973065545429e-04        -3.8421743375533076e-05        -3.5269185967628944e-04        -1.5908547571547206e-04         8.5379192565213568e-05         3.7076120554845277e-04         1.6136322236021477e-04         7.6586074220006631e-03
50                                     1.0230069719852446e-04        -1.4122643583665349e-05        -1.4742867637191316e-04        -6.9262767703285913e-05         3.8624590792885006e-05         1.5989767213103124e-04         7.9055536586816288e-05         3.7027989570163917e-03
51                                     2.6285629085373466e-04        -9.9592128592385510e-05        -4.3866954552785128e-04        -2.0019630500736299e-04         9.8271526217823068e-05         2.8076952842914793e-04         1.2678711525902580e-04        -5.3728190122377326e-03
52                                    -2.8219191047749038e-04         8.7669738803407738e-05         4.5623394116549147e-04         2.0721411145281903e-04        -1.1245221096246709e-04        -3.3957877498998581e-04        -1.5678892550475827e-04         7.8813292824222981e-04
53                                    -1.1750358666168538e-04         3.6434644946624620e-05         1.9126502199285757e-04         8.8065874821125823e-05        -4.7008167059161258e-05        -1.4731726539298179e-04        -5.8168870574233555e-05         2.2132680955547137e-04
54                                     9.7439385634043036e-05        -3.5215467005031103e-05        -1.5543990151422433e-04        -7.0710820683255937e-05         1.2514174344787125e-06         1.6895616066711828e-04         7.4103671912791050e-05        -5.5307147540391687e-03
55                                    -1.6876240693231861e-04         8.6044198242490422e-07         2.2548112343635709e-04         1.0213823466009649e-04        -1.8083772220335055e-04        -3.5827029584762526e-04        -1.5944866870086315e-04        -8.8313271049087674e-03
56                                    -8.1981629964247908e-05         2.2524187132360717e-08         9.8518244414992674e-05         4.3368416598953206e-05        -7.9719676959748092e-05        -1.5287329556805298e-04        -7.5561980997083402e-05        -3.9957098049641900e-03
57                                    -5.0854952275037279e-04         8.7064321908982996e-05         7.3212714348722802e-04         3.3179505021431688e-04        -4.5203535084251708e-04        -8.9931614390540023e-04        -4.0943605206136450e-04        -2.9112718609551969e-03
58                                    -9.0071407103470535e-05         5.5124970368532471e-05         2.2200535764518151e-04         1.0176338044184835e-04        -3.1089880991493041e-05        -1.3530438278097978e-04        -8.9952606322497820e-05         2.3548854134772266e-03
59                                    -1.1885341385786057e-04         2.6199772886668061e-05         1.1502793985921242e-04         5.2601818005208803e-05        -2.8721151064800573e-05        -1.1126366734166208e-04         1.7134967791062597e-05         8.4330075701704926e-04
60                                     3.1913801677838522e-04        -9.7619415724105072e-05        -5.1293525899697942e-04        -2.3372820567580139e-04         1.6337467957702528e-04         4.4993649280282433e-04         2.0411451466362233e-04        -1.2992304529887977e-03
61                                     1.3692951144228917e-04        -4.4570367096659835e-05        -2.1093399175314622e-04        -9.6227108217511909e-05         8.1622182236794610e-05         1.3638908312861212e-04         6.6063717567640826e-05        -4.4422436280026033e-03
62                                     8.4930914978987936e-05        -2.2180178904345380e-05        -1.0748463291587450e-04        -4.8645122294217287e-05         4.1320563925373945e-05         7.8079651529572503e-05         2.2328054554923804e-05        -2.0134808870572183e-03
63                                     6.8679155351296806e-04        -1.4404785719204281e-04        -9.6830402840772660e-04        -4.4117653668757881e-04         4.4235483741503711e-04         1.0612668956337269e-03         4.7854388095061563e-04        -2.8810566501577151e-02
64                                    -4.9982174040733040e-04         4.4932337252379584e-05         6.5524651133306948e-04         2.8459915391846111e-04        -5.1542515849189422e-04        -9.2239790158523695e-04        -3.4198624055712502e-04        -2.7518750162175559e-02
65                                    -7.1373459547249547e-05         1.6793173913978921e-05         2.6094164640883682e-04         1.4466280231146330e-04        -2.2263955819522654e-04        -3.0607224546481666e-04        -3.2531711596866175e-04        -1.2989710488010415e-02
66                                    -1.4941216754927569e-06         8.0607882201369908e-05         1.2839953420223273e-04         5.7894355882386764e-05         3.2175221186187008e-04         1.7102011582328149e-04         9.1060004522983102e-05         9.8380009178827572e-04
67                                    -1.4468653393480017e-04         4.7063441887835154e-05         1.9714273543844178e-04         6.7278148238298889e-05         3.2649128704954075e-05         1.5642830109881527e-04         1.6699177622166861e-04        -1.4619480392745222e-03
68                                     2.0404100336492972e-04         1.8647740214533249e-05         6.7124365929025027e-05         8.5192451416685235e-05        -1.1237218857563678e-06         1.5138996404345020e-04        -1.5190190177759321e-04        -8.0615600608004308e-04
69                                     1.7277806031461502e-04         2.4886216235873001e-04        -1.9033032335772515e-04        -7.8312905975147352e-05        -3.5324288438391581e-03         2.2570051333287190e-03         8.9217959451249880e-04         7.1341001988390977e-04
70                                     9.0773945246752988e-04        -1.1908050430618333e-04        -2.2891844120338144e-04        -7.8273852065090563e-06         3.3543897305100016e-03         6.6904676010488828e-04        -2.0931564130543256e-03         2.9263354250074131e-04
71                                    -1.1492547129876578e-03        -5.0263908297136251e-05        -5.2414893447383544e-06        -2.1954918618358630e-04         1.3821282474112762e-03        -2.0889634092409824e-03         4.4321790651473429e-03         1.1373637610816571e-04
72                                     2.7047539586054844e-04        -3.8053664050963573e-04         1.3432153435636446e-05         6.6634934657876959e-06        -4.4395803470945942e-04        -4.9805010453684662e-04        -2.3448715406253876e-04         1.7110580977910505e-04
73                                    -1.3646345542723710e-03         3.5298200690950455e-04         4.7532967140080412e-04         3.3465338657823120e-04        -7.7547864709103442e-04         5.1720312509800285e-04         2.6370530540712888e-04        -5.1381986825327168e-04
74                                     1.3493258728855401e-03         1.5967872655417925e-04         3.4421187574620459e-04        -9.7912480587902719e-05        -3.5362999127620982e-04         2.7837586625299580e-04         2.3346986204681168e-05        -2.3653917811828278e-04
75                                    -2.5533231562804414e-03         2.6759532107739556e-03        -6.8873677800908653e-04        -3.2108270714357665e-04         3.6958160105717616e-04        -3.6877247468048075e-04        -1.5739747994828108e-04         2.3862241411545977e-04
76                                     1.4273428919674613e-03        -1.2175052535458404e-03        -1.6225210699218583e-04         5.6729209078815613e-05        -1.1170582451342287e-03        -1.8472407714938584e-03        -6.1758220238349677e-04         5.2560822891202833e-04
77                                     1.3880897098277169e-03        -5.5096522331517239e-04         7.6466686785745322e-05        -4.6075119070133560e-04        -5.0056760883405104e-04        -6.1694748500328174e-04        -8.0044320834494684e-04         2.4007105569724230e-04
78                                    -5.0148801872574589e-03        -3.3253495624133689e-01         2.2825192113560280e-01         1.0236298439254701e-01         1.7005019499746633e-03        -3.6063314855622683e-03        -1.6280392591223602e-03         1.9041275787787175e-05
79                                    -1.3132439703510770e-02         1.8159828254997326e-01        -1.7649625194248333e-01        -7.8713241164171804e-02         1.1507373717259978e-03         3.1547287456889003e-03         1.5989855992770054e-03         4.1202097908820843e-04
80                                    -8.1860128467992968e-03         8.1010447296811505e-02        -7.8362299443045416e-02        -3.6831009993613939e-02         4.6514827068567903e-04         1.6329155932960759e-03         2.1612747479121197e-04         1.9573029095307080e-04
81                                     8.5332825424506466e-03         3.0870645465728812e-03         1.3511662262063184e-03         7.3178509573117211e-04        -2.0285645102735228e-01         1.3343590422720575e-01         5.8146837723247760e-02        -3.1339735882430619e-03
82                                     1.0356012336989332e-03         9.6778495516494428e-05         1.4968265625308502e-03         2.4700852402929196e-03         1.3208191437720868e-01        -1.7120558880556552e-01        -6.1738575429009686e-02         1.2802348826688244e-04
83                                     4.8053763279615382e-03         1.3898058643863802e-04         2.5010492488076064e-03        -2.7651788152188478e-03         5.7513522303926035e-02        -6.1806778642551130e-02        -5.8706125890134783e-02        -1.0648805087806176e-04
84                                    -2.5800738576851036e-07         4.3943588851121790e-06        -2.3813998286875836e-06        -8.9440498330765193e-07        -8.5401245753061419e-06         2.3086568984309228e-05         1.0460133688748627e-05         1.9107604521999162e-03
85                                    -6.2284518302306417e-06        -7.0644242866870952e-07         1.5160358922509752e-05         7.3036481893135081e-06        -1.7173723440119598e-05        -3.7291909983174594e-05        -2.0142115627724990e-05        -1.8285341487715521e-03
86                                    -4.9561597591698940e-06        -3.2876549570688289e-07         6.7091713442439212e-06         1.4400486579699016e-06        -8.0715752285706794e-06        -1.8781640664677934e-05        -3.3748225647948138e-06        -6.9296257032500173e-04
87                                    -4.8894010332651255e-05         1.6494432441548114e-05         7.9052377482418507e-05         3.6114616640929745e-05        -1.8334225078991907e-05        -5.8934720654111461e-05        -2.6689613013519396e-05         3.1011852968407488e-04
88                                     9.8387661912921370e-06        -2.4229343075238358e-06        -1.4594291149743621e-05        -6.4279164210005727e-06        -6.3871390725450298e-07         1.3318619477141523e-05         3.0260309778878417e-06        -2.3051213827502058e-05
89                                     3.0116271739903699e-06        -8.4647142389312727e-07        -5.4865301006260177e-06        -2.9360495605425429e-06        -7.5694397452684937e-07         2.4067807083658957e-06         7.2115432247757759e-06        -1.8907933057455586e-05
90                                     2.1298486107964176e-05        -7.9571240547323530e-06        -3.5711872869559080e-05        -1.6216539459285519e-05         4.4237244208693147e-06         2.4546838945783624e-05         1.1017401667274446e-05        -2.5141155882634565e-04
91                                    -1.2643929356988589e-05         3.1287534415240428e-06         1.8624146109067770e-05         8.5939356321369869e-06        -3.4556413971710385e-06        -1.7295582866989269e-05        -8.3198729546822644e-06        -1.5101619747460282e-04
92                                    -2.4318258835142576e-06         1.2497358996641373e-06         7.8294879172984583e-06         3.2728933210014949e-06        -1.0879659537013425e-06        -7.5692164784213855e-06        -2.2485362790164906e-06        -6.1007393130526987e-05
93                                    -2.8235378765676918e-04         9.3306046783040106e-05         4.8782793397355781e-04         2.2239485909615893e-04        -1.5087399425088512e-04        -4.5196652873037116e-04        -2.0565811360627164e-04        -2.0650451273930446e-03
94                                     1.8166008171993242e-05        -1.0791052587294347e-05        -5.4904368795923489e-05        -2.7771234613337047e-05         1.2102135772291834e-05         6.5179276383407121e-05         4.3379656299062668e-05         1.8660471406521627e-03
95                                     1.5271735964977973e-05        -1.9656045781576334e-06        -1.1226636066655256e-05         8.7954273426952675e-07        -1.1461077808721100e-07         2.8072294918876807e-05        -1.6891334333257678e-05         7.8534897224016343e-04
                                                        40                          41                          42                          43                          44                          45                          46                          47

0                                     -8.8873008663739178e-03        -3.7454377499260266e-03        -8.8647602399820856e-03         5.5020372353638209e-03         2.0994935452050166e-03         3.3414531752428639e-03         8.8657673795308018e-04         5.0278155641717351e-04
1                                     -7.2758917908075250e-03        -3.1967780040515906e-03         1.0695112396426931e-02         1.1494760635517572e-02         2.8069367106082206e-03         2.8230568336797702e-03        -3.8606781623449151e-03        -1.0547436642608233e-03
2                                     -3.3059882990599415e-03        -1.7088089610746311e-03         4.3883368836837291e-03         2.6811549459789001e-03         7.0429593525340546e-03         1.3588097195077866e-03        -1.0931736780790012e-03        -1.7968642691828143e-03
3                                      2.3950570998108031e-02         9.9643288845025664e-03         4.5873033092150989e-02         1.1483300515855888e-02         6.2589757874688071e-03         3.3582634596483149e-03        -9.1025730831745880e-03        -4.1091158316586725e-03
4                                      5.7371996116208340e-03         6.2582719413506955e-03         3.7713591157170902e-03        -4.6417602511974160e-02        -1.7821414206735307e-02        -1.0869330273146603e-02         4.1746072507397591e-03        -1.2605759537131782e-03
5                                      6.5039715315410584e-03        -4.7694819900310215e-03         2.8514118530373208e-03        -1.7649342616599659e-02        -1.3642407075632246e-02        -4.8654432299742693e-03        -1.2405140679539843e-03         5.8309115516515849e-03
6                                      1.8569799625261584e-02         8.3653674343865687e-03        -4.7704206088322511e-03        -5.9969512762856770e-03        -2.7015343711009557e-03        -5.3049688881802162e-03         3.5387586597025720e-03         1.4639188274032128e-03
7                                     -5.2079052812117513e-02        -2.8219154455913990e-02        -1.8729461738341575e-02        -4.9619925447328423e-03        -1.8339851309417570e-03         1.9775405811776640e-03         2.7295820758059465e-04         4.2246166633801792e-04
8                                     -2.8415474607854166e-02         8.4610409206140394e-04        -8.3341171930672066e-03        -1.5472611045602379e-03        -2.6111194538445239e-03         7.5539300737382652e-04         4.6810562973301673e-04        -3.7001027391787036e-04
9                                      5.9373645211749163e-02         2.3815339525252929e-02        -6.5277919196363637e-02         3.2227899466933461e-02         1.2623318959768728e-02         4.5332159959587288e-03        -4.8529295425256283e-03        -2.0886574596065311e-03
10                                    -1.9360545622644248e-01        -6.0395215987660386e-02         3.8360454964269722e-02         1.1652170913450766e-02         6.5617544958261860e-03        -5.2649046556623915e-03        -1.2659869834407600e-03        -1.3883826138908863e-03
11                                    -6.0643758225178257e-02        -8.0022080356801223e-02         1.5329947538687931e-02         6.4364719955471343e-03         2.0895612571060311e-03        -2.2470824871925676e-03        -1.3849960886948452e-03         9.4114900669820813e-04
12                                     1.1841870752651966e-02         4.1899687372740045e-03         4.5585447615960582e-03         9.5652250676633811e-04         5.1357932074652126e-04        -8.8047702338892530e-04        -3.9408157951416529e-04        -2.1314464068655716e-04
13                                     5.9863650971885701e-03         1.9832070599741262e-03        -4.1495466751164094e-04        -4.0814872095752928e-03        -2.8109932917232930e-03         1.5966122354580704e-03         5.1768107261733281e-04        -1.6860964463691076e-04
14                                     1.4610914269413875e-03         4.2519998104194635e-03        -7.9055089627485956e-05        -2.7899070277962999e-03         1.0262423137975788e-03         6.5143600254624916e-04        -2.0980788474460219e-04         9.1020971507633152e-04
15                                    -2.9016678779095291e-03        -1.3896755220295320e-03        -6.3363418476480773e-05         8.0015167142959425e-04         3.1514070946258915e-04        -5.9978467253225679e-04         1.6112872847366509e-04         5.4620805704272819e-05
16                                     6.8500426686712813e-04        -6.8373029528798136e-04         2.7445412890318038e-04         5.3062347560447619e-04        -1.5062886121957841e-04        -5.4166476355870690e-04        -6.6743052877109451e-05        -2.7373819483297204e-05
17                                    -5.8718569927959673e-04         1.5796521739800920e-03         8.5093689770989302e-05        -1.1402460608703693e-04         8.0326169210064111e-04        -2.4589989778104791e-04        -1.5591788353711082e-05        -5.0006783195555822e-05
18                                     4.4116617261353371e-04         1.8760629088511666e-04        -1.4018617124162081e-04         2.8446931293239666e-04         1.3937900142455066e-04         3.1274860082547375e-04        -2.0092104490528970e-04        -8.1671921112103378e-05
19                                     1.5531223378984123e-03         5.1966181911968510e-04         9.7082503603708448e-04        -1.0538646840405278e-03        -3.7168965222578979e-04        -3.5013889414844897e-04         7.6521130921579399e-05         5.7139928633002238e-05
20                                     5.6004235071340836e-04         5.6297922086137586e-04         4.2937742067618301e-04        -4.3695302649470716e-04        -2.8244639739356554e-04        -1.5292803035978682e-04         6.3266722542242590e-05        -4.0439032906330245e-05
21                                     2.0315951582291870e-04         3.0059122153313673e-05         1.0063054571459833e-03        -2.6182937614477336e-04        -9.2180491361538305e-05        -5.4010830061004779e-04         1.1508994713893246e-04         3.8560261971483633e-05
22                                    -4.3101927418035088e-04        -1.8129259951580459e-05        -8.7198252874561412e-04         3.8671442674990486e-04         2.1619613062808532e-04         4.0290813263000138e-04        -1.0461292011656030e-04        -3.9102251535753875e-05
23                                    -6.4298339297819468e-05        -2.9691749645691286e-04        -3.7574763381601888e-04         2.3870422937482624e-04        -5.5576278357636052e-05         1.7439460282251779e-04        -4.7370683963727427e-05        -1.3396297996505447e-05
24                                    -1.6663433756319845e-03        -6.9401518842492375e-04        -6.1870752312362387e-04         1.1866855079813194e-03         5.0391842263588745e-04         7.9410769648781214e-04        -1.8574933680348408e-04        -6.6840680718209005e-05
25                                    -6.2769577870655264e-04        -2.1062686869012382e-04        -7.6945094909425650e-04         4.2539727230310402e-05        -1.1067681930480690e-04         1.3382167750310814e-04         3.9899493250337200e-05         3.9530527444157106e-05
26                                    -2.8559882716555965e-04        -1.5252278844624659e-04        -3.6873762622808464e-04        -6.0137731129840722e-05         1.6774463777624018e-04         7.1773827178901809e-05         3.3361280576345145e-05        -2.2412995010848188e-05
27                                     1.1082302921578023e-03         4.2771101020002415e-04         8.0633524164834796e-04        -1.4911120809701715e-03        -6.3269670977213633e-04        -8.6610157771020843e-04         2.1265071426078115e-04         7.7379743539699651e-05
28                                     5.4211753652045084e-04         1.9343960940329787e-04         2.6352004336866234e-04        -4.9646204900165238e-04        -1.6784242881788812e-04        -3.0976914882966132e-04         6.8434431756204278e-05         1.7873419478556250e-05
29                                     2.4033500835804429e-04         1.4499804149361765e-04         1.3700964472301730e-04        -2.0564208605879062e-04        -1.7757957347195265e-04        -1.5349668720670613e-04         2.7635818708967498e-05         2.3223272381075612e-05
30                                     9.2488325391404933e-04         4.3725509008019049e-04        -7.5695588741140425e-04        -7.5759897833865884e-04        -3.6330878680433274e-04        -1.5741629844951284e-04         9.4039044090684200e-05         4.1495004391896604e-05
31                                     1.8081959766181937e-04         2.0364585459197078e-04        -8.9425939675063181e-04         1.1929650563316278e-03         4.8962390991169093e-04         5.9850694964667852e-04        -1.9284429113249722e-04        -7.8225828282333160e-05
32                                     1.5783553554265487e-04        -2.9457905369512853e-05        -4.2347464654297104e-04         5.0519896996931678e-04         2.6173719543249723e-04         2.6923181540317059e-04        -8.9318183014489754e-05        -2.5214852659391138e-05
33                                     5.1534786006941850e-05         1.1184509442478823e-05         4.3694150603823913e-04        -1.1265979024146396e-04        -4.0080519087101783e-05        -1.8223692625903262e-04         4.5281256273438386e-05         1.5752862781474609e-05
34                                     4.6113430973789287e-04         1.2999643096065056e-04         7.8114915682588331e-04        -6.1327462722278101e-04        -2.4636661894147645e-04        -5.4344957044520615e-04         1.4314829681145048e-04         5.0363873718853403e-05
35                                     1.7026106129245400e-04         1.4861846996950745e-04         3.6430418796639373e-04        -2.7048106526196184e-04        -1.3035249100009895e-04        -2.4993514134804846e-04         6.3947072769945359e-05         2.6977274719962378e-05
36                                    -4.3258060121673034e-03        -2.0292585320702675e-03         8.0217303384183839e-04        -6.3092277943654418e-04        -2.4829432839139440e-04         1.3725985356756194e-04         4.2511751891586549e-05         2.2026591504728304e-05
37                                    -4.1267504332387055e-03        -1.7789135209464798e-03         2.0479244225217940e-04        -8.1324312058297194e-06         4.1276643940791805e-05         2.2985603818150984e-04         6.2553966249783983e-06         5.9506431939799624e-05
38                                    -1.9619108578586494e-03        -9.7691321604230410e-04         1.2835917318315844e-04         1.6782839097090004e-05        -8.7180336421422799e-05         1.1217123879022615e-04         5.5260111009242335e-05        -8.6402184583412049e-05
39                                    -7.9803452776948849e-02        -2.3696663957183953e-02        -2.5435902968293761e-01        -3.8865726996346474e-02        -2.1971029373190419e-02        -6.3899896315788698e-02         1.0852730550382168e-02         3.2475593583399694e-03
40                                     3.3975266183328284e-01         1.2173658626912826e-01        -1.9953194100480451e-02        -1.0721059389305627e-01        -2.6728741140554110e-02         3.9160628018264712e-02         1.3213433708516676e-02         4.3425546555727577e-03
41                                     1.2173658626912826e-01         1.1411847867684403e-01        -1.3510924491058984e-02        -2.7171055294250766e-02        -6.0171959046392151e-02         1.5762831354856122e-02         3.6874842556220856e-03         7.4025695453637588e-03
42                                    -1.9953194100480451e-02        -1.3510924491058984e-02         6.5579024178386847e-01        -4.3499084192044693e-02        -7.7758921934627211e-03        -1.6480275396586483e-01         1.1902917810335810e-01         5.0144615461798388e-02
43                                    -1.0721059389305627e-01        -2.7171055294250766e-02        -4.3499084192044693e-02         6.4865907009608093e-01         2.1552402073258312e-01         6.6928731259588342e-02        -2.6406989775686446e-01        -8.9846772498059974e-02
44                                    -2.6728741140554110e-02        -6.0171959046392151e-02        -7.7758921934627211e-03         2.1552402073258312e-01         2.5431196420870050e-01         2.7020846184366301e-02        -8.8552159628131677e-02        -9.6298985354462130e-02
45                                     3.9160628018264712e-02         1.5762831354856122e-02        -1.6480275396586483e-01         6.6928731259588342e-02         2.7020846184366301e-02         7.0426290847698680e-01         7.5441506357683680e-03         1.7021612825963841e-02
46                                     1.3213433708516676e-02         3.6874842556220856e-03         1.1902917810335810e-01        -2.6406989775686446e-01        -8.8552159628131677e-02         7.5441506357683680e-03         6.5914060092192572e-01         2.4592069443667502e-01
47                                     4.3425546555727577e-03         7.4025695453637588e-03         5.0144615461798388e-02        -8.9846772498059974e-02        -9.6298985354462130e-02         1.7021612825963841e-02         2.4592069443667502e-01         2.1387147216583605e-01
48                                    -1.3399273167929682e-03        -2.9090318349162409e-04        -5.2382253321905589e-02         6.8869369871642591e-02         2.9470437764976098e-02        -3.1168785471080590e-01        -6.7475091263601752e-02        -3.5489473845025141e-02
49                                    -4.2687760858803178e-03        -3.9634219555872308e-03         1.7629331458998407e-02         3.0892863334716240e-02         1.7223412241376024e-02        -1.1107586760816905e-02        -1.1732077465315476e-01        -2.4929803120634031e-02
50                                    -4.1711552140705913e-03         3.3108556515133889e-03         6.7621042858373942e-03         1.8380892029559896e-02         1.2766174311694724e-03        -1.0522664152232082e-02        -2.6241263156677762e-02        -7.3431961686795194e-02
51                                     2.5808460094767353e-03         1.0072716259317701e-03         2.5483141894706053e-03        -1.5003285199515728e-02        -6.6623836947797025e-03        -4.9814967484554877e-02         5.1056066927391938e-02         2.1376483592997628e-02
52                                     3.0548434370346599e-04         2.9036520345261641e-05        -5.0812059663352871e-03         4.1871634420527284e-03        -3.1069857600410280e-05         1.9162744501046457e-02         1.8465981933969960e-03        -2.4747272059816427e-03
53                                     6.6663840560458269e-05         3.1901471785371457e-04        -2.2801461988183778e-03        -2.2702327566941375e-04         3.8021133375050896e-03         7.1980408366617496e-03        -1.7518094156822300e-03         7.6894607732358906e-03
54                                     1.2549296784348050e-03         4.6002272255052314e-04         4.5193108703922829e-04         5.6669056938394536e-03         2.4067105884774658e-03        -1.3338816672704715e-02        -2.7662893871416600e-02        -1.2679245737053944e-02
55                                     1.6885090046504484e-03         1.1030961401895419e-03         1.2388165507656358e-02        -4.2096889101799193e-02        -2.0246961638624345e-02        -5.5689489348518757e-02         1.5515697870082059e-02         3.7594768424713126e-03
56                                     1.3303635708679746e-03        -7.5987882356401567e-04         5.3777278464390713e-03        -2.0364626732376073e-02        -4.6674694173745607e-03        -2.5033131370473950e-02         4.4055210133674624e-03         5.4439828264058535e-03
57                                     3.0624754988094137e-03         1.1302948228590665e-03        -1.0362536717074974e-02        -6.5234139197646840e-02        -2.8969168476662584e-02        -4.1666131084589615e-02         2.2707185294162425e-02         8.9612204402711067e-03
58                                    -5.9385461257411183e-03        -5.6202479789626515e-03        -3.8043092158147523e-02         2.3206347744858684e-02         1.2670442313560449e-02         2.5604264060512746e-02        -6.1439605481051849e-03        -4.3935662732269244e-03
59                                    -5.6122312841104735e-03         4.4312299222177883e-03        -1.6902114983266412e-02         1.2078427322989773e-02        -2.5185183093705821e-03         1.0268667171863147e-02        -4.4695573322417505e-03         3.4277332155037174e-03
60                                    -3.6163975426144633e-03        -1.6284221864432756e-03        -4.4679632956319670e-03         9.1202440603308076e-03         3.7951757791883753e-03         2.8169101863990886e-03        -3.3795900592467217e-03        -1.4015587568967703e-03
61                                     1.5682966289463105e-03         6.3737457717102843e-04         4.8711540129941187e-03        -4.2773508451343575e-03        -4.4974980357134972e-03        -1.0859414918929798e-02        -2.8092231110614279e-03        -8.9649294379962974e-04
62                                     6.4906595168625811e-04         1.3890250975601246e-04         1.9221588238023651e-03        -4.4004487082820246e-03         4.2405495616072006e-03        -4.7262898159604553e-03        -7.2453954621671027e-04        -1.7870941553926238e-03
63                                    -3.4497105315937991e-02        -1.6084131497446096e-02        -1.5224674434264684e-01        -4.3432455314332000e-02        -2.1241509048464214e-02         3.8974908635327189e-02        -3.4383660893172428e-03        -7.4973109101164614e-04
64                                     4.7600880713211096e-03        -2.2374162384037099e-03        -6.8247212722018544e-02        -2.4403248130314911e-01        -8.4535953940532343e-02         2.6724081275622941e-02        -4.0689284071370159e-02        -2.0157539956579026e-02
65                                    -2.4107459941600249e-03         7.0869652352098800e-03        -3.2264970443157640e-02        -8.3947340527705458e-02        -9.4360344962808970e-02         1.2599907994305232e-02        -2.0841233848669649e-02        -2.7237417605205094e-03
66                                    -4.5457952539742826e-03        -2.1986517128115999e-03        -1.5233147911215932e-03        -8.8146573664204132e-04        -4.2509492016763338e-04         1.4896005215682596e-04         1.3269260420008838e-04         7.1248254447522642e-05
67                                    -1.7209251584663745e-03        -5.0988437443554926e-03        -1.4625514958385138e-03         1.1952446871520898e-04         4.3870283048106002e-05         2.6433553182342128e-04        -1.4328906307818523e-05         1.5883314842670801e-04
68                                    -5.2108428906593555e-03         7.4832117802051670e-03        -6.8572061573727466e-04         5.7153997906361927e-05        -5.2333797197858848e-05         1.3184095050063164e-04         1.5492396776189718e-04        -2.8969176142989560e-04
69                                    -4.2009026288967923e-04        -1.6975033917577794e-04        -2.4619544948551234e-04         1.3637302723269959e-05         1.7622248123619241e-07         1.5729441766519219e-04        -5.1424346420280036e-05        -1.9657929708724569e-05
70                                     8.5690512198407847e-05         1.3050080933104492e-04        -7.7769874868041558e-05        -7.7873265893425229e-06        -5.5307612343631832e-05         1.6179723419653238e-05         1.8103207256852494e-05         2.4791368058531325e-06
71                                     1.3481868933306522e-04        -1.2376550968289766e-04        -2.7642560508790732e-05        -5.2381016185407668e-05         8.7401989054553588e-05         4.0828085948793732e-06         3.0379353072679737e-06         1.4100853147516829e-05
72                                    -2.4948594627726675e-05        -8.2705834024129410e-06        -3.4710267235688004e-05         3.0076050961570672e-05         1.2767477206982323e-05         4.7136753504562975e-05        -1.0204922857604052e-05        -3.5239025044740894e-06
73                                     5.0775573548035699e-05        -3.7855389169802947e-06         1.5963259956012767e-04        -5.7230091704340078e-05        -2.9076661152264945e-05        -9.3829754638990212e-05         2.0465223364040881e-05         6.4366737018748647e-06
74                                     8.2747761925785226e-06         3.3300621933593225e-05         7.3115379995932243e-05        -3.3386308552477095e-05         2.7369185908562757e-06        -4.2658125100811814e-05         8.9116549197152374e-06         4.0977488415085486e-06
75                                    -1.2492990762003175e-05        -1.0439586526537570e-06        -9.9336713945762209e-05         8.0863678520810326e-05         3.3554571822975876e-05         5.8936085785260568e-05        -1.6466552773155761e-05        -6.0858608344633165e-06
76                                    -1.7123473759114233e-04        -5.9057029392184759e-05        -1.0311621223564859e-04         1.9239265642906635e-04         7.6649083839043107e-05         1.0924951495653516e-04        -2.5852854421452182e-05        -8.3485685504385154e-06
77                                    -6.8612569911915945e-05        -4.4683429398305249e-05        -4.7542814946122168e-05         8.3050574059581107e-05         4.6335855793461930e-05         4.9866422698453130e-05        -1.0885512508332677e-05        -6.1402956201294826e-06
78                                     1.1101145749401321e-04         5.0948354022116080e-05        -5.4227355918742816e-05         9.2849778547745612e-06         3.1262918290453382e-06        -3.2159885061329484e-06        -2.0377289543244685e-06        -7.9270769121604179e-07
79                                     1.6857576121029889e-05         1.5882561768880994e-05        -1.9938522942723009e-04         1.1833169810644093e-04         5.1964123610420008e-05         1.0205507828202809e-04        -2.9122359772757315e-05        -1.0286519344506124e-05
80                                     8.1574562285447941e-06         9.5872483684611277e-06        -9.4528794148964038e-05         6.0335306622115689e-05         1.5266403202133793e-05         4.8185265487703829e-05        -1.3709399044776938e-05        -5.7756852496170675e-06
81                                    -3.0722365780433440e-03        -1.5318407830916690e-03        -6.9684048821520470e-04         5.6420673132389840e-05         1.4478316521182358e-05         2.3343329535727804e-04        -5.9466057997732501e-05        -2.1125202002673606e-05
82                                     7.2257294724653197e-04         2.0024294812599568e-04        -1.0790768924642590e-03         5.4447713397014100e-04         3.4004622691021565e-04         1.9619772428134600e-04        -1.2316252812012452e-04        -6.4493634671574092e-05
83                                     1.4101150751315815e-04         3.6669991127860087e-04        -5.2335078833410590e-04         3.8185475917823747e-04        -9.9121782206436696e-05         1.0081142672599560e-04        -7.5590972077301723e-05        -1.3380429794691452e-06
84                                    -9.3332530159537198e-04        -2.8825534877951380e-04         1.0513329728928680e-02         1.5629537690990014e-02         7.1111796543604708e-03        -1.0537307387520584e-01        -1.0060115397754368e-01        -4.6367855967899177e-02
85                                     8.8422117559481444e-04         1.9874326900921652e-03        -1.1335462017714369e-02        -1.3128610653434097e-02        -7.1338103039514378e-03        -1.0034443061568199e-01        -2.5259503290249785e-01        -1.0221644238671609e-01
86                                     2.0095923964116085e-03        -2.8174101715396655e-03        -4.8334836582397496e-03        -6.4820989788109407e-03        -6.3998064394002029e-04        -4.6235860230831455e-02        -1.0229080744618019e-01        -7.3559580656224838e-02
87                                     1.7067540929180489e-04         8.4384438518297694e-05        -1.3055102299165298e-03         6.0097154867898479e-04         1.8980366573905747e-04         2.7927548327442119e-03         2.4199211725407562e-03         1.0694568974175143e-03
88                                    -2.6069315550340344e-04        -7.6988008116310225e-05         8.5611142035056144e-04         1.2140905201607544e-03        -4.4876700239252008e-04         1.9326113898111303e-03        -3.4958815044409241e-03        -2.8113535931848909e-03
89                                    -7.0311427594821338e-05        -1.1488564570999118e-04         3.0728691154785948e-04        -4.5951239088469047e-04         2.0725863753085910e-03         8.3565741753771692e-04        -2.7853564797756065e-03         1.7075983362126522e-03
90                                    -2.2611952119822563e-05        -9.0616235652942216e-06         9.2047157622592371e-04         1.3813832246667998e-04         1.1081784089573979e-04         1.0580327735310625e-03        -1.5565096362863042e-03        -7.8511717886784252e-04
91                                     1.7670414058130318e-04         2.0348243550507666e-04         3.4850851548761524e-04        -1.5052380839517807e-03        -2.4277852212032611e-04        -8.7223637746360223e-04        -2.9604542421706997e-03        -3.4344182193915577e-03
92                                     2.0518092186069033e-04        -2.0148276014635098e-04         2.0351293586981652e-04        -2.5171986760039883e-04        -1.0487734800044685e-03        -4.6946730707220306e-04        -3.4550910959135150e-03         3.1919523245018625e-03
93                                     3.2031708389508042e-03         1.3719234780793193e-03        -6.3389179062237413e-04        -3.4180850225263935e-03        -1.5260573633553232e-03        -3.9105205060373655e-03         1.6470654975158240e-04        -1.1290332174587704e-05
94                                    -6.5442280147430846e-04        -2.6201223625587917e-04         1.5757983229119281e-04        -4.1514021653881014e-04        -2.9832210870585460e-05         1.3255043361849611e-03         7.1343644335489372e-04         4.2107924411667141e-04
95                                    -2.1291707892551182e-04        -4.4919528674633674e-05         4.9437865964385968e-05        -1.3457217244553150e-04        -4.0293012980031348e-04         4.9545216285176946e-04         4.0345501955148808e-04         2.3617478551161508e-05
                                                        48                          49                          50                          51                          52                          53                          54                          55

0                                     -2.0430321696750372e-03        -1.2732744876641690e-03        -6.2361985509619953e-04         2.3375596757218718e-04         5.1208026313501567e-04         2.3343587410824267e-04         2.0574393677789903e-03         5.0850455681060516e-03
1                                     -4.1589408159653845e-03         3.9438356985518836e-03         1.4078610149024975e-03         4.1800733763614623e-03        -4.3271516809048859e-03        -1.7920588370297428e-03         1.1235414745721945e-03        -2.7711855424043426e-03
2                                     -1.9022429368634008e-03         1.4553749306091819e-03         1.1839801800092378e-03         1.8548375480375761e-03        -1.8719819652415373e-03        -8.5063049810722138e-04         5.4767393649612353e-04        -9.9556681079179354e-04
3                                     -7.8167956998436705e-03         3.2536201094479390e-03         1.3308066742233025e-03         6.2324064542154979e-03        -6.3720445374232451e-03        -2.6794992322077727e-03        -5.8252064419897654e-03        -6.3602826516362069e-03
4                                      6.8039183889398933e-03        -6.4281481656037077e-03        -1.7657033746741923e-03        -6.9286896078351937e-03         7.5479941715518419e-03         3.1988867029958037e-03        -4.5476319136561055e-03         4.1771177834751668e-03
5                                      2.8716118966754956e-03        -1.8070547236443742e-03        -2.8871147249636170e-03        -2.9078871521593650e-03         3.1931571179554252e-03         1.3099631863730979e-03        -2.2314326080553034e-03        -1.4920428261508542e-04
6                                      5.0463739605366579e-03        -9.1445854252385607e-04        -2.9414854937162614e-04        -3.1938540401597660e-03         3.2999125692173645e-03         1.3845697826596740e-03         2.4234377533418824e-04         4.8135984446848960e-04
7                                     -1.0627421375283331e-03        -1.6957147856391990e-03        -7.0681429945365171e-04        -8.0599145801616985e-04         1.3812877832906317e-03         5.2792892426926788e-04         1.9721181616128387e-03         3.4080241537129668e-03
8                                     -3.4032051687764157e-04        -7.0072740263313706e-04        -4.8911369581280061e-04        -4.3986854073054275e-04         6.2729543838066157e-04         4.1560437799504328e-04         8.8640100811303183e-04         1.7830054881788199e-03
9                                     -5.0267484392362595e-03         7.9704494193191626e-04         1.8889239790915183e-04         1.6821857901064539e-03        -1.3291736115939960e-03        -5.4595460885262985e-04         2.4217611526295519e-03         1.6670547870687581e-03
10                                     4.3288844330059478e-04         2.3391940656222170e-03         5.2594181328172494e-05         1.1125646386889220e-03        -2.4230671114667244e-03        -9.9130644091115368e-04        -2.7459950490988467e-03        -2.9239173698731549e-03
11                                     1.6908987349846191e-05         4.2253177663806047e-05         2.2914964668028798e-03         5.3167281435202924e-04        -1.0422320500174352e-03        -5.7769698871512078e-04        -1.1533061567972369e-03        -1.1418004723969240e-03
12                                     1.6985595562243406e-04        -7.7795601641345545e-04        -3.4335742413091770e-04        -7.5449646029525277e-04         7.7020475838523615e-04         3.2524283314498372e-04        -6.7964359316105040e-04         8.6577930219316275e-04
13                                    -4.8347243644216456e-04        -7.4607016493679268e-04        -3.1400814838799087e-04         9.9727649371938196e-05         1.8820336151293085e-04         1.3156766011425305e-04        -6.6368496522094733e-05         5.7756367846585534e-04
14                                    -2.0167099360472913e-04        -3.2165984549808600e-04        -2.0692336199349732e-04         2.7291071444684390e-05         1.4934179345933081e-04        -3.9119928437084770e-05        -5.3575136489131671e-05         1.7214155162048847e-04
15                                     4.1351757718614758e-04         4.4204662605525026e-04         2.0694016057494095e-04        -1.7382044321063127e-05        -1.0511062101489476e-04        -4.5464894042032041e-05         1.9510149909699977e-04        -4.1447188078289808e-04
16                                     2.2943620615132893e-04        -1.8529144508666389e-04        -6.2027436412396788e-05        -3.1496972395991834e-04         2.9090816847091163e-04         1.2587204110535408e-04        -1.3228588277789700e-04         1.6962612122706547e-04
17                                     1.0372209441578405e-04        -5.3686684342177301e-05        -5.5802720526949064e-05        -1.3412636940616113e-04         1.2429823456121464e-04         4.3403331049100965e-05        -5.3352583549522940e-05         6.6801553022825992e-05
18                                    -3.0957102577265904e-04        -4.6272642386403762e-05        -2.7730319211435775e-05         1.3464506416169172e-04        -1.1052780819606158e-04        -4.6234309951638863e-05        -5.6277218795395406e-05         9.4731559688702581e-05
19                                     2.0669457168978513e-04        -7.2449263499927341e-04        -3.0636380076700770e-04        -5.3123192556579421e-04         6.2579094999912102e-04         2.5911865181499046e-04        -3.4946206218981144e-04         5.3296785947820114e-04
20                                     9.1641965832931751e-05        -3.2153123474293831e-04        -1.6721316418165106e-04        -2.4233816412208301e-04         2.8097611224817663e-04         1.3023936415886367e-04        -1.5944151422137058e-04         2.4586674027623557e-04
21                                     3.5699917096894998e-04        -2.0021819673753940e-04        -8.1395544513330180e-05        -3.3438550624007387e-04         3.1801744660420899e-04         1.3292581650499989e-04        -1.3394944469361943e-04         1.0712580311220163e-04
22                                    -2.6929289172365176e-04         2.6497436231118492e-04         1.0629195999508151e-04         3.0912869214310833e-04        -3.1791170224288552e-04        -1.3389128199241918e-04         1.4888833117428780e-04        -1.6824852589518533e-04
23                                    -1.1705193457607575e-04         1.1052618409151755e-04         5.9187839410489930e-05         1.3468691590710937e-04        -1.3908750989561581e-04        -5.7531318272526662e-05         6.5138473610325110e-05        -7.3184851452037141e-05
24                                    -4.9716474365894586e-04         8.9459290914161197e-04         3.8713155392937403e-04         8.5457180481247430e-04        -9.4958333667007674e-04        -4.0060880316963746e-04         3.4112263199622620e-04        -6.9853116128337431e-04
25                                    -1.8963045825498332e-05         2.0426293522553171e-04         8.6250373895757423e-05         1.2598602299584196e-04        -1.3998977410528354e-04        -5.7846239259756154e-05         1.6727959691992708e-04        -1.3839570734233594e-04
26                                    -1.4925990194924018e-05         9.9971187353585481e-05         5.4592003975656740e-05         6.8072648906526963e-05        -7.4387588708843262e-05        -3.3937352682212296e-05         8.0957545432196117e-05        -7.3190802967887841e-05
27                                     5.6505734697137643e-04        -9.8841965443623300e-04        -4.2726896928915791e-04        -9.3860223421102815e-04         1.0402317642142216e-03         4.3818217718076828e-04        -3.8303667848490721e-04         7.3389964355914520e-04
28                                     1.9308979292777527e-04        -3.6520260031501039e-04        -1.5759676419510710e-04        -3.3735501665504953e-04         3.7644631807628732e-04         1.5855099779025545e-04        -1.4699381127215638e-04         2.7188432263612042e-04
29                                     9.5449438136103272e-05        -1.8049059612250165e-04        -7.9765909958501730e-05        -1.6738393116088126e-04         1.8650679987893530e-04         7.9057098066843165e-05        -7.3184145601446436e-05         1.3530669425930399e-04
30                                     1.2764349006317698e-04        -4.9832746302353316e-04        -2.1884864911334725e-04        -4.0217812217247309e-04         4.9073087030739200e-04         2.0759647396827126e-04        -1.0684731864320850e-04         4.7261134063924544e-04
31                                    -4.3950799959119888e-04         5.4606262704806792e-04         2.3418326103791468e-04         5.8956504340430035e-04        -6.3253904291273532e-04        -2.6709639281343454e-04         2.1418594932347067e-04        -3.9041886284895056e-04
32                                    -1.9658316963262445e-04         2.4459973065545429e-04         1.0230069719852446e-04         2.6285629085373466e-04        -2.8219191047749038e-04        -1.1750358666168538e-04         9.7439385634043036e-05        -1.6876240693231861e-04
33                                     1.3260764816171023e-04        -3.8421743375533076e-05        -1.4122643583665349e-05        -9.9592128592385510e-05         8.7669738803407738e-05         3.6434644946624620e-05        -3.5215467005031103e-05         8.6044198242490422e-07
34                                     3.8146062344119187e-04        -3.5269185967628944e-04        -1.4742867637191316e-04        -4.3866954552785128e-04         4.5623394116549147e-04         1.9126502199285757e-04        -1.5543990151422433e-04         2.2548112343635709e-04
35                                     1.7556268821021504e-04        -1.5908547571547206e-04        -6.9262767703285913e-05        -2.0019630500736299e-04         2.0721411145281903e-04         8.8065874821125823e-05        -7.0710820683255937e-05         1.0213823466009649e-04
36                                     1.2970398159755823e-05         8.5379192565213568e-05         3.8624590792885006e-05         9.8271526217823068e-05        -1.1245221096246709e-04        -4.7008167059161258e-05         1.2514174344787125e-06        -1.8083772220335055e-04
37                                    -6.7740757607313851e-05         3.7076120554845277e-04         1.5989767213103124e-04         2.8076952842914793e-04        -3.3957877498998581e-04        -1.4731726539298179e-04         1.6895616066711828e-04        -3.5827029584762526e-04
38                                    -3.1267425837114293e-05         1.6136322236021477e-04         7.9055536586816288e-05         1.2678711525902580e-04        -1.5678892550475827e-04        -5.8168870574233555e-05         7.4103671912791050e-05        -1.5944866870086315e-04
39                                     1.8010320623010972e-02         7.6586074220006631e-03         3.7027989570163917e-03        -5.3728190122377326e-03         7.8813292824222981e-04         2.2132680955547137e-04        -5.5307147540391687e-03        -8.8313271049087674e-03
40                                    -1.3399273167929682e-03        -4.2687760858803178e-03        -4.1711552140705913e-03         2.5808460094767353e-03         3.0548434370346599e-04         6.6663840560458269e-05         1.2549296784348050e-03         1.6885090046504484e-03
41                                    -2.9090318349162409e-04        -3.9634219555872308e-03         3.3108556515133889e-03         1.0072716259317701e-03         2.9036520345261641e-05         3.1901471785371457e-04         4.6002272255052314e-04         1.1030961401895419e-03
42                                    -5.2382253321905589e-02         1.7629331458998407e-02         6.7621042858373942e-03         2.5483141894706053e-03        -5.0812059663352871e-03        -2.2801461988183778e-03         4.5193108703922829e-04         1.2388165507656358e-02
43                                     6.8869369871642591e-02         3.0892863334716240e-02         1.8380892029559896e-02        -1.5003285199515728e-02         4.1871634420527284e-03        -2.2702327566941375e-04         5.6669056938394536e-03        -4.2096889101799193e-02
44                                     2.9470437764976098e-02         1.7223412241376024e-02         1.2766174311694724e-03        -6.6623836947797025e-03        -3.1069857600410280e-05         3.8021133375050896e-03         2.4067105884774658e-03        -2.0246961638624345e-02
45                                    -3.1168785471080590e-01        -1.1107586760816905e-02        -1.0522664152232082e-02        -4.9814967484554877e-02         1.9162744501046457e-02         7.1980408366617496e-03        -1.3338816672704715e-02        -5.5689489348518757e-02
46                                    -6.7475091263601752e-02        -1.1732077465315476e-01        -2.6241263156677762e-02         5.1056066927391938e-02         1.8465981933969960e-03        -1.7518094156822300e-03        -2.7662893871416600e-02         1.5515697870082059e-02
47                                    -3.5489473845025141e-02        -2.4929803120634031e-02        -7.3431961686795194e-02         2.1376483592997628e-02        -2.4747272059816427e-03         7.6894607732358906e-03        -1.2679245737053944e-02         3.7594768424713126e-03
48                                     7.2179735112035248e-01        -6.5703725590399598e-03         9.3881908183329008e-03        -1.7491638172361762e-01         6.7675329531248968e-02         2.7364529302742278e-02        -1.7707740744918476e-01        -4.7796482068370019e-02
49                                    -6.5703725590399598e-03         6.0609332164652463e-01         1.9437494861579824e-01         1.1238608410116559e-01        -2.3266344680996218e-01        -7.8890331995844387e-02        -1.0804902345405841e-01        -2.2854284254509261e-01
50                                     9.3881908183329008e-03         1.9437494861579824e-01         2.5438366831900194e-01         4.6965878792007906e-02        -7.9647924743813242e-02        -8.3785765690707156e-02        -5.0435556713069478e-02        -7.6695102046272570e-02
51                                    -1.7491638172361762e-01         1.1238608410116559e-01         4.6965878792007906e-02         6.7956881903706845e-01        -2.8651530064700004e-02         7.4878770333439463e-04         1.1204198057741130e-02         1.1194349512304649e-03
52                                     6.7675329531248968e-02        -2.3266344680996218e-01        -7.9647924743813242e-02        -2.8651530064700004e-02         3.3580927809573741e-01         1.3409206270906590e-01         3.0345373393596525e-02        -4.9646452865185417e-02
53                                     2.7364529302742278e-02        -7.8890331995844387e-02        -8.3785765690707156e-02         7.4878770333439463e-04         1.3409206270906590e-01         9.1634513744950991e-02         1.3548011634880893e-02        -2.7488139366194646e-02
54                                    -1.7707740744918476e-01        -1.0804902345405841e-01        -5.0435556713069478e-02         1.1204198057741130e-02         3.0345373393596525e-02         1.3548011634880893e-02         7.5125139269452113e-01        -1.0132883822289501e-02
55                                    -4.7796482068370019e-02        -2.2854284254509261e-01        -7.6695102046272570e-02         1.1194349512304649e-03        -4.9646452865185417e-02        -2.7488139366194646e-02        -1.0132883822289501e-02         6.0315361285035096e-01
56                                    -2.3836948294748018e-02        -7.8008279237225572e-02        -9.3582092639447653e-02         5.5858097325064276e-04        -2.6803670900701761e-02         3.4567694659696363e-04         1.0445964362480315e-02         2.2085467825933283e-01
57                                     6.3896222188139340e-02         3.1654676575955512e-02         1.5733023208989429e-02        -1.8806951040214136e-03        -1.3471600043022926e-02        -6.2019538016223584e-03        -2.2046574029716881e-01         7.8099563876704733e-02
58                                    -1.5424863753135856e-02        -6.0374068982352064e-02        -2.2731325484477691e-02        -4.0030406068703398e-03         8.9059499969612044e-03         2.8944655905161105e-04         1.2610726011315310e-01        -2.1514377277002844e-01
59                                    -5.1498951081466252e-03        -2.1705612768492453e-02        -1.9556793602200903e-02        -2.0092024204371082e-03         7.5765737677069810e-05         7.9683066878558102e-03         5.1955915000845024e-02        -6.6422297654983031e-02
60                                    -8.3096286247558247e-03         1.6470694541661996e-03         4.1208895522518456e-04         1.2145402787917107e-03         1.6760757070531874e-03         7.8505494423644704e-04         2.5109954551095010e-02         2.0805129641993006e-02
61                                     1.3176792389582172e-02         1.4101763450747328e-02         4.1891810124498954e-03         4.8743849844308854e-04        -5.3873573416253588e-03        -2.1724812311307148e-03        -1.0444596535092786e-02        -5.9495279778010016e-02
62                                     5.5242908211041710e-03         3.9479737294381128e-03         7.2166801777227424e-03         2.6333097566750890e-04        -2.1597985741501216e-03        -1.3954685896934022e-03        -4.2229388279315799e-03        -3.0001909903983028e-02
63                                    -2.9324068465131845e-02        -2.5876303159743156e-02        -1.2234333562315089e-02        -3.4587421234060058e-03         9.3577817066291067e-03         4.0844158065128436e-03        -2.8218635846321699e-02         4.4841797585846901e-02
64                                    -3.0583934129633741e-02        -7.4957012062465654e-03        -5.4565871843745631e-03         1.0168498691149816e-02        -7.8230593345112644e-03        -2.6936936123162880e-03         2.0485894857367855e-02         2.0911788834944954e-02
65                                    -1.4268742634016557e-02        -5.3926144885328145e-03         5.6066373175451883e-04         4.4371790391049756e-03        -2.6872927550000703e-03        -2.3136588390190050e-03         8.2422723198887146e-03         7.7378231638828184e-03
66                                     8.5040475644566254e-05        -2.9462516491210477e-04        -1.2496496346984840e-04        -1.4957551674668661e-04         2.2110543372342014e-04         9.3902621258432973e-05        -4.8867878588583795e-04        -1.1276968908804729e-05
67                                    -9.7050178475065619e-05        -6.2532376935530305e-05         6.6119365222724522e-05         7.1224462316784080e-05        -2.2476892677969812e-05        -2.0162461135545708e-05        -3.9886649285531824e-05        -5.9502091625153035e-05
68                                    -3.8665876096210454e-05         6.4260392562997745e-05        -1.9122878966149916e-04         2.9780055249702867e-05        -1.9024916492817733e-05         1.9141963910710309e-05        -2.0969268908002821e-05         9.8163592932376390e-05
69                                    -1.1805489442240645e-04         3.1057477146581900e-05         1.1135044964657195e-05         8.0893919901652234e-05        -7.4461794452177781e-05        -3.1169408202502730e-05         3.1161653708680336e-05         9.6065050764206175e-06
70                                     6.0337100892607625e-06         1.1386758705905667e-05         1.0558946755310437e-07         7.1383789224864651e-06        -6.5014958469623030e-06        -3.2287517896184770e-07         1.2607616882179896e-06        -2.0159468262556356e-05
71                                     4.1016492652921308e-06         9.3150227895560510e-08         1.0451614630733040e-05         2.5057462218293853e-06        -3.3648260035099654e-07        -5.0191913745126493e-06        -2.8664997692091535e-07        -5.3660171707993308e-06
72                                    -3.3218791720565693e-05         2.2098287852771808e-05         9.1314055397160675e-06         3.4247383835479960e-05        -3.3837725232617722e-05        -1.4145941405003832e-05         9.9185775605863070e-06        -1.1051945596513498e-05
73                                     6.2115635058228549e-05        -4.3521184746226081e-05        -1.7298111485082514e-05        -6.3202012096582981e-05         6.2597514603606103e-05         2.6481477334899044e-05        -2.5879170494993416e-05         2.4711920820976118e-05
74                                     2.8247041815159207e-05        -1.9012129717543314e-05        -9.3612595405444658e-06        -2.8754004408239049e-05         2.8615045109973099e-05         1.1758799847046941e-05        -1.1956698192318365e-05         1.1481084898309453e-05
75                                    -4.3245013826419200e-05         4.0072997291091525e-05         1.6870295274012007e-05         4.9431410921315985e-05        -5.0592229954585409e-05        -2.1268146145762688e-05         1.7274882098682778e-05        -2.5381505292238023e-05
76                                    -6.8499421935722061e-05         1.3243806719908291e-04         5.7200419634590288e-05         1.2131069762268087e-04        -1.3597518499982084e-04        -5.7402356835283425e-05         5.1817334429333566e-05        -1.0076541009939791e-04
77                                    -3.1306910073635858e-05         6.0272511616139883e-05         2.6640844927879617e-05         5.5516047367526095e-05        -6.2204501436165298e-05        -2.6312028140276440e-05         2.3788044208516794e-05        -4.5185058651528216e-05
78                                     1.1104420536723277e-06        -1.5025616939045314e-05        -6.7059101992092035e-06        -1.0107774536218819e-05         1.5235321085178111e-05         6.6257915917299550e-06        -3.3570859077943960e-06         1.3894100926175281e-05
79                                    -7.2320242928985967e-05         5.5224245656901314e-05         2.2735491248908114e-05         7.4085373930658728e-05        -7.5155071813024421e-05        -3.1342235459924181e-05         2.8471902224837543e-05        -3.0490659635892730e-05
80                                    -3.4269047767465581e-05         2.5772793856700886e-05         1.1213056379273147e-05         3.5041776426169552e-05        -3.5163371979796441e-05        -1.5414887831200433e-05         1.3595745577875739e-05        -1.4093334298361839e-05
81                                    -1.3589819245751663e-04         3.1488367250795266e-06        -1.6058824032758642e-06         7.6147962816492632e-05        -4.9065487664089468e-05        -1.9799094053933368e-05         3.1479102394748877e-05         3.4910882528956675e-05
82                                    -2.0099713132838882e-04        -1.6575656492661973e-05        -1.3764284892437040e-05         8.8872036513136602e-05        -5.8334419785526978e-05        -2.1850405941368779e-05         3.5533816333447929e-05         6.2095500044511841e-05
83                                    -1.0116091256216570e-04        -8.8100230920194384e-06        -2.1784671479060702e-06         4.5759285528796340e-05        -2.8042504958022763e-05        -1.5943377018285372e-05         1.7122062404191206e-05         2.7333900332015918e-05
84                                    -6.3189057291230775e-03        -2.5167138587275078e-02        -1.1371935990310656e-02         2.9651794432967431e-03        -3.3013118012233198e-04        -4.8802217782481852e-06        -4.6885979556573233e-03         1.2217060219490428e-03
85                                     1.9131394935924528e-03         1.7057439486801163e-03        -4.3425545515821118e-04         3.6312781614323761e-05        -6.5038504394322218e-05         1.3904051972381368e-03         3.9001856312144770e-04         1.6096802264518595e-03
86                                     5.8885465485560701e-04        -1.0379628614996771e-03         2.3296110224899080e-03         1.6497733099290340e-04         1.3828947945563148e-03        -2.5946176742953084e-03        -3.7664377446129660e-05        -1.3612719952868398e-03
87                                    -3.1037122081319191e-02        -4.6016388921905904e-04        -8.4380343662494167e-04        -4.6689048840539893e-01        -7.8935437253363175e-02        -4.4483185067187091e-02         4.2689918279247797e-03        -5.1630576937965918e-03
88                                     4.1131058673306006e-02         1.7680475141515113e-03         2.6245362972936890e-03        -1.2643521383336165e-01        -6.0704488376779907e-02        -2.6725974127690955e-02         2.2111399382764227e-03         4.1341753824914894e-04
89                                     1.7594199900814775e-02         1.7611498584613858e-03        -1.1691360054536283e-03        -6.5452938264148067e-02        -2.5834328377366891e-02        -1.9313351550415223e-02         1.1378785602074565e-03         7.9951150500747088e-04
90                                    -8.4452439704942733e-03         3.2880485439940182e-03         1.2427883308746904e-03         2.1979333872262459e-03         5.1604398657681405e-04         3.4790004854664408e-04        -3.3857739999303998e-01        -2.1884452087181934e-02
91                                    -2.4557732353594319e-02         8.8435807611658007e-04        -9.7566631039189408e-04        -1.0158870370779655e-03         2.2597823408913890e-03         2.5451414029981543e-03        -2.2562301432973192e-02        -5.3598218205331137e-02
92                                    -1.1127363266478557e-02        -3.2411744814844420e-04         1.4424218805479186e-03        -3.1896180413106749e-04         2.5975815063384198e-03        -2.4065326192601955e-03        -1.7215739020059209e-02        -1.1632622075514680e-02
93                                     4.9075246500803809e-03         2.4370084625074668e-03         1.1343176683619826e-03        -9.4127399764446298e-04        -6.2925304052658618e-04        -2.8714426599290254e-04        -2.0257972756712794e-03        -1.0845262778086503e-02
94                                    -3.8569628583079007e-04        -2.0283867796855124e-03        -1.8570755313050359e-03        -3.5672483862438033e-04         5.2480576279026003e-04         4.1394659163056962e-04        -3.3098222999679069e-03         2.7426304112547397e-03
95                                    -1.0361755345380169e-04        -1.8092069953829833e-03         1.3442780319733332e-03        -1.8177763969725333e-04         4.2822025941415887e-04        -2.4964721301564286e-04        -1.5779833196356038e-03        -2.2832654232939759e-04
                                                        56                          57                          58                          59                          60                          61                          62                          63

0                                      2.3044389947326515e-03        -1.3071956354758229e-02        -2.0669723571269078e-02        -9.4060286164844211e-03        -4.0528519273517472e-02         3.7222247939346344e-02         1.5368629638632416e-02         3.1093518290757328e-02
1                                     -1.1092827502679572e-03        -1.6414150670532746e-02        -3.4345056480980171e-03        -7.8998229311438156e-04         6.0743134384355288e-03         1.3012735353849581e-02         3.0171838183716978e-03         3.7428801699274329e-03
2                                     -6.8100914609895758e-04        -7.4629449431289690e-03        -8.3940685601871338e-04        -3.1452221551164011e-03         1.6008014863825625e-03         3.7316365720934264e-03         8.1564737796625993e-03         1.9609909444416465e-03
3                                     -3.0721222376547865e-03        -3.8045325887877540e-02         2.8172613220274739e-02         1.1555269741702831e-02         1.1194000328463320e-02         4.9976727668406412e-03         2.5691269669818398e-03        -1.7516974237956737e-01
4                                     -5.9718966252978508e-05         3.0973900712095020e-02         2.3964970157886324e-02         9.9033863258161468e-03         1.1970479764819613e-02        -2.9047203320237008e-02        -1.0891494509179664e-02         5.2573114659826864e-02
5                                      4.0576554922270676e-03         1.2715598634294738e-02         9.7162926801077111e-03         7.8460050379992805e-03         5.6290569138794941e-03        -1.1034907605948736e-02        -8.4747476417787321e-03         2.0544665958505071e-02
6                                      2.4655729578967759e-04         5.8569812296240063e-03         4.3690390381438491e-03         1.9836747138057228e-03        -4.8676031811598500e-03        -9.7921068761344741e-04        -5.5453071368887765e-04        -3.3289516929022323e-02
7                                      1.8238039268706745e-03         6.2975576247743673e-03        -5.9659573373375113e-03        -3.9191268864962473e-03        -5.5683895484748905e-03         3.1782058114297710e-03         1.5336548053401765e-03         2.0843491616923254e-02
8                                      2.0713053259672871e-04         2.8514666763231563e-03        -3.9525607233774985e-03         1.5584591286589857e-03        -2.5616987728796351e-03         1.6461897481999184e-03         3.9666595982083959e-05         8.0523893705762711e-03
9                                      7.9155371271003635e-04        -1.6179651522660989e-03        -1.5484087462543710e-03        -7.1193009092093132e-04         1.3989850370879303e-03         2.7427751968591117e-03         1.2497831289273646e-03         4.8289567095535554e-03
10                                    -1.2554017717106474e-03        -4.7911150517300225e-03        -7.1603532009359948e-04        -2.2304204455287350e-04         3.4684439932594424e-03        -1.1479770792316162e-03        -4.9088375670969372e-04         1.2151137910259395e-03
11                                    -7.7136801199582982e-04        -2.1388521624558332e-03        -1.5903199522976187e-04        -5.5064201252905088e-04         1.5606976768994269e-03        -5.1906401114372642e-04        -2.2480392092184338e-05         6.0497395747276424e-04
12                                     3.6665134390581887e-04         2.4242404916941505e-03         2.8489772502236402e-04         1.9188861000424279e-04        -1.1363296407991728e-03        -5.8175842245510468e-04        -2.8983311543066218e-04        -3.8677080851855531e-03
13                                     1.5257587965125723e-04         6.8074075921796225e-04        -8.2723836262818529e-05         2.2422140015601838e-04        -4.3293580310871133e-04         2.9036064522368880e-04         7.0502697301994300e-05        -7.9800702257849397e-04
14                                     3.0234313742949411e-04         3.7184941422363038e-04         2.1231830773654539e-04        -4.4624528602960230e-04        -2.2251809706274532e-04         6.8326186305124522e-05         1.3026387014535885e-04        -4.2174997475302343e-04
15                                    -1.7972920597959644e-04        -6.4874796929490267e-04         2.7469668506364514e-05         2.2887539977075477e-06         1.9329734126271865e-04         4.5057637081196078e-05         2.2971086336890281e-05         7.6994125245008135e-04
16                                     7.4074602060757161e-05         6.0140439818793590e-04         1.0908958785338314e-04         5.3410234326113138e-05        -3.4224842594360446e-04        -1.8867246477034168e-04        -9.9899419885328384e-05        -7.5294247387311809e-04
17                                     2.5736868023967455e-05         2.4354554248836728e-04         3.5344339709943287e-05         4.2090824644941388e-05        -1.4088357229142146e-04        -8.8600597752591849e-05        -2.7957394568656411e-05        -3.0229464329087466e-04
18                                     4.0653451437517907e-05         4.1616232408346097e-05        -9.7850579413989708e-05        -4.4555881108476771e-05         1.0553384611732434e-04         2.6220707306514224e-05         1.5326222507061762e-05        -1.0892822291109420e-05
19                                     2.3077096395635865e-04         1.3417983464637496e-03         3.0837190203900257e-04         1.8018842064187031e-04        -7.2473916813891226e-04        -3.1163283013446508e-04        -1.5234510264760040e-04        -1.8563230663576555e-03
20                                     1.0753592750212997e-04         6.1814010076497730e-04         1.5616542640212332e-04         4.2167371114376593e-05        -3.3154305526705179e-04        -1.3773426082420461e-04        -7.9442884140386964e-05        -8.4715287660781357e-04
21                                     4.5694435044993777e-05         4.8852061909840155e-04         1.7783002025926987e-04         8.9404368260795949e-05        -3.6015625466427495e-04        -1.7830035357944068e-04        -8.8452611216707739e-05        -6.9562813298557589e-04
22                                    -7.1747625376919550e-05        -5.6592790137819737e-04        -1.6254518002741970e-04        -8.8623795861894475e-05         3.6478510945993429e-04         1.7295898485997175e-04         8.7287458192032404e-05         7.8712585735216871e-04
23                                    -3.3163017919610532e-05        -2.4783369043695385e-04        -7.5289466717320854e-05        -2.8005691307064769e-05         1.5896914845707239e-04         7.6401591003159405e-05         3.6186380844667728e-05         3.4501208947435339e-04
24                                    -3.0533503105521098e-04        -1.8600225302824902e-03        -4.0264939330685463e-04        -2.1948963500296765e-04         1.1030169978572695e-03         4.3283491219712453e-04         2.2183830802586225e-04         2.2645396790501311e-03
25                                    -5.9959375320534457e-05        -3.4135184175004965e-04        -9.7517437540510681e-05        -2.2207180558480950e-05         1.5302705894630717e-04         1.0771154995493961e-04         4.3045691207661547e-05         5.3196248550714249e-04
26                                    -2.8214804214317846e-05        -1.7824294618383189e-04        -2.5000763760417691e-05        -6.6914753632377983e-05         8.3041318475997588e-05         4.6742492556164259e-05         4.0599413055654786e-05         2.7287848866473010e-04
27                                     3.2045388081157554e-04         1.9746606891203403e-03         4.5113156801787028e-04         2.4297107849238978e-04        -1.1820738332661209e-03        -4.7781200679293230e-04        -2.4341175818066380e-04        -2.4891685584037342e-03
28                                     1.1899360554359521e-04         7.1938354718984940e-04         1.7783518581797203e-04         7.6929329333391729e-05        -4.2533206722694520e-04        -1.7323603921580552e-04        -8.3618646645753123e-05        -9.1269451726380007e-04
29                                     5.8053112205867530e-05         3.5620977418580283e-04         7.0409788272831201e-05         7.7181208469646824e-05        -2.1029752038968699e-04        -8.1655908765222962e-05        -5.2201527645839927e-05        -4.5324254407545539e-04
30                                     2.0833237197538296e-04         1.1289190048129388e-03         1.5068132972128993e-04         9.7507514950974060e-05        -6.1209420468394545e-04        -1.8370522867278998e-04        -9.8847182529674234e-05        -1.2819457707649699e-03
31                                    -1.6646400483465450e-04        -1.1512539990394240e-03        -2.6536766541155476e-04        -1.1410034165013714e-04         7.2108263373314306e-04         3.2015631242284447e-04         1.5448215567289336e-04         1.5490812177370991e-03
32                                    -8.1981629964247908e-05        -5.0854952275037279e-04        -9.0071407103470535e-05        -1.1885341385786057e-04         3.1913801677838522e-04         1.3692951144228917e-04         8.4930914978987936e-05         6.8679155351296806e-04
33                                     2.2524187132360717e-08         8.7064321908982996e-05         5.5124970368532471e-05         2.6199772886668061e-05        -9.7619415724105072e-05        -4.4570367096659835e-05        -2.2180178904345380e-05        -1.4404785719204281e-04
34                                     9.8518244414992674e-05         7.3212714348722802e-04         2.2200535764518151e-04         1.1502793985921242e-04        -5.1293525899697942e-04        -2.1093399175314622e-04        -1.0748463291587450e-04        -9.6830402840772660e-04
35                                     4.3368416598953206e-05         3.3179505021431688e-04         1.0176338044184835e-04         5.2601818005208803e-05        -2.3372820567580139e-04        -9.6227108217511909e-05        -4.8645122294217287e-05        -4.4117653668757881e-04
36                                    -7.9719676959748092e-05        -4.5203535084251708e-04        -3.1089880991493041e-05        -2.8721151064800573e-05         1.6337467957702528e-04         8.1622182236794610e-05         4.1320563925373945e-05         4.4235483741503711e-04
37                                    -1.5287329556805298e-04        -8.9931614390540023e-04        -1.3530438278097978e-04        -1.1126366734166208e-04         4.4993649280282433e-04         1.3638908312861212e-04         7.8079651529572503e-05         1.0612668956337269e-03
38                                    -7.5561980997083402e-05        -4.0943605206136450e-04        -8.9952606322497820e-05         1.7134967791062597e-05         2.0411451466362233e-04         6.6063717567640826e-05         2.2328054554923804e-05         4.7854388095061563e-04
39                                    -3.9957098049641900e-03        -2.9112718609551969e-03         2.3548854134772266e-03         8.4330075701704926e-04        -1.2992304529887977e-03        -4.4422436280026033e-03        -2.0134808870572183e-03        -2.8810566501577151e-02
40                                     1.3303635708679746e-03         3.0624754988094137e-03        -5.9385461257411183e-03        -5.6122312841104735e-03        -3.6163975426144633e-03         1.5682966289463105e-03         6.4906595168625811e-04        -3.4497105315937991e-02
41                                    -7.5987882356401567e-04         1.1302948228590665e-03        -5.6202479789626515e-03         4.4312299222177883e-03        -1.6284221864432756e-03         6.3737457717102843e-04         1.3890250975601246e-04        -1.6084131497446096e-02
42                                     5.3777278464390713e-03        -1.0362536717074974e-02        -3.8043092158147523e-02        -1.6902114983266412e-02        -4.4679632956319670e-03         4.8711540129941187e-03         1.9221588238023651e-03        -1.5224674434264684e-01
43                                    -2.0364626732376073e-02        -6.5234139197646840e-02         2.3206347744858684e-02         1.2078427322989773e-02         9.1202440603308076e-03        -4.2773508451343575e-03        -4.4004487082820246e-03        -4.3432455314332000e-02
44                                    -4.6674694173745607e-03        -2.8969168476662584e-02         1.2670442313560449e-02        -2.5185183093705821e-03         3.7951757791883753e-03        -4.4974980357134972e-03         4.2405495616072006e-03        -2.1241509048464214e-02
45                                    -2.5033131370473950e-02        -4.1666131084589615e-02         2.5604264060512746e-02         1.0268667171863147e-02         2.8169101863990886e-03        -1.0859414918929798e-02        -4.7262898159604553e-03         3.8974908635327189e-02
46                                     4.4055210133674624e-03         2.2707185294162425e-02        -6.1439605481051849e-03        -4.4695573322417505e-03        -3.3795900592467217e-03        -2.8092231110614279e-03        -7.2453954621671027e-04        -3.4383660893172428e-03
47                                     5.4439828264058535e-03         8.9612204402711067e-03        -4.3935662732269244e-03         3.4277332155037174e-03        -1.4015587568967703e-03        -8.9649294379962974e-04        -1.7870941553926238e-03        -7.4973109101164614e-04
48                                    -2.3836948294748018e-02         6.3896222188139340e-02        -1.5424863753135856e-02        -5.1498951081466252e-03        -8.3096286247558247e-03         1.3176792389582172e-02         5.5242908211041710e-03        -2.9324068465131845e-02
49                                    -7.8008279237225572e-02         3.1654676575955512e-02        -6.0374068982352064e-02        -2.1705612768492453e-02         1.6470694541661996e-03         1.4101763450747328e-02         3.9479737294381128e-03        -2.5876303159743156e-02
50                                    -9.3582092639447653e-02         1.5733023208989429e-02        -2.2731325484477691e-02        -1.9556793602200903e-02         4.1208895522518456e-04         4.1891810124498954e-03         7.2166801777227424e-03        -1.2234333562315089e-02
51                                     5.5858097325064276e-04        -1.8806951040214136e-03        -4.0030406068703398e-03        -2.0092024204371082e-03         1.2145402787917107e-03         4.8743849844308854e-04         2.6333097566750890e-04        -3.4587421234060058e-03
52                                    -2.6803670900701761e-02        -1.3471600043022926e-02         8.9059499969612044e-03         7.5765737677069810e-05         1.6760757070531874e-03        -5.3873573416253588e-03        -2.1597985741501216e-03         9.3577817066291067e-03
53                                     3.4567694659696363e-04        -6.2019538016223584e-03         2.8944655905161105e-04         7.9683066878558102e-03         7.8505494423644704e-04        -2.1724812311307148e-03        -1.3954685896934022e-03         4.0844158065128436e-03
54                                     1.0445964362480315e-02        -2.2046574029716881e-01         1.2610726011315310e-01         5.1955915000845024e-02         2.5109954551095010e-02        -1.0444596535092786e-02        -4.2229388279315799e-03        -2.8218635846321699e-02
55                                     2.2085467825933283e-01         7.8099563876704733e-02        -2.1514377277002844e-01        -6.6422297654983031e-02         2.0805129641993006e-02        -5.9495279778010016e-02        -3.0001909903983028e-02         4.4841797585846901e-02
56                                     2.0262017641271118e-01         3.0709416393405214e-02        -6.5347328698703938e-02        -8.8710145435300591e-02         9.5797183475090798e-03        -3.0689989909836013e-02        -4.0362517386249332e-03         1.9090391876767532e-02
57                                     3.0709416393405214e-02         6.7184256727815672e-01        -2.7321405046375261e-02        -3.3041804485721329e-04        -1.5978474042934793e-01        -9.7304256624112351e-02        -4.5489792058431726e-02        -2.6799212831698849e-01
58                                    -6.5347328698703938e-02        -2.7321405046375261e-02         6.5978833795221437e-01         2.1660437770228283e-01        -7.0306356699958966e-02        -2.5650935354341931e-01        -9.1339959775312535e-02        -1.6564139077151700e-02
59                                    -8.8710145435300591e-02        -3.3041804485721329e-04         2.1660437770228283e-01         2.6421281229256061e-01        -3.3494945544053932e-02        -9.2074748504022641e-02        -9.4820663886784659e-02        -1.2138706905551338e-02
60                                     9.5797183475090798e-03        -1.5978474042934793e-01        -7.0306356699958966e-02        -3.3494945544053932e-02         4.3037411225717398e-01        -3.8312504966103930e-02        -8.0727086589356227e-03        -2.4527964254340905e-02
61                                    -3.0689989909836013e-02        -9.7304256624112351e-02        -2.5650935354341931e-01        -9.2074748504022641e-02        -3.8312504966103930e-02         4.6030166903572334e-01         1.8247648249722209e-01        -3.2099620054148986e-02
62                                    -4.0362517386249332e-03        -4.5489792058431726e-02        -9.1339959775312535e-02        -9.4820663886784659e-02        -8.0727086589356227e-03         1.8247648249722209e-01         1.2532567361777242e-01        -1.5048026925767930e-02
63                                     1.9090391876767532e-02        -2.6799212831698849e-01        -1.6564139077151700e-02        -1.2138706905551338e-02        -2.4527964254340905e-02        -3.2099620054148986e-02        -1.5048026925767930e-02         6.8856206470607006e-01
64                                     7.1447283686734905e-03         9.4341455403150962e-03        -1.1946658559064224e-01        -2.5091537683856809e-02        -4.5258085816984039e-02        -2.3487659524809518e-03        -7.5446176043214262e-03         1.6082824842238809e-02
65                                     9.3789377994184867e-03        -5.6139468817682000e-04        -2.5599604005992947e-02        -7.3664769011879946e-02        -2.0916146791637988e-02        -7.2734730257125648e-03         8.6940358418185829e-03         2.0663767503614990e-02
66                                    -8.8098989071639988e-06         3.8224894608714999e-04         1.5948945306323509e-03         7.1007897713188468e-04         2.7217819326674954e-04        -4.5792292881741863e-04        -1.9611907371728469e-04        -5.0211800210308265e-03
67                                     9.7136642631434503e-05        -3.6477575391632435e-04         2.8059833887730140e-04         9.2532358085120313e-05         1.3446134051890647e-04         6.0497569487998683e-05         3.2117653537198877e-05        -1.4392949507273864e-03
68                                    -2.4084381748567900e-04        -1.5344259530809226e-04         1.3640138274783399e-04         1.0808870776106973e-04         6.9410651801918023e-05         1.6824026615315624e-05         3.9544853770722102e-06        -8.1917638337659655e-04
69                                     4.5513138036392229e-06        -4.5509054166735551e-05        -8.5244656153841641e-05        -3.8786234004411237e-05         8.4459133206753000e-05         1.8444934350972469e-05         1.0651738815674436e-05         1.5852573600353033e-04
70                                    -4.4289783914476784e-06        -4.8740592774799052e-05         3.9125573214315385e-05        -5.3199249449189498e-06         1.4558268352777220e-05         9.1063161509402632e-06         2.9687020589343566e-06        -4.7297246955363078e-05
71                                    -1.1820037880206234e-05        -2.4502431176215992e-05        -1.1554266042752327e-06         4.5780866460943642e-05         5.9306530397432318e-06         3.3765816338028303e-06         4.2413088440129679e-06        -2.8598980665317194e-05
72                                    -4.8096105994597886e-06        -4.3533300871535149e-05        -2.0211349199245935e-05        -1.0008899072867792e-05         3.7254666365821104e-05         1.3103606911215714e-05         6.7458897062917027e-06         6.3703368516306917e-05
73                                     1.0932036228869476e-05         1.0039309918176385e-04         3.5658735234022783e-05         1.6050031131596945e-05        -7.0720966877958205e-05        -3.4723070530836047e-05        -1.7400318513083668e-05        -1.3892566370795798e-04
74                                     4.2532135143987152e-06         4.5548177152503514e-05         1.4191001756312916e-05         1.1681547983100722e-05        -3.2088472507311810e-05        -1.5840534024903112e-05        -8.2357190704621485e-06        -6.3162180131158202e-05
75                                    -1.1026753342884931e-05        -8.5266342535280976e-05        -2.3719175128071456e-05        -1.2545901952311523e-05         5.8365054709080583e-05         2.5531991077711266e-05         1.2944033744873097e-05         1.1043981477356987e-04
76                                    -4.3080877302060541e-05        -2.6442187620646522e-04        -5.5823586222973319e-05        -3.3093886512192827e-05         1.5460382147999493e-04         6.2128334807106205e-05         3.1489024339736081e-05         3.3114371566867872e-04
77                                    -2.1705134153211682e-05        -1.2115079564623334e-04        -2.7919630142798891e-05        -9.4692704875433135e-06         7.0600884078061201e-05         2.8242771318303896e-05         1.5146751729328112e-05         1.5109254699178327e-04
78                                     6.1556898139869115e-06         2.5621983218357104e-05         7.5392549796561128e-06         3.7807934657232956e-06        -1.5133475837701455e-05        -1.2863667294250809e-06        -1.1291372611465429e-06        -1.9758170289950235e-05
79                                    -1.3039435340066589e-05        -1.1362062607301858e-04        -3.3389196709946829e-05        -1.9730630274653183e-05         8.3243583017318846e-05         3.5561819818637056e-05         1.9095543105045683e-05         1.5899685044430499e-04
80                                    -6.3466634868186646e-06        -5.3715705144274294e-05        -1.8167753062300470e-05        -4.0503826837499589e-06         3.9353003520359975e-05         1.7906321586031748e-05         6.9856959914691032e-06         7.5073789855132001e-05
81                                     1.5636941914677935e-05        -3.3212283785212296e-05        -3.3557496256711076e-05        -1.6793754384025798e-05         5.9918243168037089e-05         4.2904695772136487e-05         2.1070235173825905e-05         8.8434875665393834e-05
82                                     2.5024363762616674e-05        -2.2265332587991047e-05         1.1437544046140420e-05        -2.0561898266477810e-05         7.4531661691964156e-05         6.6849364708639357e-05         4.0675779727131622e-05         2.3975851135441965e-04
83                                     1.8682430697971924e-05        -1.3274810353257853e-05        -1.9705776400862575e-05         4.3488062986670907e-05         3.8847018597126662e-05         4.1624540426837538e-05         1.1403137987471654e-06         1.1908219203242217e-04
84                                     3.3169787771805508e-04        -1.1429390657392811e-03         7.9319815598503148e-04         3.6244627358590067e-04         2.9703998257809910e-04        -2.4564740714312438e-04        -1.0144573448823357e-04        -2.3962808000549396e-03
85                                    -1.3853401429358043e-03         4.2484301893730859e-04         4.0948256428214452e-05         7.7534014359523793e-04        -1.0054607647712077e-04         9.1005631164254745e-05         4.5957488291922311e-05         3.6439599509676523e-03
86                                     4.1639388444761425e-03         2.1129150733083203e-04         7.7400180207107651e-04        -1.3509305095790382e-03        -3.5323202309672650e-05         5.1109652822941892e-05         5.3370869376737279e-06         1.4301156057682546e-03
87                                    -2.1195707954246353e-03        -1.7341253716415734e-03         9.5229368843584771e-04         3.9302992583951078e-04         1.3929894587249734e-04        -1.0645065590918590e-03        -4.7162790964411780e-04         1.4390886561017465e-03
88                                     9.7277779672665489e-04         8.6774877261383077e-05        -1.1986411297478894e-03        -1.7543883884532847e-04        -6.8909996600584962e-05         8.0233352872400427e-04         3.1634179010785673e-04        -2.3868565757745555e-04
89                                    -1.6346720061438690e-03         3.0550350762742593e-06        -1.9864452647759285e-04        -8.5686635757185859e-04        -2.7190142661755580e-05         3.1347151163414971e-04         2.2475994505764794e-04        -7.8452890857009974e-05
90                                    -1.6891472829741502e-02        -1.3080086883157455e-02        -4.9322730810200596e-03        -2.5546089416475341e-03         1.4981020603194656e-03        -9.5735277416738977e-04        -3.0413179492858565e-04        -4.2149692719505721e-04
91                                    -1.1725712215981520e-02         2.3514975010003332e-02         6.6810816233513343e-03         1.6562775863283722e-03        -1.4745931632251690e-03         1.4465709100698844e-03         2.3469069643850698e-03         1.8410126953895215e-03
92                                    -3.4045014733574387e-02         9.9959314219302438e-03         1.0279604301075369e-03         4.8279645416522896e-03        -5.2442070089890862e-04         2.3396046572061262e-03        -2.8888763036134068e-03         6.8166499945770389e-04
93                                    -4.9114656088948931e-03         2.8775306373096447e-02         8.3470918788178736e-03         4.3207058480878753e-03        -2.2893128544659380e-01         1.3450119068838667e-01         5.4710557800258706e-02        -9.4102602572875491e-03
94                                    -7.3345177861283695e-05         1.7933806012629994e-02        -4.8047659675905949e-02        -2.0964629929868805e-02         1.1363201719908229e-01        -1.3382259096361324e-01        -4.6883428647263560e-02         4.2610072679359345e-03
95                                     2.6100670778207583e-03         8.6079093349043737e-03        -2.1269003952581994e-02        -8.8646361233342703e-03         4.5465674517643322e-02        -4.6304256547851329e-02        -4.0745790949937667e-02         1.7192846380696316e-03
                                                        64                          65                          66                          67                          68                          69                          70                          71

0                                      6.5365995181861231e-03         3.1712157630844756e-03         4.2698209846519369e-03         1.0639493643215619e-03         6.5660564420165317e-04         2.3569257103975955e-04         6.6234442409506222e-05         2.8506179660996320e-05
1                                     -6.4486609119917868e-02        -3.6332051482716038e-02        -1.0364240782057815e-03         3.0919410508074407e-04         1.4338976198482421e-03         1.4665425598573491e-04         2.5789995163750146e-05         2.8005673184646265e-05
2                                     -3.6308195543390959e-02         2.2060286794200745e-03        -3.0382278778175436e-04         1.4929060231490367e-03        -2.3832970021070046e-03         7.3182599282019440e-05         2.7083277518647505e-05        -1.5728030079633089e-05
3                                      5.4314801348954014e-02         2.1313246789328246e-02        -1.3862352515995359e-02        -5.4216831963193740e-03        -2.8182344769616466e-03        -1.9309312403980932e-04        -1.9366809583921675e-04        -9.5712199350851373e-05
4                                     -1.5285760592192016e-01        -3.7448193232784505e-02         2.4122069085784383e-02         6.9050744198544201e-03         1.7747855127613066e-03        -4.2326855081440356e-04         2.4504465990565717e-04         2.7945746304381666e-04
5                                     -3.7314705182887709e-02        -8.1198185052846539e-02         1.0234693321394454e-02         1.0740016338122412e-03         4.8765268893052518e-03        -1.9873115862163463e-04         2.6652227868750108e-04        -2.2588190214351401e-04
6                                      1.4848565026819131e-02         5.4934990562925771e-03        -1.7329693153811493e-01         1.3398440250130206e-01         5.5739623708416459e-02        -1.8222644582582617e-03        -7.3150846300691521e-04        -4.1367625532037701e-04
7                                      1.8148114445298850e-02         3.1762560431489346e-03         1.3480502453201182e-01        -2.0183302222960012e-01        -7.2130023299984219e-02         1.0767020118684035e-03         1.2876516965908678e-04        -2.1551876693748275e-04
8                                      3.0332654604979942e-03         1.3612853247142703e-02         5.6055342215127632e-02        -7.2196567078523136e-02        -6.1541744931181058e-02         5.1745652316779567e-04        -1.6305524785342643e-04         4.0752666536848976e-04
9                                      4.7687397284471283e-03         2.1190339797406872e-03         1.1746632542307529e-02         1.7659241454278798e-02         8.0099586472479559e-03         2.8445505111834510e-05        -1.7736789527255103e-03        -6.9528710377928481e-04
10                                    -1.4208280314209521e-02        -5.7070451901861325e-03        -6.6514069333006021e-03        -1.1916034529852591e-02        -4.7575180985324553e-03        -1.6348606833863077e-04        -1.3802075920820510e-03         9.9645661961887157e-04
11                                    -5.6025915611608865e-03        -3.7242804979531448e-03        -2.6352618155694382e-03        -4.1765495868010365e-03        -3.4671989775830925e-03        -1.2733200787641737e-05         9.6075703285368355e-04        -3.1108012700031386e-03
12                                     1.5789570134182502e-03         6.3895323276649178e-04        -9.6326208927575638e-04         6.6467206148264173e-04         4.0408093461212664e-04         1.0778183416251625e-02        -5.5489461016654806e-03        -2.4080245144383582e-03
13                                     1.0349451078162544e-03         8.0154795189574018e-04         6.5625680432782486e-04        -6.4205876066408124e-04         1.3399084062705050e-03         1.8957712006298658e-02        -1.1875523456594407e-02        -5.5885231382837817e-03
14                                     8.5135923223006232e-04        -4.4943200585720615e-04         3.5642920986575424e-04         1.3221494646631481e-03        -3.0422294819714684e-03         8.7828046492471872e-03        -5.9699672053282297e-03        -1.5432837605409782e-03
15                                    -5.5230742370143942e-04        -2.2982468158603002e-04        -1.8246115900085618e-03         7.1872724899369280e-04         2.7179620249675389e-04        -7.0040373019533919e-02        -5.3078268395587061e-02        -2.4878095956636363e-02
16                                     4.8841389475980123e-04         2.4649241615475737e-04        -1.8738300547634645e-03        -2.6525446548026927e-04        -3.7118764378711816e-04        -5.2304432782012217e-02        -2.7662523107671844e-01        -1.1316098677764845e-01
17                                     2.3414423027015360e-04         2.1324266115729416e-05        -8.1660547091889110e-04        -3.6773714291689081e-04         3.6679585248246423e-04        -2.4460908032462137e-02        -1.1325144831613398e-01        -8.2597483503130398e-02
18                                    -1.5427772401865978e-05        -1.1468505464610983e-05        -2.4151644270003071e-04        -3.5980623931190824e-04        -1.6857425396422509e-04        -3.5316943901348820e-03         2.1818614236621958e-03         9.5174850955402623e-04
19                                     1.0461392296086760e-03         4.4707077391764984e-04         1.0789656597066162e-04         4.5218807907061015e-04         4.0520836119841872e-04        -2.6774934414959511e-02        -4.6478598951373643e-03        -4.4293212555244245e-03
20                                     5.1264841087852932e-04         1.4169102756839136e-04         5.6137592854577979e-05         4.1114938016345386e-04        -3.0516575466696839e-04        -1.2316797541145926e-02        -4.0082268054534125e-03         2.2217019496437291e-03
21                                     3.3903132878342713e-04         1.3748675614240306e-04         1.5148249486513670e-04         1.8031901568157135e-04         8.0564227888549377e-05         3.3499264436740103e-03         6.3127805971988776e-04         4.0644719248747723e-04
22                                    -4.2494475294042774e-04        -1.7136487479976967e-04        -5.5284441523993291e-05        -1.1197884936024665e-04        -4.6963556295848691e-05        -1.0443248282932787e-03         1.2365624544786536e-03         2.3997727140534697e-03
23                                    -1.8445442347090810e-04        -7.6556713670942808e-05        -2.2469588437795416e-05        -4.3862011418875686e-05        -3.0598744971394802e-05        -3.6577120504790875e-04         2.4195983338290328e-03        -2.9473746380540532e-03
24                                    -1.7359186362351797e-03        -7.2470147295939432e-04         6.4669605974942588e-05         3.5058027320336154e-05         5.9297603617824518e-06        -4.6743704785319213e-03        -6.3306195506318205e-04        -4.5630732559456127e-04
25                                    -1.2086506468380308e-04        -2.6197382685479761e-07        -6.9446639393731509e-05        -1.4091912044756017e-04         5.8198015108608240e-05         8.5495730272737783e-04         1.9221343594329546e-03        -1.9289784020225416e-03
26                                    -4.0062211343145923e-05        -9.1791170964696152e-05        -2.6268118607763503e-05         4.1100930698258908e-05        -2.0911674250133038e-04         2.2849014403009994e-04        -1.9180905851282608e-03         5.2129121885218718e-03
27                                     1.8125447241570756e-03         7.5289475816458259e-04        -2.0311451903322667e-05         1.3298933699363246e-04         6.5246918467276618e-05        -1.8470035061292608e-04        -2.8360116521479386e-04        -1.1787147635145350e-04
28                                     6.4901374783063578e-04         2.5957240030805267e-04         1.7575947018932993e-05         1.3155932261615472e-04         1.6078415092717703e-05        -1.7712517852498020e-03        -3.5936787552307209e-04        -1.9939616459312064e-04
29                                     3.1232571655008610e-04         1.4930253903786402e-04         5.1895907193716731e-06         1.9985331331923221e-05         1.0449620204092946e-04        -8.0893035884061241e-04        -1.8753928382309517e-04        -5.3432226190994767e-05
30                                     1.2652818588360375e-03         5.3649302503147611e-04        -2.7901316924354403e-04        -1.0029037716916808e-04        -2.9000590761096075e-05        -1.0953529317311789e-03         8.6430368875143292e-06        -5.7339730073787233e-06
31                                    -1.0059662014907701e-03        -4.8006019811206813e-04         1.7005451598453461e-05        -4.3220623334392846e-05        -1.5506444954730710e-04         3.6612473717293707e-04         4.1476765340611559e-04         9.1210527720448666e-04
32                                    -4.9982174040733040e-04        -7.1373459547249547e-05        -1.4941216754927569e-06        -1.4468653393480017e-04         2.0404100336492972e-04         1.7277806031461502e-04         9.0773945246752988e-04        -1.1492547129876578e-03
33                                     4.4932337252379584e-05         1.6793173913978921e-05         8.0607882201369908e-05         4.7063441887835154e-05         1.8647740214533249e-05         2.4886216235873001e-04        -1.1908050430618333e-04        -5.0263908297136251e-05
34                                     6.5524651133306948e-04         2.6094164640883682e-04         1.2839953420223273e-04         1.9714273543844178e-04         6.7124365929025027e-05        -1.9033032335772515e-04        -2.2891844120338144e-04        -5.2414893447383544e-06
35                                     2.8459915391846111e-04         1.4466280231146330e-04         5.7894355882386764e-05         6.7278148238298889e-05         8.5192451416685235e-05        -7.8312905975147352e-05        -7.8273852065090563e-06        -2.1954918618358630e-04
36                                    -5.1542515849189422e-04        -2.2263955819522654e-04         3.2175221186187008e-04         3.2649128704954075e-05        -1.1237218857563678e-06        -3.5324288438391581e-03         3.3543897305100016e-03         1.3821282474112762e-03
37                                    -9.2239790158523695e-04        -3.0607224546481666e-04         1.7102011582328149e-04         1.5642830109881527e-04         1.5138996404345020e-04         2.2570051333287190e-03         6.6904676010488828e-04        -2.0889634092409824e-03
38                                    -3.4198624055712502e-04        -3.2531711596866175e-04         9.1060004522983102e-05         1.6699177622166861e-04        -1.5190190177759321e-04         8.9217959451249880e-04        -2.0931564130543256e-03         4.4321790651473429e-03
39                                    -2.7518750162175559e-02        -1.2989710488010415e-02         9.8380009178827572e-04        -1.4619480392745222e-03        -8.0615600608004308e-04         7.1341001988390977e-04         2.9263354250074131e-04         1.1373637610816571e-04
40                                     4.7600880713211096e-03        -2.4107459941600249e-03        -4.5457952539742826e-03        -1.7209251584663745e-03        -5.2108428906593555e-03        -4.2009026288967923e-04         8.5690512198407847e-05         1.3481868933306522e-04
41                                    -2.2374162384037099e-03         7.0869652352098800e-03        -2.1986517128115999e-03        -5.0988437443554926e-03         7.4832117802051670e-03        -1.6975033917577794e-04         1.3050080933104492e-04        -1.2376550968289766e-04
42                                    -6.8247212722018544e-02        -3.2264970443157640e-02        -1.5233147911215932e-03        -1.4625514958385138e-03        -6.8572061573727466e-04        -2.4619544948551234e-04        -7.7769874868041558e-05        -2.7642560508790732e-05
43                                    -2.4403248130314911e-01        -8.3947340527705458e-02        -8.8146573664204132e-04         1.1952446871520898e-04         5.7153997906361927e-05         1.3637302723269959e-05        -7.7873265893425229e-06        -5.2381016185407668e-05
44                                    -8.4535953940532343e-02        -9.4360344962808970e-02        -4.2509492016763338e-04         4.3870283048106002e-05        -5.2333797197858848e-05         1.7622248123619241e-07        -5.5307612343631832e-05         8.7401989054553588e-05
45                                     2.6724081275622941e-02         1.2599907994305232e-02         1.4896005215682596e-04         2.6433553182342128e-04         1.3184095050063164e-04         1.5729441766519219e-04         1.6179723419653238e-05         4.0828085948793732e-06
46                                    -4.0689284071370159e-02        -2.0841233848669649e-02         1.3269260420008838e-04        -1.4328906307818523e-05         1.5492396776189718e-04        -5.1424346420280036e-05         1.8103207256852494e-05         3.0379353072679737e-06
47                                    -2.0157539956579026e-02        -2.7237417605205094e-03         7.1248254447522642e-05         1.5883314842670801e-04        -2.8969176142989560e-04        -1.9657929708724569e-05         2.4791368058531325e-06         1.4100853147516829e-05
48                                    -3.0583934129633741e-02        -1.4268742634016557e-02         8.5040475644566254e-05        -9.7050178475065619e-05        -3.8665876096210454e-05        -1.1805489442240645e-04         6.0337100892607625e-06         4.1016492652921308e-06
49                                    -7.4957012062465654e-03        -5.3926144885328145e-03        -2.9462516491210477e-04        -6.2532376935530305e-05         6.4260392562997745e-05         3.1057477146581900e-05         1.1386758705905667e-05         9.3150227895560510e-08
50                                    -5.4565871843745631e-03         5.6066373175451883e-04        -1.2496496346984840e-04         6.6119365222724522e-05        -1.9122878966149916e-04         1.1135044964657195e-05         1.0558946755310437e-07         1.0451614630733040e-05
51                                     1.0168498691149816e-02         4.4371790391049756e-03        -1.4957551674668661e-04         7.1224462316784080e-05         2.9780055249702867e-05         8.0893919901652234e-05         7.1383789224864651e-06         2.5057462218293853e-06
52                                    -7.8230593345112644e-03        -2.6872927550000703e-03         2.2110543372342014e-04        -2.2476892677969812e-05        -1.9024916492817733e-05        -7.4461794452177781e-05        -6.5014958469623030e-06        -3.3648260035099654e-07
53                                    -2.6936936123162880e-03        -2.3136588390190050e-03         9.3902621258432973e-05        -2.0162461135545708e-05         1.9141963910710309e-05        -3.1169408202502730e-05        -3.2287517896184770e-07        -5.0191913745126493e-06
54                                     2.0485894857367855e-02         8.2422723198887146e-03        -4.8867878588583795e-04        -3.9886649285531824e-05        -2.0969268908002821e-05         3.1161653708680336e-05         1.2607616882179896e-06        -2.8664997692091535e-07
55                                     2.0911788834944954e-02         7.7378231638828184e-03        -1.1276968908804729e-05        -5.9502091625153035e-05         9.8163592932376390e-05         9.6065050764206175e-06        -2.0159468262556356e-05        -5.3660171707993308e-06
56                                     7.1447283686734905e-03         9.3789377994184867e-03        -8.8098989071639988e-06         9.7136642631434503e-05        -2.4084381748567900e-04         4.5513138036392229e-06        -4.4289783914476784e-06        -1.1820037880206234e-05
57                                     9.4341455403150962e-03        -5.6139468817682000e-04         3.8224894608714999e-04        -3.6477575391632435e-04        -1.5344259530809226e-04        -4.5509054166735551e-05        -4.8740592774799052e-05        -2.4502431176215992e-05
58                                    -1.1946658559064224e-01        -2.5599604005992947e-02         1.5948945306323509e-03         2.8059833887730140e-04         1.3640138274783399e-04        -8.5244656153841641e-05         3.9125573214315385e-05        -1.1554266042752327e-06
59                                    -2.5091537683856809e-02        -7.3664769011879946e-02         7.1007897713188468e-04         9.2532358085120313e-05         1.0808870776106973e-04        -3.8786234004411237e-05        -5.3199249449189498e-06         4.5780866460943642e-05
60                                    -4.5258085816984039e-02        -2.0916146791637988e-02         2.7217819326674954e-04         1.3446134051890647e-04         6.9410651801918023e-05         8.4459133206753000e-05         1.4558268352777220e-05         5.9306530397432318e-06
61                                    -2.3487659524809518e-03        -7.2734730257125648e-03        -4.5792292881741863e-04         6.0497569487998683e-05         1.6824026615315624e-05         1.8444934350972469e-05         9.1063161509402632e-06         3.3765816338028303e-06
62                                    -7.5446176043214262e-03         8.6940358418185829e-03        -1.9611907371728469e-04         3.2117653537198877e-05         3.9544853770722102e-06         1.0651738815674436e-05         2.9687020589343566e-06         4.2413088440129679e-06
63                                     1.6082824842238809e-02         2.0663767503614990e-02        -5.0211800210308265e-03        -1.4392949507273864e-03        -8.1917638337659655e-04         1.5852573600353033e-04        -4.7297246955363078e-05        -2.8598980665317194e-05
64                                     6.1271621640030693e-01         2.2233237731671202e-01        -2.2250983543911224e-03         4.6650776716327053e-04        -1.2855445967800564e-03        -1.4474738832572675e-05        -2.0962852851005346e-05        -4.5332680820770358e-05
65                                     2.2233237731671202e-01         2.0888095110882943e-01        -1.1702480015382275e-03        -1.2587810004411801e-03         2.6776451252065389e-03        -3.6137938709546045e-06        -4.4497033432626206e-05         4.8322087894462951e-05
66                                    -2.2250983543911224e-03        -1.1702480015382275e-03         1.8295633596590741e-01        -1.4292355514206123e-01        -5.9654361869524039e-02        -3.3333899048936517e-03        -1.4369313721212256e-03        -3.4911403311837320e-04
67                                     4.6650776716327053e-04        -1.2587810004411801e-03        -1.4292355514206123e-01         2.0715596189842977e-01         7.8010462677654491e-02        -1.1556032268655748e-03         3.6561468739938763e-04         1.3953294772943892e-04
68                                    -1.2855445967800564e-03         2.6776451252065389e-03        -5.9654361869524039e-02         7.8010462677654491e-02         5.5010635711777188e-02        -2.0220889034803027e-04         1.1809515287122905e-04         8.5132865432033982e-04
69                                    -1.4474738832572675e-05        -3.6137938709546045e-06        -3.3333899048936517e-03        -1.1556032268655748e-03        -2.0220889034803027e-04         7.4197427847212769e-02         5.8676495169372719e-02         2.7380121514867430e-02
70                                    -2.0962852851005346e-05        -4.4497033432626206e-05        -1.4369313721212256e-03         3.6561468739938763e-04         1.1809515287122905e-04         5.8676495169372719e-02         2.9019205810959947e-01         1.2329666392292793e-01
71                                    -4.5332680820770358e-05         4.8322087894462951e-05        -3.4911403311837320e-04         1.3953294772943892e-04         8.5132865432033982e-04         2.7380121514867430e-02         1.2329666392292793e-01         7.7816247812528716e-02
72                                    -4.0641272032972733e-05        -1.6926785375101620e-05        -4.9955056189626538e-05        -7.9194957426765948e-05        -3.4766998242499565e-05        -1.1813766154624913e-03        -9.0727308671064832e-04        -5.4502681612628341e-04
73                                     7.6205439430668495e-05         3.0998203606537789e-05         2.5539813930171512e-05         4.1265556767821211e-05         8.8007020154513623e-06         1.1185261963078123e-03         7.4355417018921255e-05         7.3582090537293145e-05
74                                     3.4132992228588373e-05         1.4476615038532380e-05         1.0856434612622576e-05         8.2789935585975076e-06         2.5041151155506182e-05         2.1787985200797918e-04         1.2824770408937356e-04         1.4623668756271656e-04
75                                    -7.4080492043779740e-05        -3.0944388729931220e-05        -6.7906651868015631e-06        -2.0129361517283655e-06        -2.2746614791886174e-06        -3.4565285093659127e-04        -3.1978719196666181e-05        -1.6513547277487112e-05
76                                    -2.3849379846188496e-04        -1.0305612002454179e-04         2.1838229756739259e-06        -2.0316070809453502e-06        -2.8697511602487591e-05        -2.4666955301504416e-05         6.3739327617538127e-05         1.5029412261889847e-04
77                                    -1.1291375147373359e-04        -3.7955942664049567e-05        -4.1284546042941758e-07        -2.6739487469078072e-05         4.6809715473679765e-05        -1.3256016741675039e-05         1.5157007673727351e-04        -2.0434754807682491e-04
78                                     3.4082689594768214e-05         1.5051984276593290e-05         1.1499604283175086e-05         1.6981773540474668e-05         8.0732185632777215e-06        -5.7760528513796112e-05         3.7153840123822562e-05         1.6518178187841632e-05
79                                    -9.3897180089354967e-05        -3.6218556750360811e-05        -2.0044593767512670e-05        -2.1456275794882306e-05        -9.4409481241502740e-06        -5.0615359799940942e-05         8.3436898885785323e-05        -5.5688235692746921e-06
80                                    -4.1757713147631978e-05        -2.2169953968919827e-05        -8.9811730676008127e-06        -9.6361410690091782e-06        -4.7203234964021196e-06        -2.5791884509133896e-05        -5.0429455595313592e-07         8.7775598006197491e-05
81                                     1.3767780855392870e-05         8.4564392884567814e-06         1.6750255091111565e-05         4.4080076602895574e-05         2.2790548388672922e-05         4.6093718440056960e-04        -3.9064479296908243e-04        -1.8892441177548771e-04
82                                     7.9316404372552977e-05         4.0446165029056988e-05         6.4096190414529363e-05         5.6503215860258282e-05         1.1063653964394498e-04         1.0279464403529386e-03        -4.1284862226711311e-04        -6.8841789029323408e-04
83                                     3.5522148443193830e-05         1.3197707885097249e-05         3.3428440365603689e-05         1.1074393834461084e-04        -1.3700039738092680e-04         4.6102793035120393e-04        -7.1173047711822084e-04         8.2742332085640740e-04
84                                     2.2219140247771623e-03         8.0614784701066658e-04        -1.3790230272043995e-05        -2.2220638924350304e-05        -1.2347946624888132e-05         1.8665605304357441e-06        -2.9263457153719103e-06        -1.4205638757882894e-06
85                                    -4.6191532981302436e-04        -2.4603803845267662e-03         4.8039978086167822e-05         3.9172754197355417e-05        -2.6435478395786310e-05        -3.1940642814068206e-06         1.6703544596893317e-06        -4.4960359846737291e-07
86                                    -2.4935077644515011e-03         4.2270210026172025e-03         1.8738655073887749e-05        -2.7338797945416910e-05         8.8979625156876912e-05        -1.2344584058351554e-06        -4.4800462747226040e-07         2.3747230313040938e-06
87                                    -1.4265613934556229e-03        -5.9373683670842041e-04         3.7512614188769453e-05        -3.3682527486363366e-06        -1.5491051613990776e-06        -1.3409598511115038e-05        -9.7378132025346942e-07        -2.1215498581255186e-07
88                                     9.3870886752136205e-05         8.4268641330049912e-05        -1.9061975467654862e-05         1.5676819074808470e-06        -1.1163348094863960e-05         2.2690743059898887e-06        -2.2376638524667104e-07         5.6138427877998539e-07
89                                     7.6041307027910798e-05        -8.4112594275953544e-05        -8.8109107438106524e-06        -1.0813255984649906e-05         2.0911158324020720e-05         9.2953062870214615e-07         6.2755531313088833e-07        -1.3006139375089558e-06
90                                     3.0136421980751296e-03         1.1835058024617390e-03        -8.7006560145381603e-05        -1.2982977344046167e-05        -1.0365022503791243e-05         8.6637690401529194e-06        -9.3102798585248132e-07        -3.2265319167461900e-07
91                                    -2.6837939365727112e-03        -3.5766054824121628e-03         1.2074044479516299e-04         4.8808842909175873e-05        -3.1467359347733213e-05        -5.2196367905915388e-06         6.4273666808660682e-07         3.6007761829986752e-06
92                                    -3.5516387810418607e-03         3.9587432708543631e-03         4.9089124262047304e-05        -3.3833128006597536e-05         1.1147827798594913e-04        -2.0908563214444721e-06         3.4597663218513295e-06        -5.4507945219077384e-06
93                                     4.5177571052188873e-03         1.8594744433434560e-03        -3.6761159156283886e-04        -1.0985394871882597e-04        -6.1860645033258747e-05        -1.2012384691525234e-04        -1.0535628516084657e-06         1.2167214044792680e-06
94                                    -1.7442569080028756e-03         6.5814171642399229e-04         2.7355297754525973e-04         6.8132142753680260e-05         6.5658172930834976e-05         1.4359197013079332e-05        -1.4490818654155823e-06         6.1563029772732070e-08
95                                     6.8967005632018102e-04        -2.6731330061775210e-03         1.1385222758274243e-04         5.5762505234428505e-05        -3.7206331852199836e-05         2.8732343452483359e-06        -3.1915180402435593e-08        -1.5124602315128359e-06
                                                        72                          73                          74                          75                          76                          77                          78                          79

0                                      1.0488669933462587e-04        -1.8942815679002614e-04        -8.5829697045743873e-05         1.6534535510698988e-04         4.4173731509047453e-04         2.0188434606454745e-04        -6.0274510322026173e-05         2.3362273162941781e-04
1                                      7.7622833974869181e-05        -1.8181056092544874e-04        -8.2267160603405538e-05         1.5229555337265257e-04         3.9690205118538078e-04         1.8179830652711334e-04        -5.6938742503125474e-05         2.0804573400202237e-04
2                                      3.6672149145705643e-05        -8.3304103645757748e-05        -3.9604485552486017e-05         7.0540067431936756e-05         1.8325491101752833e-04         8.4311390428385924e-05        -2.6208631646077365e-05         1.0079873638371272e-04
3                                     -2.1711158987450067e-04         4.5733234712854142e-04         2.0830229261695101e-04        -4.0956469465332478e-04        -1.2089656447330623e-03        -5.5188176854362376e-04         1.5891445021701909e-04        -5.3998589969029838e-04
4                                     -7.5454785257880015e-05         1.0461917530197001e-04         5.8252325957578228e-05        -6.9630315158194717e-05        -2.1354120490009692e-04        -7.5754874241171352e-05         2.8272714841170838e-05        -9.0140819731353923e-05
5                                     -3.7779202527192708e-05         6.4577308651835293e-05         6.1810548578324801e-06        -3.7468856579972522e-05        -9.2525350190483625e-05        -9.3679550922754257e-05         1.4793101138670252e-05        -6.2516331936513197e-05
6                                      2.3951702962754604e-04        -4.9118200186111321e-04        -2.2259370483519307e-04         4.4169167087188910e-04         1.1448833795641863e-03         5.2517531107516618e-04        -1.9088031435681346e-04         6.2170981061277549e-04
7                                      1.4107264494888391e-04        -2.1953854012500882e-04        -1.1372877020094234e-04         1.9269329450664983e-04         6.8640663134484790e-04         3.1696889789018066e-04        -8.5665613782148574e-05         2.2986881765153661e-04
8                                      6.4530819510096049e-05        -1.1793489822353932e-04        -2.2647606116023151e-05         9.4283009922407234e-05         3.3389856856082885e-04         1.3939983690008695e-04        -4.0531371893750030e-05         1.0916580647700280e-04
9                                     -2.0219697746168318e-04         6.7835936985339912e-04         3.1550510568612825e-04        -6.2327359283427715e-04        -2.0262977471487043e-03        -9.2124787105119150e-04         3.6028601691040095e-04        -7.6301195845906371e-04
10                                    -4.3662731517688576e-05         4.4477192803521492e-04         2.6355699141508173e-04        -9.7231101970362063e-05        -7.4867412883879300e-04        -3.5825721523961309e-04        -1.1580436626722486e-04        -5.9164131149895663e-06
11                                    -1.7829388946091461e-05         2.7262168459380961e-04        -7.5912113380832461e-06        -5.3542358486734875e-05        -3.9065804592141310e-04        -1.3542633647714233e-04        -4.6195943448249606e-05         2.0110547750481225e-06
12                                    -5.2947858193378664e-04        -6.3514666776030458e-04        -2.8841560188415112e-04         4.3411233860099062e-04         2.3072644667215510e-03         1.0470050371686073e-03        -5.7664742125100327e-04         7.6023752953018162e-04
13                                     3.9332540896334087e-04        -6.4096696615821211e-04        -2.7178981775016200e-05         3.1783758509956500e-04         4.7053732455056918e-04         2.8126362219658746e-04        -4.4763266383220947e-04        -4.4880790233067553e-04
14                                     1.8169642527039802e-04        -3.1692125986930680e-05        -5.9025559033463071e-04         1.5232211114057112e-04         3.1189904432205224e-04         5.7309040706087010e-06        -2.0697743254823991e-04         1.0678285435887047e-04
15                                     1.7508553483743948e-03        -4.0236123587990349e-03        -1.5036620986674867e-03         6.2032375776722450e-04        -1.4848826576989980e-03        -6.8526727680745579e-04        -8.4023196454541488e-04         3.9927257664891037e-05
16                                     2.0621919840712846e-03         4.3576482652623299e-03         2.4449314701740291e-03        -1.0258042055572975e-03        -2.2962831784071957e-04        -7.3903540956949017e-04        -3.3466248340977705e-04         7.7870585266380749e-04
17                                     1.2374150556936215e-03         2.2356536086024625e-03         5.4218851036557498e-05        -4.7661157419844914e-04        -7.4008516642386083e-04         1.0137315123426153e-03        -1.6834249211944847e-04         3.7207671314735166e-04
18                                     6.6898315406729979e-03        -5.4626334365787989e-03        -2.1969744559137295e-03        -6.5901812524517605e-03         2.5931275455418380e-03         1.0748225292946407e-03         1.0048534867894829e-03         1.6808150589663318e-03
19                                     3.7106632017842985e-02        -3.0131938552901527e-02        -1.2594404861564105e-02        -2.7237392623674812e-04         2.3206991282246660e-03         6.2000535055374041e-04         9.6836145683819232e-04        -5.3329062483569107e-04
20                                     1.7048732783040213e-02        -1.3139898625712687e-02        -7.3518452935513101e-03        -2.3391392979310848e-04         6.5439394065764343e-04         1.2333358162420008e-03         4.4223072749904674e-04        -1.0017968194298531e-03
21                                    -1.0891432000877282e-01        -1.2533868880462345e-01        -5.8477007129335221e-02         3.9471167442142198e-05        -1.1761441109734124e-03        -5.3619797136163932e-04         8.9556964520602351e-05        -6.9031285223361224e-04
22                                    -1.7319284928522055e-01        -3.5855083509311148e-01        -1.6295025694772608e-01         1.5475199694273225e-03         8.3963608074328331e-04         4.1969377234132377e-04        -4.3795126201126599e-04         1.4188715636000550e-04
23                                    -8.0260924374711134e-02        -1.6209898712401205e-01        -7.9564715595286023e-02         6.9923065392410628e-04         3.7951342374609653e-04         1.4432860266831994e-04        -1.9363889899431691e-04         1.6127702091676345e-04
24                                    -5.5535113106469219e-03         1.4408926686882359e-03         5.4346644528516751e-04        -1.2378911768591152e-02        -1.0378069246860452e-02        -4.8706624249252890e-03        -2.5333634183347174e-03        -3.1947200738849700e-03
25                                     3.2518422982410204e-03         1.1752880713474211e-03        -1.3337812610372292e-04        -4.5427390051706845e-02        -1.4487149906251863e-02        -6.9557284780307621e-03        -5.1618239891119081e-03        -2.2546978852945217e-03
26                                     1.3649656715149089e-03        -1.5058270440890947e-04         1.4994992464644596e-03        -2.0833354786584025e-02        -6.4649234370267924e-03        -3.8792550364237246e-03        -2.4044822107589085e-03        -1.7660106558274689e-03
27                                     3.0954565537788146e-04         1.5207883890017227e-03         7.1146269174098432e-04        -4.1107371028182044e-02        -2.4211249292319471e-02        -1.1409834312854687e-02         1.0412800113434525e-03        -1.6851714539574815e-03
28                                    -9.6662782548080249e-04         8.5261875744641915e-04         4.9269654676814989e-04         1.9798683649146415e-02        -4.0316400665889407e-01        -1.7944708589594663e-01         1.6771454723113507e-03         1.2234066864949180e-03
29                                    -4.1635776564684677e-04         5.2015364418964128e-04        -1.8603328813166187e-05         8.5795308524716958e-03        -1.8006499486467412e-01        -8.8601229080341792e-02         7.7245510576442480e-04         3.7896634865989360e-04
30                                     1.5352395836025197e-03        -2.2161132467429681e-04        -1.1288235955516203e-04        -3.3169550993307241e-03         6.5274644488704792e-03         2.9103483818495347e-03         1.2139054603703646e-02         2.9253048598871022e-02
31                                     6.0095557658650805e-04        -1.0280428433165345e-03        -1.3609705126118570e-03        -5.4650734570423753e-03         3.6536528196831576e-03         1.2942087705646440e-03        -1.1437623889420122e-02        -3.1020411012645004e-02
32                                     2.7047539586054844e-04        -1.3646345542723710e-03         1.3493258728855401e-03        -2.5533231562804414e-03         1.4273428919674613e-03         1.3880897098277169e-03        -5.0148801872574589e-03        -1.3132439703510770e-02
33                                    -3.8053664050963573e-04         3.5298200690950455e-04         1.5967872655417925e-04         2.6759532107739556e-03        -1.2175052535458404e-03        -5.5096522331517239e-04        -3.3253495624133689e-01         1.8159828254997326e-01
34                                     1.3432153435636446e-05         4.7532967140080412e-04         3.4421187574620459e-04        -6.8873677800908653e-04        -1.6225210699218583e-04         7.6466686785745322e-05         2.2825192113560280e-01        -1.7649625194248333e-01
35                                     6.6634934657876959e-06         3.3465338657823120e-04        -9.7912480587902719e-05        -3.2108270714357665e-04         5.6729209078815613e-05        -4.6075119070133560e-04         1.0236298439254701e-01        -7.8713241164171804e-02
36                                    -4.4395803470945942e-04        -7.7547864709103442e-04        -3.5362999127620982e-04         3.6958160105717616e-04        -1.1170582451342287e-03        -5.0056760883405104e-04         1.7005019499746633e-03         1.1507373717259978e-03
37                                    -4.9805010453684662e-04         5.1720312509800285e-04         2.7837586625299580e-04        -3.6877247468048075e-04        -1.8472407714938584e-03        -6.1694748500328174e-04        -3.6063314855622683e-03         3.1547287456889003e-03
38                                    -2.3448715406253876e-04         2.6370530540712888e-04         2.3346986204681168e-05        -1.5739747994828108e-04        -6.1758220238349677e-04        -8.0044320834494684e-04        -1.6280392591223602e-03         1.5989855992770054e-03
39                                     1.7110580977910505e-04        -5.1381986825327168e-04        -2.3653917811828278e-04         2.3862241411545977e-04         5.2560822891202833e-04         2.4007105569724230e-04         1.9041275787787175e-05         4.1202097908820843e-04
40                                    -2.4948594627726675e-05         5.0775573548035699e-05         8.2747761925785226e-06        -1.2492990762003175e-05        -1.7123473759114233e-04        -6.8612569911915945e-05         1.1101145749401321e-04         1.6857576121029889e-05
41                                    -8.2705834024129410e-06        -3.7855389169802947e-06         3.3300621933593225e-05        -1.0439586526537570e-06        -5.9057029392184759e-05        -4.4683429398305249e-05         5.0948354022116080e-05         1.5882561768880994e-05
42                                    -3.4710267235688004e-05         1.5963259956012767e-04         7.3115379995932243e-05        -9.9336713945762209e-05        -1.0311621223564859e-04        -4.7542814946122168e-05        -5.4227355918742816e-05        -1.9938522942723009e-04
43                                     3.0076050961570672e-05        -5.7230091704340078e-05        -3.3386308552477095e-05         8.0863678520810326e-05         1.9239265642906635e-04         8.3050574059581107e-05         9.2849778547745612e-06         1.1833169810644093e-04
44                                     1.2767477206982323e-05        -2.9076661152264945e-05         2.7369185908562757e-06         3.3554571822975876e-05         7.6649083839043107e-05         4.6335855793461930e-05         3.1262918290453382e-06         5.1964123610420008e-05
45                                     4.7136753504562975e-05        -9.3829754638990212e-05        -4.2658125100811814e-05         5.8936085785260568e-05         1.0924951495653516e-04         4.9866422698453130e-05        -3.2159885061329484e-06         1.0205507828202809e-04
46                                    -1.0204922857604052e-05         2.0465223364040881e-05         8.9116549197152374e-06        -1.6466552773155761e-05        -2.5852854421452182e-05        -1.0885512508332677e-05        -2.0377289543244685e-06        -2.9122359772757315e-05
47                                    -3.5239025044740894e-06         6.4366737018748647e-06         4.0977488415085486e-06        -6.0858608344633165e-06        -8.3485685504385154e-06        -6.1402956201294826e-06        -7.9270769121604179e-07        -1.0286519344506124e-05
48                                    -3.3218791720565693e-05         6.2115635058228549e-05         2.8247041815159207e-05        -4.3245013826419200e-05        -6.8499421935722061e-05        -3.1306910073635858e-05         1.1104420536723277e-06        -7.2320242928985967e-05
49                                     2.2098287852771808e-05        -4.3521184746226081e-05        -1.9012129717543314e-05         4.0072997291091525e-05         1.3243806719908291e-04         6.0272511616139883e-05        -1.5025616939045314e-05         5.5224245656901314e-05
50                                     9.1314055397160675e-06        -1.7298111485082514e-05        -9.3612595405444658e-06         1.6870295274012007e-05         5.7200419634590288e-05         2.6640844927879617e-05        -6.7059101992092035e-06         2.2735491248908114e-05
51                                     3.4247383835479960e-05        -6.3202012096582981e-05        -2.8754004408239049e-05         4.9431410921315985e-05         1.2131069762268087e-04         5.5516047367526095e-05        -1.0107774536218819e-05         7.4085373930658728e-05
52                                    -3.3837725232617722e-05         6.2597514603606103e-05         2.8615045109973099e-05        -5.0592229954585409e-05        -1.3597518499982084e-04        -6.2204501436165298e-05         1.5235321085178111e-05        -7.5155071813024421e-05
53                                    -1.4145941405003832e-05         2.6481477334899044e-05         1.1758799847046941e-05        -2.1268146145762688e-05        -5.7402356835283425e-05        -2.6312028140276440e-05         6.6257915917299550e-06        -3.1342235459924181e-05
54                                     9.9185775605863070e-06        -2.5879170494993416e-05        -1.1956698192318365e-05         1.7274882098682778e-05         5.1817334429333566e-05         2.3788044208516794e-05        -3.3570859077943960e-06         2.8471902224837543e-05
55                                    -1.1051945596513498e-05         2.4711920820976118e-05         1.1481084898309453e-05        -2.5381505292238023e-05        -1.0076541009939791e-04        -4.5185058651528216e-05         1.3894100926175281e-05        -3.0490659635892730e-05
56                                    -4.8096105994597886e-06         1.0932036228869476e-05         4.2532135143987152e-06        -1.1026753342884931e-05        -4.3080877302060541e-05        -2.1705134153211682e-05         6.1556898139869115e-06        -1.3039435340066589e-05
57                                    -4.3533300871535149e-05         1.0039309918176385e-04         4.5548177152503514e-05        -8.5266342535280976e-05        -2.6442187620646522e-04        -1.2115079564623334e-04         2.5621983218357104e-05        -1.1362062607301858e-04
58                                    -2.0211349199245935e-05         3.5658735234022783e-05         1.4191001756312916e-05        -2.3719175128071456e-05        -5.5823586222973319e-05        -2.7919630142798891e-05         7.5392549796561128e-06        -3.3389196709946829e-05
59                                    -1.0008899072867792e-05         1.6050031131596945e-05         1.1681547983100722e-05        -1.2545901952311523e-05        -3.3093886512192827e-05        -9.4692704875433135e-06         3.7807934657232956e-06        -1.9730630274653183e-05
60                                     3.7254666365821104e-05        -7.0720966877958205e-05        -3.2088472507311810e-05         5.8365054709080583e-05         1.5460382147999493e-04         7.0600884078061201e-05        -1.5133475837701455e-05         8.3243583017318846e-05
61                                     1.3103606911215714e-05        -3.4723070530836047e-05        -1.5840534024903112e-05         2.5531991077711266e-05         6.2128334807106205e-05         2.8242771318303896e-05        -1.2863667294250809e-06         3.5561819818637056e-05
62                                     6.7458897062917027e-06        -1.7400318513083668e-05        -8.2357190704621485e-06         1.2944033744873097e-05         3.1489024339736081e-05         1.5146751729328112e-05        -1.1291372611465429e-06         1.9095543105045683e-05
63                                     6.3703368516306917e-05        -1.3892566370795798e-04        -6.3162180131158202e-05         1.1043981477356987e-04         3.3114371566867872e-04         1.5109254699178327e-04        -1.9758170289950235e-05         1.5899685044430499e-04
64                                    -4.0641272032972733e-05         7.6205439430668495e-05         3.4132992228588373e-05        -7.4080492043779740e-05        -2.3849379846188496e-04        -1.1291375147373359e-04         3.4082689594768214e-05        -9.3897180089354967e-05
65                                    -1.6926785375101620e-05         3.0998203606537789e-05         1.4476615038532380e-05        -3.0944388729931220e-05        -1.0305612002454179e-04        -3.7955942664049567e-05         1.5051984276593290e-05        -3.6218556750360811e-05
66                                    -4.9955056189626538e-05         2.5539813930171512e-05         1.0856434612622576e-05        -6.7906651868015631e-06         2.1838229756739259e-06        -4.1284546042941758e-07         1.1499604283175086e-05        -2.0044593767512670e-05
67                                    -7.9194957426765948e-05         4.1265556767821211e-05         8.2789935585975076e-06        -2.0129361517283655e-06        -2.0316070809453502e-06        -2.6739487469078072e-05         1.6981773540474668e-05        -2.1456275794882306e-05
68                                    -3.4766998242499565e-05         8.8007020154513623e-06         2.5041151155506182e-05        -2.2746614791886174e-06        -2.8697511602487591e-05         4.6809715473679765e-05         8.0732185632777215e-06        -9.4409481241502740e-06
69                                    -1.1813766154624913e-03         1.1185261963078123e-03         2.1787985200797918e-04        -3.4565285093659127e-04        -2.4666955301504416e-05        -1.3256016741675039e-05        -5.7760528513796112e-05        -5.0615359799940942e-05
70                                    -9.0727308671064832e-04         7.4355417018921255e-05         1.2824770408937356e-04        -3.1978719196666181e-05         6.3739327617538127e-05         1.5157007673727351e-04         3.7153840123822562e-05         8.3436898885785323e-05
71                                    -5.4502681612628341e-04         7.3582090537293145e-05         1.4623668756271656e-04        -1.6513547277487112e-05         1.5029412261889847e-04        -2.0434754807682491e-04         1.6518178187841632e-05        -5.5688235692746921e-06
72                                     1.0646042464150747e-01         1.3215266215381305e-01         6.1349414374919434e-02         1.7405606782339909e-04         1.4207574243630614e-05         6.9070960367366755e-06         3.6695001930647631e-05         9.3730135801649208e-05
73                                     1.3215266215381305e-01         3.8280326590070596e-01         1.7325707050037922e-01        -9.8414747702001073e-05        -1.0256282547849979e-04        -6.1697665581517163e-05         8.4397540929267116e-06        -1.6900148503032309e-04
74                                     6.1349414374919434e-02         1.7325707050037922e-01         8.4653010066895518e-02        -4.4079422801394680e-05        -6.1394634977491826e-05         1.7542810392790040e-06         7.4269495643507129e-06         9.9068187843456997e-06
75                                     1.7405606782339909e-04        -9.8414747702001073e-05        -4.4079422801394680e-05         5.8033955831770019e-02         2.9631504462932716e-02         1.4171152597193657e-02         1.4391451465536813e-03         1.9136798423822743e-03
76                                     1.4207574243630614e-05        -1.0256282547849979e-04        -6.1394634977491826e-05         2.9631504462932716e-02         4.1395319943950770e-01         1.8511882274875996e-01        -8.1481199185782333e-04        -1.2542130915819891e-03
77                                     6.9070960367366755e-06        -6.1697665581517163e-05         1.7542810392790040e-06         1.4171152597193657e-02         1.8511882274875996e-01         9.1256570361138420e-02        -3.4563187241548051e-04        -6.2851933617299462e-06
78                                     3.6695001930647631e-05         8.4397540929267116e-06         7.4269495643507129e-06         1.4391451465536813e-03        -8.1481199185782333e-04        -3.4563187241548051e-04         3.1998223268330483e-01        -2.0947927505655436e-01
79                                     9.3730135801649208e-05        -1.6900148503032309e-04         9.9068187843456997e-06         1.9136798423822743e-03        -1.2542130915819891e-03        -6.2851933617299462e-06        -2.0947927505655436e-01         2.0636845229479320e-01
80                                     4.5636248489873014e-05         8.5373604183561062e-06        -1.8551125479810166e-04         9.5314455796656635e-04        -6.5767622660840012e-05        -1.2228784049918917e-03        -9.4025382710385047e-02         9.1786383688398893e-02
81                                    -3.8728774248698628e-05         3.5221108104768512e-05         1.4551474163394194e-05         1.3878762484384000e-04         2.7125785918627579e-04         1.2311000271847844e-04        -1.1220104645853334e-03        -1.3085608382182568e-03
82                                    -1.0959270819079094e-04         4.5572813703115267e-05        -6.5491767159943238e-06         6.7131483941154421e-05         1.6105161021590897e-04         1.3060053087969418e-05         8.1460508447612091e-04         1.3436394478898920e-04
83                                    -5.2639503441198840e-05        -6.2158404074606982e-06         5.4276096455412430e-05         3.3361369908146419e-05         1.8027599109015485e-05         1.4248282601464691e-04         4.0947401103627460e-04         6.2451334300880098e-05
84                                    -8.1691543998360384e-08         2.4870175351863208e-07         8.2521367101535278e-08        -3.1417674860838166e-07         1.1510956094897362e-06         5.1581557879011887e-07        -8.0083944029061288e-06        -3.2950067122005533e-06
85                                    -1.5945908459386884e-06         2.0348105414116457e-06         5.2486589640955377e-07        -1.0719384413070027e-06        -6.4445991279203657e-06        -3.1928729769050579e-06         5.2689155819059773e-06        -1.2860534993289641e-07
86                                    -6.7740924947240346e-07         4.3525191330439001e-07         1.1123260998211868e-06        -4.2053179891906291e-07        -2.9868280949371738e-06        -7.8712100093230926e-07         2.0000496117311402e-06        -8.7784581136337008e-07
87                                    -6.1305096505488859e-06         1.0784419880386431e-05         4.8882639999258305e-06        -9.3410524794459064e-06        -2.3425226804642328e-05        -1.0726982586185644e-05         1.4838270434914706e-06        -1.2725384756168011e-05
88                                     9.3030197890254451e-07        -1.9137195905542002e-06        -9.7616726089372595e-07         1.6245017315146859e-06         4.9497258162728537e-06         2.1914818418601583e-06        -5.4596581994537108e-07         2.7093820473131655e-06
89                                     3.3092548243817563e-07        -8.7112018074285208e-07        -1.7664530974287676e-07         6.2783337455025239e-07         1.9514452847035346e-06         1.0556690710810780e-06        -2.6655185587771721e-07         9.3601521305772788e-07
90                                     2.9804478166845239e-06        -5.2577963996321348e-06        -2.3647451122523681e-06         3.9413503874912636e-06         1.0227873761147767e-05         4.6859257728054108e-06        -9.4779409396575744e-07         5.9224814874817363e-06
91                                    -1.6388517406107137e-06         2.4592685524793365e-06         1.3327443980723106e-06        -1.9987274795426646e-06        -6.3407792975220384e-06        -2.5188135388513495e-06         7.9063810022675181e-07        -2.9011484034426361e-06
92                                    -6.4450707915972022e-07         1.2733865005335368e-06         7.7265011447259983e-08        -8.1937407268620946e-07        -2.3041946040754658e-06        -1.9087334594324014e-06         3.5914738763652888e-07        -1.1877521407341068e-06
93                                    -3.8550424798065195e-05         6.2401777487959648e-05         2.8161972791118767e-05        -5.3230533699964353e-05        -1.4124444091470373e-04        -6.4384829358006830e-05         1.9603455104425644e-05        -7.5807525152381245e-05
94                                     4.4630444451817009e-06        -4.7622345641853964e-06        -2.1364547812465814e-06         5.3984819605633792e-06         1.4498372250462465e-05         6.2924104916122457e-06        -4.3063987057628385e-06         7.6908215376537178e-06
95                                     7.4379212071352592e-07        -9.5751201533748821e-08         7.5118880657113987e-08         6.5092305310824707e-07         1.5486445517779644e-06         1.2482335367884512e-06        -1.2996517207133752e-06         1.0514498464260131e-06
                                                        80                          81                          82                          83                          84                          85                          86                          87

0                                      1.1022977215575485e-04         1.4671365267951338e-04         5.1210146270158115e-05         3.5817113144785329e-05        -1.2931623998425459e-04         2.1147587157172769e-04         9.9982271655359211e-05         8.4152788726700369e-05
1                                      1.0181996296079876e-04         1.7387049571078914e-04         1.3219940202967723e-04         9.9707168249780874e-05         4.5016420966082697e-04        -6.8747153133353537e-04        -1.2167145455316859e-04        -7.7459171066841847e-04
2                                      3.8724858317318292e-05         8.1312864280826916e-05         8.6985358105162448e-05        -1.5667767035866403e-05         2.0467554947656600e-04        -1.2781044450868242e-04        -4.3587323035478774e-04        -3.4078286614920247e-04
3                                     -2.5446171937130427e-04        -2.5835140535196562e-04         1.1721200978296348e-05        -2.6016769755402095e-05         9.9497597520217720e-04        -1.3493619243552029e-03        -6.0219492321559112e-04        -1.1432614971740875e-03
4                                     -5.3611981626462229e-05        -1.0176960976028031e-04        -1.1054567044176025e-04        -2.0745516032034586e-04         3.7215411979303630e-04         3.2247782245909068e-04        -3.5593375269492452e-04         1.3426469041285126e-03
5                                     -3.5378821114051236e-06        -5.7432606596519978e-05        -2.0154397314010663e-04         2.4493117805440698e-04         1.6132023052457462e-04        -3.9342963139917648e-04         9.6582812376996700e-04         5.6666820303085893e-04
6                                      2.9192961000848038e-04         3.4249852830519402e-04        -1.1226384093845241e-04        -2.5506468694571485e-05        -1.1540598229829783e-04         9.1674314208108185e-05         3.5299938466365954e-05         5.9067770843278266e-04
7                                      1.0446978218617617e-04         2.2197593912808347e-04         1.9368286325837009e-04         3.1837026477986308e-05        -1.2825996043111496e-04         2.8561612374366195e-04         8.9104471131975290e-05         2.3302516107595524e-04
8                                      5.8892886035028026e-05         1.0385800702117321e-04         2.6389145985751083e-06         1.9490659224980931e-04        -6.1515602211672019e-05         9.0977444114145748e-05         1.2313708378868503e-04         1.1744014909708967e-04
9                                     -3.5751078143954069e-04        -7.7865158296990325e-04         2.1233049885239046e-03         1.0102043275292448e-03         6.6376709592537984e-05         1.8712791047597395e-04         1.0588829344847293e-04        -2.8017429559748795e-04
10                                     9.8308886136357104e-06         4.0610978194376840e-04        -1.0775455302791843e-03         1.2231271487082671e-03         2.5090945949716840e-04        -3.1814302618155926e-04         2.2138096851658570e-04        -4.0151978362467050e-04
11                                    -3.2568813111611839e-05         2.2226369168563791e-04         1.2853045420947243e-03        -3.2089647730562708e-03         1.3085628051740509e-04         2.2639075895238551e-04        -7.1447483009795271e-04        -1.7960804860887934e-04
12                                     3.7158938290559793e-04         1.0333789470045391e-02         1.9603662647475328e-02         9.0911309670795217e-03         3.7005297229490697e-05         2.2670778368481727e-05         1.1718810742615402e-05         1.3075938695062333e-04
13                                     5.9312970586103788e-05        -4.1845507487255074e-03        -1.1248709530012904e-02        -5.9399108189094330e-03        -8.6028889387291689e-05         1.8641952712062087e-05         9.2059061962070126e-06         4.1098002565824444e-05
14                                    -5.8761982814805854e-04        -1.7537920989557330e-03        -5.5948975857106516e-03        -8.3544961064036167e-04        -3.6757678335488827e-05         1.0328157198296115e-05        -2.2146187537640488e-06         2.2676367263167006e-05
15                                    -1.4378911096407524e-05         2.3961387569136584e-04        -2.9403194966490919e-03        -1.4062836550546125e-03         8.2324427531811148e-06        -4.1364727511857620e-06        -2.9932861790562995e-06        -1.7030116984910960e-05
16                                     3.6971264468277430e-04        -1.9858855504244835e-03        -2.3722383902089368e-03        -3.4734542653660806e-03         8.6953571821169902e-06         1.6704179621465686e-05        -4.2400403705394039e-06         4.7578169334534050e-05
17                                     1.3849916098868621e-04        -9.9099810454562724e-04        -3.4885751901870543e-03         3.5552892336855576e-03         3.6502395676019290e-06        -4.0969374217723100e-06         2.4221480896610996e-05         1.9592657926329836e-05
18                                     7.6032680674271774e-04        -6.2437306306300285e-04        -6.1010697339539469e-04        -2.7456404643758829e-04         5.9783949427642320e-06        -5.0959010638538659e-06        -1.4113475160053832e-06        -2.0558550757869028e-05
19                                    -1.0025824652675737e-03        -1.0138976341064832e-03        -2.6576204481820439e-04         5.6309089420312304e-04        -4.7686914261326900e-06         2.3260533263357372e-05         9.4457471329804647e-06         1.1040115196527008e-04
20                                     1.2824871521156314e-03        -4.3769576844515266e-04         5.8369381358755988e-04        -1.3170212429089215e-03        -2.3195623892564338e-06         9.4336496587252560e-06         6.5223712352550606e-06         5.0353437555989112e-05
21                                    -3.2089308206164632e-04         1.7395249232431961e-04         1.7241119500648012e-04         7.8970663409769025e-05         3.7837727695849837e-06         7.6474448132276499e-06         3.2005145375573229e-06         5.7360226420918371e-05
22                                     1.8347324537986164e-04         9.9518039584505749e-05         5.0618483026911921e-05         1.1067974946611238e-04        -1.1806663315704601e-06        -9.0655343662062273e-06        -1.1178848680935350e-06        -5.6929959436456901e-05
23                                    -1.5652729190629032e-04         4.9090108691454009e-05         1.0475476987870395e-04        -1.2228400215823161e-04        -3.2093567863511950e-07        -1.2973970846800155e-06        -6.5334158182070153e-06        -2.4865836317284919e-05
24                                    -1.5276331419963565e-03        -2.9141500459634387e-03        -1.7923434031595353e-03        -9.5615833248745546e-04         3.2687294349168365e-06        -4.2750355144205598e-05        -1.8481913057943863e-05        -1.6586465258478205e-04
25                                    -1.7487284829425104e-03        -2.7762437875722377e-03         4.1700424982304361e-04        -2.5844758689107282e-03        -3.4759135860452476e-06        -2.0024936144645635e-06        -4.2769373527628129e-06        -2.4994902358814187e-05
26                                     6.8063367659943440e-04        -1.4226124983268053e-03        -2.5891429103951777e-03         4.8490624984377801e-03        -1.8217983449129999e-06        -3.9911516007518254e-06         4.2150884214617820e-06        -1.3455130093385848e-05
27                                    -7.6558471660693615e-04        -1.2572478454978440e-03        -4.8625914692525555e-04        -2.4556342552578227e-04        -7.2092157467090230e-06         4.4322730329557478e-05         1.8791624294834250e-05         1.8237605344094711e-04
28                                     4.8488594968841277e-04         8.0588664057096651e-04         4.1907137840350430e-04         3.8409840283848662e-04        -3.0166553240802246e-06         1.7327626182133427e-05         8.4927957751009111e-06         6.5472948112845991e-05
29                                     5.2211433813774324e-04         3.5930524067636054e-04         3.6795185172476454e-04        -2.2688268468677277e-04        -1.4080484210950508e-06         9.5904748174676735e-06         1.7698351913282226e-06         3.2519398427753604e-05
30                                     1.3714161300248417e-02        -1.5891333017745132e-02        -8.0462177970182930e-03        -3.9691454378432203e-03        -1.1478821395604875e-05         2.8751691101166105e-05         1.2084381350504311e-05         8.3838808977056573e-05
31                                    -1.3552585962980979e-02         1.9369239022265311e-02         6.7721791517807751e-03         1.4523919621399551e-03        -5.0487029304262243e-07        -1.6713706907617852e-05        -5.3212663275857027e-06        -1.0976749669367166e-04
32                                    -8.1860128467992968e-03         8.5332825424506466e-03         1.0356012336989332e-03         4.8053763279615382e-03        -2.5800738576851036e-07        -6.2284518302306417e-06        -4.9561597591698940e-06        -4.8894010332651255e-05
33                                     8.1010447296811505e-02         3.0870645465728812e-03         9.6778495516494428e-05         1.3898058643863802e-04         4.3943588851121790e-06        -7.0644242866870952e-07        -3.2876549570688289e-07         1.6494432441548114e-05
34                                    -7.8362299443045416e-02         1.3511662262063184e-03         1.4968265625308502e-03         2.5010492488076064e-03        -2.3813998286875836e-06         1.5160358922509752e-05         6.7091713442439212e-06         7.9052377482418507e-05
35                                    -3.6831009993613939e-02         7.3178509573117211e-04         2.4700852402929196e-03        -2.7651788152188478e-03        -8.9440498330765193e-07         7.3036481893135081e-06         1.4400486579699016e-06         3.6114616640929745e-05
36                                     4.6514827068567903e-04        -2.0285645102735228e-01         1.3208191437720868e-01         5.7513522303926035e-02        -8.5401245753061419e-06        -1.7173723440119598e-05        -8.0715752285706794e-06        -1.8334225078991907e-05
37                                     1.6329155932960759e-03         1.3343590422720575e-01        -1.7120558880556552e-01        -6.1806778642551130e-02         2.3086568984309228e-05        -3.7291909983174594e-05        -1.8781640664677934e-05        -5.8934720654111461e-05
38                                     2.1612747479121197e-04         5.8146837723247760e-02        -6.1738575429009686e-02        -5.8706125890134783e-02         1.0460133688748627e-05        -2.0142115627724990e-05        -3.3748225647948138e-06        -2.6689613013519396e-05
39                                     1.9573029095307080e-04        -3.1339735882430619e-03         1.2802348826688244e-04        -1.0648805087806176e-04         1.9107604521999162e-03        -1.8285341487715521e-03        -6.9296257032500173e-04         3.1011852968407488e-04
40                                     8.1574562285447941e-06        -3.0722365780433440e-03         7.2257294724653197e-04         1.4101150751315815e-04        -9.3332530159537198e-04         8.8422117559481444e-04         2.0095923964116085e-03         1.7067540929180489e-04
41                                     9.5872483684611277e-06        -1.5318407830916690e-03         2.0024294812599568e-04         3.6669991127860087e-04        -2.8825534877951380e-04         1.9874326900921652e-03        -2.8174101715396655e-03         8.4384438518297694e-05
42                                    -9.4528794148964038e-05        -6.9684048821520470e-04        -1.0790768924642590e-03        -5.2335078833410590e-04         1.0513329728928680e-02        -1.1335462017714369e-02        -4.8334836582397496e-03        -1.3055102299165298e-03
43                                     6.0335306622115689e-05         5.6420673132389840e-05         5.4447713397014100e-04         3.8185475917823747e-04         1.5629537690990014e-02        -1.3128610653434097e-02        -6.4820989788109407e-03         6.0097154867898479e-04
44                                     1.5266403202133793e-05         1.4478316521182358e-05         3.4004622691021565e-04        -9.9121782206436696e-05         7.1111796543604708e-03        -7.1338103039514378e-03        -6.3998064394002029e-04         1.8980366573905747e-04
45                                     4.8185265487703829e-05         2.3343329535727804e-04         1.9619772428134600e-04         1.0081142672599560e-04        -1.0537307387520584e-01        -1.0034443061568199e-01        -4.6235860230831455e-02         2.7927548327442119e-03
46                                    -1.3709399044776938e-05        -5.9466057997732501e-05        -1.2316252812012452e-04        -7.5590972077301723e-05        -1.0060115397754368e-01        -2.5259503290249785e-01        -1.0229080744618019e-01         2.4199211725407562e-03
47                                    -5.7756852496170675e-06        -2.1125202002673606e-05        -6.4493634671574092e-05        -1.3380429794691452e-06        -4.6367855967899177e-02        -1.0221644238671609e-01        -7.3559580656224838e-02         1.0694568974175143e-03
48                                    -3.4269047767465581e-05        -1.3589819245751663e-04        -2.0099713132838882e-04        -1.0116091256216570e-04        -6.3189057291230775e-03         1.9131394935924528e-03         5.8885465485560701e-04        -3.1037122081319191e-02
49                                     2.5772793856700886e-05         3.1488367250795266e-06        -1.6575656492661973e-05        -8.8100230920194384e-06        -2.5167138587275078e-02         1.7057439486801163e-03        -1.0379628614996771e-03        -4.6016388921905904e-04
50                                     1.1213056379273147e-05        -1.6058824032758642e-06        -1.3764284892437040e-05        -2.1784671479060702e-06        -1.1371935990310656e-02        -4.3425545515821118e-04         2.3296110224899080e-03        -8.4380343662494167e-04
51                                     3.5041776426169552e-05         7.6147962816492632e-05         8.8872036513136602e-05         4.5759285528796340e-05         2.9651794432967431e-03         3.6312781614323761e-05         1.6497733099290340e-04        -4.6689048840539893e-01
52                                    -3.5163371979796441e-05        -4.9065487664089468e-05        -5.8334419785526978e-05        -2.8042504958022763e-05        -3.3013118012233198e-04        -6.5038504394322218e-05         1.3828947945563148e-03        -7.8935437253363175e-02
53                                    -1.5414887831200433e-05        -1.9799094053933368e-05        -2.1850405941368779e-05        -1.5943377018285372e-05        -4.8802217782481852e-06         1.3904051972381368e-03        -2.5946176742953084e-03        -4.4483185067187091e-02
54                                     1.3595745577875739e-05         3.1479102394748877e-05         3.5533816333447929e-05         1.7122062404191206e-05        -4.6885979556573233e-03         3.9001856312144770e-04        -3.7664377446129660e-05         4.2689918279247797e-03
55                                    -1.4093334298361839e-05         3.4910882528956675e-05         6.2095500044511841e-05         2.7333900332015918e-05         1.2217060219490428e-03         1.6096802264518595e-03        -1.3612719952868398e-03        -5.1630576937965918e-03
56                                    -6.3466634868186646e-06         1.5636941914677935e-05         2.5024363762616674e-05         1.8682430697971924e-05         3.3169787771805508e-04        -1.3853401429358043e-03         4.1639388444761425e-03        -2.1195707954246353e-03
57                                    -5.3715705144274294e-05        -3.3212283785212296e-05        -2.2265332587991047e-05        -1.3274810353257853e-05        -1.1429390657392811e-03         4.2484301893730859e-04         2.1129150733083203e-04        -1.7341253716415734e-03
58                                    -1.8167753062300470e-05        -3.3557496256711076e-05         1.1437544046140420e-05        -1.9705776400862575e-05         7.9319815598503148e-04         4.0948256428214452e-05         7.7400180207107651e-04         9.5229368843584771e-04
59                                    -4.0503826837499589e-06        -1.6793754384025798e-05        -2.0561898266477810e-05         4.3488062986670907e-05         3.6244627358590067e-04         7.7534014359523793e-04        -1.3509305095790382e-03         3.9302992583951078e-04
60                                     3.9353003520359975e-05         5.9918243168037089e-05         7.4531661691964156e-05         3.8847018597126662e-05         2.9703998257809910e-04        -1.0054607647712077e-04        -3.5323202309672650e-05         1.3929894587249734e-04
61                                     1.7906321586031748e-05         4.2904695772136487e-05         6.6849364708639357e-05         4.1624540426837538e-05        -2.4564740714312438e-04         9.1005631164254745e-05         5.1109652822941892e-05        -1.0645065590918590e-03
62                                     6.9856959914691032e-06         2.1070235173825905e-05         4.0675779727131622e-05         1.1403137987471654e-06        -1.0144573448823357e-04         4.5957488291922311e-05         5.3370869376737279e-06        -4.7162790964411780e-04
63                                     7.5073789855132001e-05         8.8434875665393834e-05         2.3975851135441965e-04         1.1908219203242217e-04        -2.3962808000549396e-03         3.6439599509676523e-03         1.4301156057682546e-03         1.4390886561017465e-03
64                                    -4.1757713147631978e-05         1.3767780855392870e-05         7.9316404372552977e-05         3.5522148443193830e-05         2.2219140247771623e-03        -4.6191532981302436e-04        -2.4935077644515011e-03        -1.4265613934556229e-03
65                                    -2.2169953968919827e-05         8.4564392884567814e-06         4.0446165029056988e-05         1.3197707885097249e-05         8.0614784701066658e-04        -2.4603803845267662e-03         4.2270210026172025e-03        -5.9373683670842041e-04
66                                    -8.9811730676008127e-06         1.6750255091111565e-05         6.4096190414529363e-05         3.3428440365603689e-05        -1.3790230272043995e-05         4.8039978086167822e-05         1.8738655073887749e-05         3.7512614188769453e-05
67                                    -9.6361410690091782e-06         4.4080076602895574e-05         5.6503215860258282e-05         1.1074393834461084e-04        -2.2220638924350304e-05         3.9172754197355417e-05        -2.7338797945416910e-05        -3.3682527486363366e-06
68                                    -4.7203234964021196e-06         2.2790548388672922e-05         1.1063653964394498e-04        -1.3700039738092680e-04        -1.2347946624888132e-05        -2.6435478395786310e-05         8.8979625156876912e-05        -1.5491051613990776e-06
69                                    -2.5791884509133896e-05         4.6093718440056960e-04         1.0279464403529386e-03         4.6102793035120393e-04         1.8665605304357441e-06        -3.1940642814068206e-06        -1.2344584058351554e-06        -1.3409598511115038e-05
70                                    -5.0429455595313592e-07        -3.9064479296908243e-04        -4.1284862226711311e-04        -7.1173047711822084e-04        -2.9263457153719103e-06         1.6703544596893317e-06        -4.4800462747226040e-07        -9.7378132025346942e-07
71                                     8.7775598006197491e-05        -1.8892441177548771e-04        -6.8841789029323408e-04         8.2742332085640740e-04        -1.4205638757882894e-06        -4.4960359846737291e-07         2.3747230313040938e-06        -2.1215498581255186e-07
72                                     4.5636248489873014e-05        -3.8728774248698628e-05        -1.0959270819079094e-04        -5.2639503441198840e-05        -8.1691543998360384e-08        -1.5945908459386884e-06        -6.7740924947240346e-07        -6.1305096505488859e-06
73                                     8.5373604183561062e-06         3.5221108104768512e-05         4.5572813703115267e-05        -6.2158404074606982e-06         2.4870175351863208e-07         2.0348105414116457e-06         4.3525191330439001e-07         1.0784419880386431e-05
74                                    -1.8551125479810166e-04         1.4551474163394194e-05        -6.5491767159943238e-06         5.4276096455412430e-05         8.2521367101535278e-08         5.2486589640955377e-07         1.1123260998211868e-06         4.8882639999258305e-06
75                                     9.5314455796656635e-04         1.3878762484384000e-04         6.7131483941154421e-05         3.3361369908146419e-05        -3.1417674860838166e-07        -1.0719384413070027e-06        -4.2053179891906291e-07        -9.3410524794459064e-06
76                                    -6.5767622660840012e-05         2.7125785918627579e-04         1.6105161021590897e-04         1.8027599109015485e-05         1.1510956094897362e-06        -6.4445991279203657e-06        -2.9868280949371738e-06        -2.3425226804642328e-05
77                                    -1.2228784049918917e-03         1.2311000271847844e-04         1.3060053087969418e-05         1.4248282601464691e-04         5.1581557879011887e-07        -3.1928729769050579e-06        -7.8712100093230926e-07        -1.0726982586185644e-05
78                                    -9.4025382710385047e-02        -1.1220104645853334e-03         8.1460508447612091e-04         4.0947401103627460e-04        -8.0083944029061288e-06         5.2689155819059773e-06         2.0000496117311402e-06         1.4838270434914706e-06
79                                     9.1786383688398893e-02        -1.3085608382182568e-03         1.3436394478898920e-04         6.2451334300880098e-05        -3.2950067122005533e-06        -1.2860534993289641e-07        -8.7784581136337008e-07        -1.2725384756168011e-05
80                                     4.4181175283065109e-02        -6.1731789567896268e-04         7.1858694713815990e-05         1.2605226728029287e-05        -1.7087979055047511e-06        -6.6421533889473179e-07         1.5736908665473760e-06        -6.0542602604752567e-06
81                                    -6.1731789567896268e-04         2.1443985203618138e-01        -1.4144008336016817e-01        -6.1404426098193972e-02        -7.6188717579465909e-05         5.7602745721479815e-05         2.2611869821412628e-05        -1.0369020690176957e-05
82                                     7.1858694713815990e-05        -1.4144008336016817e-01         1.7552193152733819e-01         6.7659349034532856e-02        -1.5836230402012995e-05         1.8103244433314978e-05         4.9832885758863615e-06        -1.0991770894203917e-05
83                                     1.2605226728029287e-05        -6.1404426098193972e-02         6.7659349034532856e-02         5.2323767265673962e-02        -1.0767047310536362e-05         8.0828156519298356e-06         1.1557197296901413e-05        -5.7828911713592923e-06
84                                    -1.7087979055047511e-06        -7.6188717579465909e-05        -1.5836230402012995e-05        -1.0767047310536362e-05         1.0365721732448373e-01         1.0765614763206979e-01         4.9623865352490637e-02         3.1300919970245417e-04
85                                    -6.6421533889473179e-07         5.7602745721479815e-05         1.8103244433314978e-05         8.0828156519298356e-06         1.0765614763206979e-01         2.6204606779176787e-01         1.0946264999632961e-01         2.1427491436027367e-06
86                                     1.5736908665473760e-06         2.2611869821412628e-05         4.9832885758863615e-06         1.1557197296901413e-05         4.9623865352490637e-02         1.0946264999632961e-01         7.0340552699662870e-02         2.2255258783245154e-05
87                                    -6.0542602604752567e-06        -1.0369020690176957e-05        -1.0991770894203917e-05        -5.7828911713592923e-06         3.1300919970245417e-04         2.1427491436027367e-06         2.2255258783245154e-05         4.9238218144517570e-01
88                                     1.1052774060865988e-06         2.8858023773748612e-06         9.8461155061126433e-07         1.2440855939992128e-06         9.9046747701032531e-05        -4.3248940771866588e-05         3.1053797652074962e-04         8.1590102707833095e-02
89                                     8.2363140493901652e-07         1.2722059549570647e-06         1.1567413607701372e-06        -1.0774109974017850e-06         6.7423604369842903e-05         3.0684165314519063e-04        -5.9923435259115877e-04         4.6150019358838515e-02
90                                     2.7703755383610137e-06         4.9201363826285524e-06         6.0000851999996943e-06         3.1423960668108499e-06        -3.1855516252682559e-04         9.4224785458811122e-05         2.3040651525004516e-05        -6.0803178352807899e-05
91                                    -1.3274309827585664e-06        -4.1874115443304804e-07        -1.4438432526056474e-07         1.1246132594443926e-06        -1.1780426504516201e-03         2.3334128321561912e-04        -1.5475497236656888e-04         7.2992341957680640e-04
92                                    -6.3977615405027299e-07        -5.0352264024691888e-08         1.3016716883945441e-06        -2.1962483512338624e-06        -5.4250060398075301e-04        -1.2777988622529593e-04         4.5965508131007884e-04         3.6466035331771899e-04
93                                    -3.5649688915593311e-05        -4.6513764171902738e-05        -2.5238162453119158e-05        -1.4692863937987340e-05        -1.7373218967534890e-04         1.6366502403502255e-04         7.1209699805613850e-05        -1.1757649768987059e-04
94                                     3.6331301595187567e-06        -1.5974777917721484e-06        -1.5386370814892387e-05        -4.4366459712447324e-06         6.3964787392581677e-06        -7.0336063303756224e-08         1.5645249791687961e-05         1.1900732073120613e-04
95                                     2.9860735413196962e-07        -2.1597495755369441e-06        -5.1697334109188161e-06        -8.4556781398253538e-06        -7.2534080865602646e-07         2.1696878942148275e-05        -2.8879125386976578e-05         5.2650553603654041e-05
                                                        88                          89                          90                          91                          92                          93                          94                          95

0                                     -1.1600757508909039e-04        -5.2214632958758674e-05         3.3763834282980059e-04        -3.4774573928866051e-04        -1.4370471009920983e-04         3.0142549939601707e-02        -7.7709419125445087e-03        -2.3750716858768131e-03
1                                      5.9446995700070639e-05         9.7719529820835544e-06         3.6097514249284189e-04        -9.2781766463712517e-05         1.0402018873641094e-06         1.4406889126569837e-02        -1.8579013242130574e-02        -2.5249112329754457e-03
2                                      1.7276534054053580e-05         1.7248481182982089e-05         1.6923426441858632e-04        -1.3059097002722124e-05        -8.5333016034515340e-05         7.4082112928327074e-03        -3.1145650498315492e-03        -1.3100157517076522e-02
3                                     -7.2894366339938660e-05        -5.2355788412194657e-05        -1.9551475305112416e-04         9.7969178598032855e-04         4.1719061849163064e-04        -1.6179866681209774e-02        -6.8803324762340265e-03        -3.5251028548927738e-03
4                                     -1.2542270506756199e-04        -1.4675242702810111e-05        -1.2050357273474797e-03         9.5053102407668174e-04         1.8077633705125854e-04        -3.8413446096782371e-02         1.3148365414528724e-02         3.8763863132625807e-03
5                                     -3.4207722288632949e-05        -5.8508029603131012e-05        -5.4704846489417205e-04         2.2274491409806277e-04         5.8232203761585870e-04        -1.7376314642299773e-02         4.7416882620582301e-03         3.6553410790830837e-03
6                                     -1.2462346415975878e-05         3.7663308105341419e-06        -3.1142134906846655e-04         2.0630727522562810e-04         9.1909322726109769e-05         6.8139897469846680e-03        -1.6609170572382767e-03        -5.7084888585058136e-04
7                                      3.7944196465462681e-05         2.1585978640242402e-05         2.0773020588899817e-04        -3.4148582463057144e-04         9.0538490517796784e-06         8.0629462600691638e-03        -3.3315361669638676e-03        -1.9814528183097237e-03
8                                      1.4699131765529846e-05         1.3312755741494549e-05         9.1984334387269101e-05         1.1915396657967916e-05        -3.4822539706370447e-04         3.6717934183087596e-03        -2.2425925728910417e-03         7.8800930752038990e-04
9                                      1.6021884136221233e-04         7.5956139971335496e-05         1.8962726372617235e-04        -8.7361579905072576e-05        -3.5920994743925952e-05         3.5269368458716154e-04        -1.0356977336011897e-03        -4.6136700054163528e-04
10                                    -1.0128892657847504e-04         2.8963450186334310e-05         1.0857360128115704e-04        -1.2831341908524095e-04        -3.7100577306197463e-05        -5.7780477343597854e-03         1.8926978747287389e-03         5.9913013982467898e-04
11                                     4.5227177391379173e-05        -1.7971341077881997e-04         5.3388272010126430e-05        -4.3305089054613733e-05        -5.1893607094583588e-05        -2.5506979099051237e-03         7.4033414845143738e-04         4.2056948377464424e-04
12                                    -3.5780625041287838e-05        -1.4272765115743092e-05        -6.6852640061654316e-05         4.2279090717276633e-05         1.7216409290680740e-05         8.9111294494814643e-04        -4.4659503519383706e-05         1.3471251516565276e-05
13                                    -3.6709752803955624e-05         5.3287753412159713e-06        -1.1245730920833419e-05         3.2683772675447806e-05         6.2319842883581708e-06         7.7174518610340060e-04        -3.1300253910505519e-04        -3.5405915472599004e-05
14                                     3.8226474323663025e-06        -4.5673634486656141e-05        -7.1874155806712865e-06         7.4943385307084094e-06         2.1626415951435699e-05         3.6913762490175167e-04        -5.8564078965200647e-05        -1.9957084521793686e-04
15                                     1.8792227168429852e-05         8.3527375750175456e-06         2.8263532830738729e-06        -9.7926142853302481e-06        -4.5763685713354390e-06        -1.5924745756608477e-04         2.8161698530473187e-05         7.9413315241584647e-06
16                                    -5.9805020684284378e-06        -2.8773506756719246e-06        -2.2667458625702714e-05         7.9587448060499722e-06         6.6587791679445332e-06         2.8238106854767779e-04        -1.7090828191837647e-05         9.8313338406398056e-07
17                                    -2.8396730450860175e-06         5.7166561895346049e-07        -9.0766172888763518e-06         6.3252231296116480e-06        -5.3286878412387538e-06         1.1228991805457879e-04        -6.5344068779330677e-06         2.8238179157464857e-06
18                                    -2.1252508478733679e-06        -1.3667200498168059e-06         9.8358321511147969e-06        -1.9865483308650452e-06        -4.6102815671597024e-07        -1.4414008507066531e-04         2.9861366521864851e-05         8.4644757579302396e-06
19                                    -2.8897216606559727e-05        -1.4578138159420246e-05        -4.9129010887495871e-05         3.6641041273909675e-05         1.2135489522724414e-05         6.4578080184868162e-04        -5.1416679672917486e-05        -5.8567973104990390e-06
20                                    -1.5694784840825538e-05        -1.1137097494680201e-06        -2.2558888405001566e-05         1.2969191207906066e-05         1.4118591442106420e-05         2.9543539042070009e-04        -2.7507677789667361e-05         5.8769174929005247e-06
21                                    -9.3909252334832159e-06        -3.5287454740873073e-06        -2.6518075483138307e-05         1.2436514204565945e-05         5.1362661577098121e-06         3.1924239395364658e-04        -2.4849193296371794e-05        -5.0223075800480269e-07
22                                     1.1503536128352225e-05         4.8836878379010408e-06         2.5575058925928466e-05        -1.3885009752746604e-05        -5.8299675379604637e-06        -3.2168629022735827e-04         2.5701041813097909e-05         7.6754625746469185e-07
23                                     5.3358659268463903e-06         1.4689341539039910e-06         1.1151188489623143e-05        -5.9843536846613014e-06        -2.7484395181577847e-06        -1.3989875526360530e-04         1.0922311314906920e-05         3.2367280488049667e-07
24                                     3.2303675441133917e-05         1.2932571314326201e-05         7.0615368321315112e-05        -4.2207024600236152e-05        -1.7861100209002274e-05        -1.0323246356138962e-03         1.1907774999886119e-04         1.9396008044339604e-05
25                                     1.0888015239341976e-05         4.7972353720407410e-06         1.2095018396587536e-05        -7.8521014295039886e-06        -6.2179437997183013e-06        -9.0285446527116599e-05        -1.7495661889914467e-05        -5.4723358002781592e-06
26                                     5.3878765394260078e-06         2.3644680308644406e-06         6.2502967695801182e-06        -6.4412973949161832e-06         2.2014550234039433e-06        -5.3293280830713115e-05        -1.5651933697832487e-06        -1.3819407109314749e-05
27                                    -3.6063054712928459e-05        -1.4267919844862173e-05        -7.8107122917830133e-05         4.6901899342485361e-05         1.9792792473911457e-05         1.0841529381892391e-03        -1.1265344000630554e-04        -1.4587876667893465e-05
28                                    -1.3566389673517058e-05        -5.4196710663783694e-06        -2.8432982846526280e-05         1.7050432286406687e-05         8.6698156110136580e-06         3.9158696618211286e-04        -3.9552468132388882e-05        -5.9455368105151659e-06
29                                    -6.7004700930545238e-06        -2.7601940991000170e-06        -1.4002810980875213e-05         9.8936147689665669e-06         1.0396010633006784e-06         1.9317104772263841e-04        -2.0409962991504288e-05        -1.1679727589026620e-07
30                                    -1.3692355920996208e-05        -5.2961093361823806e-06        -3.3924522826503739e-05         2.2457744648277914e-05         9.0308269422367022e-06         6.1713752174528947e-04        -9.4821271820860856e-05        -2.2007241188301899e-05
31                                     2.0895770943016256e-05         8.7689356133818758e-06         4.7974858520871566e-05        -2.5618298969010817e-05        -1.1792907219265384e-05        -6.4000283024366784e-04         6.0175544510151119e-05        -2.1265294721136880e-06
32                                     9.8387661912921370e-06         3.0116271739903699e-06         2.1298486107964176e-05        -1.2643929356988589e-05        -2.4318258835142576e-06        -2.8235378765676918e-04         1.8166008171993242e-05         1.5271735964977973e-05
33                                    -2.4229343075238358e-06        -8.4647142389312727e-07        -7.9571240547323530e-06         3.1287534415240428e-06         1.2497358996641373e-06         9.3306046783040106e-05        -1.0791052587294347e-05        -1.9656045781576334e-06
34                                    -1.4594291149743621e-05        -5.4865301006260177e-06        -3.5711872869559080e-05         1.8624146109067770e-05         7.8294879172984583e-06         4.8782793397355781e-04        -5.4904368795923489e-05        -1.1226636066655256e-05
35                                    -6.4279164210005727e-06        -2.9360495605425429e-06        -1.6216539459285519e-05         8.5939356321369869e-06         3.2728933210014949e-06         2.2239485909615893e-04        -2.7771234613337047e-05         8.7954273426952675e-07
36                                    -6.3871390725450298e-07        -7.5694397452684937e-07         4.4237244208693147e-06        -3.4556413971710385e-06        -1.0879659537013425e-06        -1.5087399425088512e-04         1.2102135772291834e-05        -1.1461077808721100e-07
37                                     1.3318619477141523e-05         2.4067807083658957e-06         2.4546838945783624e-05        -1.7295582866989269e-05        -7.5692164784213855e-06        -4.5196652873037116e-04         6.5179276383407121e-05         2.8072294918876807e-05
38                                     3.0260309778878417e-06         7.2115432247757759e-06         1.1017401667274446e-05        -8.3198729546822644e-06        -2.2485362790164906e-06        -2.0565811360627164e-04         4.3379656299062668e-05        -1.6891334333257678e-05
39                                    -2.3051213827502058e-05        -1.8907933057455586e-05        -2.5141155882634565e-04        -1.5101619747460282e-04        -6.1007393130526987e-05        -2.0650451273930446e-03         1.8660471406521627e-03         7.8534897224016343e-04
40                                    -2.6069315550340344e-04        -7.0311427594821338e-05        -2.2611952119822563e-05         1.7670414058130318e-04         2.0518092186069033e-04         3.2031708389508042e-03        -6.5442280147430846e-04        -2.1291707892551182e-04
41                                    -7.6988008116310225e-05        -1.1488564570999118e-04        -9.0616235652942216e-06         2.0348243550507666e-04        -2.0148276014635098e-04         1.3719234780793193e-03        -2.6201223625587917e-04        -4.4919528674633674e-05
42                                     8.5611142035056144e-04         3.0728691154785948e-04         9.2047157622592371e-04         3.4850851548761524e-04         2.0351293586981652e-04        -6.3389179062237413e-04         1.5757983229119281e-04         4.9437865964385968e-05
43                                     1.2140905201607544e-03        -4.5951239088469047e-04         1.3813832246667998e-04        -1.5052380839517807e-03        -2.5171986760039883e-04        -3.4180850225263935e-03        -4.1514021653881014e-04        -1.3457217244553150e-04
44                                    -4.4876700239252008e-04         2.0725863753085910e-03         1.1081784089573979e-04        -2.4277852212032611e-04        -1.0487734800044685e-03        -1.5260573633553232e-03        -2.9832210870585460e-05        -4.0293012980031348e-04
45                                     1.9326113898111303e-03         8.3565741753771692e-04         1.0580327735310625e-03        -8.7223637746360223e-04        -4.6946730707220306e-04        -3.9105205060373655e-03         1.3255043361849611e-03         4.9545216285176946e-04
46                                    -3.4958815044409241e-03        -2.7853564797756065e-03        -1.5565096362863042e-03        -2.9604542421706997e-03        -3.4550910959135150e-03         1.6470654975158240e-04         7.1343644335489372e-04         4.0345501955148808e-04
47                                    -2.8113535931848909e-03         1.7075983362126522e-03        -7.8511717886784252e-04        -3.4344182193915577e-03         3.1919523245018625e-03        -1.1290332174587704e-05         4.2107924411667141e-04         2.3617478551161508e-05
48                                     4.1131058673306006e-02         1.7594199900814775e-02        -8.4452439704942733e-03        -2.4557732353594319e-02        -1.1127363266478557e-02         4.9075246500803809e-03        -3.8569628583079007e-04        -1.0361755345380169e-04
49                                     1.7680475141515113e-03         1.7611498584613858e-03         3.2880485439940182e-03         8.8435807611658007e-04        -3.2411744814844420e-04         2.4370084625074668e-03        -2.0283867796855124e-03        -1.8092069953829833e-03
50                                     2.6245362972936890e-03        -1.1691360054536283e-03         1.2427883308746904e-03        -9.7566631039189408e-04         1.4424218805479186e-03         1.1343176683619826e-03        -1.8570755313050359e-03         1.3442780319733332e-03
51                                    -1.2643521383336165e-01        -6.5452938264148067e-02         2.1979333872262459e-03        -1.0158870370779655e-03        -3.1896180413106749e-04        -9.4127399764446298e-04        -3.5672483862438033e-04        -1.8177763969725333e-04
52                                    -6.0704488376779907e-02        -2.5834328377366891e-02         5.1604398657681405e-04         2.2597823408913890e-03         2.5975815063384198e-03        -6.2925304052658618e-04         5.2480576279026003e-04         4.2822025941415887e-04
53                                    -2.6725974127690955e-02        -1.9313351550415223e-02         3.4790004854664408e-04         2.5451414029981543e-03        -2.4065326192601955e-03        -2.8714426599290254e-04         4.1394659163056962e-04        -2.4964721301564286e-04
54                                     2.2111399382764227e-03         1.1378785602074565e-03        -3.3857739999303998e-01        -2.2562301432973192e-02        -1.7215739020059209e-02        -2.0257972756712794e-03        -3.3098222999679069e-03        -1.5779833196356038e-03
55                                     4.1341753824914894e-04         7.9951150500747088e-04        -2.1884452087181934e-02        -5.3598218205331137e-02        -1.1632622075514680e-02        -1.0845262778086503e-02         2.7426304112547397e-03        -2.2832654232939759e-04
56                                     9.7277779672665489e-04        -1.6346720061438690e-03        -1.6891472829741502e-02        -1.1725712215981520e-02        -3.4045014733574387e-02        -4.9114656088948931e-03        -7.3345177861283695e-05         2.6100670778207583e-03
57                                     8.6774877261383077e-05         3.0550350762742593e-06        -1.3080086883157455e-02         2.3514975010003332e-02         9.9959314219302438e-03         2.8775306373096447e-02         1.7933806012629994e-02         8.6079093349043737e-03
58                                    -1.1986411297478894e-03        -1.9864452647759285e-04        -4.9322730810200596e-03         6.6810816233513343e-03         1.0279604301075369e-03         8.3470918788178736e-03        -4.8047659675905949e-02        -2.1269003952581994e-02
59                                    -1.7543883884532847e-04        -8.5686635757185859e-04        -2.5546089416475341e-03         1.6562775863283722e-03         4.8279645416522896e-03         4.3207058480878753e-03        -2.0964629929868805e-02        -8.8646361233342703e-03
60                                    -6.8909996600584962e-05        -2.7190142661755580e-05         1.4981020603194656e-03        -1.4745931632251690e-03        -5.2442070089890862e-04        -2.2893128544659380e-01         1.1363201719908229e-01         4.5465674517643322e-02
61                                     8.0233352872400427e-04         3.1347151163414971e-04        -9.5735277416738977e-04         1.4465709100698844e-03         2.3396046572061262e-03         1.3450119068838667e-01        -1.3382259096361324e-01        -4.6304256547851329e-02
62                                     3.1634179010785673e-04         2.2475994505764794e-04        -3.0413179492858565e-04         2.3469069643850698e-03        -2.8888763036134068e-03         5.4710557800258706e-02        -4.6883428647263560e-02        -4.0745790949937667e-02
63                                    -2.3868565757745555e-04        -7.8452890857009974e-05        -4.2149692719505721e-04         1.8410126953895215e-03         6.8166499945770389e-04        -9.4102602572875491e-03         4.2610072679359345e-03         1.7192846380696316e-03
64                                     9.3870886752136205e-05         7.6041307027910798e-05         3.0136421980751296e-03        -2.6837939365727112e-03        -3.5516387810418607e-03         4.5177571052188873e-03        -1.7442569080028756e-03         6.8967005632018102e-04
65                                     8.4268641330049912e-05        -8.4112594275953544e-05         1.1835058024617390e-03        -3.5766054824121628e-03         3.9587432708543631e-03         1.8594744433434560e-03         6.5814171642399229e-04        -2.6731330061775210e-03
66                                    -1.9061975467654862e-05        -8.8109107438106524e-06        -8.7006560145381603e-05         1.2074044479516299e-04         4.9089124262047304e-05        -3.6761159156283886e-04         2.7355297754525973e-04         1.1385222758274243e-04
67                                     1.5676819074808470e-06        -1.0813255984649906e-05        -1.2982977344046167e-05         4.8808842909175873e-05        -3.3833128006597536e-05        -1.0985394871882597e-04         6.8132142753680260e-05         5.5762505234428505e-05
68                                    -1.1163348094863960e-05         2.0911158324020720e-05        -1.0365022503791243e-05        -3.1467359347733213e-05         1.1147827798594913e-04        -6.1860645033258747e-05         6.5658172930834976e-05        -3.7206331852199836e-05
69                                     2.2690743059898887e-06         9.2953062870214615e-07         8.6637690401529194e-06        -5.2196367905915388e-06        -2.0908563214444721e-06        -1.2012384691525234e-04         1.4359197013079332e-05         2.8732343452483359e-06
70                                    -2.2376638524667104e-07         6.2755531313088833e-07        -9.3102798585248132e-07         6.4273666808660682e-07         3.4597663218513295e-06        -1.0535628516084657e-06        -1.4490818654155823e-06        -3.1915180402435593e-08
71                                     5.6138427877998539e-07        -1.3006139375089558e-06        -3.2265319167461900e-07         3.6007761829986752e-06        -5.4507945219077384e-06         1.2167214044792680e-06         6.1563029772732070e-08        -1.5124602315128359e-06
72                                     9.3030197890254451e-07         3.3092548243817563e-07         2.9804478166845239e-06        -1.6388517406107137e-06        -6.4450707915972022e-07        -3.8550424798065195e-05         4.4630444451817009e-06         7.4379212071352592e-07
73                                    -1.9137195905542002e-06        -8.7112018074285208e-07        -5.2577963996321348e-06         2.4592685524793365e-06         1.2733865005335368e-06         6.2401777487959648e-05        -4.7622345641853964e-06        -9.5751201533748821e-08
74                                    -9.7616726089372595e-07        -1.7664530974287676e-07        -2.3647451122523681e-06         1.3327443980723106e-06         7.7265011447259983e-08         2.8161972791118767e-05        -2.1364547812465814e-06         7.5118880657113987e-08
75                                     1.6245017315146859e-06         6.2783337455025239e-07         3.9413503874912636e-06        -1.9987274795426646e-06        -8.1937407268620946e-07        -5.3230533699964353e-05         5.3984819605633792e-06         6.5092305310824707e-07
76                                     4.9497258162728537e-06         1.9514452847035346e-06         1.0227873761147767e-05        -6.3407792975220384e-06        -2.3041946040754658e-06        -1.4124444091470373e-04         1.4498372250462465e-05         1.5486445517779644e-06
77                                     2.1914818418601583e-06         1.0556690710810780e-06         4.6859257728054108e-06        -2.5188135388513495e-06        -1.9087334594324014e-06        -6.4384829358006830e-05         6.2924104916122457e-06         1.2482335367884512e-06
78                                    -5.4596581994537108e-07        -2.6655185587771721e-07        -9.4779409396575744e-07         7.9063810022675181e-07         3.5914738763652888e-07         1.9603455104425644e-05        -4.3063987057628385e-06        -1.2996517207133752e-06
79                                     2.7093820473131655e-06         9.3601521305772788e-07         5.9224814874817363e-06        -2.9011484034426361e-06        -1.1877521407341068e-06        -7.5807525152381245e-05         7.6908215376537178e-06         1.0514498464260131e-06
80                                     1.1052774060865988e-06         8.2363140493901652e-07         2.7703755383610137e-06        -1.3274309827585664e-06        -6.3977615405027299e-07        -3.5649688915593311e-05         3.6331301595187567e-06         2.9860735413196962e-07
81                                     2.8858023773748612e-06         1.2722059549570647e-06         4.9201363826285524e-06        -4.1874115443304804e-07        -5.0352264024691888e-08        -4.6513764171902738e-05        -1.5974777917721484e-06        -2.1597495755369441e-06
82                                     9.8461155061126433e-07         1.1567413607701372e-06         6.0000851999996943e-06        -1.4438432526056474e-07         1.3016716883945441e-06        -2.5238162453119158e-05        -1.5386370814892387e-05        -5.1697334109188161e-06
83                                     1.2440855939992128e-06        -1.0774109974017850e-06         3.1423960668108499e-06         1.1246132594443926e-06        -2.1962483512338624e-06        -1.4692863937987340e-05        -4.4366459712447324e-06        -8.4556781398253538e-06
84                                     9.9046747701032531e-05         6.7423604369842903e-05        -3.1855516252682559e-04        -1.1780426504516201e-03        -5.4250060398075301e-04        -1.7373218967534890e-04         6.3964787392581677e-06        -7.2534080865602646e-07
85                                    -4.3248940771866588e-05         3.0684165314519063e-04         9.4224785458811122e-05         2.3334128321561912e-04        -1.2777988622529593e-04         1.6366502403502255e-04        -7.0336063303756224e-08         2.1696878942148275e-05
86                                     3.1053797652074962e-04        -5.9923435259115877e-04         2.3040651525004516e-05        -1.5475497236656888e-04         4.5965508131007884e-04         7.1209699805613850e-05         1.5645249791687961e-05        -2.8879125386976578e-05
87                                     8.1590102707833095e-02         4.6150019358838515e-02        -6.0803178352807899e-05         7.2992341957680640e-04         3.6466035331771899e-04        -1.1757649768987059e-04         1.1900732073120613e-04         5.2650553603654041e-05
88                                     6.2225596484712695e-02         2.6504389512364127e-02        -1.2739549149315874e-03        -5.3921547242352392e-04        -5.3668771910336973e-04         2.4788415460601042e-04        -1.1079915843376122e-04        -6.5174827802992152e-05
89                                     2.6504389512364127e-02         2.0041354131124140e-02        -5.8502094345750733e-04        -3.8349279099264837e-04        -6.5268576813095984e-05         1.1083606813703145e-04        -7.0390674092822992e-05         1.6508065867112544e-05
90                                    -1.2739549149315874e-03        -5.8502094345750733e-04         3.5574059727618357e-01         2.4142520298169871e-02         1.8465670682809347e-02        -8.7362046549961702e-05        -5.2234180708435156e-06         8.8273999452613593e-06
91                                    -5.3921547242352392e-04        -3.8349279099264837e-04         2.4142520298169871e-02         4.9270545821052551e-02         1.3366439658617939e-02         3.0349338151331015e-04        -1.4424594896211287e-04         2.1510509514899144e-04
92                                    -5.3668771910336973e-04        -6.5268576813095984e-05         1.8465670682809347e-02         1.3366439658617939e-02         2.7063284687172628e-02         1.4534548754400575e-04         2.0944248362642808e-04        -5.1580478784038616e-04
93                                     2.4788415460601042e-04         1.1083606813703145e-04        -8.7362046549961702e-05         3.0349338151331015e-04         1.4534548754400575e-04         1.9257260845495022e-01        -1.1807280083833208e-01        -4.8509134047534819e-02
94                                    -1.1079915843376122e-04        -7.0390674092822992e-05        -5.2234180708435156e-06        -1.4424594896211287e-04         2.0944248362642808e-04        -1.1807280083833208e-01         1.9012986932490106e-01         6.8288855359888462e-02
95                                    -6.5174827802992152e-05         1.6508065867112544e-05         8.8273999452613593e-06         2.1510509514899144e-04        -5.1580478784038616e-04        -4.8509134047534819e-02         6.8288855359888462e-02         5.8018283064129025e-02
                              

0                             
1                             
2                             
3                             
4                             
5                             
6                             
7                             
8                             
9                             
10                            
11                            
12                            
13                            
14                            
15                            
16                            
17                            
18                            
19                            
20                            
21                            
22                            
23                            
24                            
25                            
26                            
27                            
28                            
29                            
30                            
31                            
32                            
33                            
34                            
35                            
36                            
37                            
38                            
39                            
40                            
41                            
42                            
43                            
44                            
45                            
46                            
47                            
48                            
49                            
50                            
51                            
52                            
53                            
54                            
55                            
56                            
57                            
58                            
59                            
60                            
61                            
62                            
63                            
64                            
65                            
66                            
67                            
68                            
69                            
70                            
71                            
72                            
73                            
74                            
75                            
76                            
77                            
78                            
79                            
80                            
81                            
82                            
83                            
84                            
85                            
86                            
87                            
88                            
89                            
90                            
91                            
92                            
93                            
94                            
95                            
   &MODES [&Type "ArrayOfDoubles", &Dim (96,96)] "The modes of vibrations"
                                                         0                           1                           2                           3                           4                           5                           6                           7

0                                      0.0000000000000000e+00         0.0000000000000000e+00         0.0000000000000000e+00         0.0000000000000000e+00         0.0000000000000000e+00         0.0000000000000000e+00         1.5923412150434333e-04         8.0710547902336814e-05
1                                      0.0000000000000000e+00         0.0000000000000000e+00         0.0000000000000000e+00         0.0000000000000000e+00         0.0000000000000000e+00         0.0000000000000000e+00        -2.8490945226636762e-02         1.5740508459995246e-03
2                                      0.0000000000000000e+00         0.0000000000000000e+00         0.0000000000000000e+00         0.0000000000000000e+00         0.0000000000000000e+00         0.0000000000000000e+00         6.5525653327147326e-02        -3.9898992980994712e-03
3                                      0.0000000000000000e+00         0.0000000000000000e+00         0.0000000000000000e+00         0.0000000000000000e+00         0.0000000000000000e+00         0.0000000000000000e+00         1.1705342091517871e-04        -5.1803531444624934e-04
4                                      0.0000000000000000e+00         0.0000000000000000e+00         0.0000000000000000e+00         0.0000000000000000e+00         0.0000000000000000e+00         0.0000000000000000e+00        -1.6392462597056855e-02        -1.0833675936691186e-02
5                                      0.0000000000000000e+00         0.0000000000000000e+00         0.0000000000000000e+00         0.0000000000000000e+00         0.0000000000000000e+00         0.0000000000000000e+00         3.8735265503824973e-02         2.4124830629521928e-02
6                                      0.0000000000000000e+00         0.0000000000000000e+00         0.0000000000000000e+00         0.0000000000000000e+00         0.0000000000000000e+00         0.0000000000000000e+00        -1.0374637936025287e-04        -1.2656897243169042e-03
7                                      0.0000000000000000e+00         0.0000000000000000e+00         0.0000000000000000e+00         0.0000000000000000e+00         0.0000000000000000e+00         0.0000000000000000e+00        -1.3731121306607436e-02        -2.5584957592983813e-02
8                                      0.0000000000000000e+00         0.0000000000000000e+00         0.0000000000000000e+00         0.0000000000000000e+00         0.0000000000000000e+00         0.0000000000000000e+00         3.5317579338634802e-02         5.7425081318437557e-02
9                                      0.0000000000000000e+00         0.0000000000000000e+00         0.0000000000000000e+00         0.0000000000000000e+00         0.0000000000000000e+00         0.0000000000000000e+00        -3.5730981984289327e-04        -1.6056059952678202e-03
10                                     0.0000000000000000e+00         0.0000000000000000e+00         0.0000000000000000e+00         0.0000000000000000e+00         0.0000000000000000e+00         0.0000000000000000e+00        -7.6159298482130573e-04        -3.4207768824014877e-02
11                                     0.0000000000000000e+00         0.0000000000000000e+00         0.0000000000000000e+00         0.0000000000000000e+00         0.0000000000000000e+00         0.0000000000000000e+00         6.5378132056829741e-03         7.6951642097326148e-02
12                                     0.0000000000000000e+00         0.0000000000000000e+00         0.0000000000000000e+00         0.0000000000000000e+00         0.0000000000000000e+00         0.0000000000000000e+00        -2.3292139862604090e-04        -1.3359410700582743e-03
13                                     0.0000000000000000e+00         0.0000000000000000e+00         0.0000000000000000e+00         0.0000000000000000e+00         0.0000000000000000e+00         0.0000000000000000e+00         1.2368271282379524e-03        -2.8473155765006520e-02
14                                     0.0000000000000000e+00         0.0000000000000000e+00         0.0000000000000000e+00         0.0000000000000000e+00         0.0000000000000000e+00         0.0000000000000000e+00         9.5157177810424837e-04         6.4125351900742186e-02
15                                     0.0000000000000000e+00         0.0000000000000000e+00         0.0000000000000000e+00         0.0000000000000000e+00         0.0000000000000000e+00         0.0000000000000000e+00        -3.2052372861553680e-04        -1.2171616305338610e-03
16                                     0.0000000000000000e+00         0.0000000000000000e+00         0.0000000000000000e+00         0.0000000000000000e+00         0.0000000000000000e+00         0.0000000000000000e+00         2.4946648634668184e-02        -1.7819113833371019e-02
17                                     0.0000000000000000e+00         0.0000000000000000e+00         0.0000000000000000e+00         0.0000000000000000e+00         0.0000000000000000e+00         0.0000000000000000e+00        -5.3681420818038124e-02         4.0042782845158484e-02
18                                     0.0000000000000000e+00         0.0000000000000000e+00         0.0000000000000000e+00         0.0000000000000000e+00         0.0000000000000000e+00         0.0000000000000000e+00         1.3607186725022760e-05        -3.6855309114220200e-04
19                                     0.0000000000000000e+00         0.0000000000000000e+00         0.0000000000000000e+00         0.0000000000000000e+00         0.0000000000000000e+00         0.0000000000000000e+00         2.4560491934699242e-02         3.8672621499281487e-03
20                                     0.0000000000000000e+00         0.0000000000000000e+00         0.0000000000000000e+00         0.0000000000000000e+00         0.0000000000000000e+00         0.0000000000000000e+00        -5.5590396924760338e-02        -8.6233416186904735e-03
21                                     0.0000000000000000e+00         0.0000000000000000e+00         0.0000000000000000e+00         0.0000000000000000e+00         0.0000000000000000e+00         0.0000000000000000e+00         2.0843272953998443e-04        -2.7348027437127059e-04
22                                     0.0000000000000000e+00         0.0000000000000000e+00         0.0000000000000000e+00         0.0000000000000000e+00         0.0000000000000000e+00         0.0000000000000000e+00         4.8307712372677107e-02         1.7271021203350358e-02
23                                     0.0000000000000000e+00         0.0000000000000000e+00         0.0000000000000000e+00         0.0000000000000000e+00         0.0000000000000000e+00         0.0000000000000000e+00        -1.0954296419960960e-01        -3.9059251269748164e-02
24                                     0.0000000000000000e+00         0.0000000000000000e+00         0.0000000000000000e+00         0.0000000000000000e+00         0.0000000000000000e+00         0.0000000000000000e+00        -1.6644766941596204e-05         4.3340394204988473e-04
25                                     0.0000000000000000e+00         0.0000000000000000e+00         0.0000000000000000e+00         0.0000000000000000e+00         0.0000000000000000e+00         0.0000000000000000e+00        -6.2041370837886370e-04         1.4951010197334979e-02
26                                     0.0000000000000000e+00         0.0000000000000000e+00         0.0000000000000000e+00         0.0000000000000000e+00         0.0000000000000000e+00         0.0000000000000000e+00        -6.1218696699106483e-04        -3.3271155661254152e-02
27                                     0.0000000000000000e+00         0.0000000000000000e+00         0.0000000000000000e+00         0.0000000000000000e+00         0.0000000000000000e+00         0.0000000000000000e+00         1.8139479986441893e-04         1.4003022558223143e-03
28                                     0.0000000000000000e+00         0.0000000000000000e+00         0.0000000000000000e+00         0.0000000000000000e+00         0.0000000000000000e+00         0.0000000000000000e+00        -1.6379811303356428e-03         4.0230450896020870e-02
29                                     0.0000000000000000e+00         0.0000000000000000e+00         0.0000000000000000e+00         0.0000000000000000e+00         0.0000000000000000e+00         0.0000000000000000e+00        -4.7549974450275995e-04        -8.9863881847483312e-02
30                                     0.0000000000000000e+00         0.0000000000000000e+00         0.0000000000000000e+00         0.0000000000000000e+00         0.0000000000000000e+00         0.0000000000000000e+00         1.9757021752172892e-05         2.4416141012405333e-04
31                                     0.0000000000000000e+00         0.0000000000000000e+00         0.0000000000000000e+00         0.0000000000000000e+00         0.0000000000000000e+00         0.0000000000000000e+00        -2.3812306065406158e-02         3.6153654648936058e-04
32                                     0.0000000000000000e+00         0.0000000000000000e+00         0.0000000000000000e+00         0.0000000000000000e+00         0.0000000000000000e+00         0.0000000000000000e+00         5.2573231442793043e-02        -4.1267758111207672e-04
33                                     0.0000000000000000e+00         0.0000000000000000e+00         0.0000000000000000e+00         0.0000000000000000e+00         0.0000000000000000e+00         0.0000000000000000e+00         5.0903360819296473e-04         1.1857316726036837e-03
34                                     0.0000000000000000e+00         0.0000000000000000e+00         0.0000000000000000e+00         0.0000000000000000e+00         0.0000000000000000e+00         0.0000000000000000e+00        -4.7158307997410810e-02         1.1661542334269788e-02
35                                     0.0000000000000000e+00         0.0000000000000000e+00         0.0000000000000000e+00         0.0000000000000000e+00         0.0000000000000000e+00         0.0000000000000000e+00         1.0260034626549248e-01        -2.5636362087374107e-02
36                                     0.0000000000000000e+00         0.0000000000000000e+00         0.0000000000000000e+00         0.0000000000000000e+00         0.0000000000000000e+00         0.0000000000000000e+00        -2.7519887173137647e-04        -6.9563915764133462e-04
37                                     0.0000000000000000e+00         0.0000000000000000e+00         0.0000000000000000e+00         0.0000000000000000e+00         0.0000000000000000e+00         0.0000000000000000e+00        -2.2531121070367317e-02        -2.1395603699666713e-02
38                                     0.0000000000000000e+00         0.0000000000000000e+00         0.0000000000000000e+00         0.0000000000000000e+00         0.0000000000000000e+00         0.0000000000000000e+00         5.2574786891418368e-02         4.8360315352508995e-02
39                                     0.0000000000000000e+00         0.0000000000000000e+00         0.0000000000000000e+00         0.0000000000000000e+00         0.0000000000000000e+00         0.0000000000000000e+00        -9.0506764360322463e-05        -1.8995357646641876e-03
40                                     0.0000000000000000e+00         0.0000000000000000e+00         0.0000000000000000e+00         0.0000000000000000e+00         0.0000000000000000e+00         0.0000000000000000e+00         9.6952444308816606e-03        -4.0613779408307980e-02
41                                     0.0000000000000000e+00         0.0000000000000000e+00         0.0000000000000000e+00         0.0000000000000000e+00         0.0000000000000000e+00         0.0000000000000000e+00        -1.7910815589189024e-02         9.1440020033708852e-02
42                                     0.0000000000000000e+00         0.0000000000000000e+00         0.0000000000000000e+00         0.0000000000000000e+00         0.0000000000000000e+00         0.0000000000000000e+00        -1.0105628010419936e-04        -9.6490064229748298e-04
43                                     0.0000000000000000e+00         0.0000000000000000e+00         0.0000000000000000e+00         0.0000000000000000e+00         0.0000000000000000e+00         0.0000000000000000e+00         7.6971379981535361e-03        -2.2716252320655106e-02
44                                     0.0000000000000000e+00         0.0000000000000000e+00         0.0000000000000000e+00         0.0000000000000000e+00         0.0000000000000000e+00         0.0000000000000000e+00        -1.5862990891911073e-02         5.0984326011768076e-02
45                                     0.0000000000000000e+00         0.0000000000000000e+00         0.0000000000000000e+00         0.0000000000000000e+00         0.0000000000000000e+00         0.0000000000000000e+00        -2.6466300745051459e-04        -6.9648578173560263e-04
46                                     0.0000000000000000e+00         0.0000000000000000e+00         0.0000000000000000e+00         0.0000000000000000e+00         0.0000000000000000e+00         0.0000000000000000e+00         1.9056076433085101e-02        -1.8869078222266276e-02
47                                     0.0000000000000000e+00         0.0000000000000000e+00         0.0000000000000000e+00         0.0000000000000000e+00         0.0000000000000000e+00         0.0000000000000000e+00        -4.2882358580471985e-02         4.2339388142314804e-02
48                                     0.0000000000000000e+00         0.0000000000000000e+00         0.0000000000000000e+00         0.0000000000000000e+00         0.0000000000000000e+00         0.0000000000000000e+00        -2.0319773092119790e-04         6.1176120000993532e-04
49                                     0.0000000000000000e+00         0.0000000000000000e+00         0.0000000000000000e+00         0.0000000000000000e+00         0.0000000000000000e+00         0.0000000000000000e+00         1.7860668668407964e-02         6.5855049305856023e-03
50                                     0.0000000000000000e+00         0.0000000000000000e+00         0.0000000000000000e+00         0.0000000000000000e+00         0.0000000000000000e+00         0.0000000000000000e+00        -4.2248625434927058e-02        -1.5004444452719867e-02
51                                     0.0000000000000000e+00         0.0000000000000000e+00         0.0000000000000000e+00         0.0000000000000000e+00         0.0000000000000000e+00         0.0000000000000000e+00        -1.2988970646048099e-04         9.7042652783663110e-04
52                                     0.0000000000000000e+00         0.0000000000000000e+00         0.0000000000000000e+00         0.0000000000000000e+00         0.0000000000000000e+00         0.0000000000000000e+00         2.9160119959005599e-02         1.2453688715202454e-02
53                                     0.0000000000000000e+00         0.0000000000000000e+00         0.0000000000000000e+00         0.0000000000000000e+00         0.0000000000000000e+00         0.0000000000000000e+00        -6.8472433364287294e-02        -2.8152614494297429e-02
54                                     0.0000000000000000e+00         0.0000000000000000e+00         0.0000000000000000e+00         0.0000000000000000e+00         0.0000000000000000e+00         0.0000000000000000e+00         3.8651809354477772e-05         1.5230621620111236e-03
55                                     0.0000000000000000e+00         0.0000000000000000e+00         0.0000000000000000e+00         0.0000000000000000e+00         0.0000000000000000e+00         0.0000000000000000e+00         5.4934400360303675e-03         2.6406782126819385e-02
56                                     0.0000000000000000e+00         0.0000000000000000e+00         0.0000000000000000e+00         0.0000000000000000e+00         0.0000000000000000e+00         0.0000000000000000e+00        -1.5380214091498515e-02        -5.9539278204924169e-02
57                                     0.0000000000000000e+00         0.0000000000000000e+00         0.0000000000000000e+00         0.0000000000000000e+00         0.0000000000000000e+00         0.0000000000000000e+00         1.5983626289767282e-04         1.1206771019375847e-03
58                                     0.0000000000000000e+00         0.0000000000000000e+00         0.0000000000000000e+00         0.0000000000000000e+00         0.0000000000000000e+00         0.0000000000000000e+00        -6.1170757203438562e-03         2.0040708013489061e-02
59                                     0.0000000000000000e+00         0.0000000000000000e+00         0.0000000000000000e+00         0.0000000000000000e+00         0.0000000000000000e+00         0.0000000000000000e+00         1.2202904028273931e-02        -4.5297714858741553e-02
60                                     0.0000000000000000e+00         0.0000000000000000e+00         0.0000000000000000e+00         0.0000000000000000e+00         0.0000000000000000e+00         0.0000000000000000e+00         2.7919172221124548e-04         2.0715234392671678e-03
61                                     0.0000000000000000e+00         0.0000000000000000e+00         0.0000000000000000e+00         0.0000000000000000e+00         0.0000000000000000e+00         0.0000000000000000e+00        -1.8548438542256487e-02         3.9117620570302596e-02
62                                     0.0000000000000000e+00         0.0000000000000000e+00         0.0000000000000000e+00         0.0000000000000000e+00         0.0000000000000000e+00         0.0000000000000000e+00         3.9473211882070328e-02        -8.8429170184570388e-02
63                                     0.0000000000000000e+00         0.0000000000000000e+00         0.0000000000000000e+00         0.0000000000000000e+00         0.0000000000000000e+00         0.0000000000000000e+00         1.1940558623209465e-04        -2.0615457874117267e-04
64                                     0.0000000000000000e+00         0.0000000000000000e+00         0.0000000000000000e+00         0.0000000000000000e+00         0.0000000000000000e+00         0.0000000000000000e+00        -4.7340806729702072e-03        -5.8967860799154391e-03
65                                     0.0000000000000000e+00         0.0000000000000000e+00         0.0000000000000000e+00         0.0000000000000000e+00         0.0000000000000000e+00         0.0000000000000000e+00         1.1255944993627344e-02         1.3058908605034799e-02
66                                     0.0000000000000000e+00         0.0000000000000000e+00         0.0000000000000000e+00         0.0000000000000000e+00         0.0000000000000000e+00         0.0000000000000000e+00         8.8365592934511064e-04        -1.1788897246238651e-03
67                                     0.0000000000000000e+00         0.0000000000000000e+00         0.0000000000000000e+00         0.0000000000000000e+00         0.0000000000000000e+00         0.0000000000000000e+00        -2.3851394898735414e-02        -2.1538950966308004e-02
68                                     0.0000000000000000e+00         0.0000000000000000e+00         0.0000000000000000e+00         0.0000000000000000e+00         0.0000000000000000e+00         0.0000000000000000e+00         6.1587402567114855e-02         4.7985478180655780e-02
69                                     0.0000000000000000e+00         0.0000000000000000e+00         0.0000000000000000e+00         0.0000000000000000e+00         0.0000000000000000e+00         0.0000000000000000e+00        -1.6071632532540529e-03        -2.0341424055572775e-03
70                                     0.0000000000000000e+00         0.0000000000000000e+00         0.0000000000000000e+00         0.0000000000000000e+00         0.0000000000000000e+00         0.0000000000000000e+00         4.6824559279801316e-02        -2.3190809675249717e-02
71                                     0.0000000000000000e+00         0.0000000000000000e+00         0.0000000000000000e+00         0.0000000000000000e+00         0.0000000000000000e+00         0.0000000000000000e+00        -1.0085875328343247e-01         5.2203932236549414e-02
72                                     0.0000000000000000e+00         0.0000000000000000e+00         0.0000000000000000e+00         0.0000000000000000e+00         0.0000000000000000e+00         0.0000000000000000e+00        -4.2564424368697596e-04        -1.1211519552614274e-03
73                                     0.0000000000000000e+00         0.0000000000000000e+00         0.0000000000000000e+00         0.0000000000000000e+00         0.0000000000000000e+00         0.0000000000000000e+00         6.2275815187524182e-02         8.7878369639871438e-03
74                                     0.0000000000000000e+00         0.0000000000000000e+00         0.0000000000000000e+00         0.0000000000000000e+00         0.0000000000000000e+00         0.0000000000000000e+00        -1.3934030598778643e-01        -1.9823009456678246e-02
75                                     0.0000000000000000e+00         0.0000000000000000e+00         0.0000000000000000e+00         0.0000000000000000e+00         0.0000000000000000e+00         0.0000000000000000e+00         2.2432119945222197e-04         1.8000840101140654e-03
76                                     0.0000000000000000e+00         0.0000000000000000e+00         0.0000000000000000e+00         0.0000000000000000e+00         0.0000000000000000e+00         0.0000000000000000e+00        -2.0321698993339733e-02         4.3874022125109234e-02
77                                     0.0000000000000000e+00         0.0000000000000000e+00         0.0000000000000000e+00         0.0000000000000000e+00         0.0000000000000000e+00         0.0000000000000000e+00         4.0680920115485353e-02        -9.7889702160760664e-02
78                                     0.0000000000000000e+00         0.0000000000000000e+00         0.0000000000000000e+00         0.0000000000000000e+00         0.0000000000000000e+00         0.0000000000000000e+00         7.4690487656251827e-04         1.4381392809828548e-03
79                                     0.0000000000000000e+00         0.0000000000000000e+00         0.0000000000000000e+00         0.0000000000000000e+00         0.0000000000000000e+00         0.0000000000000000e+00        -6.4858701379463507e-02         2.8067427916950894e-03
80                                     0.0000000000000000e+00         0.0000000000000000e+00         0.0000000000000000e+00         0.0000000000000000e+00         0.0000000000000000e+00         0.0000000000000000e+00         1.4260457361490111e-01        -5.1088320186592779e-03
81                                     0.0000000000000000e+00         0.0000000000000000e+00         0.0000000000000000e+00         0.0000000000000000e+00         0.0000000000000000e+00         0.0000000000000000e+00        -5.8803423434712436e-04        -7.1541135442826733e-04
82                                     0.0000000000000000e+00         0.0000000000000000e+00         0.0000000000000000e+00         0.0000000000000000e+00         0.0000000000000000e+00         0.0000000000000000e+00        -4.1789163662869076e-02        -2.9054132416840624e-02
83                                     0.0000000000000000e+00         0.0000000000000000e+00         0.0000000000000000e+00         0.0000000000000000e+00         0.0000000000000000e+00         0.0000000000000000e+00         9.5779257798195697e-02         6.5742801028317588e-02
84                                     0.0000000000000000e+00         0.0000000000000000e+00         0.0000000000000000e+00         0.0000000000000000e+00         0.0000000000000000e+00         0.0000000000000000e+00        -4.1307050454202933e-04        -1.3465967418219652e-03
85                                     0.0000000000000000e+00         0.0000000000000000e+00         0.0000000000000000e+00         0.0000000000000000e+00         0.0000000000000000e+00         0.0000000000000000e+00         2.8689677559133653e-02        -3.1948847510014304e-02
86                                     0.0000000000000000e+00         0.0000000000000000e+00         0.0000000000000000e+00         0.0000000000000000e+00         0.0000000000000000e+00         0.0000000000000000e+00        -6.3901310511747203e-02         7.1811885359380628e-02
87                                     0.0000000000000000e+00         0.0000000000000000e+00         0.0000000000000000e+00         0.0000000000000000e+00         0.0000000000000000e+00         0.0000000000000000e+00        -2.1977651434135947e-04         1.8292309319145957e-03
88                                     0.0000000000000000e+00         0.0000000000000000e+00         0.0000000000000000e+00         0.0000000000000000e+00         0.0000000000000000e+00         0.0000000000000000e+00         2.6509721723686933e-02         3.1117130787906903e-02
89                                     0.0000000000000000e+00         0.0000000000000000e+00         0.0000000000000000e+00         0.0000000000000000e+00         0.0000000000000000e+00         0.0000000000000000e+00        -6.2727245700044149e-02        -7.0089683910579251e-02
90                                     0.0000000000000000e+00         0.0000000000000000e+00         0.0000000000000000e+00         0.0000000000000000e+00         0.0000000000000000e+00         0.0000000000000000e+00         9.7771890567739328e-05         2.5847199961620388e-03
91                                     0.0000000000000000e+00         0.0000000000000000e+00         0.0000000000000000e+00         0.0000000000000000e+00         0.0000000000000000e+00         0.0000000000000000e+00         4.4108838578178263e-03         4.7200444956105481e-02
92                                     0.0000000000000000e+00         0.0000000000000000e+00         0.0000000000000000e+00         0.0000000000000000e+00         0.0000000000000000e+00         0.0000000000000000e+00        -1.4956738573103232e-02        -1.0600107845882520e-01
93                                     0.0000000000000000e+00         0.0000000000000000e+00         0.0000000000000000e+00         0.0000000000000000e+00         0.0000000000000000e+00         0.0000000000000000e+00         3.3848875195522992e-04         1.5021998687773166e-03
94                                     0.0000000000000000e+00         0.0000000000000000e+00         0.0000000000000000e+00         0.0000000000000000e+00         0.0000000000000000e+00         0.0000000000000000e+00        -2.5026799092875744e-02         2.8713082066879739e-02
95                                     0.0000000000000000e+00         0.0000000000000000e+00         0.0000000000000000e+00         0.0000000000000000e+00         0.0000000000000000e+00         0.0000000000000000e+00         5.5355988295023258e-02        -6.4924274189829184e-02
                                                         8                           9                          10                          11                          12                          13                          14                          15

0                                      4.5769466790700333e-02        -3.7534401761229624e-03         1.2011845184300650e-03        -2.1004486433541807e-03        -4.7128614761100095e-03        -5.5853637401935038e-02         4.8404066171233714e-04         6.9132496326785343e-03
1                                      1.7170042817871080e-02        -4.4950727370799255e-02         2.3930260893972446e-02        -3.6139523397938238e-02        -3.7608993498931639e-02         1.7137686799998005e-02        -1.3987947516391642e-02         4.7730178137854788e-02
2                                      9.8369995042559139e-03         9.9925449673529482e-02        -5.3860677665716228e-02         8.2859359936124199e-02         8.8325224153358750e-02         6.0794809602696337e-04         3.2095757496216661e-02         1.8078899224293676e-02
3                                      2.0749607416741426e-02        -1.3818293213465806e-03         8.7466432864376198e-04        -7.6512596879102577e-04        -1.6843910318409489e-03        -4.2515527896679478e-02         3.8678912247587180e-04         1.5723279997665426e-02
4                                      2.7151306522184795e-02        -2.0053715950486238e-02         1.5944803023738074e-02        -4.7514078370445101e-03         1.4719752987702176e-02         8.4807722785644694e-03        -3.1996977467550866e-03         4.4952775447249869e-02
5                                      1.3209644116660120e-02         4.2229218870435264e-02        -3.5787909172762943e-02         1.1932223989575134e-02        -3.0635451575240412e-02         5.8993150362309961e-03         8.1984574378710841e-03         2.1120068177825323e-02
6                                      1.1484532351665414e-02        -1.8651579027002135e-03        -3.6366249883827348e-04         1.4826160702218574e-03         1.3914898459286031e-03        -2.9114615207969968e-02         1.1497400697350140e-03         3.9395047669664373e-03
7                                      5.0085967988656936e-02        -3.6406788181204124e-02        -6.5156867344201433e-03         3.7185848832268310e-02         6.2493653365230196e-02        -6.8601573074318712e-03         1.7758224405591282e-02         1.5874472104357495e-02
8                                      2.7089614705447171e-02         7.7338211639675858e-02         1.5029191270473368e-02        -8.3405288365234101e-02        -1.4170279419481693e-01         7.2448457103878889e-03        -3.8816760321162665e-02         1.0770117412631022e-02
9                                     -7.5977094823722483e-03         2.0150866430770315e-04        -2.0586825463637823e-04         1.1469768097739294e-03         8.0172261680924793e-04         1.3403977378250705e-03         6.4089719370704582e-04         4.6046780817005258e-03
10                                     5.7961653100961984e-02        -2.8912461497646643e-03        -3.7881222011399451e-03         2.3880683920767500e-02         1.0713578384951005e-02        -1.2248322628098239e-02         1.3349420661198571e-02         9.0650835581664712e-03
11                                     2.6013977501093462e-02         6.9740423362591776e-04         8.8174009682111913e-03        -5.3383417938149158e-02        -2.5532417028503285e-02        -2.7126771191468826e-03        -2.8784836968000244e-02         3.0818186425026965e-03
12                                    -4.2209454517618825e-03         1.3348775055126036e-04        -1.2096801014055386e-03         1.4379342246242735e-03         8.2586636049259917e-04         3.3741766212296929e-02        -3.1740079803161677e-04         8.6267930204436578e-03
13                                     4.8950953297186253e-02         4.6261389323963353e-04        -2.7118218322470623e-02         2.4988834941068273e-02        -2.3744974892275578e-02        -2.8153907286267627e-02        -4.7197420577482548e-03        -4.9663922545489042e-02
14                                     2.0972013237285241e-02        -6.6127943669940402e-03         6.0819687267336227e-02        -5.5928716005562880e-02         5.0555699574458879e-02        -1.3691075447904518e-02         1.0889466114207649e-02        -2.5120061283623502e-02
15                                    -2.8867643710309882e-02         8.5082441844937338e-04        -1.4839321355788254e-03         1.4816136595166003e-03         2.2097076470092626e-03         6.5256013429692575e-02        -9.8963614811627089e-04         1.2063933370264670e-02
16                                     2.4358060127848739e-02         1.3751228240067572e-03        -2.9939163171398428e-02         1.4584272124293895e-02        -2.8828378142337310e-02        -1.5599539865459125e-02        -1.7992306587757835e-02        -5.5185368449860724e-02
17                                     1.0213827847662761e-02        -6.6682020139023478e-03         6.6783361616127551e-02        -3.2062928242451272e-02         6.3879207348528783e-02        -5.5070462387485598e-03         3.9924263358208735e-02        -2.0460769460337886e-02
18                                    -1.8682472882220903e-02         3.9856999980533307e-04        -9.6470529123461287e-04         8.6482733684193562e-04         3.1082615315938195e-03         7.1540306916467206e-02        -8.2159940554779555e-04         7.1894759278110770e-03
19                                    -1.4987202225444540e-02         1.3551222931792446e-03        -1.5029554055349942e-02        -2.0617235424574228e-03        -1.0973705767955368e-02         4.0653968472541399e-03        -1.0676232879818637e-02        -3.3172305925586530e-02
20                                    -5.6711227722295171e-03        -2.1759712313413767e-03         3.3544462961784753e-02         5.1698142838475731e-03         2.5188029993970414e-02         1.7379015929903088e-03         2.3073024006567230e-02        -1.1033917221465678e-02
21                                    -4.8361263248610772e-02         1.8462030422082972e-03        -1.2962162201421751e-03        -4.9256067388267044e-04         5.0522557521511160e-03         1.0759127076442528e-01        -7.7073073593521778e-04         3.5072344879201481e-02
22                                    -4.7175757948039028e-02         3.6224849994664918e-03        -1.2902474202017416e-02        -4.2792964328243359e-02         2.7794287841696026e-02         3.7258362290667701e-02         1.3361034099318651e-02        -2.6572779972226946e-03
23                                    -1.7855953667679593e-02        -3.1791833740369363e-03         2.7804351800815322e-02         9.4605633229622010e-02        -5.8546954887785163e-02         1.7853458265473722e-02        -3.1758356394873941e-02        -5.1840357591637588e-03
24                                     2.0710830151547375e-02        -1.4348205562680540e-03         2.1511530346513376e-04         1.8867185964644142e-03         2.9118718865198917e-03         6.2381010895191678e-02        -4.9956300276505139e-04        -2.0533588911355375e-02
25                                    -2.4507158513363846e-02        -3.8145381614699609e-04         8.6941592895899596e-03         1.9719086169171833e-02        -1.8140131986858054e-02         6.2613638658450673e-03        -1.3031717552859218e-02        -2.3508921797663541e-02
26                                    -1.0139366881561375e-02         2.9228152592992249e-03        -1.8892213825381147e-02        -4.2998838349598258e-02         4.0758708725105508e-02         1.9019530015747881e-03         2.8311661615002572e-02        -6.4956939359483478e-03
27                                     3.1885749399910665e-02        -2.0605111492951848e-03         1.9203934392278050e-03         2.7579318527389146e-03         3.3047401668324992e-03         5.8807651925479550e-02         3.1613259292623117e-04        -2.8265042910121496e-02
28                                    -6.1081095910207453e-02        -2.9535816563991892e-03         5.4498646793507258e-02         4.0711209034047423e-02        -3.4347843633461485e-03         2.4349889966989433e-02         1.8851712126814425e-03         6.1757959642389903e-04
29                                    -2.5137595921848964e-02         1.2844230726065857e-02        -1.2083677235421425e-01        -9.0130280650995417e-02         9.7602530531542987e-03         1.2371982664653176e-02        -6.7157733225551297e-03        -1.4116052426681918e-03
30                                     4.7391538485365738e-02        -2.3408323858424341e-03        -5.2667371876372645e-04         7.8254131062894746e-04         2.5518854790904156e-03         4.6526725058266750e-02        -3.5776801808382844e-04        -3.3508325587842704e-02
31                                     3.3791439866763515e-03         1.7334342943308803e-03        -1.7344671517230785e-02        -4.5434778118959998e-03        -1.2286707505106713e-02        -1.3017985992217809e-02        -9.1110677231850280e-03        -3.8105234009808517e-02
32                                     4.8543392425418069e-04        -4.4889294524019744e-03         3.8777107614677814e-02         9.5817853880083952e-03         2.6045926812916922e-02        -6.7293582452229621e-03         1.9895599633534159e-02        -1.5784092575536649e-02
33                                     9.0037325327983031e-02        -4.2512138639919320e-03        -4.0278089798321794e-04        -1.2872771517167491e-03         3.8899859128361238e-03         3.6061465145464495e-02        -1.6772484678086639e-03        -9.7922623726867442e-02
34                                    -8.9621720038138598e-03         2.1116998150691071e-03        -1.6849393623011352e-02        -4.3547658431020715e-02         2.2773496712447393e-02        -1.1059052736375188e-02         1.8795757720832585e-03        -2.5070936981147939e-02
35                                    -6.0939292945452316e-03        -3.8506436027138796e-03         3.7555801721130676e-02         9.5538680959927652e-02        -5.0545736312054432e-02        -1.6893667993093370e-04        -2.7224379963697392e-03        -4.2142746574648938e-03
36                                     3.3386110718548481e-02        -1.6111877988183585e-03        -1.1726875372978418e-03         1.3342053284551574e-03         1.8036002829018381e-03         4.6584430302374552e-02        -2.4211298791176672e-04        -1.6175656040398546e-02
37                                     4.0616591704135049e-02         1.9414537939399130e-03        -3.1419669788412770e-02         1.0991359002461962e-02        -2.4440058734622863e-02        -2.6754135814075160e-02        -4.5647920511797105e-03        -5.4392798439715576e-02
38                                     1.6698092545019035e-02        -9.0002582060939532e-03         7.0164429229621073e-02        -2.5230730872213687e-02         5.2032358722406344e-02        -1.6074787608340146e-02         9.9745565377646513e-03        -3.1021731502752101e-02
39                                    -2.2311926926650232e-02         2.7110958186254207e-03         1.6741992736337931e-03        -8.7837239606315979e-04        -1.5687095965895540e-03        -1.2561198126491325e-02         9.3693305413631895e-04         2.7131505189355466e-02
40                                     4.9813316627620535e-02         2.9808521409635632e-02         2.9805727438232857e-02        -8.6308735913085879e-03        -1.8859265645757191e-02        -4.4852104464154262e-03         1.8715043330091555e-02         3.5414103228198428e-02
41                                     1.8525660438163477e-02        -7.2061107865424925e-02        -6.6824706582669521e-02         1.9921875617471878e-02         4.1963971809520710e-02        -5.6369329330681998e-03        -4.0816898840484145e-02         1.4065534600200687e-02
42                                    -2.3236595038337072e-02         2.4500635027926076e-03         1.5455133635516893e-03        -1.1505492000418072e-03        -9.2552432119627568e-04        -2.7856207907525164e-02        -2.0250964074430564e-04         1.9299505641961350e-02
43                                     2.3719816744570826e-02         2.2455889104578391e-02         2.7705153180548652e-02        -1.0285620944266438e-02         1.1120779107955435e-02         4.5065577475704478e-03        -3.5245845984224200e-03         5.5441237659477477e-02
44                                     7.9932334306529861e-03        -5.3048237220688396e-02        -6.2187729358249663e-02         2.3792395016521840e-02        -2.3928953053076366e-02         2.3610827605064660e-03         8.8938978590554357e-03         2.7426935092066208e-02
45                                    -5.2904521644911918e-02         3.1292057428089948e-03         1.3900200736815978e-03        -1.7051133028581028e-03        -2.0961281998783227e-03        -4.5693234489972923e-02        -2.0804896172919223e-04        -1.2382904776392822e-02
46                                     5.1476051716245067e-03         1.0490043019153607e-02         2.7271408378173590e-02        -1.5103457260713276e-02         9.5772175313635702e-03         1.4378876469905329e-03         2.8905700750956700e-03         4.2044237733863961e-02
47                                     1.5215038272230106e-03        -2.3769355743347442e-02        -6.1316863897276933e-02         3.4290245583683487e-02        -2.1210468547888543e-02        -9.9720401390968050e-04        -6.3217381482850894e-03         2.4625763482302498e-02
48                                    -5.0582100733033056e-02         2.1487488359978489e-03         4.3640706084928247e-05        -1.0319165870602131e-03        -2.4588647789805288e-03        -5.1886785612082251e-02        -1.3152083862855543e-03        -1.5884289475709162e-02
49                                    -2.6666389205935982e-02        -7.3370645374659024e-03         9.8892661685461838e-04        -1.4793060158029944e-03         7.6688948631847787e-03        -3.4781362718603950e-03        -1.8336658873014229e-02         4.7820261688108516e-03
50                                    -1.0556658407043467e-02         1.9807823576631807e-02        -2.2711493128267763e-03         2.8129942116022788e-03        -1.8653256341664686e-02        -1.8168646262386133e-03         4.1255713483267800e-02         8.7559648744332634e-04
51                                    -7.9037696156049747e-02         6.3837824377123605e-04        -8.6002168592903437e-04        -1.2343528486541465e-03        -5.4244085921586810e-03        -7.2695523318631813e-02         2.0449069627879583e-03        -7.6255682285614523e-02
52                                    -4.5398075095139781e-02        -4.8189738042718602e-02        -1.2078842027697908e-02         9.7858068418194325e-04        -1.7443866058572642e-02        -1.3500399858940767e-02         3.1756252921743069e-02        -3.0829235456397298e-02
53                                    -1.4344453981119876e-02         1.1261139556336504e-01         2.6788309074753686e-02        -3.2744667073574640e-03         3.5171552256136968e-02        -9.7133578062576983e-03        -6.9968821168647888e-02        -1.4658445129425542e-02
54                                    -2.2499934528800624e-02         1.9828869039982119e-03        -6.8680524552279607e-04        -3.0138122144994419e-04        -1.8478659357525477e-03        -5.0855826619592336e-02        -3.2965580300771814e-03         1.5647123649472176e-02
55                                    -3.7325640147346559e-02         1.2805342590952614e-02        -1.5473885077826960e-02         1.0983393715785491e-02         1.7861280025739782e-02        -2.5961215379564843e-03        -6.4816818347448263e-02        -3.0620294647369442e-03
56                                    -1.7530512347886412e-02        -2.4173143853458166e-02         3.4741666213299056e-02        -2.5354098467818945e-02        -4.1379385445181688e-02         1.1292493341313323e-03         1.4528046583287796e-01        -9.8642663018219355e-03
57                                     4.3448928793627531e-03         1.5985254941609092e-03        -1.6258244362353380e-05        -5.1418527509006272e-04        -1.9992557613140245e-03        -4.7311427528702286e-02        -4.0638578583328575e-04         4.2244411211574830e-02
58                                    -1.8469584655912859e-02         2.7469189772822242e-02        -4.2722259467601869e-03         3.9653464591791494e-03         1.0155308744270333e-02         3.2520825856099450e-03        -1.8609099991841828e-02         1.5510397559357422e-02
59                                    -1.1456564324211395e-02        -5.9475964658808333e-02         9.6354454085284622e-03        -9.1102571286794318e-03        -2.2857729239057035e-02         2.1833755873044152e-03         4.1435705236852353e-02         6.9006083990021940e-03
60                                     3.4581708762365847e-02         8.1850487882862560e-04        -7.9457555133740016e-04         1.2095304469227975e-04        -3.2840075828787655e-03        -5.8611738007521577e-02         3.9560821507866623e-03         9.0575277075480867e-02
61                                    -2.9851053893451638e-02         4.0624797844050986e-02        -2.0709297690193400e-02         1.2008397155637023e-02        -1.3637887726405501e-02         9.4734719057444593e-03         5.1416593448522160e-02        -5.0105204031677031e-04
62                                    -1.8238082216524638e-02        -8.7797086381562167e-02         4.6799339585764779e-02        -2.7601513882166299e-02         3.0983202974151615e-02        -1.8099478537075023e-04        -1.1770697673222691e-01         6.7604173814380933e-03
63                                     1.0446025967735936e-03         1.5460619619154243e-03         1.1619431140138003e-03        -1.0726002177197697e-03        -1.3204736707397222e-03        -4.1661130869848080e-02        -6.4021837446296358e-04         3.3195610007015958e-02
64                                     1.3141722573413592e-02         2.1168435792359795e-02         1.8833588138017089e-02        -6.7165489084629517e-03         1.9900935944729824e-02         6.7681853115348746e-03        -1.8988152547271490e-02         5.0501531205634630e-02
65                                     2.9877157081397276e-03        -4.9186988636056549e-02        -4.2245956041976916e-02         1.5788599344558191e-02        -4.3187358509097377e-02         5.8442699390838775e-03         4.3546831345771628e-02         2.4749347041268435e-02
66                                     2.1420478889062063e-02        -2.6807949660291258e-03        -1.6354328280398021e-03         1.7452524906797881e-03         1.1410335121664735e-05        -4.0785730800932243e-02         7.7882213853038983e-04        -1.1655415451888153e-03
67                                     5.6363096966289550e-02        -6.9984689789857113e-02        -2.8924320749503719e-02         5.9902294928930185e-02         8.7441669854883053e-02        -1.7981186332147448e-02         1.9768509040874512e-02         1.2146288475736905e-02
68                                     3.5602075108171594e-02         1.5544523682909051e-01         6.5684224901163421e-02        -1.3695633379638356e-01        -2.0418297602456784e-01         4.6495508709244286e-03        -4.4312860800040550e-02         1.1046745157998698e-02
69                                    -5.4681518874065319e-02         1.0372275498041626e-03        -1.7668034133905290e-03         2.8553891892271212e-03         3.6680436664191206e-03         8.3080192527107855e-02        -1.1063380415100696e-03         2.1416942802717290e-02
70                                     3.0630806474191821e-02         4.3394474141269764e-03        -3.4170159155934313e-02         4.2139992245223820e-03        -2.6421689008379108e-02        -2.2385789017634588e-02        -1.7275611527175619e-02        -5.7458555791648998e-02
71                                     1.1554481614839077e-02        -1.3676845167003194e-02         7.6183800260432172e-02        -1.0051730765918658e-02         5.8460773066628675e-02        -3.8724445509633210e-03         3.8739692077084636e-02        -2.0425062593054773e-02
72                                    -7.9113554550998152e-02         3.3204771335521993e-03        -2.0586247463912858e-03        -1.1766534088212578e-04         5.6738700602631748e-03         1.4806364744958217e-01        -1.5337280329005092e-03         6.4635265706576295e-02
73                                    -3.5000139482776499e-02         3.9274471175482365e-03        -2.2306989881132888e-02        -5.0258000784505812e-02         3.7863224560631681e-02         2.0451991243267603e-02         2.7088377291502840e-02        -1.1279014628580537e-02
74                                    -1.6393817268808387e-02        -5.1835934157856995e-03         4.8968736786859625e-02         1.1049463318180364e-01        -8.1014208970969975e-02         1.7248887766080495e-02        -6.0912403261099687e-02        -1.3622876702582495e-02
75                                     6.1760834079193978e-02        -3.4112512815027436e-03         2.6587426931362532e-03         3.1405484733042083e-03         3.2669219008816322e-03         4.0119218663980466e-02         2.3168780955684261e-03        -4.3232991607006679e-02
76                                    -6.2697598477796879e-02        -2.7172954714608667e-03         6.3019846181199393e-02         3.7031663371797169e-02         1.1384380618433254e-02         2.5210195061011853e-02         2.6850462783946986e-02         1.1010493564387352e-02
77                                    -2.4079651181561870e-02         1.2425847263078039e-02        -1.3960541223696721e-01        -8.2015832572883585e-02        -2.2843335863876723e-02         1.2779174317955135e-02        -6.1929612713250586e-02        -2.3882845903320727e-02
78                                     1.1078599993376619e-01        -5.1895152908600032e-03        -3.7409476718233751e-04        -1.9885733125593347e-03         4.5898955877126052e-03         3.2584665686867090e-02        -1.9185787177043116e-03        -1.3331447674656013e-01
79                                     1.1748391133923675e-02         2.2288092950537878e-03        -1.2619061396262345e-02        -3.7421203001794023e-02         4.7547050206516256e-02        -1.4469282375271075e-02         7.8944077083911407e-02        -2.4369917731654468e-02
80                                     9.5179803006013707e-03        -6.9017806846192837e-03         2.8256650111780687e-02         7.9651669709123657e-02        -1.0344089407873253e-01        -3.1504118768791297e-03        -1.7483757308097309e-01        -1.1117058788371702e-01
81                                     5.4284288053398244e-02        -2.6036908093630285e-03        -1.3839121618631261e-03         1.0894053834703348e-03         2.5660079522463095e-03         4.6643075999633493e-02         2.2099844889084014e-04        -2.8856885681363700e-02
82                                     6.1134253137051967e-02         1.2183546754027884e-03        -3.7822948589804388e-02         2.5653211643431127e-03        -1.1940210494266407e-02        -2.5516025991464207e-02         6.5065357437693247e-03        -6.6100112359453539e-02
83                                     2.4916785794206274e-02        -9.9367046204974514e-03         8.4328705131783435e-02        -6.5826389702941723e-03         2.5584430095195555e-02        -1.6490780456340701e-02        -1.4041396251747751e-02        -4.0561481912546660e-02
84                                    -7.9016284443601162e-02         3.9637708593313579e-03         1.7049422825344653e-03        -2.3465531825236567e-03        -3.8803182407604734e-03        -5.8015535180391424e-02         1.3950703517920178e-03        -4.4500492554019173e-02
85                                     1.5684669867967776e-02         2.4444933462231802e-03         3.4660517247718549e-02        -2.1220471725233288e-02        -6.6339086465983582e-03         8.3944729442711977e-03         3.9698982045974135e-02         5.4358236195920624e-02
86                                     7.1453971210577102e-03        -6.9976616089640281e-03        -7.7902301245134906e-02         4.8449462246429369e-02         1.6450108319656046e-02        -1.8217377618709512e-03        -8.9027497814761228e-02         3.3848260680494992e-02
87                                    -7.3265347069728107e-02         4.4473165610712769e-04        -1.6945347727154534e-03        -6.1707334040611757e-04        -4.9718569158785191e-03        -6.7963720105068626e-02         6.3821411305999259e-04        -6.2732543400156271e-02
88                                    -6.8629388592596652e-02        -5.5529414560861294e-02        -3.2317902164459726e-02         1.2260635360368937e-02        -2.0804142084994422e-02        -3.3594025979833325e-02         1.3966519294414342e-02        -8.3449853937128365e-02
89                                    -2.2214782841574937e-02         1.2764402848986151e-01         7.1390265424369187e-02        -2.9500281241538844e-02         3.7254062859629754e-02        -1.5047368819627061e-02        -2.4587057641916286e-02        -3.7219715055994779e-02
90                                    -2.0109180267160080e-02         1.4996072502526851e-03        -1.8408026377912221e-03         3.4403841485689522e-04        -2.2605592336487571e-03        -5.0583587461532666e-02        -3.5527531227608406e-03         1.8244650115178781e-02
91                                    -5.9849087019373665e-02         6.8807718708503536e-03        -3.8005065515548130e-02         2.3233301204262365e-02         9.7264167382892248e-03        -5.2749393437319329e-03        -7.1438000985825659e-02        -2.3519877471400639e-02
92                                    -2.6753272778977256e-02        -7.7136527375098601e-03         8.5177124888955708e-02        -5.3072146899380432e-02        -2.3229434653958991e-02        -1.1352893876883984e-03         1.5851819336392223e-01        -2.4910440275763127e-02
93                                     5.1546114139088356e-02        -1.2663260038066569e-03         1.7467011796513937e-04        -8.6911997196646512e-04        -4.1132868186226895e-03        -6.3118303443113560e-02         3.6312003595632370e-03         1.2485691388621618e-01
94                                    -1.3818576680558118e-02         1.6112876099001999e-02        -3.5618859167234869e-03        -9.3496142288852415e-03        -3.2370442722357048e-02         6.9396192615880118e-03         3.8841163547515205e-02         2.2000513011873328e-02
95                                    -9.1124077783086097e-03        -3.4317446809840557e-02         7.9985679096656326e-03         2.1252923575786283e-02         7.3811080970564755e-02        -4.2506462784496456e-03        -8.8355005527571834e-02         1.6377620981937690e-02
                                                        16                          17                          18                          19                          20                          21                          22                          23

0                                      1.1261118746812980e-03        -1.2757429551540702e-04        -8.0407027127495166e-04         5.8189676116567599e-04        -1.2313326713333690e-02         5.1999122767891559e-03         1.5244830554534047e-01        -3.3437313116359388e-03
1                                      2.3014451503530551e-03        -2.8089942328508853e-03        -4.6961870954709221e-03        -1.6685703087095879e-02         5.8301457384444541e-03        -2.0430216805346342e-03        -3.8459687276094535e-02         3.5283053284226010e-03
2                                     -1.9018161907706006e-02         1.8788001742439046e-04         1.5611749963573739e-02         3.6778326076324905e-02         5.0883559228438969e-03        -7.0652147283521195e-04        -1.4095439978338979e-02        -6.0948895171771614e-03
3                                     -1.1431505200609642e-03        -7.8778668263724801e-04         6.1421425600670777e-04         1.3053217367168907e-03        -1.8684675979839976e-03         1.0979615504999032e-03         3.4995687604805356e-02        -6.1788437638483614e-04
4                                     -7.6089517977180141e-03        -2.3495015335267867e-05         7.7694612245444595e-03         2.1390890743481820e-02         5.4022823275939776e-03        -2.5721551588943582e-03        -2.6444702795307838e-03        -2.9197428658488123e-03
5                                      4.5615587606536402e-03        -5.8807154568046513e-03        -1.2995421252863173e-02        -4.8789921320757990e-02        -1.7940430522671693e-03        -1.0527363335825356e-03        -8.9509636482157316e-05         5.8773610299429138e-03
6                                     -4.7078673370234270e-04        -4.0182143999951053e-04        -1.5561456952915162e-05        -5.3109241699797612e-04        -1.7431360088576754e-03         6.5961664719496951e-03         1.5127837070694502e-02        -6.0617866795240245e-04
7                                     -1.1686888310828397e-02        -4.8538320032883104e-03         3.7248029039490720e-03        -1.1567646286110586e-02        -7.5959119831355256e-03         1.1724045477115208e-03         5.5616142827137977e-02        -1.5573024560550802e-02
8                                      2.3275573701395692e-02         1.0903270042495984e-02        -8.1832405336149106e-03         2.8961936432941898e-02         1.1510988253878279e-03         7.4071949824578852e-04         2.5032151590545289e-02         3.1624191771370408e-02
9                                     -2.9847685535355729e-04         3.3983134476729167e-04         8.2740434254829985e-04        -9.9421559535028893e-04         9.8772241334222689e-04         7.9931972335585653e-03        -9.3129565924995102e-03         6.5150251228990113e-04
10                                     2.4134892315698427e-03         1.3484758851064127e-02         1.2702015892994800e-02        -1.4100158655133848e-02        -8.1471648416203205e-03        -3.6726933178613300e-04         4.9750567292630936e-02         3.5084626572741053e-03
11                                    -5.8822033516842363e-03        -2.9829689333271518e-02        -2.9488582692639518e-02         3.4701473066408868e-02        -1.3468253855171808e-05         3.1286343676678851e-04         2.1187528288193484e-02        -1.0930718300670980e-02
12                                    -8.0723999117382050e-04         4.2835679466801863e-04        -4.1568380072082496e-04         2.7415563916232977e-04        -1.2306425519010770e-03         1.3931625424395818e-02         5.0571206603975483e-03         1.3246671136321812e-03
13                                     1.4309411522425229e-02         5.1210560005746511e-03        -1.1792673980863777e-02        -6.4099779316897226e-04        -2.5264894710418828e-03         3.3359773077825290e-05        -1.2668889275960537e-02         2.8288163492451095e-02
14                                    -1.4789984383853092e-02        -6.2083922984430750e-03         2.1318254438719399e-02         1.4601882670457254e-03        -3.8710352578643706e-03         1.7241257056999921e-03        -7.1715536547626553e-03        -6.2233745022972076e-02
15                                    -3.2750557878327750e-03         1.6142021300510098e-03        -1.1856704078021226e-03         2.9244433315540311e-04         4.1877369302117315e-03         2.8655503273895853e-02         8.1379547851133088e-03         6.8514714846456323e-04
16                                    -3.3077586268510199e-02         3.7771572496245479e-02        -3.8217804284853427e-02         6.8550205420743228e-03         4.0935622186190146e-03         2.7466144832150735e-02        -2.7236146087565024e-02         1.0561679154841453e-02
17                                     9.0307148233038911e-02        -7.7656579089390249e-02         7.8916811016200031e-02        -1.6566564479256723e-02        -2.1198026663883803e-03         1.3573998027331106e-02        -1.0984962501887080e-02        -2.2863912551851343e-02
18                                    -2.0359755628377939e-03         5.3856903149642637e-04        -1.3573632922462311e-04        -6.4837674461585540e-04         1.8179372753038943e-02         3.7847210759000154e-02         1.5864076417339109e-02        -1.0160823274103371e-03
19                                    -9.4823033103397531e-03        -3.3834867165809636e-03        -7.7563059433320147e-03         9.5691466643858039e-03        -2.0108535797663044e-02         1.0274942234702178e-02        -2.9399428822532998e-02        -2.9874058504657613e-02
20                                     3.0892399061176141e-02         1.1538182260928551e-02         1.2632388268579448e-02        -1.7162784050138692e-02        -9.1285261097028766e-03         3.7415614744483452e-03        -9.9548491980209035e-03         6.6514315479630728e-02
21                                    -5.7389549998506893e-03        -7.1155205988322713e-04         2.1530310238911479e-03         2.0482438378703724e-03        -1.7243657510779258e-02        -7.6415095341519343e-02         4.5544615019974519e-02         5.4182021123488639e-04
22                                     2.4013489285405781e-02        -1.2276973680825861e-02         1.5491145847168057e-02         2.7715285451677322e-04        -6.1376495653457104e-02        -1.1633938829133143e-01        -2.5300624148343323e-03        -5.8487707786048790e-03
23                                    -5.5832124807921678e-02         2.8524846548933173e-02        -3.4340899444237169e-02         1.2344284306673515e-02        -2.6000921887482084e-02        -5.2858728344195700e-02        -1.3621170690604385e-03         1.7162389463710764e-02
24                                     3.1272762596925682e-03         2.0182479209244872e-03        -2.7713501092050761e-03         1.8038724575271594e-03        -7.4098872522351585e-03         7.7310761550005228e-02        -3.2265588605999060e-03        -2.1134937758205893e-03
25                                    -5.9621769517353490e-03        -1.6785238916966917e-02         1.5634212415278827e-04         1.1493428373590046e-02        -1.4833891913689263e-02         1.8570190673914674e-02        -2.3504815305987518e-02        -4.8631153375650542e-02
26                                     2.0207132883437413e-02         4.0184031366779518e-02        -3.8662950078060397e-03        -2.2300574128573412e-02        -6.4854891802003760e-03         7.7666286112872554e-03        -6.6748607283789079e-03         1.0814414130550218e-01
27                                     5.8516179682317638e-03         3.9482626999220137e-03        -5.0500409498804707e-03         5.9891855193929229e-03        -6.3498587859609809e-02         7.7764803103626559e-02        -1.7476376370505590e-02         1.2398651486708611e-03
28                                    -1.7451606520133974e-03         3.6040575634573189e-03         6.3612482138909604e-03        -1.7899970393034190e-02         1.5252319148113824e-01         5.7500711014840798e-02         2.1933410236588867e-02         2.3026090160879441e-02
29                                    -6.3115537123662234e-03        -1.1697751442971875e-02        -1.9914855189675403e-03         6.0505797055517233e-03         6.8509274559615668e-02         2.8031187532620787e-02         7.4555191363243510e-03        -5.7131360902471395e-02
30                                     4.8112147966259539e-03         2.2212458354035013e-03        -2.7766150339035589e-03         2.2480144646513022e-03        -1.6816591381397336e-02         3.1477868128406930e-02        -8.0509138194241759e-03        -1.2844528670916994e-03
31                                     6.7261150035834161e-03        -1.8619569120859877e-02         1.7846963562439750e-03         1.1089248322867187e-02        -2.9400437302651680e-02        -5.1849590744096341e-03        -3.3759189980056670e-02        -2.8452143472716768e-02
32                                    -2.6852789595800636e-03         4.5268014727251282e-02        -8.5164519985953136e-03        -1.9038604028312339e-02        -1.3657240620344660e-02        -3.0308753570904971e-03        -1.3120037892703666e-02         6.5214170139281796e-02
33                                     3.7132429075271609e-03         2.7819382004387592e-03         3.2167310255351890e-03        -9.7170161000018421e-03         9.6058751957847632e-02        -1.0594665850292576e-01        -3.1526473409761738e-02        -4.3364798242468241e-04
34                                    -3.4638142005715050e-02         2.1731991675428716e-02         5.1780367603277743e-03        -5.1702508093288630e-03        -6.4914446172585183e-02         3.6739407962404859e-02        -2.9794370544341649e-02         1.5988322401535731e-02
35                                     8.9397136215165235e-02        -4.1504055604024787e-02        -2.1453302569659119e-02         2.5312063605179996e-02        -2.2489479733142886e-02         1.2587790375839104e-02        -1.5648297773556006e-02        -3.1760021009126449e-02
36                                     4.4070267162413905e-03         3.9328126084229394e-04        -1.8634424219570482e-03         2.3965035887400935e-03        -1.7705171289283055e-02         3.4411124773035984e-02        -2.1720222095300884e-04         6.4609728201013811e-04
37                                     5.4023838671694864e-02        -4.4179183857421540e-02         9.6664645538226297e-03         7.1874960785849196e-03         5.4188955580475691e-03        -1.4049253789498463e-02        -2.4074782775697155e-02         2.2379545935233600e-02
38                                    -1.0206023218386560e-01         1.0188090012669793e-01        -2.4356435254604746e-02        -1.8222798244031481e-02        -9.5871477821549492e-04        -4.7598928215546047e-03        -1.2473078642313055e-02        -4.8582989876492580e-02
39                                    -2.5310716243721436e-03         3.7968596000876683e-05         3.2739714650769189e-03        -2.0174355398661454e-03         5.1287492662284032e-03         2.8526490594247794e-03        -3.2284253048220912e-02        -1.1745711325901269e-04
40                                     5.8811045971445593e-03         3.2200241583632654e-02         4.1731977628888806e-02        -2.4025479818051941e-02        -5.4212722935538223e-03        -8.8121328756021928e-04         3.7418733511734602e-02        -1.7441397348993574e-02
41                                    -2.2042172710166324e-02        -7.5671689787223134e-02        -9.2126886030173535e-02         5.6076841433712048e-02         5.7491938332054383e-03        -1.7110005379624676e-03         1.7853312883237483e-02         3.6700971681913067e-02
42                                    -2.1983672718818219e-03        -1.9521832130848247e-03         6.7696835248456813e-04         1.5898599129836880e-04         4.5107173679619066e-03        -1.1295607272685556e-03        -3.4702411976233048e-02         8.6243876756711998e-04
43                                    -1.0652449282727270e-02        -1.0946533110632723e-02        -3.4499752883111988e-03         1.6823339847696114e-02         7.7185694800408098e-03        -3.2180284848619162e-03        -1.1301373393960925e-02         5.9250370955982623e-04
44                                     7.6693056278836136e-03         1.7261068188336229e-02         1.3272541279576869e-02        -3.9602140864592190e-02        -3.0349764594053046e-04        -1.5187258253579090e-03        -5.4931204251663021e-03        -9.3607226501953066e-04
45                                     7.1006474567199751e-04        -2.7476125996163396e-03        -2.9859711144100132e-03        -2.4149998653100503e-03         1.7382195845906294e-03        -3.6502351172749319e-03        -4.1269116226090016e-02         1.3741088721856011e-03
46                                    -2.1010129040670178e-02        -4.8275029269748249e-02        -5.3091794286158317e-02        -2.6972094008024302e-02         4.9569965004655492e-03        -2.7243511737693846e-03        -1.8373014079192541e-02         4.4208074157977778e-03
47                                     3.4342678261529605e-02         1.0254299465132448e-01         1.2411820446299618e-01         5.8250040931946585e-02         6.0745403365640204e-03        -6.0184166516747154e-04        -1.1312633393566331e-02        -8.3880246308614889e-03
48                                     2.1267753544461717e-03        -7.1882081959085515e-04        -1.0682239015966091e-03        -1.8331891354461955e-03         7.9771286022420167e-04        -5.3691807312837968e-03        -3.9816058510309303e-02         1.1464115615790436e-03
49                                     4.5275869707183064e-04        -9.3543441631598525e-03        -1.4340948425232281e-02        -1.4867187796471139e-02        -3.7332998504937008e-04         8.8930644850820667e-04         1.4475922481052813e-02         8.8943128259256034e-04
50                                    -2.8133563079671422e-03         2.0243719846154747e-02         3.2433803860004058e-02         3.2860971283786886e-02         2.4610719465805488e-03         4.6343615657776249e-04         4.7243806955017389e-03        -2.0151865189759004e-03
51                                     8.6825027764040053e-03         3.6221199860275604e-03        -1.2996084762601178e-03         2.9351480082362353e-03        -1.1872164386386858e-02        -1.2772436071316872e-02         4.3061532525913618e-02        -1.6632773214051222e-03
52                                    -3.2660784174477222e-04         1.1694055138980653e-02         1.5467351829863682e-02         2.5305347870171514e-02        -5.2201750383266115e-03        -3.2657726866571861e-03         6.7730060453408014e-02        -1.3138855372397159e-03
53                                     9.5738380860048416e-03        -2.1773509050518600e-02        -3.7533752659501082e-02        -5.2701492218645382e-02        -7.3534866174089419e-03        -2.1051078384207241e-03         3.3739135551745562e-02        -1.9011198370211260e-03
54                                    -1.9947177703998591e-04        -8.6237248300528575e-04         1.1863061105849037e-03        -3.2161510459800926e-03         4.5805253792381602e-03        -5.0868171336872960e-03        -4.6382490331091257e-02         1.2977235139198281e-03
55                                     2.2365253835674247e-02         1.8672551672264344e-02         9.6387790822644436e-03        -3.6494888620148005e-02        -3.3255276065172999e-03         2.3824975849398283e-03         8.8020496938228249e-03        -4.3578065616899650e-03
56                                    -4.9231910096699562e-02        -4.1481883854166353e-02        -2.2567987922429707e-02         8.1448078159864781e-02         6.8952315631684085e-03         7.6318206726244393e-04         1.8804657444974617e-03         1.0220336128055856e-02
57                                    -4.0054358968058994e-03        -2.8611337108580439e-03         1.8044719526515919e-03         8.5836885686899414e-05         6.6601881542779160e-03        -8.0883114083091946e-03        -3.0711815224039658e-02         1.1070307873521769e-03
58                                     1.0143426577177853e-03         1.0894130848162348e-03         1.9963860662702559e-03         1.8165762791181098e-02         3.9228120227699269e-03         1.9810178930291687e-03         2.2707145674445224e-03         5.0118494954913455e-03
59                                    -7.3259235182658814e-03        -4.4688972310186932e-03        -3.1026871536432811e-03        -4.2266903393243065e-02        -2.4682167232707715e-03         9.0417231217536874e-04        -1.9419985304049034e-04        -1.0742489481233875e-02
60                                    -9.6853633661226485e-03        -6.3403069216480135e-03         3.8823367215267534e-03        -1.8036293392522979e-03         1.2944745009446151e-02        -2.9606706993097563e-02        -3.4218862910021852e-02        -6.2413169169446884e-04
61                                    -1.2485397370948462e-02        -8.8268102392443145e-03        -5.3721891382899198e-03        -1.1115016012947034e-02         4.5454115602283775e-04         9.2994726532651794e-03        -8.2855521437527613e-03        -1.8353400601840446e-03
62                                     2.6696662861270357e-02         2.0056997959966901e-02         1.1742986755028020e-02         2.3795086814390749e-02         2.9617858290027616e-03         3.3693883183754845e-03        -3.9027818960096013e-03         6.8181223429721570e-03
63                                    -3.3846003737769454e-03        -2.2085042518436566e-03         1.6731713699821502e-03         3.4178512204550786e-03         5.2686909414921494e-03        -4.2945987260045058e-03        -2.3716782901086926e-02         1.3674308326684106e-03
64                                    -8.6637910461136360e-03        -1.5378887029714801e-03         9.2894293546483438e-03         7.7680031079213424e-02         1.3313774462659368e-02        -4.0382929023668477e-03        -2.0514381915088170e-02         1.1769090958658177e-02
65                                     4.4312871657498538e-03        -3.6164365466786154e-03        -1.5607678046225782e-02        -1.7755690702905585e-01        -1.1553057693315270e-02        -1.5243832254000175e-03        -9.0702665298884651e-03        -2.5948728865072435e-02
66                                    -8.0043051686916247e-04         6.4484252934716524e-04        -2.2069880922071538e-03        -5.5025843362518478e-04        -4.7585873653891494e-03         8.3296387990690005e-03         3.3651642845978970e-02        -2.0863783660293527e-04
67                                    -1.4449831758555990e-02        -2.7474817630005990e-02        -1.7626998640399009e-02        -2.8938861170943866e-02        -1.1028622535555265e-02         1.9190515481117268e-03         7.0344840501799580e-02        -1.4299161039509626e-02
68                                     2.8967266296022174e-02         6.6823430602092920e-02         3.8080571384544473e-02         7.0262759840525241e-02         2.7207635165968241e-03         7.6905555816035576e-04         3.2479936791539349e-02         2.9372500177914769e-02
69                                    -5.8289993261320680e-03         2.2444069167473534e-03        -1.9615637603454398e-03         7.1869866123822936e-04        -3.3378148815197983e-03         4.2611443365453770e-02         5.5315267804693386e-03        -1.8986859953450967e-03
70                                    -6.3731716312967493e-02         8.4178253049541393e-02        -5.7267646275624536e-02         1.5406739932471052e-03         5.4014666671798103e-03         2.3646046613752171e-02        -2.5624119078596803e-02         3.0702537203758224e-02
71                                     1.5876661673338097e-01        -1.7951902524710522e-01         1.2095727809831086e-01        -5.3771647107408987e-03        -2.3069492617613435e-03         1.3023043085174955e-02        -1.2969872053760033e-02        -6.5234556875557181e-02
72                                    -1.1195615054556801e-02        -4.9030045159758728e-04         2.9335723385921822e-03         5.3865412319887051e-03        -5.8485649215051151e-02        -2.1828805411731753e-01         7.8901491354412767e-02         9.2553023487996558e-03
73                                     4.0349670844275584e-02         2.6667356924428547e-02        -8.5792152222314254e-03        -1.3743940748497465e-02        -4.2238328094789869e-02        -6.2110513941750961e-02        -1.3023139760673453e-02         2.5252221008147807e-01
74                                    -8.6336661128973008e-02        -5.6383725069980788e-02         1.7291447517674523e-02         3.9856926800677137e-02        -3.0892775062933978e-02        -4.1926749274453390e-02        -9.6917108398575317e-03        -5.5279027572437700e-01
75                                     1.5070818636254863e-02         8.4219249178736789e-03        -1.3774534768294372e-02         2.1607506810002466e-02        -2.4767541420194977e-01         5.4488064842843527e-02        -6.1303783711096807e-02         4.5518594080099610e-03
76                                     6.1727965384403075e-02         4.7891204862284202e-02        -4.4277301082550548e-02        -1.2649670281040580e-02         1.6988098583483932e-01         5.4466726956228340e-02         2.4558390861368018e-02         3.6181147093791118e-02
77                                    -1.4706225631045522e-01        -1.0973286917583593e-01         1.1062820028164108e-01        -7.6116122095529620e-03         5.4722496340022783e-02         3.6057161468955691e-02         6.3577968248895427e-03        -8.6415436317088493e-02
78                                     5.4182985527311154e-03         3.8710922500249127e-03         4.9126796406356492e-03        -1.6595170180864906e-02         1.6953857879485343e-01        -1.8792486371933842e-01        -4.3756344835175189e-02        -1.4809775218603892e-03
79                                     2.2107515310444556e-01         1.7884166283552796e-01        -2.2598498428513183e-01         4.4192252724380543e-02         3.8891601847721030e-02        -6.7053179843933983e-02        -4.8893172762738829e-02        -9.4685189460369926e-02
80                                    -4.7456693235050113e-01        -3.8750972506673714e-01         4.9773211403692724e-01        -1.0483077775111672e-01        -3.7236962045963329e-02         7.6431157316436552e-04        -1.0614527931757448e-02         2.1145909394282514e-01
81                                     7.5713831704196499e-03        -5.8166359378863316e-05        -1.8330766848091882e-03         2.2153089694526107e-03        -1.6246660280827892e-02         4.7030956276132629e-02        -5.0512964446139147e-04         1.7183102008077760e-03
82                                     9.0180857964789127e-02        -6.9706223920614652e-02         3.0977274421946283e-02         6.2438284834810860e-04         4.8784258409228336e-03        -1.6792188041962477e-03        -2.3300110003750475e-02         5.7275386245312830e-02
83                                    -1.7582023148451470e-01         1.5936486035082556e-01        -7.3246506125921929e-02        -3.3633506705370484e-03        -7.0208513206994401e-05         2.0000857801262010e-03        -1.5925713123618398e-02        -1.2548598552868900e-01
84                                     3.5807131966447310e-03        -2.2125582940329945e-03        -5.1965648341367986e-03        -3.8686409953093506e-03        -1.7586610188579520e-03        -2.3669629682505290e-03        -3.3519043062770162e-02         1.4706695615013074e-03
85                                    -3.3135621488169030e-02        -6.4490828250926099e-02        -6.9541996251036270e-02        -5.3710416729600252e-02         4.3715076788009939e-03        -3.1913265680543011e-03        -2.1235099580554639e-02         2.1244761328490409e-03
86                                     5.7720179595789699e-02         1.3755400083964037e-01         1.6273440817442619e-01         1.1861858055939144e-01         1.1397399346372603e-02        -6.9323993366954056e-04        -1.3747964962005695e-02        -3.4229155732075941e-03
87                                     7.9332579301592994e-03         4.2074891817157380e-03         4.5428796717287829e-04         1.8819285041518116e-03        -8.9193219193301528e-03        -1.0991840409592290e-02         2.2440596746475992e-02        -1.1334752890012441e-03
88                                     2.1203084540496502e-02         4.5398350638454661e-02         4.6180100763653892e-02         2.7405530285099369e-02        -1.8189744310150757e-02        -1.0926428381354696e-02         1.5553944626990437e-01        -7.2348776391098282e-03
89                                    -2.3473978953511766e-02        -8.8955402877679599e-02        -1.0944461973816322e-01        -4.7074769315597925e-02        -9.4878773710374703e-03        -4.1515745354863270e-03         5.2167369082707971e-02         4.3720314924955801e-03
90                                     2.2661450623364171e-04         2.7336048205239859e-04         2.4699405359227141e-03        -5.2743955924295406e-03         4.6155195868380358e-03        -5.0472517727590312e-03        -4.5758945988103997e-02         7.2095691995808196e-04
91                                     3.8322858529173796e-02         4.3563691520326325e-02         3.1810734083334145e-02        -7.7631206464830071e-02        -9.0191791184186902e-03         2.3564963679002572e-03        -1.0265834136935260e-03        -1.5343706591007337e-02
92                                    -7.8351054806410372e-02        -9.4891423873568290e-02        -7.4659881556534996e-02         1.7259137419237877e-01         1.4337939259017102e-02        -7.1459175412345492e-05         3.0575118786190506e-04         3.5179526838971742e-02
93                                    -1.3071792576149056e-02        -8.4473553887989567e-03         5.6180958032915097e-03        -1.9794621378377989e-03         1.9301480510360080e-02        -4.5424183617402768e-02        -6.3049299907412149e-02        -6.3629922295472120e-04
94                                    -1.0237531394597712e-02        -9.2186206331317695e-03        -5.7925024212238324e-03        -5.3377764992394950e-03         4.1581682727858671e-03        -8.2600783491592429e-04        -1.4782103771280638e-02         2.2273266725324286e-03
95                                     1.5441040877752339e-02         1.7329343992073122e-02         1.5804546906798868e-02         1.0293908734493765e-02         3.0048529339083609e-03        -1.7476492480345228e-03        -8.1823354933086411e-03        -3.7978124848003663e-03
                                                        24                          25                          26                          27                          28                          29                          30                          31

0                                     -6.9310451625792954e-02        -1.9965789197318607e-03        -1.7255028952469397e-02        -2.2939136212032254e-03        -3.8726864790685334e-06         2.6189473055541854e-02         8.0869353531859589e-02        -4.5442052646730173e-02
1                                      4.2015940672829766e-02         2.5715384846917272e-03         6.1927786093013498e-02         3.0585205903271000e-03        -8.2251953079598677e-04         7.8657945247612604e-02         4.2603275675553734e-02         7.4934943081206408e-03
2                                      1.6619054908560801e-02        -4.7727692175074821e-03         2.6974757820589199e-02         7.0938746558547904e-04         1.8177031615317627e-03         3.5090490738654896e-02         2.0413823405781680e-02         2.4688154827501633e-03
3                                     -4.4796166817561232e-02        -4.3523074752674828e-04        -4.4493809986937190e-03         2.7597704786482585e-03         9.8205747774044046e-05         4.5781122829260522e-02        -6.0630334417726825e-03         1.4640113820820290e-02
4                                      3.9464796525193295e-02        -2.7880838936301818e-03         5.0800114538723601e-02         4.8994663477062181e-04         1.4927905919578895e-03         5.9705476745510980e-02         6.5802746077711957e-02        -1.0816201835251700e-02
5                                      1.7154081519081054e-02         5.7743800971999685e-03         2.1887911230475472e-02         3.2790648511720464e-04        -3.4187974729925764e-03         2.7612235002887470e-02         2.9013690333933549e-02        -5.0475553049445718e-03
6                                     -4.3219243132162327e-02        -4.6039371776125171e-04        -4.1273473333505346e-03         3.7474682262591784e-03         1.1871307095186766e-04         7.3067330491611904e-02        -8.8622143286347776e-03         2.5513280700953697e-02
7                                      1.9088057534494211e-02        -8.6942906628540706e-03         6.4464614835226572e-02        -1.3042188725519838e-03         2.9950424474466950e-03        -3.9287326806926794e-02        -7.5115525550209826e-03        -5.3111012299033762e-03
8                                      8.2566536687710534e-03         1.9306467106332992e-02         2.7702306268153315e-02        -7.4805741476686224e-04        -6.6043960324547717e-03        -1.5021179825751473e-02        -2.2726887394723980e-03        -2.4359165257907150e-03
9                                     -1.6517559908132206e-02        -9.0647984185212522e-06         1.5077905792812225e-02         3.0476613593644862e-03        -2.0499710391206518e-04         7.8643524598824427e-02        -2.2487650405485816e-03         1.5000092812791923e-03
10                                     1.1503742285697756e-02         6.4638596108762773e-03         5.0653119585207740e-02        -1.2691676149228966e-04        -3.0470126350508765e-03        -5.0405177771731098e-02        -3.1001754255509779e-02         1.3518803180360937e-02
11                                     4.7519207462759332e-03        -1.4371126144127510e-02         2.2819820130516887e-02        -2.2633219192035332e-03         7.1147669573203808e-03        -2.0637521926947001e-02        -1.3815136375945605e-02         6.6763223877698320e-03
12                                    -4.2842960215195205e-03         5.6190863241176192e-04         1.5232945543435541e-02         1.7696103307318688e-03        -4.1090426927807653e-04         5.3711801002802845e-02        -1.2657075129395351e-02        -7.8217853003541542e-03
13                                    -2.3605521265755531e-03         2.0907233681206183e-02         8.0480909378681364e-03         2.0374126507723586e-04        -6.3391342003041732e-03        -2.4745103315507297e-03        -8.2258046415536398e-03         8.6269201522178984e-02
14                                    -1.6986272499890237e-03        -4.6479800364414389e-02         4.4485133539564018e-03        -1.0527041413806136e-04         1.4532009193717764e-02        -7.5615894832754544e-04        -4.8289245844747516e-03         3.9836737574894449e-02
15                                     4.8203151029816340e-03         1.6859757369493770e-04        -1.8616646975021527e-03         4.2131505769333130e-04        -1.4843511667973246e-04         2.8880062687734988e-02        -5.2924772904076860e-03         1.4090057092771190e-02
16                                     2.9769240864077440e-03         1.3126158696649600e-02        -1.2867035788000660e-02        -1.1202531669652028e-03         3.9617541569853546e-04        -1.8934524660387045e-02         5.3432092967307674e-03         7.7299559958903891e-02
17                                     9.0062536018693741e-04        -2.8522601743813061e-02        -5.1179967825123610e-03         8.9817229803373054e-04        -2.5767033526702984e-04        -8.7868432743524894e-03         1.9200040577499315e-03         3.4723224324402641e-02
18                                     1.0305622261584119e-02        -1.2078630596254357e-03         6.8150205186731338e-05        -3.4591343822392757e-04         2.4561999672985830e-04         1.0742084185570941e-02        -8.3480288845116154e-03         6.6395018592275215e-02
19                                     2.6431404694568128e-03        -2.0794483467463487e-02        -2.0662736645600300e-02        -4.6263159101891059e-04         1.0022368682378050e-02        -1.8295372156021554e-02         1.9173948822635532e-02        -5.3228678054794858e-02
20                                     1.5889076000718497e-03         4.7995558243594222e-02        -9.4115990178328147e-03        -4.9158845991558223e-04        -2.1629964962474435e-02        -8.3451936564591274e-03         7.7427259572253031e-03        -2.3053411656203067e-02
21                                     3.6222586936208402e-03        -1.4943716664594488e-03         1.7651813628132593e-02        -6.6874502712263334e-04         2.2815149448113418e-05        -2.6912913929203874e-03        -1.8136481736510814e-02         1.0378809749596007e-01
22                                    -6.3520574924636379e-03         2.8048106222396504e-02        -6.0466528547436105e-03        -6.8688061368874106e-04        -3.5058984511530398e-03        -4.0303578097689564e-02         1.8901997994389384e-02        -6.0582086808640766e-02
23                                    -2.3287061915643363e-03        -6.5539152371663453e-02        -2.3536165205388041e-03        -7.8233355648855757e-04         8.9498284501475459e-03        -1.8419523760278902e-02         8.3749842731428506e-03        -2.6217045918026181e-02
24                                     2.0399847807461409e-02        -2.8996961167898790e-04        -1.8637696251329407e-02        -2.0432082776224510e-03         4.5865864257498630e-04        -4.8062990141582933e-02         1.6025607635201305e-02        -1.0001029663649026e-02
25                                     2.7398382615550112e-03        -4.4825806856594236e-02        -1.4061828918196328e-02         4.0583743288941251e-04         1.0527536087756638e-02         2.7907267692925848e-03         7.4873195709906758e-03        -3.7739581083918491e-02
26                                     2.3066091552425769e-03         1.0035167229153358e-01        -7.5096571330530897e-03        -1.2650887337300615e-03        -2.3119192288600553e-02         9.1552103073369215e-04         3.8685504551008061e-03        -1.6658173052977721e-02
27                                     2.0356040459246140e-02         1.8113941392289721e-03        -2.7343775119125596e-02        -2.2686861471100726e-03        -4.5657140305671844e-04        -5.3157237500889395e-02         2.4307001885643997e-02        -2.3425365310115302e-02
28                                     1.2884372352342211e-02         1.5116919142524242e-02         8.6009120157265126e-04        -8.8469730443897397e-04        -3.1379831005705391e-02        -2.3453376619378657e-02         3.7880835872372200e-03        -2.2062881398835787e-02
29                                     5.8145371941555526e-03        -3.0762816225978512e-02         1.1391039512830431e-04        -7.3138455623579046e-04         6.7169336216102729e-02        -1.1421565017772152e-02         2.1320083202944796e-03        -1.0794156603750204e-02
30                                     1.0905331512786333e-02        -8.4885626915929283e-05        -7.2326296625224501e-03        -8.6849099194579794e-04         1.4181076855622360e-04        -1.7471585939122933e-02         2.5625058969679137e-04        -2.2458730909015619e-02
31                                    -4.9664646367493038e-03        -2.3969073359868587e-02        -5.8268684163958646e-03         1.3041675841700701e-03         7.8540998481264456e-03         4.8518915525945637e-02        -1.3781185757881858e-02        -1.3806822761385154e-02
32                                    -1.4201428782410982e-03         5.3797376827145763e-02        -3.3947170855863724e-03         3.9387034803236432e-04        -1.7283825742695214e-02         2.1998819848861012e-02        -5.0926599087676412e-03        -6.7952350011229682e-03
33                                    -8.6334300512550775e-03        -3.8231215139524062e-05        -2.0441644937075464e-02         2.8811377659135681e-04        -6.1851226742086561e-04         1.3435061295625795e-02         5.7344538698667000e-03        -4.6697133500147793e-02
34                                     1.3134592720498120e-03         1.0059320399003516e-02        -4.7345115352741005e-03         9.5970973586698963e-04        -1.6409244065218244e-03         5.2319370246982383e-02        -1.9471383852679325e-02        -1.2923093310909172e-02
35                                    -2.5545199617766880e-04        -1.9951294236014699e-02        -2.2938706751781538e-03         7.8432142341379105e-04         2.8627552375000572e-03         2.4161585270986320e-02        -9.0897561190568313e-03        -6.6558526823725719e-03
36                                     9.9162796426132578e-03         1.2631492153235707e-03         8.8688949561457496e-04        -4.0102792175494920e-04        -2.1239921420930611e-04        -5.5453130841232193e-03        -6.2689177580739367e-03        -4.4670661328366133e-02
37                                    -5.9500651756396973e-03         1.1421648276400586e-02         3.4762904274619867e-03         8.3720436941594144e-05        -1.4295006248301143e-03         1.7958901427582954e-02        -1.2645487604752663e-02         9.0197752044928234e-02
38                                    -2.3470401234586442e-03        -2.5787628150417675e-02         1.6478161251203742e-03         1.6590856404375359e-03         3.5103603311230028e-03         7.9369241794279236e-03        -5.3584076828346603e-03         4.0037057951432878e-02
39                                    -1.2604103451329425e-02        -4.3929746933857197e-04         2.2983938683256176e-02         3.3752315209769480e-03         1.2881832412118348e-04         3.3783865038415371e-02        -3.7817506936601755e-02        -3.5641751932162881e-02
40                                     1.4694334793639517e-02        -9.5463048011022074e-03         5.2186796363562958e-02        -5.4899076260173096e-04         2.3445823765832420e-03        -7.0175266597139366e-02        -6.9984048353466902e-02        -1.9156790933536869e-02
41                                     6.3054758493539297e-03         2.1834797693526010e-02         2.3776232595960803e-02         1.0826107436911264e-03        -4.9805596552843587e-03        -3.0288313396998012e-02        -3.1845186318719541e-02        -9.5588555833767113e-03
42                                    -1.0336989736827099e-02         2.4608130665043881e-04         2.8426157088461836e-02         2.5443011676656827e-03         5.4680806112611617e-05         1.1577576419936595e-02        -3.7486762817847526e-02        -2.8646887325983746e-02
43                                     4.8755112983049111e-03        -8.1715557350395002e-04         4.5018182545954119e-03        -1.3843851798892792e-03         2.8115477383360514e-04        -4.9391677545056944e-03         2.7508606625238426e-03        -1.6172948226644557e-02
44                                     2.0243863667095434e-03         1.7557179306244976e-03         2.6903413754602486e-03         6.3247498991951603e-03        -5.5837684602207084e-04        -2.0473204215306308e-03         2.8962359840042630e-04        -7.8223647178325660e-03
45                                    -2.1534062985334345e-02         7.3804299510437288e-04         4.3758666834761442e-02        -5.7203970806898901e-05         4.7700241850432619e-05        -3.7344806382271917e-02         6.1358843852692781e-02         8.8496753957141017e-03
46                                    -2.3885431931784811e-02         2.2165020992347992e-03        -1.1951153394028118e-02         1.0661498336625476e-02        -1.8542957532683517e-04        -2.6435799995299998e-02         7.1196224582896289e-02         1.2597842874270989e-02
47                                    -1.3094939602030739e-02        -5.0121351507595949e-03        -3.6967789534080937e-03        -2.4955022387608598e-02         4.8744002707972167e-04        -1.2008907653743654e-02         3.2405103855962264e-02         5.8132784275527110e-03
48                                    -1.3818414467094368e-02         8.1583034742275390e-04         6.3414707871145559e-02        -1.5510232777296168e-03         7.8692056864967133e-05        -5.3056146126464726e-02         6.8237182438208727e-02         1.1046964976777327e-02
49                                    -3.8586785907071666e-02         1.1567147436334960e-04        -6.4178382328051731e-02        -4.6909741403507905e-03        -1.4962447072133163e-04        -1.6427200729306961e-02         4.4238531714016364e-02         3.0375479330599271e-02
50                                    -1.7602768094856169e-02        -1.5591788813864853e-03        -2.6856928237123406e-02         4.3058608810789666e-03         2.0374281115900097e-04        -8.7721075762313989e-03         2.1729097791431808e-02         1.3594576439819549e-02
51                                     1.1873770936629037e-01         1.8538324599392820e-04         6.3979566834403173e-02        -4.3875710449781018e-03        -3.3571943763286733e-05         2.2647695506839937e-04        -2.5358863278866776e-02        -1.9619158763376252e-02
52                                     3.6745632633731262e-02        -1.2207384088428325e-03        -8.4063301436272775e-02        -3.0536496718487561e-02        -5.0524201695152161e-04         2.3903452400904569e-02        -1.0150882498621710e-02         2.1009212975455983e-02
53                                     2.2595039007935920e-02         2.4105334105782212e-05        -3.7873583187289048e-02         5.8339831870644149e-02         7.6863381148764825e-04         9.0647488167423448e-03        -3.8133480709810407e-03         9.2321926666912094e-03
54                                    -5.6705797086368373e-02         6.9427498318949861e-04         2.1660738552142667e-02         1.2227602775235205e-03         1.3513078939776158e-04        -7.2078152300888751e-02         3.2700531372755588e-02         3.7153067231458350e-02
55                                    -3.4047203943758236e-02        -2.3281125726775116e-03        -3.5251755051718611e-02        -8.8575990861344996e-03         3.1615886492509355e-04        -1.0267003718527269e-02         3.2271692638210676e-02         9.0245371550846769e-03
56                                    -1.6995771033950492e-02         4.3294127933833663e-03        -1.5123618829707535e-02         1.4358740342112604e-02        -8.1578799735954250e-04        -6.9283111908722741e-03         1.6097658986598307e-02         4.8327837868576340e-03
57                                    -2.8974549860691059e-02         5.3329868517084723e-04        -2.1332541957421694e-02         3.3301971224653066e-03         1.7787530346291139e-05        -2.9112444173257746e-02        -6.8770203168509028e-02         4.3111127499993254e-03
58                                    -3.2178454385288692e-02         2.4516803707614505e-03        -3.7900576941562257e-02         3.9098080366952561e-03        -9.4853681221067181e-04         7.9598562714370026e-03        -3.7505828159459707e-02        -2.0503175469497512e-02
59                                    -1.5481002810479009e-02        -6.5099076913408176e-03        -1.6476080313845690e-02        -7.2114484936268135e-03         2.0822522630695012e-03         2.8129455292549813e-03        -1.8278021078918408e-02        -8.6827675322247513e-03
60                                     1.0195736064992968e-01        -3.2775423272345615e-04        -1.2008115989840469e-01        -6.8673217454583825e-03        -8.3391810890615277e-05        -2.4558590500226990e-02        -2.4184759873686688e-03         7.7778482897351564e-03
61                                    -8.1899993758186657e-02        -1.4137226600056121e-03        -6.4686538395179747e-03         4.3084877083598280e-03         4.9006762534643605e-04         4.3910138737188334e-03        -8.5153381286737342e-02        -2.5316092036518856e-02
62                                    -3.3846502539502367e-02         3.1979941700495816e-03        -5.8243526097064456e-03         3.3432568012417624e-03        -1.0012754891351853e-03         1.3675151551411303e-03        -3.7674251072607828e-02        -1.1157660017892486e-02
63                                    -3.1799873416900819e-02         6.2764834868039724e-04        -1.2683310635888338e-02         3.5429537841475118e-03        -1.3952257473937347e-05        -9.7798580287636588e-03        -7.0947507518465888e-02         1.4508318151366909e-03
64                                     2.0393768764909465e-02         5.2360694047401896e-03         1.0303450612720363e-02         1.7794830562514253e-03        -1.2730204236993919e-03         2.2340453888071755e-02         1.9424214772895385e-02        -2.0145522972067783e-02
65                                     9.0574799311198360e-03        -1.2028671025691492e-02         4.5832538612568243e-03        -2.1673008868365712e-03         2.8756149973935838e-03         9.8301746611960047e-03         6.1122835597311603e-03        -8.6587495024115814e-03
66                                    -5.6726536837672509e-02         1.1316541662780781e-03        -6.4910665163051976e-03         3.5241631094825180e-03         8.6508259171140677e-05         5.5322439194195206e-03        -7.3140963230372127e-02         3.9223193675301755e-02
67                                     9.3320383257210916e-03        -7.0422878072798111e-03         6.3199245939768139e-02        -1.7262459376363585e-03         1.3211435544353228e-03        -8.8814074893166242e-02        -5.2975344113562660e-02         4.0320150125892238e-03
68                                     2.4649857249331177e-03         1.8721477624773608e-02         2.8343597737477074e-02        -2.4256230621514082e-04        -2.6797220439354038e-03        -3.9316456405572707e-02        -2.6246523067670981e-02         3.4901154206718049e-03
69                                     8.4628218848700597e-03         5.5418178007912641e-03        -2.1953891971569061e-02        -3.3257225593807098e-04        -4.9119648179172983e-04         6.3975353174987289e-03         8.6252308402195946e-03        -7.7141470369673185e-02
70                                     1.3899138900162619e-03         5.0870052043969438e-02        -8.3833198022786933e-03        -1.4077231543227304e-03         2.1153099009201697e-03        -1.4488199171349272e-02         8.1469112769799214e-04         9.5846826832788223e-02
71                                     5.9775974194891063e-04        -1.1412262151644466e-01        -3.8242525405895135e-03         2.0596746307120681e-03        -3.7766625687548380e-03        -6.0492441028763520e-03         3.6988307317775372e-03         4.1718493712800508e-02
72                                    -4.3072734223057246e-03        -1.4141664506745616e-02         3.6087735241814224e-02        -1.3814399012448768e-03         1.3164236587933132e-03        -3.8424511738667538e-02        -2.0737028118917044e-02         1.1910111804102483e-01
73                                    -6.9197141681194248e-04        -3.0054304253047937e-01        -1.2514390796159064e-02        -8.5333566896351901e-05         2.7675154541202753e-02        -2.9547766834345578e-02         2.0318258309527958e-02        -7.1125944149600218e-02
74                                    -7.5332141002390947e-03         6.6082742750208068e-01        -5.6532998065295034e-03        -1.4500168982524580e-03        -6.0062064010461019e-02        -1.0373325617255123e-02         8.8516662476055795e-03        -2.3353506411354471e-02
75                                     1.2156402092025623e-02         3.3528131487784662e-03        -4.2880418916716345e-02        -1.4588570125613114e-03         1.2814604226956893e-02        -1.9292542642950963e-02         2.5221667774253206e-02        -2.2523081420974575e-02
76                                     1.3128520084662929e-02         7.4870459881510226e-02         8.4742000335449256e-04        -6.1424781450798152e-03         3.7557710900680280e-01        -2.4324651386349660e-02         3.8943115857549568e-03        -2.2918669912917064e-02
77                                     6.3639704779015907e-03        -1.6231759229783216e-01         1.2056232374607003e-03         1.0699620038312443e-02        -8.2950526030680094e-01        -1.4676373208764181e-02         2.3140827870200410e-03        -1.0299920799257433e-02
78                                    -1.9583887643519312e-02        -7.0945823696683770e-04        -2.9846562223622468e-02         8.1679529387232940e-04        -1.7495806692775079e-03         2.5053075335190411e-02         1.3568314850601429e-02        -7.0555860426604569e-02
79                                    -1.2626171019466455e-02        -3.7546657033703600e-02        -1.5269654224318389e-02         3.0001014750769164e-03        -8.7462186293064209e-02         6.6777747576593133e-02        -1.1251385599695924e-02        -4.0328562908337182e-02
80                                    -1.7242389525015656e-03         8.4073011505725381e-02        -7.0357067024199955e-03        -2.1197067730774960e-03         1.9034560989465554e-01         2.9709943255473055e-02        -5.4951219387088177e-03        -1.8340436552254417e-02
81                                     1.6300628238857893e-02         2.4264017082624395e-03        -1.7768478768005870e-03        -1.6312228796437117e-03        -5.0717299585216502e-04        -5.0614912034511392e-02        -3.0568651731547386e-03        -9.4724783360448442e-03
82                                     4.5469978337548409e-04         3.8361170051453786e-02         2.3641820720084287e-05        -1.5637680918394149e-03        -1.4043226322331799e-02        -2.4276561895239020e-02        -8.8778864231402119e-03         1.2483056086654250e-01
83                                     3.5562378926608869e-04        -8.4262891726892095e-02         4.3732447964687436e-04         2.0910165973375117e-03         3.1531564402419048e-02        -1.1352718562538411e-02        -4.0235181565824443e-03         5.6281564900686462e-02
84                                    -6.2292154179537366e-02         7.0499972086054930e-04         1.0478282140018431e-02        -1.4457101870233423e-03         5.8959593499763498e-05        -8.3194165466712461e-02         1.2016612635171874e-01         5.9231957514975869e-02
85                                    -6.5520802695746483e-03         1.7050148868543182e-03         3.7847313491870560e-04         4.3673189297205324e-02         2.0669880800107298e-04        -7.4406524838618298e-03         4.7517964053355961e-02        -8.5988715618263659e-03
86                                    -8.9528168700592180e-03        -3.8753211988664820e-03         2.6334199935565050e-03        -9.5931664304586675e-02        -3.8965760368840538e-04        -2.3689887423964436e-03         2.1074461625288310e-02        -2.5069560269412091e-03
87                                     8.6738780338570118e-02         3.1773649219365421e-04         6.6038970996921215e-02         1.3468708825867965e-02         2.3349961026525716e-04        -1.4373688025244679e-02        -1.7167545237761340e-03        -1.2958812408465291e-02
88                                     1.7779044745522268e-01        -2.1811743270588489e-03        -9.9660645594690594e-02         3.8310591954554574e-01         4.9708123004901222e-03         6.8008171103037654e-02        -9.0995444372513848e-02        -4.8606676263573496e-03
89                                     4.7935381014114757e-02         6.8903451956591573e-04        -1.8075111564790261e-02        -8.6021667730970541e-01        -1.1656414117971534e-02         5.6740171744223279e-02        -6.5838923558390786e-02        -6.2440757354013067e-03
90                                    -5.8374539476990270e-02         3.6551629003134890e-04         1.7422473798951378e-02         3.3744935581983326e-04         2.0756899116286255e-04        -7.0011748767538157e-02         1.8693194100630871e-02         3.5645243912314779e-02
91                                    -2.0995965340105095e-02        -8.2145147121897057e-03         1.2036563675340091e-02        -4.2311822943930509e-02         1.6858002029186165e-03        -3.2268999557764563e-02         1.4701601700544009e-01         1.8108230383030766e-02
92                                    -7.6480990077153251e-03         1.8104830078415388e-02         2.6384089268859353e-03         7.6185016315160198e-02        -3.9000961126533125e-03        -1.7347455397232720e-02         6.5879814005416870e-02         8.4169472211636752e-03
93                                     2.0083478789738632e-01        -1.6330025792993106e-04        -1.5773260895817964e-01        -1.2358520961328957e-02        -2.3614969077980966e-04        -1.0482823783895444e-02         5.7304005752525838e-02         2.9822903495526250e-02
94                                    -1.2932096529476305e-02         1.2338509145268593e-03        -3.2941224634083034e-02        -9.8952081622607720e-04        -6.3910836372435423e-04         2.0108639450715480e-02        -3.0253698487088490e-02        -1.1420062513779063e-02
95                                     8.8260152610245414e-04        -3.2417989657296791e-03        -1.9122658496795838e-02         3.3663538311042400e-03         1.3490913007574818e-03         8.7128268612362333e-03        -1.1309567309054235e-02        -3.7052109893192212e-03
                                                        32                          33                          34                          35                          36                          37                          38                          39

0                                      8.3197399086688030e-03        -4.2193943747959869e-04         6.9457871088607306e-02         1.7921839295854598e-03        -8.7563081405023797e-03         2.3039023697181668e-04        -3.3576294459789983e-02        -3.4138391903127925e-03
1                                     -6.3241514644934896e-02         8.4778113498340888e-03        -3.3351171800523646e-02        -1.6807149182715231e-03         3.9359826935936690e-02        -3.0869845233531959e-03        -1.5295900514450395e-02         7.1590486610077428e-03
2                                     -2.7853869444891575e-02        -1.8463349403023216e-02        -1.3577310580543428e-02         2.0887242148893595e-03         1.7675607412911739e-02         6.3028683084667466e-03        -5.6018764386174024e-03        -1.8254104414553825e-02
3                                     -5.9438212719037258e-02        -3.9359317747921451e-04        -6.1583839485463962e-02        -1.5434895116224125e-03         2.4307414110610985e-02        -1.4831400204625596e-04        -1.0327395038095944e-02        -1.8188061939274495e-03
4                                     -2.6720957300340891e-02        -2.1206366441776519e-02         1.5735472954728710e-02         4.1249891853609444e-03         2.1607833631388903e-02         7.3886660367910150e-03        -1.1979907686781841e-02        -3.0006225650399929e-02
5                                     -1.2950345514808850e-02         4.7439217864243780e-02         6.8395306481308579e-03        -7.5884562599629040e-03         7.9617662707432927e-03        -1.6457887078563428e-02        -1.2718138392165658e-02         6.4731878934270709e-02
6                                     -6.9308887324863760e-02        -4.8033005297072449e-04        -6.1682227258177132e-02        -1.3833296106793322e-03         2.5933966484689264e-02        -2.1255766771121538e-04         1.4413801514582209e-02         2.1921746018217134e-03
7                                      3.3475670331946775e-02        -2.1578779015143022e-02         5.6606251376970593e-03         6.9934397291845181e-04         1.0920729870838584e-02         4.9002519277519347e-03         2.5204487736300692e-02         6.4095425242751526e-03
8                                      1.3669208744060522e-02         4.9142431722600702e-02         2.3546061912700120e-03        -1.0037183079242499e-03         5.0596234966333222e-03        -1.1019036707525848e-02         1.1930848116647835e-02        -6.4578376885054082e-03
9                                     -1.9962052049104983e-03         2.2815899836063735e-03         9.6902977663937354e-03         6.3630723845895095e-04        -1.5093621752490672e-02         5.0628530951960361e-04         7.9494042884381444e-02         7.9713868513394438e-03
10                                     1.8845320920927413e-02         5.4237750918427453e-02        -2.6687400108714284e-02         2.8643805812744350e-03         2.2303734674537126e-02         2.7106540902822828e-03         1.6374760182872990e-02         4.8952200686190432e-03
11                                     7.5600617658777977e-03        -1.2133133068887311e-01        -1.1398523710833211e-02        -8.7213110578068000e-03         8.0277771321482332e-03        -6.9267636625412994e-03         9.0387953758905796e-03        -4.6266343178863857e-03
12                                     3.8975074733840896e-02         2.1537101736247635e-03        -9.1666601429679206e-03         1.0297339932023255e-05        -1.1654670222152295e-02        -7.6391878440789371e-04         4.6427827334034978e-02         4.7840103281491667e-03
13                                    -2.3987891534510215e-02         6.0607370709153160e-02         2.8726869004823217e-02         2.7758854722440274e-03         2.2880808504775838e-02        -2.0963000675899061e-02         3.4856825558586109e-02         7.3685675438381485e-03
14                                    -1.1096794005117525e-02        -1.3345535802785641e-01         1.1470164129692768e-02        -4.3998428402377008e-03         9.3435015226198889e-03         4.7167192729880701e-02         1.8033577783981746e-02        -6.4225672147610957e-03
15                                     2.3448052862701924e-02        -2.2625802042942122e-04         1.0908218535451273e-02         5.8424258807797337e-04        -7.2206069656071334e-02        -3.7985857175277588e-04        -1.7813117280886349e-02        -2.8937403888663945e-03
16                                    -5.7685379391037933e-02        -3.4599480937084481e-02         5.2574628335171347e-02         8.3299699425347217e-03        -4.7840027754328836e-02         4.0073300093640277e-03         6.1568094720333049e-03        -1.2397780794331823e-02
17                                    -2.5272465133522989e-02         7.8989374495936168e-02         2.3713591719669296e-02        -1.5049215812151477e-02        -2.1694387813544849e-02        -8.8282115057903756e-03        -1.7776506705985805e-03         2.6756273294142045e-02
18                                     1.8821258400312298e-02         6.0264374646914305e-04         2.6814431647462490e-02        -1.7357329055230812e-03        -5.5793302736199243e-02         1.0131272579586445e-05        -3.6336295737678881e-02        -2.9839376380076540e-03
19                                    -4.2016368989343966e-02        -5.6769987012562952e-03         8.0392740653619683e-03        -7.5189238263964536e-02        -5.0112439894944752e-02         9.8489603365368855e-03        -4.2455682885049629e-03         4.0675875596750240e-02
20                                    -1.9064953071411542e-02         1.4076135325746954e-02        -1.5902675173471983e-03         1.6619969442225405e-01        -2.2972282884978126e-02        -2.2257963499043722e-02         1.2159531681366680e-02        -9.0364812889146773e-02
21                                     3.0657553242590507e-02         1.2931652220318169e-04         1.9243244869369520e-02         9.3893545856809095e-04         1.2131311945820211e-02        -5.1602623506475140e-05        -3.6298670761245752e-02        -3.9496294162732351e-03
22                                    -6.1116196171411369e-02         6.1795164385069611e-03        -1.0900502446777078e-02         1.7026287190982863e-02         2.1151895820033580e-02        -2.9429718686845002e-03         4.3102352746797960e-02        -3.3093710096994524e-03
23                                    -2.7275721715775764e-02        -1.4733176979921603e-02        -3.6510343404973903e-03        -3.7663267126975486e-02         9.6538281469683192e-03         7.1766418559342455e-03         1.6209407501542556e-02         1.9396794074344331e-02
24                                    -4.1148957521834000e-02         8.7654072983292433e-04         3.7454793244616502e-03         3.7205902056460183e-04         1.3588570982350194e-02        -1.6972133399912232e-04        -2.1266301007176244e-03        -1.9708066247625137e-03
25                                     3.2606837063942854e-03         3.0909463175766195e-02        -2.1784553787995552e-03         5.4207455089119315e-04        -3.6448723188953876e-02        -1.0549953536513902e-02        -1.5111289422318260e-02        -5.6959611513433234e-02
26                                     3.5852760685042904e-04        -6.6955636348756217e-02        -2.1314164433253088e-04        -1.1677543795020641e-03        -1.9018185912997660e-02         2.2528602636208487e-02        -2.6791084509838740e-02         1.1808054412925405e-01
27                                    -5.2842145265942699e-02        -1.7263575707538508e-04         9.4672578809965290e-03         6.7501404969603032e-04        -6.5965452890131993e-03         1.8132347374085847e-04        -2.2021480130262075e-02        -2.1040919166951787e-03
28                                    -4.2896128051739925e-03        -1.1607675412009820e-02        -1.4609600941464920e-02         7.7309789199066095e-04         3.8295406902853650e-02         2.8481881001418746e-03         5.9514252224528120e-03         1.0983071355402236e-02
29                                    -2.4896422932278385e-03         2.3623026884926353e-02        -6.5417998445869534e-03        -2.2240852373918035e-03         1.7901514954196018e-02        -5.6543220449808114e-03         6.0240612390471179e-03        -2.1337988429908965e-02
30                                     1.1621668365206877e-02        -1.3980173128936980e-03        -2.5353175961019533e-02         1.7361932984669890e-03         7.6000223680497719e-02         5.2513384747172257e-04         2.8968875311288098e-02         5.1176166723366345e-03
31                                     7.7545129907388613e-02        -1.1596220521992068e-02        -1.7115129021636352e-02         7.3189021626481027e-02        -2.2890901308753996e-03         4.8701905027194346e-03        -3.7040734593634217e-02         4.2031966191846772e-02
32                                     3.5319234782714919e-02         2.5053451390742242e-02        -2.3236808336551226e-03        -1.6159333765049896e-01         2.1981445735849083e-03        -1.1115464844764028e-02         4.8269992399988952e-04        -1.0043130095117503e-01
33                                     2.5022585991960864e-02         3.3606668497257962e-04        -1.0158192350979301e-02        -6.4821621684863460e-04        -1.7818163079074231e-02        -2.7496858763555377e-04        -3.0838617786910105e-02        -3.4094554993727056e-03
34                                     1.0896000504253460e-01         7.1711528252184067e-03        -2.8801520416004488e-02        -1.7415112956840798e-02         3.8755993516418112e-02        -2.1789263060347317e-03        -3.8672782856325701e-02        -1.2116254769053914e-02
35                                     5.0159413615381905e-02        -1.7351626277213587e-02        -1.4638755314652309e-02         3.5670451348654084e-02         1.6610825372058800e-02         4.5709547986219822e-03        -2.1442540407629652e-02         1.6485956837680841e-02
36                                     3.2523652661248105e-02        -2.5933447493204911e-03        -4.2571462740485330e-02        -1.6841832177711910e-03         8.4922529019575643e-02         4.9471281337929200e-04         4.3753979175579279e-02         4.6928333191998328e-03
37                                    -2.5900453782335842e-03        -3.5353397069553420e-02         3.6941136334582542e-02        -9.8770357542895953e-03        -2.4185504795088816e-03         6.3145479505277505e-03         2.4398775230392647e-02        -1.2370604880224876e-02
38                                    -1.6433538837854362e-04         7.8216854055623064e-02         1.5820543110312984e-02         2.4382685966101561e-02         6.8407493171595407e-04        -1.2949150786891944e-02         6.4364523748050824e-03         3.2693570415977584e-02
39                                     7.9904516047689129e-03        -1.5383998157266904e-03         2.7749569203108018e-02         5.2500956750110687e-04        -7.1182697033062972e-02         1.5673318350687962e-03         9.7181398048190246e-02         8.7214731715048177e-03
40                                     2.9628092173076891e-02        -1.5364520901585677e-02        -1.8855869931200323e-02        -2.5515468812595025e-03        -4.7456552054341974e-02         1.8656147555630821e-02         2.5878701003646219e-02        -7.1776991559050309e-04
41                                     1.3702488058142420e-02         3.5509840322943249e-02        -7.7907155515124704e-03         2.5995584386753205e-03        -2.2057194050064875e-02        -4.2765723531111591e-02         1.3395269950887037e-02         8.6293521987307626e-03
42                                     4.7994996006291103e-03        -1.2752830171925830e-03         4.0177085978368075e-02         7.2510578947601243e-04        -4.0878410554756765e-02        -3.5307681644843655e-03         7.2204299871783673e-02         7.6751656551841069e-03
43                                    -1.9987694847033175e-03        -1.3775611202853482e-02        -8.2212615613631076e-03        -5.4485660858005162e-03        -6.3890962413776203e-02        -7.6394322355341326e-02        -4.4116287538265048e-02         1.3814081746262341e-02
44                                    -5.6253112823932249e-04         3.1247438228778634e-02        -3.6570912541315512e-03         1.0502180095081559e-02        -2.7790407441224321e-02         1.7288854689582900e-01        -1.2791805608961978e-02        -4.5268887804407257e-02
45                                     3.3026453863632434e-02        -2.1097891870887792e-04         2.2223952795675159e-02         1.1694454675390722e-03         1.0166232183173600e-02         7.6533093219434498e-04         3.3578206589704687e-02         3.5616015688474116e-03
46                                     2.0089527383943807e-02         3.3608270898098113e-03        -3.3548584426202691e-02         3.3321758459087030e-04        -5.1782049476156965e-02         5.3175270678346691e-03        -4.9286992876632123e-02        -1.1791319792928466e-03
47                                     9.3038171895175326e-03        -7.4066613318334298e-03        -1.4531419949219264e-02        -3.3332923874476532e-03        -2.3403327487931693e-02        -1.1636923381968430e-02        -2.1468656767763005e-02        -1.3203642575538905e-02
48                                     3.1737074166827757e-02        -1.9030694549383541e-04         1.9656622874792622e-02         1.0478592375118528e-03         2.0876270176746019e-02         1.1587441065013650e-03        -4.0125202627197334e-03        -3.1263745817502724e-03
49                                     2.3973390295857121e-02         5.3103275702090155e-04        -4.6214864276517630e-02         4.6866055079398727e-04        -5.8807944411128589e-03         1.8691440574154405e-02         4.0674813858727475e-02        -4.9973167957403024e-02
50                                     1.1697985521408508e-02        -1.0399812136261868e-03        -1.8423223255878016e-02        -3.7230982868762257e-03        -1.6648912995933503e-03        -4.2255019567986371e-02         1.1059253581489459e-02         1.2377566545435569e-01
51                                    -2.1873784223564719e-02         2.3157619982079182e-04         2.1033649727146476e-02         2.9065826531359673e-04         4.4168921918785855e-03        -2.4474915286149185e-04        -6.3567462800443328e-02        -6.0887562896480840e-03
52                                    -6.9345102740237747e-03         1.5428789030658210e-03        -7.5295582803335620e-02        -2.7004296050115637e-03        -3.3194243808227129e-02        -2.0099826377042748e-03         3.7418891914624434e-02         1.6131878733811000e-02
53                                    -2.9958647577647082e-03        -2.3671145865813976e-03        -3.3081798961797595e-02        -9.0637798685183765e-05        -1.4455372302063679e-02         3.8348776849849507e-03         1.7144544512300932e-02        -2.5506322697927138e-02
54                                     8.5576433248219126e-03         9.0726508794690495e-04        -8.8172450210410355e-02        -2.9772439850353711e-03        -2.6379012955651689e-03        -8.2965692399319339e-04        -4.5584585767853784e-02        -3.5909956759543039e-03
55                                     2.5077035919465390e-02        -4.3885805767604575e-03         2.5002120422060601e-02         1.2336457913502332e-03         2.3278749080142731e-02        -7.9575425561009185e-03         3.4039452751181920e-02         1.0171580177534844e-02
56                                     1.1939938989241922e-02         8.6363211262217420e-03         9.7303656820712601e-03         5.7975869197996919e-04         1.0230212203240009e-02         1.8439834059430851e-02         1.4628414579807710e-02        -1.3286139918865805e-02
57                                    -3.1296333062197632e-02         2.1167439837450528e-03        -4.2810861437231625e-02        -2.1144300236347361e-03         2.2138175859115873e-03         2.4533033235713997e-03        -6.2734172664507259e-02        -4.2209873995063072e-03
58                                    -1.9900160480473893e-03         1.9376506487541766e-02         7.8387968640033875e-02         2.5741685455320496e-03         4.0459463727299569e-02         5.6761425842850308e-02        -8.1836186401373356e-03         3.0068643114702975e-02
59                                    -1.8311079977460889e-03        -4.5223540442893971e-02         3.3427092922814143e-02         6.0294464099886434e-04         1.9350966830219314e-02        -1.2798321579457744e-01         1.2214021381858583e-03        -6.9763909312938410e-02
60                                     2.7237418215267643e-02        -7.4180527016462982e-04         5.2775091063578944e-02         1.9079402925763892e-03         4.3914438958266466e-02        -5.8913232452298121e-04         1.8503103133221087e-03        -9.4934133753299041e-05
61                                    -3.1871617395947086e-02        -5.5360798667714204e-03         6.6271354396510912e-02         1.5558765042166895e-03         5.5437371154988729e-02        -1.1586121328012221e-02        -5.4177147332998603e-02        -1.4177933647467280e-02
62                                    -1.3407773798714532e-02         1.2727367665276147e-02         3.0639832672076171e-02         6.9892385458223056e-04         2.5254411053323475e-02         2.5819558018815251e-02        -2.5584445216336116e-02         1.8013853111783957e-02
63                                    -3.4245134126370542e-02         1.2637573662909252e-03        -4.1477702492392889e-02        -1.8170875460628154e-03        -9.6025591456385725e-03        -3.9691190735570507e-04        -1.8478462089744695e-02        -1.8213561642284250e-03
64                                    -5.8312916891885584e-03         8.7842010877998509e-03         3.0879682600068844e-02         1.0048892773689075e-03        -2.3929793964846097e-02         2.5511590428616876e-03        -1.9027299056518985e-02        -7.7047283596890998e-03
65                                    -3.9516965458142326e-03        -2.0945334648731481e-02         1.1945998775624781e-02        -4.5563595294162052e-05        -1.1155504040623928e-02        -5.1799998225576221e-03        -1.0491264899331700e-02         1.0209535072584094e-02
66                                    -7.0460135568838275e-02        -3.4610232388378339e-04        -1.1724659040500553e-01        -1.5383808976248267e-03         1.7295112914473852e-02        -1.4642558553070598e-03         3.5657966910556402e-03         2.5111799121093803e-03
67                                     3.1858056200803377e-02        -8.0152823591971272e-03        -3.3608648204555974e-02        -1.3828891119398501e-02         4.0084017326718043e-03        -2.3153285403039844e-02         1.0852204565657324e-02         5.3278255656078771e-02
68                                     1.2787955323786009e-02         1.7100006156425540e-02        -2.3102320480179416e-02         3.3304641063369660e-02         1.0913866068417708e-02         5.3113652025150206e-02         2.0544374109422222e-02        -1.1747246016979435e-01
69                                     4.6022477111205108e-03        -1.4162846111115579e-03        -2.0745995986611570e-02         2.5054157711147502e-03        -1.1545711487034152e-01        -8.4631850308449690e-04        -5.5421356138380562e-02        -6.4542697384548852e-03
70                                    -5.5992445985575581e-02        -9.0466732685265547e-02         5.3431539742972683e-02         1.1510177292000394e-01        -3.8104174791431925e-02         2.2169056340446774e-02         1.7748080207056253e-02        -2.1991053356664292e-02
71                                    -2.3849188348658512e-02         2.0155410497112478e-01         3.6400285260828585e-02        -2.4890045147743864e-01        -1.8212295864733066e-02        -4.8309314023771990e-02        -1.6115538057543133e-03         5.0544965389094872e-02
72                                     7.9608683519184174e-03        -1.6266499247499751e-03         1.8483660012143834e-03        -4.6466797736517592e-04         1.2594972634926596e-01         7.9756862112042638e-04         6.7942002528108532e-03         2.1319877025093815e-03
73                                    -5.4173319468635232e-02        -1.5943747221017434e-03        -6.8186608876336088e-03         2.2937944486894485e-02        -1.8403979263602578e-02         2.9024509593496620e-04         2.7800943846045013e-02         1.7333453546188721e-03
74                                    -2.4214799593516325e-02         3.7659252816158767e-03         1.7729819094987034e-03        -4.9241984686098250e-02        -6.9276505683304327e-03        -6.2759948902140698e-04         1.3381483528009146e-02         3.2245097972050285e-03
75                                    -3.8133544535549145e-02         1.6485816135917023e-03         3.0122263214688617e-02         9.9237397189480851e-04        -1.0725214936127177e-01        -5.0516326020039431e-04        -6.6178132653504515e-02        -7.7510618293183588e-03
76                                    -4.6024163587423342e-03         2.2205396746800710e-03        -1.5620731601690240e-02        -3.2625923522763820e-03         4.3390111792024698e-02         5.5226573670499835e-04         8.4342680641620541e-03         6.4115241003807628e-03
77                                    -4.9292684798126433e-03        -7.0270382372319374e-03        -6.8832544694086778e-03         6.6387159075447042e-03         1.8497835174127800e-02        -5.1578337391100949e-04         5.0233705714490132e-03        -1.0679556579178778e-02
78                                     1.8013713205338348e-02         1.2639451575667390e-03         1.8165755470782444e-03        -1.3431955302239838e-03        -9.3459956704024932e-02        -7.1929350938241274e-04        -6.9082554879585104e-02        -8.4610825103269994e-03
79                                     1.0412104585318969e-01         1.5317516173139042e-03        -1.6339845083784148e-02        -2.5114242374785621e-02        -4.4285108911545058e-02         1.3497033011410141e-04        -8.2675165475387363e-02        -1.6094413092052975e-02
80                                     4.8090053573839782e-02        -1.9703013808918890e-03        -9.7497555734233823e-03         5.0440572416984499e-02        -1.8594004579942851e-02        -1.9411382641620794e-03        -3.9848960867652147e-02         9.9638937033946131e-03
81                                    -1.8511383461635368e-02        -4.6485236387425483e-03        -2.3785785063302426e-02        -5.0679903911538451e-03         1.1525385363361858e-01         1.7281275405669982e-03         7.5928129781370660e-02         7.6254013993404890e-03
82                                    -4.9240483072772630e-02        -8.3337695270741835e-02         5.6342280104274708e-02        -1.0734804058393327e-01         2.8717150028443880e-02         2.9288045145364667e-02         5.3630666750788841e-02        -2.2186262680903044e-02
83                                    -2.1252630609802176e-02         1.8236771782026898e-01         1.9453642690413026e-02         2.3811211324889692e-01         1.4258767465778803e-02        -6.2168757910194675e-02         1.5758881128938550e-02         6.1972596211705248e-02
84                                     6.6796092186812830e-02         8.3955796917923535e-04        -1.8972132164439440e-02         8.9379653549481145e-04         8.2793549523447432e-02         5.0739562372750435e-03         8.6919957431853212e-02         1.4140643548523497e-02
85                                     6.8519352391614692e-03         1.8611211792581600e-02        -1.6403126803659230e-02         4.0531170107554765e-03        -8.3810791802858969e-02         9.3231288652926653e-02        -7.1956238134608455e-02         6.5847678745805382e-02
86                                     2.7108943946128842e-03        -4.2113252221374305e-02        -9.6245627060772363e-03        -1.1287040047075784e-02        -3.8547635980744982e-02        -2.0964838298067123e-01        -2.5218677215854690e-02        -1.7178664106763306e-01
87                                    -7.4983755974421607e-03        -6.2199389878251482e-04         2.7332972262765393e-02         6.0702071608554925e-04         1.3842611897769645e-02        -1.9719884872316700e-03        -4.8615363744854742e-02        -4.9214161526599954e-03
88                                    -5.8143691515029475e-02        -1.2702563600329106e-02        -9.1095986164366829e-02        -5.8549640082187701e-03        -6.5883260038830091e-02        -3.8939802804379586e-02        -2.3707652631220617e-02        -1.5716758768039816e-04
89                                    -3.7910243201022570e-02         3.1382165292356490e-02        -4.8225072030480522e-02         3.2434812448294261e-03        -3.3177896003113536e-02         8.7149769614574477e-02        -1.5326829777744183e-02        -7.1499394809292254e-03
90                                     1.8446138656272658e-03        -6.2669609551614604e-04        -9.1559498431269648e-02        -3.3439541696913123e-03        -1.9357568431791884e-03        -7.5010971586716426e-03        -5.4176820702466107e-02        -2.7996038365758510e-03
91                                     8.0721907260712447e-02        -3.7675500956733610e-02         6.7304221372598533e-02         9.6943112298168146e-04         2.9686933915819724e-02        -1.3592691999229903e-01         8.8747549274620544e-02         4.6333824929767016e-02
92                                     3.6058929837372661e-02         8.0488708593923652e-02         2.6371314646499562e-02         7.3370596464399206e-03         9.8985576273459362e-03         3.0675688606438928e-01         3.7614522992228637e-02        -8.0782566844992409e-02
93                                     5.0553345183096392e-02        -8.1949089204663564e-04         5.7377146103877279e-02         2.8564387985670256e-03         6.2128657542499729e-02        -1.4111580393384947e-03         5.8535845505065867e-02         6.4134750498975523e-03
94                                    -1.3275161934230437e-02         3.3680985917962760e-03         7.3402176400160460e-02         7.2635442191652452e-04         6.7090544241038524e-02        -3.2209718551590424e-02        -8.8101863688516656e-03         4.6786783493756199e-03
95                                    -4.4100415478767752e-03        -8.9230286763350240e-03         3.2978922296848484e-02         5.1487848427926690e-03         3.1673160413474184e-02         7.3252739208030770e-02        -1.2570436337525935e-04        -1.1837457656223073e-02
                                                        40                          41                          42                          43                          44                          45                          46                          47

0                                      1.5551602747995317e-03         3.0347144064199340e-02        -9.3888809640694821e-04         2.8134439713711822e-04        -4.7240456311336471e-02        -1.2049347822610929e-03         7.7861711758490555e-03         1.8815231138006526e-04
1                                      4.7130950007978111e-03        -4.1427073309433605e-02         1.7583462069097881e-02        -5.5647061587784478e-03        -4.0213856961304487e-02         9.9570333552159180e-03        -1.4696905794126081e-02         3.1120791246766721e-04
2                                     -9.9461464415419535e-03        -1.9874500462735811e-02        -3.1990952360626670e-02         1.5512478303525590e-02        -1.7680053788323651e-02        -2.6892155819318087e-02        -4.9664259523790610e-03        -2.1975248145030441e-04
3                                     -4.5465625863341319e-04        -2.5077038681679823e-02        -1.7299266200381058e-03         1.5683865391864722e-04         6.2653601319891408e-02        -1.0700302651960143e-03        -4.6808192717352134e-02        -8.2453328070741883e-05
4                                     -1.7671950872485825e-02        -1.8040542752148912e-02        -5.2009861571455290e-02         2.0018477116425033e-02        -5.8924355736855359e-02        -5.9288466231921709e-02         1.4356329445030697e-02        -1.8220787610599366e-03
5                                      4.0968404103553888e-02        -2.1708071155308970e-05         1.2207087028162712e-01        -4.2035266740380578e-02        -3.0104415124363251e-02         1.2889106352019616e-01        -9.2368272111459696e-04         4.4194015893974205e-03
6                                     -4.0015684785021726e-05        -1.8328578849002210e-02         9.8500669453693932e-04        -1.4565212354895577e-03         1.1535901684957786e-01         3.8632988079754073e-03        -5.3003645731420204e-02        -1.9859642344746231e-04
7                                      5.6639404765259213e-03        -6.0705249188563404e-02         1.3855770680544359e-02         1.2390460421562775e-02        -2.6774922706624293e-02         1.4877383857049115e-03         2.9841713049506453e-02        -1.3907505964764575e-03
8                                     -1.6810988293699786e-02        -2.8494597194657890e-02        -1.9470417949647587e-02        -2.5971898297345374e-02        -1.1211488503882363e-02        -4.6965155090161999e-03         1.4823295146272848e-02         2.0338352719462710e-03
9                                     -3.5122350089999486e-03         8.2135933681402634e-04         2.2091645951066222e-04        -3.8495425931833953e-03         6.3973484224566848e-03         5.3015354587526329e-04         3.2509127011569994e-02        -4.2815763347347520e-04
10                                    -8.4671986873629378e-03        -5.3731717497042461e-02        -7.4195218412050155e-03        -7.7804659559703740e-02         2.6797082520826191e-02        -4.2550681545966895e-03         3.4693169959432489e-03         2.6927006163908571e-04
11                                     1.6560559294627696e-02        -2.2256752829852563e-02         2.6398895304303626e-02         1.7659750037054017e-01         1.6614377442716547e-02         1.3698877112307065e-02        -5.3112715600873734e-04        -1.3667582860828139e-03
12                                    -2.5180881459428203e-03        -2.2120223537972890e-02         1.5084607935802741e-03         2.0671509103209955e-03         2.4163841635869300e-02         2.1187174419766380e-03         6.6331428786665120e-02        -4.1469876451276881e-04
13                                    -1.8820927634201817e-02         4.2172644530708757e-02        -9.0145139312953378e-03         5.7194898604685115e-02         8.2378143514388478e-04        -7.9165462846477828e-03         1.4679776482306582e-02        -3.3927223600126026e-04
14                                     3.7977399682044721e-02         1.7337459964532394e-02         1.5781664148472006e-02        -1.2621453379296921e-01        -3.6088573831165485e-03         1.8747314793202376e-02         9.2272535176962239e-03         5.0431301362848771e-04
15                                     1.3282630097848341e-03        -7.1859960241625415e-02         3.4176301437918578e-03         2.3621734029415371e-04         3.2995860570632654e-02         3.3673956523666750e-03         7.9942520198285794e-02         1.5468724508966772e-04
16                                     1.7141107116422936e-02         9.5198695374306872e-04         6.4244424813465293e-03         1.0558460728050919e-03         2.2389577790534387e-03         5.8352731113799992e-03         4.8893222119402745e-02         1.8377752638646676e-04
17                                    -3.7683114535279685e-02        -1.7472079647481390e-03        -1.4822175885427927e-02        -1.8054562704954526e-03         4.1504096729020421e-03        -8.6011045948740216e-03         2.1893097165750636e-02         1.0515317188103765e-03
18                                     1.7344033704277151e-04        -4.3434105035058311e-02         1.0922548130889453e-03        -3.5419154578728891e-04         9.3569071669907418e-03         7.3083871430966257e-04         3.0341301086176848e-02         1.8037526658027888e-04
19                                    -3.9691859375289754e-02        -4.5881279008949019e-02        -7.1590274039997738e-03        -8.7435030072635766e-03         1.6197761188276066e-02        -9.4518968485331146e-04         4.2625981308323610e-02         1.7167264791809257e-04
20                                     8.6951666980138273e-02        -1.9726567658949323e-02         2.0918354736556115e-02         1.9423279769345238e-02         6.2861697613251742e-03         6.0162838968618728e-03         2.0164324428189457e-02         8.5866998613872483e-05
21                                     1.7307570962924845e-03         1.9684822623558144e-02        -1.3785877706759208e-03        -7.0529142429185079e-05        -1.6405842794616064e-02        -1.6789219250556398e-03        -3.8424046098663810e-02         7.8032962536621575e-05
22                                     5.0561237525056559e-03         1.5854255667437086e-02         1.1577023621737403e-03         4.0805769592406312e-03         5.7222362995172854e-03         1.0102532095379094e-03         2.0478826063051597e-02        -8.9703004323779932e-05
23                                    -1.5763561732688829e-02         7.0321235554064590e-03        -3.0283925659791593e-03        -9.0927847236583585e-03         2.5172772658552892e-03         2.6721734946005344e-05         8.6951554167474399e-03         9.5874972365092941e-05
24                                     1.5522500214884590e-03         1.5128901289927126e-02        -7.6689889145562982e-04        -2.0241048969441640e-04        -1.2559754095665650e-02        -1.3852241663867865e-03        -2.7511277783769716e-02        -4.2042632826775569e-05
25                                     4.7968408668830571e-02        -4.1355360012436379e-02         7.0249195250475446e-03        -1.8702648731778223e-03         3.0833038143564620e-03        -8.4899737949001557e-04        -6.4045164952042941e-03         2.7220457745419829e-04
26                                    -1.0334768232009749e-01        -1.8555929976714864e-02        -1.1626244765111180e-02         3.9605777096356643e-03         1.1807311440732344e-03         6.1339435380084590e-04        -2.8797027562415421e-03        -7.4489758015950410e-04
27                                     3.7360981770739079e-04        -1.5858036356665344e-03        -7.9372332978490390e-04        -4.6017266045908338e-04        -3.3656021062014638e-02        -4.7502094010414596e-03        -1.0786924415678695e-01        -5.6639299076626242e-04
28                                    -8.4699468743175150e-03         2.6877789768053970e-02        -1.8592255863508721e-03        -3.6202362926792076e-04        -1.0508797000870590e-02        -9.6363867040021392e-04        -2.8629674555385159e-02        -2.0070184699542610e-04
29                                     1.7729213053413302e-02         1.2193748238369601e-02         1.0506242494298039e-03         5.4819462101496114e-04        -5.2190250842465832e-03        -1.1037235241218412e-03        -1.4688245455039852e-02         6.7847433702221153e-05
30                                    -2.1952175479171506e-03         6.1187038112640507e-02        -2.1092503442218628e-03        -1.5518132101769037e-05         7.5321345396117860e-03         2.2350715966069469e-03         4.9274061922507377e-02         3.3134198985238639e-04
31                                    -3.6261021751686370e-02        -7.4579914852867402e-03        -2.5386984169525383e-03        -5.9421806080229601e-03        -6.1010419320019823e-03         7.5197078273763504e-04        -1.9959423255309552e-02         2.8634406230817642e-04
32                                     8.2634641550113894e-02        -3.2204911357572750e-03         5.5408942229268334e-03         1.2910275119110101e-02        -1.8389791928990311e-03        -4.0273455460251694e-03        -9.1770763967421662e-03        -8.2897835485253317e-04
33                                     1.2699258504151015e-03        -1.9794175280200402e-02         4.7373238134720006e-04         1.2048367226636174e-04        -4.6818030832515758e-03        -8.0124844447773712e-04        -1.9705080092337207e-02         1.3432412336437898e-05
34                                     7.8773087600619105e-03         2.5524682448302975e-02        -1.3193590878043482e-03         3.3591551569956296e-03        -1.3769836095726181e-02        -1.6733560162710236e-03        -3.3182382514737013e-02        -7.8793258419206369e-06
35                                    -1.2762399006954752e-02         1.1127032868354248e-02        -9.3343972756791411e-04        -7.3192403643741483e-03        -6.6525592037938053e-03         4.9426463005074704e-04        -1.5399072800569373e-02         3.3557853109056780e-04
36                                    -8.7077418762289036e-04         5.4064161752185230e-02        -1.1193640018281102e-03         4.1407629033189431e-04         2.7075828909823792e-02         4.3811017920980765e-03         9.8769934860213918e-02         4.6790067576163891e-04
37                                     1.5557460995429925e-02         3.4976304020937363e-02         1.3384194159006234e-03        -2.2892503944490989e-03        -1.4699569350884593e-02        -8.1621718204676313e-04        -8.6498247277858268e-03        -1.2846293144521707e-03
38                                    -3.6322886881100851e-02         1.7328836251722535e-02        -7.4317801045330600e-03         3.9596830088382880e-03        -6.1444845396248348e-03        -7.0110937652065764e-04        -1.6735623026150033e-03         2.0644566779968215e-03
39                                    -3.5307791142901203e-03         4.3995811130809838e-02        -2.0043618395463193e-03         1.0596857444311004e-03        -3.4497965153700669e-02        -1.9218495314733879e-03        -3.6938088994027229e-02        -3.0739977113301625e-04
40                                    -2.9795379200885813e-04        -1.1806570324265591e-02         4.8966928772924568e-03         2.1972700537700417e-02         1.7176323339010778e-02         1.5285187964482798e-02        -4.4305689496962362e-02        -5.0751557181949580e-03
41                                    -1.7404742012827015e-03        -4.9341463450554004e-03        -9.9992988376126236e-03        -4.8895570723633368e-02         7.1839607013188091e-03        -3.3932403619916167e-02        -1.9030224679421424e-02         1.2117631765357791e-02
42                                    -2.4702531573709903e-03         2.5446498639814786e-02         1.1168510760190364e-03        -3.7987491995334874e-05        -4.6303456051140383e-02        -5.0356001328150856e-03        -3.4825916284237403e-02         1.0907832169679383e-03
43                                     9.3600018753054164e-03         9.1481824778579718e-02         3.4138649934663194e-02        -1.0196184454948286e-02         4.3111995348683478e-02        -3.6090023540226168e-02         5.9225579743113288e-03         1.9792680025723628e-02
44                                    -1.4528817801603316e-02         3.4186253575121707e-02        -9.5176561884753111e-02         1.8865334847894388e-02         1.3903399610344661e-02         8.5409926088881788e-02        -6.7575621665369565e-04        -4.4307066842541813e-02
45                                    -1.1386570638782941e-03        -1.8329573231686623e-02         5.7525960295649187e-04        -2.8471101717476616e-04         5.1997098596723457e-03        -1.1365917419698727e-04        -2.2238598901030322e-02        -3.0365180199440223e-03
46                                     1.1585491893613950e-02         8.0546527090775227e-02        -2.9151515391503114e-02        -2.9204388911877330e-03         8.3206162555805513e-02         1.2461420665085246e-02         1.8316605920941822e-02        -5.1350159985967973e-02
47                                    -1.8738164690312299e-02         3.8879972356376594e-02         4.9162106904006027e-02         3.7531571128400406e-04         3.8156836703996895e-02        -1.9055399670506727e-02         8.0539259109460078e-03         1.1494864954869419e-01
48                                    -3.2463630534999644e-03        -1.8606615357425665e-02         3.1965591088539405e-03        -7.0153452603675709e-04         2.8636774666884492e-02         1.1549960032927792e-03        -1.0357338932581797e-02         1.8938554852059788e-03
49                                    -6.4105327975120696e-02        -2.0941343608136150e-02         3.8662316998355081e-02        -2.2375742605085739e-03        -1.5016597527504977e-02         6.1402092348564839e-03        -7.0036409721317069e-03         4.1567328442261409e-02
50                                     1.4044979335668956e-01        -1.5481155105415680e-02        -8.2185107732785936e-02         6.5077156470012181e-03        -5.9549542343982874e-03        -1.5492936466311804e-02        -2.1924356842661697e-03        -9.3847842020083561e-02
51                                     3.2703187503484040e-03         2.6766081312656849e-02        -2.7459721096857984e-03        -9.1977063501658823e-04         3.8925099829733530e-02         1.7159051143949026e-03         1.1998549544004575e-02        -2.1360037278172337e-04
52                                     1.2241852282952314e-02         2.4077801486470957e-04        -3.5285871806583677e-03         1.7887433116226636e-03        -5.3619744241300712e-02        -4.8627724207989213e-03         1.8720591858495193e-03        -1.0106989251784181e-02
53                                    -3.0796143601679465e-02         1.0886679313262483e-03         8.1978528418258350e-03        -7.1976020263947937e-04        -2.3164557930404964e-02         5.9626669125170742e-03         7.4741547109386311e-04         2.3412099185338122e-02
54                                     2.3094948644274246e-03        -1.4110699110268465e-02         3.7051240020342371e-04         2.4486365988973836e-03        -8.4312199869696167e-02        -1.6291848633974192e-03         5.3652831834000346e-02        -1.3110792040880875e-03
55                                     7.8327131269935769e-03        -3.3588774591893883e-02        -1.6387066612666815e-02         7.4142719776221927e-04         3.3014340210083516e-02         4.7132269342453703e-03        -2.5683922286576098e-02        -2.7061587046038726e-02
56                                    -2.1885800663251631e-02        -1.2750573291171611e-02         4.2991344537999326e-02        -3.2697649040906826e-03         1.4406208466643819e-02        -8.6427821508384996e-03        -1.1029979294788874e-02         6.0947889803035761e-02
57                                     4.2911535816154587e-03         8.7572545095551541e-03         1.5548109973499043e-03         2.2470040255436982e-03        -7.1822018811582358e-02        -3.5546764548819729e-03         4.3125281007011997e-02         5.5974422118927885e-04
58                                     3.3128873614161863e-02        -1.6220809794605696e-02         4.1847487143695079e-02         6.2232477431269154e-03         2.7068439408049726e-02        -3.7789194604978246e-02        -6.5909394749826978e-03         5.4155946401132421e-03
59                                    -7.5369427876998366e-02        -1.2789383572938412e-02        -9.1535469992675922e-02        -1.5567982967821616e-02         4.5501123284125474e-03         8.7259331362234502e-02        -3.6334007659751975e-03        -1.2632714176313399e-02
60                                    -9.8921155817807780e-04        -3.2540713898237601e-02         1.7992868072113626e-03        -2.7948764921437863e-04         1.5253934099936344e-02         1.0157118587522066e-03         6.3440985671250382e-03        -2.1029849525295419e-04
61                                    -8.1832584110449261e-03        -1.8695607955912536e-02        -4.4767770497556175e-03        -4.5862353867805850e-04        -6.0212111375761313e-03         3.6550292763231139e-03         2.4714156370873618e-02        -2.5408388242488121e-03
62                                     2.3071537134427555e-02        -8.2117494441281153e-03         1.3217567920677758e-02         1.9144091530481010e-03        -1.7475089718624209e-03        -7.3306921751864961e-03         1.1085724796210228e-02         5.6015438442620974e-03
63                                     6.9389425545338839e-04         9.5019697690039897e-03        -2.0377153665436568e-03         3.0385145121245884e-04        -1.2455875452802813e-02         2.7664876546051112e-03        -1.1327501619852539e-02         3.4947588696887820e-04
64                                    -3.3870930657432345e-03         4.7110041741838166e-02        -2.5411791809879514e-02        -4.7208530638918680e-03         3.0195308959170779e-04         5.9780197930666884e-02         3.6332975509089976e-04         2.4575264388190304e-03
65                                     1.0519466335738444e-02         2.4382319214156487e-02         4.8278553843274438e-02         8.7254279416573259e-03         6.6380294648603283e-03        -1.3598524894597966e-01         4.2995180101610721e-03        -5.1898225622791401e-03
66                                     2.1041680926089071e-03        -6.7801151300963675e-02         6.2980484296983616e-03        -3.7200044070967238e-03         2.2596961802344315e-01         1.2629544900664697e-02        -9.9934590382820140e-02         1.4617048866039212e-04
67                                     3.3927398510400553e-02        -9.2501006972747379e-02         1.1849135314099350e-01         8.0982006993519220e-02         4.6252711874021447e-02         1.6309118981455020e-01        -7.5074820727882383e-03         8.5806305626963206e-03
68                                    -7.9463805221074449e-02        -6.0967865877237466e-02        -2.5690719706496240e-01        -1.9398599415641074e-01         4.0237213454785953e-02        -3.7116914289806258e-01         2.0630519886472680e-03        -2.0995740106679976e-02
69                                     3.9375938365735028e-03        -1.5029445796882185e-01         8.5094033440964775e-03        -1.8175011714615531e-03         8.1679886052683254e-02         8.7303600080431334e-03         1.1033244346350107e-01         8.1638188238185891e-04
70                                     4.0649719829739035e-02         1.5446070579326220e-02         1.1339720864016621e-02        -1.1859473582887177e-01        -4.9277247564090991e-03         4.6289771384597387e-03         4.1574972186442606e-02         5.0304247229638454e-03
71                                    -9.0429581704047135e-02         8.9231492206304913e-03        -2.7584514948982085e-02         2.6044671627487970e-01        -1.1226150038633009e-03        -7.6005165347484945e-03         2.3874024239539885e-02        -9.8020845437396184e-03
72                                    -3.7433679738308113e-04         1.2732617664977666e-01        -5.5938447906358725e-03         2.3589939599535508e-04        -4.9358531183218070e-02        -4.4397957394671566e-03        -1.2763000946663572e-01        -3.2625249878798896e-04
73                                     1.2845072411792162e-03        -2.2542746933850468e-02         2.7426567704286293e-03        -3.9920457027077926e-03         1.7894055570484478e-02         2.6268246960928069e-03         5.2564851679006118e-02         2.5953341532644148e-04
74                                    -5.7713707914756295e-03        -7.1996291998786552e-03        -2.6017995932995199e-03         8.2145881499334286e-03         6.9320821732154116e-03        -8.7106005297315830e-04         2.2441817931866649e-02        -3.0681379464606815e-04
75                                     2.2006585730649925e-03        -9.3016721042067943e-02         2.6260308601376422e-03        -4.7403309485560558e-04        -1.5922133976509514e-02        -3.9197901415620792e-03        -7.7699891469110216e-02        -4.4825884247441542e-04
76                                    -4.0022199688597012e-03         3.1480847989805168e-02        -6.5770012532674312e-04         1.9064713229561140e-04        -1.2024350789414882e-02        -1.6075611218527349e-04        -3.2006648204625017e-02        -7.6569449821220560e-05
77                                     7.6940394250592341e-03         1.2752137349806743e-02        -2.0231515347139367e-03        -6.7629285535575020e-04        -5.4122852205726124e-03        -3.1842000148312719e-03        -1.6222446674088318e-02        -2.4177701210255503e-04
78                                     2.9926513008196750e-03        -9.0954234023310460e-02         2.8980913718687604e-03        -1.6846889656936488e-04        -1.1497451041552734e-02        -3.2524141237842523e-03        -7.6493714095869345e-02        -3.5063873847675919e-04
79                                     9.1644311374021702e-03        -5.2934617828358781e-02         1.1059591205714570e-03        -3.2457500856554636e-03        -2.1889975739840334e-02        -4.2129561019790991e-03        -9.7218434826034497e-02        -2.4269693407679124e-04
80                                    -1.0298665205462139e-02        -2.2247316825550329e-02         7.0269775643502579e-04         6.6245472311353085e-03        -1.0165284293134885e-02        -1.2394929286394293e-03        -4.4276242118542697e-02        -2.0692727347375482e-04
81                                    -1.1278960155487348e-03         1.1247149585183085e-01        -3.4395454786068295e-03        -4.0245568660795738e-03         2.0702139918732116e-02         5.6410815340125530e-03         1.3010449743727381e-01         1.2824980208523587e-03
82                                     3.5999207527024776e-02         8.8927564476060955e-02         1.3639915154226301e-03        -1.1596510205098515e-01        -2.3930177195918494e-02         8.2451020974315253e-03         2.0264802484414042e-02         7.0405270783590861e-03
83                                    -8.3341273667766252e-02         4.7064412085210804e-02        -1.3601615711552977e-02         2.5191753987660276e-01        -4.1010336259560808e-03        -1.8356101862436899e-02         7.8684884134639695e-03        -1.4861293554547392e-02
84                                     1.0530081472904620e-03        -1.5050038423137957e-01         5.2822538775315940e-03         3.7946208061074493e-03        -5.3936627069261764e-02        -2.1967619653556281e-03        -3.7931380778484250e-02         1.3195697053052603e-02
85                                     1.1438442064835987e-01         1.3181936036384806e-01        -1.3413964521303715e-01         2.7938033771022396e-02         1.0812992219643826e-01         1.4628667194388227e-02         2.4658652619368924e-02         2.7350246016123797e-01
86                                    -2.4734982246212328e-01         7.6109213960134051e-02         2.7454121072362464e-01        -7.2040171713730325e-02         4.9556922631818344e-02        -2.1528777925778737e-02         1.0068276602870775e-02        -6.1732427824433356e-01
87                                     1.8800887339781964e-03         1.0716639298915894e-02        -1.3896327433182180e-03        -1.0898187010464680e-03         4.1361936702981064e-02         1.8180214871088974e-03         3.2115085301782499e-03        -2.0966873223219603e-05
88                                     5.9826782151178229e-05         6.3171342822445714e-02         6.5161394255268282e-04        -2.1368601484870382e-03        -5.4517085205064125e-02        -3.4209293240781004e-03         3.5586629527491406e-02        -1.4653683480488094e-02
89                                     4.4722256239293082e-03         3.2060865579947730e-02        -1.1814803378826439e-02         7.6295192118265099e-03        -2.5861785188698944e-02         2.9816942896078572e-03         1.7835195283209603e-02         2.9752611433832527e-02
90                                     4.5452480346595010e-03        -1.2949709280540577e-02        -5.5557701967255914e-03         2.1258348703479470e-03        -9.8960449921214860e-02         4.6773649703435812e-04         6.2867433174923146e-02         7.3509718094402288e-03
91                                     4.2537646708306745e-02        -5.6001748394083797e-02        -1.2984628195394401e-01        -1.4918043385141144e-02         1.5203166884066810e-01         5.6152107556459066e-02        -9.4951363675891742e-02         1.4173538754316917e-01
92                                    -1.0550240374990903e-01        -4.7015988842146299e-03         2.9916766886182861e-01         2.4413202043277661e-02         7.1136000146163517e-02        -1.1510806037078218e-01        -3.4588267043493680e-02        -3.1677437418536597e-01
93                                    -2.9577853166917320e-03        -6.7697956109462096e-02         4.2938604068374284e-03        -2.1755749938927676e-03         7.1016014980987710e-02         5.9435828776530876e-03        -3.4117325935790116e-02         2.9694576615762444e-04
94                                    -7.2336495301016774e-04        -4.4249107465175824e-02         3.9040429560317482e-04        -1.6539516613398794e-02         3.7496685902615269e-02         7.9333666999663766e-02        -1.3744461898337066e-02         1.2821365315011426e-02
95                                     6.5701127341489325e-04        -2.1826968832463441e-02         6.9034269996679611e-03         3.5695217573172920e-02         2.8959820899087954e-02        -1.7666281709013085e-01        -1.5463059989954575e-03        -2.9878861704977271e-02
                                                        48                          49                          50                          51                          52                          53                          54                          55

0                                      2.7638945913440832e-04        -6.7575611813513277e-04         2.2351847124339009e-02        -5.5783167878953694e-03         1.2924006901837697e-03         1.1292554490031179e-03         1.8884031838853003e-02         1.0577131274915606e-02
1                                      1.4705926964630274e-04        -4.2465699778957040e-03         3.3788032114840216e-02        -1.4178227804832494e-02         6.0578403198803437e-03         1.4856677132759542e-02         1.3590126107725723e-02         1.3384473970054793e-02
2                                      2.1367307588090182e-04         4.5319906619968077e-03         2.0082465472055045e-02         1.1230207608163923e-02        -1.1243299090310375e-02        -3.4322004664188437e-02         6.2744597929299513e-03         6.0595667951871554e-03
3                                     -5.6996147412978590e-04        -2.4437374471165505e-03         2.4992444883733880e-02        -2.7311124752000021e-03        -2.3208864166585456e-03        -1.4142844515419703e-03        -1.5929483928155689e-02        -5.5556693312537868e-04
4                                     -2.4596825274322909e-03         8.3705783973096991e-03         1.9293550537447877e-02         2.5249168976104765e-02        -2.6800701473537275e-02        -2.2871017838571501e-02         1.4001575854775850e-02         4.9234376965972522e-03
5                                      6.4210033413890054e-03        -1.8918806228400930e-02        -1.1518153569355998e-02        -6.5408044495220988e-02         6.3007614094214001e-02         5.2664858868674815e-02         6.4071171236806338e-03         2.3442140515689690e-03
6                                     -4.2986042179036143e-04        -2.5522760026349344e-03         4.5543970413466943e-03        -1.4502875571851003e-03         8.9426780865239225e-04        -6.0161364568236760e-05         1.1097616766530597e-02        -6.1100119235254864e-03
7                                      7.7158049191064391e-03        -2.1957048103508079e-03        -7.5326894304867220e-02        -1.9004137174056225e-02         4.3215095464912395e-02         1.3072822364382843e-02        -1.0078309075895600e-01        -4.7676787338115902e-02
8                                     -1.7516670801649960e-02         1.6211140143494333e-02        -9.4573611141226394e-03         8.0137599219727157e-02        -1.0046901129822748e-01        -2.9115456318416038e-02        -4.5369065294703831e-02        -2.1452039581461583e-02
9                                     -1.8429173392607882e-04         3.9835442823971208e-03        -8.9320901591148888e-02         1.9335619902223600e-02        -3.7743743115142706e-03        -3.3264642447992953e-04         1.3209149354352410e-02        -3.4894681893908347e-02
10                                    -2.1254952342353696e-03        -1.3984298455407296e-02        -3.2919165122293551e-02         6.8997246507328126e-03        -3.0619779078383487e-02        -5.3277697869384116e-03        -4.4660121191917916e-02        -1.0584522525064722e-02
11                                     3.9425211049996887e-03         3.4567816466552770e-02        -1.6946257638148943e-02         5.1307143186218552e-03         6.5445019926623910e-02         1.1660167588606956e-02        -1.9101258675839665e-02        -5.4545474376712167e-03
12                                     1.2673735928986525e-05         6.2925013802216639e-03        -1.0293328744515977e-01         2.2425566893440840e-02        -1.6243411031575700e-03         1.1163036957992149e-04         5.1398121969822165e-02         1.4597269011557966e-02
13                                    -3.9784363434559894e-04         2.2977260752346518e-02        -2.4065771346314782e-02         1.5396243330283809e-02         2.8119474294393015e-02         3.4694244337457126e-03         1.0860205137631473e-02         4.5856646748993228e-03
14                                     7.8128396371781629e-04        -4.5826376405363717e-02        -1.9023274572715340e-02        -1.8068601221063827e-02        -6.3930907113850882e-02        -7.7117108109803602e-03         5.2126551250467968e-03         2.3299930351855162e-03
15                                     4.7093371556811657e-04        -2.3010368189632781e-03         3.6855724997259792e-03        -1.1499234559790546e-03         2.7368062067289231e-04         1.3394941874032495e-04         3.0264889199323672e-02         2.7429258019168533e-02
16                                     3.2122546449659499e-03        -6.2544321701864358e-02         9.3771064948857050e-02        -1.3584597319493534e-02        -5.8295602399503228e-03        -9.5031250415807643e-04        -5.3445285591552781e-02        -6.1672732720017151e-02
17                                    -5.7305137488323533e-03         1.2413245862103141e-01         4.6053973474213764e-02        -2.6804536303656413e-02         2.1481290269226558e-02         2.7028527046446629e-03        -2.2891266224296585e-02        -2.7549712321641034e-02
18                                     2.4497940478465836e-04        -1.5508711390516415e-04         2.4052884275724769e-02        -6.2018833024457022e-03         1.3099189710021456e-03         2.2976866750970283e-04         5.5330515193446582e-03         1.2063408681923498e-02
19                                    -3.0580177379316693e-04         2.0642524795627285e-02         2.2795694255293215e-02        -1.5294324998278841e-02        -1.1793573087288435e-03         1.3983102670325398e-04        -3.4198377693720446e-03         8.9464370959854381e-03
20                                     1.4425746673232881e-03        -4.8206095939972889e-02         1.2803433038455828e-02         1.8023666072682944e-02         6.2574756306718769e-03         2.6963395395890338e-04        -1.7585240059822288e-03         4.2277030730549477e-03
21                                    -8.0274300278441175e-05        -1.0201597097934478e-03         2.6855823912965014e-02        -5.7352321029771761e-03         9.5556371481743407e-04         4.2813560212270004e-05        -2.1412642353791544e-02        -6.8265521820841972e-03
22                                     3.1879160758038332e-04        -5.2159264833350309e-03        -1.5771919836515016e-02         5.1434706441040095e-03        -2.5408547657280219e-04        -6.3058221935506394e-06         1.2335353535572054e-02         1.7514729725675760e-03
23                                    -6.6301060617053207e-04         1.4103795347625901e-02        -6.7976129644826714e-03        -2.3837846071184288e-03        -9.4208856848683779e-04        -5.8458660356241038e-05         5.3933963516331444e-03         7.4489851973378088e-04
24                                    -1.1395115350896518e-04         2.7101152691452241e-04         8.3526065881824952e-05         2.8063769543531424e-04         1.0796759305278373e-04         9.5844166457990386e-06        -4.4564046234567703e-03        -6.0856374194751418e-03
25                                    -1.0337590574965791e-03         9.0115074422055259e-03        -1.7977101362585319e-03         6.8519447098213219e-03         7.8898481496457572e-03         7.6679762719834453e-04        -2.7592183942285109e-03         1.1404052050229393e-02
26                                     2.3507748240965093e-03        -1.9747745114926503e-02        -5.2014332239647887e-03        -1.3834763402295705e-02        -1.6292615126651790e-02        -1.3446588023232138e-03        -1.5162535991821847e-03         5.1000321196836736e-03
27                                    -5.7603308897570212e-04         3.3306468045565061e-03        -6.9443354337685684e-02         1.5786055695664453e-02        -2.6015928821862665e-03        -2.7887172474506391e-04         6.2114542605224187e-03        -6.2380761033439024e-03
28                                     1.5269856014952616e-05        -3.7131561799479796e-04        -1.8484029606993198e-02         2.8311728902793969e-03        -2.3024397192632127e-03        -2.0214862518679909e-04         2.1932161890281651e-03         3.7517161294205023e-05
29                                    -4.7987438719667103e-04         3.1889665044493218e-03        -8.5719629847734371e-03         5.1725427632165824e-03         2.9728167723773995e-03         2.3106030644102338e-04         1.1234214602023592e-03        -7.1880681504012074e-05
30                                     2.4951643918149594e-04        -2.0818107500192029e-03         3.7811176477421847e-02        -7.8858408975430588e-03         1.3115686028601775e-03         9.1473490078869369e-05         3.8769505127246484e-03         1.0098274458179884e-02
31                                    -8.6521637669750395e-04        -1.1762029705024782e-02        -7.9600671797014754e-03         1.9252800226346876e-02         8.7601051921378844e-03         4.8817100531753246e-04         5.4452532004397479e-03         8.4940174716833777e-03
32                                     1.6906554692786926e-03         2.6961291474877382e-02        -1.0532959492158546e-02        -3.5957834636351063e-02        -2.0274116304529147e-02        -1.0871523152584074e-03         2.7278494457878182e-03         4.0851734865235715e-03
33                                    -9.0815413760151928e-06        -7.1964897607674811e-04         1.2555741647293847e-02        -3.0032968650278982e-03         1.1672296663571007e-04        -3.4526908027165409e-05        -1.0130338534815360e-02        -8.6165406302814909e-03
34                                     1.9408711893345603e-04         6.2520663615860084e-04         2.9703960938432677e-02        -1.0849441939320919e-02        -2.1440145121416529e-03        -2.3162816977929769e-04        -1.7839297278744087e-02        -2.0461971462931407e-02
35                                    -6.0321598788813842e-04        -6.0338170205147231e-03         1.5824491412672382e-02         7.1346056506354071e-03         6.0846498950149269e-03         3.0593626184848726e-04        -8.3343434292431628e-03        -9.5203515291790615e-03
36                                     6.2536917140096847e-04        -2.5604469207479992e-03         5.8803277633331041e-02        -1.5089622811708994e-02         8.7090217484785462e-04         1.5219035594042066e-04        -6.7036441936010917e-03         2.8316408384348813e-03
37                                     2.7101310026762027e-03         1.2045195968722743e-02        -7.5294338349063197e-02        -2.9549206213899670e-02        -3.7282671321843278e-02        -2.6964123621080723e-03         6.5247461435099324e-02         6.1060662921187746e-02
38                                    -6.4284151850756005e-03        -1.5522544430596825e-02        -1.1359253966312774e-02         1.0406201689599301e-01         7.5604662187702024e-02         5.6073675126713293e-03         2.9643594784799922e-02         2.7801763006866084e-02
39                                     2.1170169894105351e-04        -4.4098757216960228e-04         2.0164185805647744e-02        -4.1224588816933415e-03         9.9937917895038587e-04         6.7240656694464269e-05        -1.7318928921929901e-02        -3.6700088772578063e-02
40                                     4.1619873874525178e-03        -1.4274650343728853e-03         6.0812202440352757e-02        -8.1424062843692743e-03         9.8035905218591172e-04         5.2038544377811071e-05         1.0708333493444465e-01         4.4516435219182672e-02
41                                    -9.8014649501363127e-03        -1.0426905276375936e-02         2.5072653672933862e-02        -1.3144004397974371e-02        -2.8879184381175823e-03        -1.4640877404510108e-03         4.7119229987156001e-02         1.8892996638174453e-02
42                                    -8.9276731945193131e-04        -7.9173686369105446e-04         2.9438567477979009e-02        -6.5513915166620796e-03         1.6556293686955648e-03         1.5531785094462813e-04        -5.5064559859991515e-02        -8.1151514482087541e-03
43                                    -1.7040112411465157e-02        -9.1185578318960187e-04        -1.0964000916334033e-02         9.1050173074546845e-04        -1.0240182511656348e-03        -1.7725109582669638e-03        -3.9006361009154616e-03        -8.2471267997546414e-03
44                                     3.8587040976500696e-02         3.9401154984793534e-03        -3.2694198509655228e-03         3.8303503468867439e-03         1.9539890085229026e-03         4.3840571973694734e-03        -3.0584305419958041e-03        -3.8115655151024718e-03
45                                     5.5059228541640972e-04        -6.3277097944808714e-04         1.4477990964588003e-02        -2.9289194219124142e-03         6.5953176293537480e-04        -4.1745236847849643e-04        -7.2674880939321382e-02         1.0883328590471437e-01
46                                     2.6203264211232955e-02         4.6472921880331194e-03        -4.4771942342416118e-02         1.3825989963677182e-02        -2.7083843991470985e-03        -8.4274556873753558e-05        -4.5848125025752508e-02         3.9683452762738450e-02
47                                    -6.0711059494909778e-02        -4.4243017990816935e-03        -2.2779287134918589e-02        -4.7392227000790446e-03         2.7680593584526662e-03        -4.5353272952683589e-04        -2.1930033834708720e-02         2.0066882988285999e-02
48                                     2.2575053256494117e-05        -8.4972323721290051e-04         8.1706575536666763e-03        -1.6556772697574591e-03         1.6752123192126830e-05        -3.1029096563202693e-04         2.4573752147791657e-03         1.1212221673847521e-02
49                                     8.6780441013709474e-03        -8.4343105168125678e-04         7.1305431451503280e-03        -2.6936881202674081e-03         8.2040495202431707e-04        -1.0035331401873422e-03         1.4653344306844646e-02        -1.0345669101638385e-02
50                                    -1.9763393916656050e-02         4.1744224995673653e-04         4.6733946632683265e-03         1.9091723431765443e-03        -1.6677736738771229e-03         2.1528136548903580e-03         6.6466255751172262e-03        -4.4185065370052016e-03
51                                     6.8248004143864316e-05         3.8692924372226773e-04        -1.2170026064013422e-02         2.7159943885043630e-03        -6.4204348838842174e-04         6.5357300165791790e-05         2.2970094488946168e-02        -2.2498420513493930e-02
52                                    -2.4688124490167378e-03         2.8131137823399769e-04         4.4988446754848973e-03        -1.0628645065740487e-03         5.7138807608899528e-04        -1.0922218353521364e-04        -2.7925170510875900e-02         2.9761751586699373e-02
53                                     7.1033781274337732e-03         2.3711368689930906e-04         1.5257830499929863e-03        -6.6221853553934866e-04         3.3221251164293524e-04         3.7330596140301768e-04        -1.1897909054526533e-02         1.2724019957804250e-02
54                                    -2.0121986254491415e-03         1.5647766294160771e-03        -1.8431347644478294e-02         3.1100238074180907e-03         2.2387884097441965e-05         5.8143973750313734e-04         7.6591705245986366e-02        -9.5154813600451443e-02
55                                    -5.2111160565819943e-02        -5.0355988037611120e-03         1.6884880358633860e-02        -8.8839618710707721e-03         3.3899109371715685e-03        -4.0291149790591526e-03         4.7589226727998493e-02        -7.4773646160765345e-02
56                                     1.1675161658312384e-01         6.7751377732795937e-03         1.0402756456962094e-02         1.0894792656310772e-02        -8.1254873519435410e-03         8.5143014685846730e-03         2.2596471225455449e-02        -3.5080088934674770e-02
57                                     2.7102355071570616e-03         1.8246190217895363e-03        -1.5189352979318839e-02         3.0947126923251238e-03         1.2107450029884046e-05        -9.1103062770136567e-05        -1.1590191288059605e-02         1.5876332195925408e-02
58                                     3.5254914593948611e-02         2.6980038999224573e-03         4.1733930072453979e-03         5.4046586692818276e-03        -2.6905752663773067e-03        -8.9124195900270320e-03         3.2453000914059158e-03        -7.9103052610329030e-03
59                                    -8.0515772168883351e-02        -7.0375603717698814e-03        -2.6188709595148449e-03        -1.3328095210818590e-02         5.7397299812674543e-03         2.0690512785366381e-02         1.2240783022833431e-03        -3.1696129432687696e-03
60                                    -5.9720009913303261e-04         3.2330006533657301e-04        -9.1186658194553870e-03         1.9192080858361508e-03        -3.6223726251312171e-04         2.6462428897022175e-04         6.6436110330349374e-03         1.4279418171602380e-03
61                                    -9.9971092133900336e-03         8.9732440944159610e-04        -1.7695339827133328e-02         4.6670374387220038e-03        -3.9485709558724179e-03         1.9377067166494746e-02        -4.4575145000535551e-03         2.1032510430415676e-02
62                                     2.3007974998502621e-02         1.0792462395859696e-03        -8.9187909657060978e-03        -5.7640764911898136e-04         7.9101561255497735e-03        -4.3500533158480639e-02        -1.7952661292284589e-03         9.2661674316609436e-03
63                                     1.3287791465692119e-04        -1.1180783448045308e-03         1.4980251093299115e-02        -3.2760024780965195e-03         3.9226530841462732e-04         1.0937804925145642e-03        -2.6905123371373272e-02         1.1381525807052702e-02
64                                    -2.9540959607135390e-03        -1.4142741519442583e-03         1.7110727181638152e-03        -9.2574837468471869e-03         7.5191022701719089e-03         1.5478244391033522e-02        -8.7404616968756368e-03        -2.9269078302417710e-03
65                                     6.9671304264582569e-03         4.4763672498914489e-03         7.2067805089739588e-03         1.7410069461720450e-02        -1.4772819480839939e-02        -3.4705830732494267e-02        -4.5319951612844793e-03        -1.0826745007521794e-03
66                                    -3.3243392930921742e-03         4.5688396739780052e-03         3.8404146388648655e-02        -1.4304066880674747e-03        -6.0109803563202224e-03        -2.5019772675660633e-03        -1.4144040849415926e-01        -5.1971920126738451e-02
67                                    -4.1267770301111992e-02         7.5590350219623986e-02         1.4832578480328035e-03         1.8256292594182771e-01        -2.0489297096654180e-01        -5.1385737071114664e-02        -2.2709581107389068e-01        -8.6254449584756115e-02
68                                     9.2932069717465079e-02        -1.5307005251828515e-01        -1.2435596159635312e-01        -3.9892382827956530e-01         4.7561193989084111e-01         1.1924526333194180e-01        -9.3209298092240295e-02        -3.6057502695253048e-02
69                                    -6.5808725356638785e-04         4.9254566164567215e-03         7.5775061074820682e-02        -1.4751287161387775e-02         2.3438127659642611e-04        -5.2239776527910134e-04         2.2187445722699727e-02         8.6774442280889347e-02
70                                    -2.0228060154860703e-02         3.1858972388496448e-01         9.4877366188835466e-02        -3.3860496402246386e-02         4.7520206297448991e-02         4.7696458877094254e-03        -5.0583836928116112e-02        -7.7435493768875582e-02
71                                     4.5676782106638114e-02        -7.0957610672770133e-01         7.1315477394669671e-03         2.5281839280370040e-02        -9.5847041985046497e-02        -9.7227114215786021e-03        -3.1508407106532424e-02        -3.5238763516606562e-02
72                                    -6.2649913584058756e-04        -1.9115667892755542e-03        -2.3453639429030382e-02         7.3466734159426386e-03        -3.2281421804180943e-03        -6.6066553410083382e-04        -3.1736574129106215e-02        -6.4709739333874958e-02
73                                    -2.2308370448185250e-04         3.6312710022883090e-03         1.5678657197622720e-03         1.5756782134898652e-03         2.6714906147885915e-03         3.4659357246706764e-04         1.6913192967855713e-02         2.2492663616799993e-02
74                                     1.0165301858688790e-03        -4.2529614487931879e-03        -1.7634013872268729e-03        -5.8568125325838159e-03        -3.6258683656714653e-03        -1.9806680483536030e-04         7.2140874330645036e-03         8.6391769229128886e-03
75                                    -2.7547233411100901e-04         1.9258571522187148e-03        -4.8814852368094998e-02         1.0560502891009795e-02        -5.9777757984159918e-04         1.4530764934189125e-04         1.1135920836571420e-03         3.5012831845553302e-02
76                                    -1.6427057669605747e-04        -6.9691557738151173e-03        -1.9401110846825144e-02         9.0367210267532725e-03        -2.3631432234851995e-04        -1.7643999761555020e-04         2.0891541614366017e-03        -2.9706203413121372e-03
77                                    -1.4973977436572188e-04         1.7927850580491726e-02        -1.1225970484496714e-02        -7.3090776771524112e-03        -1.9357373469802422e-03         1.1206442422141976e-04         1.2204273413610593e-03        -7.7313598937011848e-04
78                                    -3.5710701981068885e-04         1.2405659295341837e-03        -3.0873926464317449e-02         7.0589198088423389e-03        -6.4037092746763570e-04        -4.6558317891139855e-05        -2.1014654099815077e-02        -2.3322304506827932e-02
79                                    -6.2604337343125712e-04         4.2174978745022516e-03        -1.6121367111609337e-02         3.2434632120561043e-03        -6.9507716805501413e-04        -1.4847320179030258e-04        -3.0658448781566462e-02        -3.7662956365229962e-02
80                                     1.9948865840820068e-04        -8.4019054924938750e-03        -6.7172566032176993e-03         4.5098009667132195e-03         5.4669823536866724e-04         6.9658748467443571e-05        -1.4241893089810968e-02        -1.7408904029280345e-02
81                                     5.5915016315644523e-05        -7.0764792829614608e-03         1.3831826223293495e-01        -2.0070370090283930e-02         1.2501206039862408e-02         1.0050028898189688e-03         1.4476139470035409e-02         7.0174256745541147e-02
82                                    -1.9617457243268927e-02        -2.3622247432041638e-02         5.3365228912554769e-02         2.6286148745145610e-01         1.9959609239382708e-01         1.4017543008788061e-02         8.7274387637671993e-02         1.2783374563577818e-01
83                                     4.3012498779125261e-02         5.4649552113210910e-02        -1.0630076080031482e-01        -5.7457190542042325e-01        -4.3518799748799758e-01        -3.0347786773654670e-02         3.9006351214247843e-02         5.9796384933680793e-02
84                                    -9.2491504755731063e-03        -4.8092775669893676e-03         6.5332740782931054e-02        -1.4906960466076849e-02         1.8151074409169059e-03        -9.1109338982068937e-04        -7.2878742832824181e-02         4.2363754919443580e-01
85                                    -1.5069544441498875e-01        -7.0794173584688737e-03        -7.4326498247134276e-02        -3.4459107513165710e-03         4.4786044175844329e-03         6.1328222379139468e-03        -5.1148408683026544e-02        -8.8426383832157729e-02
86                                     3.3899094724778150e-01         2.6108143730999112e-02        -1.5903515745207458e-02         4.6877106352253846e-02        -1.4293039991268710e-02        -1.3616838725920451e-02        -2.4147707427397202e-02        -2.9608440471484830e-02
87                                     1.2251986730651479e-03        -1.5819668643368991e-04        -3.2368959749163790e-03         1.0150119232006239e-03        -5.7031880091134787e-04        -9.7616704009465672e-06         2.5907818650423457e-02        -1.8970261946203004e-02
88                                     1.2966537600504237e-02         3.7064620681822283e-03        -3.1154337662548635e-02         7.7710122041150841e-03        -7.2130337722120194e-04         2.2761296717309449e-04        -3.5566308843293169e-02         9.6510692086963171e-03
89                                    -3.1959075196272849e-02        -1.1599332133442877e-03        -1.6493613261445432e-02        -8.7432162829733588e-04         1.8445642514983139e-03         3.2242577595206138e-04        -1.6269196405160759e-02         4.8558165714689310e-03
90                                     1.4835046743679416e-02         3.1748154753157517e-03        -2.3335560151302066e-02         5.8652241314316317e-03        -1.1479612347782668e-03         2.3888245299602900e-03         6.9799625479469538e-02        -7.9864339843469703e-02
91                                     2.7299815752836742e-01         1.2230863790524750e-02         6.2394975552118960e-02         1.8491849338509499e-02        -2.0627360291270547e-02         2.6670248587724692e-02         1.4705543277936053e-01        -2.6852292675704537e-01
92                                    -6.1339174502437332e-01        -4.2588540162383143e-02         1.0928425080106207e-02        -6.9282539407209368e-02         4.4204809411933429e-02        -6.3468387513973185e-02         6.9435249155631207e-02        -1.2353362532840023e-01
93                                    -1.4768974824264460e-04        -2.2053350115614316e-03         9.1119944126136759e-03        -4.1125628391405862e-03         3.7780471073244437e-03        -1.8024225930983708e-02         2.7615846517155568e-02        -3.9122532367077092e-02
94                                     1.4543693724467642e-02        -1.2139990645382131e-02        -1.3453373715416760e-02        -5.2200809585447809e-02         8.9749129464173724e-02        -3.6633522568540078e-01         1.4443643020471320e-02        -1.4230341644472146e-02
95                                    -3.4578605801027666e-02         2.5626439359537088e-02         3.4248340168263766e-02         1.1892799961592242e-01        -2.0594882094385572e-01         8.3467072176229962e-01         5.7483742678965484e-03        -5.6075676297036060e-03
                                                        56                          57                          58                          59                          60                          61                          62                          63

0                                      1.2791002202556473e-03         2.9146565187950992e-03         2.5594899220036556e-03         2.1507312946407019e-03        -2.1294921396476040e-03        -9.6927587684059765e-04        -4.5335245796762416e-03        -3.9913898239640850e-03
1                                      1.9494210753496499e-03         6.7069863521543481e-03         1.3450347157386437e-02        -4.1570973521925840e-02        -2.7662667292818926e-03        -1.0290324590988758e-02        -9.6925843681966231e-03        -8.5076223446722276e-05
2                                      8.5547424264426455e-04         3.0556280226067796e-03         6.0066865192649269e-03        -1.8224351326188878e-02        -1.2584498062524706e-03        -4.5200775045024667e-03        -4.3729487396189613e-03        -1.0325951101112244e-04
3                                     -8.5219596791818435e-03         2.1802508402887659e-02         9.2708735659827266e-03        -9.1933595097801662e-02        -2.6608454979308851e-03        -1.0530522444339122e-02        -4.1533360860329235e-03         2.5950238197795416e-02
4                                      2.1854593396307279e-03        -8.6624623448085646e-03         1.3938702864069784e-03         1.9302764333734866e-02         4.7251957867765242e-04         3.1917866994518027e-03         1.3668142591395841e-04        -9.6323079492961362e-03
5                                      8.8289492728091498e-04        -3.4329617537079073e-03         8.5467762103890919e-04         6.2632155836175431e-03         1.2760883443617760e-04         1.1342507183353782e-03        -9.8844561831319441e-05        -3.6774733492963780e-03
6                                      4.4686342643566485e-03        -3.6878400725002487e-02         1.4712359468204142e-02         1.0229117704255641e-01         7.2052079577478202e-03         3.7454214566714438e-03         2.1899519047807056e-02        -2.5466323401264569e-02
7                                     -5.5102523964765024e-05         2.0621654223709884e-02         1.1504232070755002e-02        -2.6549495263800040e-02         2.8381793145297088e-03         1.0904928792837413e-02         6.0914932433082502e-03         1.3729763205414084e-02
8                                     -2.7665463042109313e-04         8.3783601501639243e-03         5.5221955123339475e-03        -9.0220986704824500e-03         1.4466733214572702e-03         5.0193492588558770e-03         3.3009768313077650e-03         5.4654383443355544e-03
9                                      1.0680186996288549e-02        -8.2264063069776100e-02        -1.0726022891921500e-02         3.2419361203383339e-03         1.2272834854247060e-02        -2.1461106286901200e-03         7.3612697937227257e-03         7.0728144198345310e-03
10                                    -9.5553305702780148e-03         4.3451768367534652e-03        -5.3045435901283629e-03         2.1582729685447571e-03         2.7182180568425304e-03        -3.7568736291377540e-03         8.5592576230638113e-03        -4.8127780716394541e-03
11                                    -3.5972729043581698e-03         1.3225506171076704e-04        -2.5570037575810161e-03         8.8623801235919539e-04         1.4651690088303129e-03        -1.6679625110391095e-03         3.8626635247294076e-03        -1.9189842330695603e-03
12                                     1.5824630788864421e-02        -3.2596091982416031e-02        -6.2243648018311240e-02        -6.0369904685663549e-03        -2.4429504310299805e-03        -5.9393052725524968e-03         3.3291441340618389e-03        -5.6057570717735657e-03
13                                    -1.4484685687178813e-02        -1.2233363573296425e-02        -2.4679357445590373e-02         1.2051372612138117e-02         1.4485885190947225e-02        -3.5317463938352766e-03        -1.0154063112428904e-02        -7.7958305685043323e-03
14                                    -6.4628128039168958e-03        -5.9595330161847969e-03        -1.2417953807363623e-02         5.6433249315408626e-03         6.4994395677651596e-03        -1.7557720907692051e-03        -4.4237165778403436e-03        -3.7371293859399276e-03
15                                     6.8267905830116465e-02         5.2406281626274316e-02        -7.3342524923028325e-03        -2.7209935377887125e-03        -1.2825168836882736e-02        -6.5811136384035622e-03        -4.9427442879624681e-02         8.8105194412507314e-04
16                                     5.2286673028924813e-02        -7.5372237339829229e-02        -2.6193533778650458e-02        -3.1378868306934475e-03        -1.3955905796614661e-02        -1.2750542343879174e-03        -3.0589022887145306e-02         4.7495174257544733e-03
17                                     2.5191631566704526e-02        -3.3935954943332673e-02        -1.2211602472909309e-02        -1.7359740539727557e-03        -6.5722488600559251e-03        -7.8635657497109156e-04        -1.5368699118427972e-02         2.2254458754079579e-03
18                                     1.7678760379530131e-02         2.4632156883952407e-02        -1.7487002619242591e-03        -1.2934634195154601e-02        -7.3680296380570715e-03        -4.9148835231370945e-03         2.4039782714896863e-02        -2.6963068865311288e-03
19                                    -5.2564672718253942e-02         6.0130218683250840e-03         1.8324026291115795e-02        -3.9635995247092491e-03         6.6414305319213301e-03         4.2038478718475518e-03         6.6488203481570335e-02        -4.5863413326743784e-03
20                                    -2.3839302494128800e-02         3.2094650487190426e-03         8.3845458024374275e-03        -1.9299204223285054e-03         2.9350804789507056e-03         1.8864281674008030e-03         3.0610081455454363e-02        -2.1196093044838229e-03
21                                    -7.1464632492875504e-02        -1.9958949218038508e-02         1.3324995894845660e-02         1.9381271808236004e-03         1.4292563175847778e-02         4.8603515301349357e-03         7.0224403875384964e-02        -6.2570222927789826e-03
22                                     5.5163689868888879e-02         1.2338426907336712e-02        -8.2627501410856320e-03        -5.7034081737226136e-03        -9.6314536328378601e-03        -3.2143967338534563e-03         3.6996114077141517e-03        -1.2587834141597016e-03
23                                     2.3994244691922455e-02         5.3111128013167298e-03        -3.5395062039339296e-03        -2.6088025853493843e-03        -4.1361745638645760e-03        -1.3834552474358908e-03         2.8438823671087660e-03        -6.8816548950334446e-04
24                                     3.4835714584257577e-02         1.0810462895793300e-02         1.0769361242742760e-02        -8.1128249387088774e-03         1.6986205977104715e-03        -1.3493722439310376e-03         3.2418912741359898e-02         5.7218201583109562e-04
25                                    -1.0966741892760369e-01        -1.5597210440266483e-02         5.9870205420645859e-03         8.0590814797484173e-03         4.7318478598375284e-02         1.8828588672547156e-03        -4.3283354631127875e-02         6.1342600440611374e-03
26                                    -4.9489602318456033e-02        -6.8265550220931847e-03         2.9302165873811075e-03         3.6125602009533407e-03         2.1546193528844043e-02         8.6069001566481688e-04        -1.9131343693242788e-02         2.7917071680062114e-03
27                                     2.1150577880332196e-02        -1.3680827371143782e-02        -1.3500770545158441e-02         1.7846447285319832e-03        -4.4419362171316000e-02        -7.7924164952440612e-04         6.8065876918334111e-03        -4.0600808813541561e-03
28                                    -5.6862220474273905e-03        -3.6803300734510346e-03        -1.7788562334391847e-03         2.4382992159112191e-03         1.6270617226122996e-02         3.8548630050771164e-04        -2.0513125915846173e-02         2.4590446663842916e-03
29                                    -2.2513008066256069e-03        -1.8800342604788057e-03        -1.0130854089909127e-03         1.1233417637909709e-03         6.7672976895775542e-03         1.5674818730276849e-04        -9.2882277659933100e-03         1.0645990605524802e-03
30                                     1.0630806065240106e-02         2.7282936594505165e-02         7.5105626864252007e-03         1.9708677442722942e-03         5.1621122418656046e-02         6.9757707211493089e-04        -8.8742842105528146e-04        -2.1935942646366660e-03
31                                    -5.8404308438418276e-02        -1.4468730653639458e-02        -1.5116165331257527e-02         3.5691904428818513e-03        -3.7929568525570473e-02        -1.3444417878406242e-03        -2.6827998794278697e-02        -2.4565349372003666e-03
32                                    -2.6323532102854173e-02        -6.1230352387560676e-03        -6.7531976188453932e-03         1.5944568465584990e-03        -1.6037479664842969e-02        -6.1697622856648809e-04        -1.2227549026783803e-02        -1.1404320641291421e-03
33                                     2.6840688873713200e-02         3.5873404514591288e-03         8.0238269232721874e-03        -3.4073026885345038e-04         6.7146302380686695e-02         1.6609971711343851e-03         5.9754362014361089e-03         2.0171413456234800e-03
34                                     8.5212552932020666e-02         9.5603452364126911e-03         1.1868621961020341e-02        -4.9317081308323128e-03         2.3390220032441497e-02         6.8809883362548575e-04         2.6065477145361001e-02         1.5417497119814953e-03
35                                     3.9162984373176876e-02         4.2690301539164725e-03         5.4395115062702724e-03        -2.2573986671529456e-03         1.1006929333806417e-02         2.9894846316731093e-04         1.1960868717582590e-02         7.2795634842757692e-04
36                                    -8.2678043549931426e-02        -3.0010975758055031e-02        -1.9148057219400751e-02         2.8649491935698957e-03        -5.6246787051571032e-02        -1.7712603972009375e-03        -1.8422726392674279e-02        -2.5859788469827396e-03
37                                    -1.7141321434065899e-03         8.7786296658169574e-02         2.9737702125592111e-02        -7.9067845257338506e-03        -3.5338245800044482e-03         4.1611684262396866e-03         8.4205528015300051e-03         8.7256844478573006e-04
38                                    -2.0809223566927177e-03         3.9479220206131732e-02         1.3211484332528643e-02        -3.5358133851128206e-03        -2.3780900418110145e-03         1.8763322911602193e-03         3.5668064871705514e-03         3.5080143874919917e-04
39                                    -3.7747966222233692e-03        -1.2276294206397973e-02         1.0181063437882844e-01        -4.0488130345152439e-02        -3.5616229652128779e-03         4.2970952196770745e-02        -2.6812061176718647e-03         3.7617001526205479e-02
40                                     1.8824413425634082e-02        -5.2396067400120525e-02         9.6875362077648050e-04         8.4500504143409977e-04         3.1651740666416815e-03        -2.0563217393689114e-02        -3.2029658940991340e-03        -1.2380480844598385e-02
41                                     8.2989783979617593e-03        -2.3501396599296481e-02         2.7036936078653814e-03        -6.0374678657682261e-04         1.3433141978525689e-03        -8.1552344973616197e-03        -1.4863233091380872e-03        -4.6268785238189995e-03
42                                    -1.7107876355320892e-02         6.3319350689438475e-02        -4.5046666864550604e-02         4.5560838305408954e-02         2.1670595329078661e-03        -4.3885702451992664e-02         4.6140334166092518e-04        -4.0824012619279031e-02
43                                    -4.3728220829142373e-03         1.7581249422129571e-02        -3.8274280740724607e-02         2.9569041007236219e-02         8.1732923145978200e-04         3.7946945840716728e-02         6.4346254734646089e-03         3.4477407736504678e-03
44                                    -2.3624500103522571e-03         9.2859706200333677e-03        -1.8007183334469809e-02         1.4150080033313719e-02         3.9836100913200658e-04         1.5815224228296711e-02         2.8790703365917623e-03         6.0719638289462449e-04
45                                     1.3184591946323786e-02        -1.8599097724950883e-02         3.3267562977137384e-03         3.0577303900436578e-03         7.1634663658486607e-04        -1.1876118940730920e-02        -6.4606987648304160e-03        -5.6694562155545400e-02
46                                     1.1342320174765670e-02        -3.9830036050823636e-02         4.6664834829856540e-02        -6.7595765122286142e-02         1.4032283149091927e-04        -9.8228900930096268e-04        -8.2888751997796575e-03         3.3631147503641692e-03
47                                     5.3260266036737180e-03        -1.8100391770558052e-02         2.0740260690959113e-02        -2.9901195213589395e-02         7.7380539818396914e-05        -6.9817256690624617e-04        -3.7971398305277583e-03         2.1627521837801412e-04
48                                    -5.1791804773657817e-04         7.4270758045972430e-03        -1.1475095679254626e-02         1.6850617022877327e-02         3.2479630792288349e-05        -8.9990310748195607e-02        -9.0703913350573414e-04        -2.4335731020524814e-02
49                                    -6.6338022066949958e-04         1.4644987995309862e-03        -1.0797716284114099e-02        -5.5243191000581013e-03         4.2281127753723971e-04         1.6571615690001661e-03         9.3061734088976736e-03         9.4074123537956272e-02
50                                    -3.2776807541195650e-04         8.4529210341205082e-04        -5.0875370536528439e-03        -2.0373060403045110e-03         1.8551565514895053e-04        -1.4206077481305575e-03         4.1437038563018388e-03         4.1256130558391439e-02
51                                    -8.0194322365985979e-04        -3.4510431745978986e-03        -4.7263004761164708e-04        -1.0935008151643760e-02        -2.2748874003560352e-04         1.5240315784966405e-02         4.7802080096347732e-03         5.4716807590328369e-02
52                                     2.0933905302680852e-03         1.1045289320098231e-03        -4.9685560847026239e-04         2.5078520488908077e-02         2.9672338457398836e-05        -6.8064824258443166e-02        -2.3176805029767942e-03        -4.7217900627322985e-02
53                                     8.9766048838576563e-04         4.0160948893526221e-04        -2.4039603869822492e-04         1.0918043781176912e-02         2.2978076048211966e-06        -2.9939888409910728e-02        -8.8507108847348589e-04        -1.9742451561290571e-02
54                                    -4.5711488513487577e-03        -1.1554046661667977e-02         6.0362256941074742e-02         5.9659077780517981e-02        -2.0291795430418527e-03         2.5761836969600178e-02         3.8427959758339093e-03        -1.1592066846599629e-02
55                                    -1.4806184079301867e-02         3.6248861692376670e-02        -2.6390250875730700e-02        -2.7237064390256058e-02         6.9882402951072602e-04         2.6053354824428804e-02         2.2179508560114781e-03         4.3053566079009259e-02
56                                    -6.6206994950614136e-03         1.5649909523021061e-02        -1.0191342092305267e-02        -1.0580132161312077e-02         2.5876370770544878e-04         1.2057747299623039e-02         1.1193939161448809e-03         1.9021042802744890e-02
57                                    -9.3594632867295582e-04         1.3088121942935028e-02        -5.4912183338465217e-02        -2.0673784232832348e-02         1.4226821924449033e-03         2.4986532012838087e-02        -2.8658148025758651e-03        -4.1772884781671460e-03
58                                    -3.5146023953857748e-03         1.2860296066002742e-02        -2.1828621761345673e-02         9.0284583146634113e-03        -2.9988809073301599e-04        -6.4606237087474518e-03         8.1142302574505401e-03         6.8487889671170810e-02
59                                    -1.5821055506909064e-03         5.9990300713863316e-03        -1.0938958806862286e-02         3.4805631166999751e-03        -9.5325702148942612e-05        -2.2516845593757388e-03         3.5184417656475434e-03         3.0128959145140705e-02
60                                     5.3963935053975339e-03        -2.0062261458940377e-02         2.9167633697109376e-02         3.0338480061433901e-03         3.7497235538832135e-05        -3.3553204502678293e-03        -2.4981899801676637e-03        -2.4285703225349932e-02
61                                     1.0063677888971074e-02        -3.6223394566447492e-02         5.3016252341288699e-02         7.0459416782033912e-04        -7.0898214697655130e-04        -7.8075944337259572e-03        -6.7910775506707091e-03        -5.6429607242870432e-02
62                                     4.5561581649000349e-03        -1.6450942853982894e-02         2.4134409870619704e-02         3.8830877811507186e-04        -3.1429799013779299e-04        -3.5155170773714583e-03        -3.0554825399090957e-03        -2.5417536111214157e-02
63                                    -1.3546593338093537e-02         6.0408571235418582e-02        -1.1403958291587855e-01        -8.7733375049768747e-02         3.8059544180113849e-03        -4.4777690816462995e-03        -3.6609780491162714e-03         2.1124588005301603e-02
64                                    -7.4377984733354488e-03         3.5347580744606477e-02        -6.4482950139648748e-02         1.1679986765717831e-01        -1.9994960229979142e-03         3.1120519923265623e-02         1.6324479888534610e-02         9.4521835530030438e-03
65                                    -3.6147136275587037e-03         1.7106529016302701e-02        -3.1196875087720510e-02         4.9535162511893001e-02        -7.8954201011509318e-04         1.3598899745605105e-02         7.1163209758080609e-03         4.6620079663329305e-03
66                                     2.6046991038700302e-02         1.5362094234924728e-01         1.4446381288322724e-01         3.2517525116615142e-01        -4.8448246783891286e-02         1.1180429634273874e-01        -3.0451690355734442e-02        -6.3484289077043463e-03
67                                     1.2837224768335351e-02         1.6896576855130818e-01         1.1171571679653189e-01         1.3544931057724885e-01        -3.8876607032520785e-02         9.4355146085765770e-02        -3.2124487958733343e-02         3.0838378887175145e-02
68                                     9.7863657804435136e-03         7.6264077231893213e-02         5.0881689991844732e-02         6.1958468648814297e-02        -1.8473956635830371e-02         4.2157235837617858e-02        -1.7337325542556192e-02         1.3488365689936341e-02
69                                     1.3427451831616211e-01         2.9395682967706638e-01         1.6888317630003505e-01         9.6633757169699297e-02        -9.4670501119550374e-02         2.7174470462202435e-02        -2.4292936026694900e-01         1.2264472996896529e-02
70                                     4.2929054509917484e-02        -1.3365319183889074e-01        -6.6807580920587639e-02        -2.3935349782249871e-02         2.5184597549574830e-03        -8.9244443556853268e-03         3.5975260269024848e-03         2.8800165897782371e-03
71                                     1.8942357453505428e-02        -5.0642060218406150e-02        -2.4550775987075450e-02        -3.9209701990069535e-03        -6.6639800168075039e-04        -1.3448058312884106e-03         2.1142261834232413e-03         1.2046488957759552e-03
72                                     1.2781947658357595e-01        -6.7665095815625492e-02        -4.6863185631523092e-02         4.9560351179659623e-02        -4.2153569809566138e-02        -4.1460951550753890e-03        -6.5242481875302172e-01         7.1310813808601117e-02
73                                    -1.1181733212567012e-02         3.0521651226901182e-02         1.2575795256012131e-02        -2.1959541235116928e-02         8.3893970003331327e-03        -1.5469001005885606e-04         2.4807819132391717e-01        -2.7513792690170246e-02
74                                    -3.0771034014214159e-03         1.0945230890280591e-02         3.6739350807418786e-03        -1.0042391701754862e-02         3.6369448249136353e-03        -3.7348892265165430e-04         1.0482742135800475e-01        -1.1599065793089799e-02
75                                    -3.1777197489409126e-01        -4.1326252979799478e-02         2.3250321313093975e-02         3.2706005023617764e-02         3.8152094138030113e-01         8.9108947766078830e-03        -3.5474035111100449e-01         5.5876923613785906e-02
76                                     1.4564286164592082e-02        -2.7785248749231965e-03        -4.0499678704124546e-03         3.4447050833049395e-04        -1.3020007889695484e-02        -3.9717680610936590e-04         2.5985886232266393e-03        -1.2407985649149490e-03
77                                     1.9850957067430799e-03        -1.9414600860709885e-03        -1.6098999519624092e-03         5.7067413029258712e-04        -5.6781827890055325e-04        -9.6933915333801066e-05        -3.9258868318667109e-03         2.1929605492889605e-04
78                                    -9.9013985261421841e-02        -9.0352487440665291e-02        -4.6033757302720704e-02         2.6058461382704977e-03        -4.2500600767828361e-01        -1.0890758715383222e-02        -3.2985100890546834e-02        -4.2138634831269785e-03
79                                    -4.8091655203558098e-02        -9.2625875228787249e-02        -4.6338959754254234e-02        -2.1713282436622962e-03        -5.0874243750468717e-01        -1.2919026625971516e-02        -1.3560422233119157e-02        -5.2199661551692650e-03
80                                    -2.1335721750571392e-02        -4.2236179717761869e-02        -2.1072743273959128e-02        -9.7406058305756047e-04        -2.3229123855146933e-01        -5.9127849163268546e-03        -6.2810604149990071e-03        -2.3318392543764978e-03
81                                    -1.7620987435941574e-01         1.1971890781477909e-01         1.6174203034634882e-01        -1.8469223174704112e-02        -2.2499271448538041e-01         2.1709123210599101e-02        -5.9561694671025692e-02         4.6748667060885166e-02
82                                    -8.5232599256072114e-02         2.3786195596443491e-01         2.0210332198361519e-01        -2.8103262446408064e-02        -1.5218312797562633e-01         2.6226588002065735e-02        -2.8675478497046197e-02         4.6669338864326164e-02
83                                    -4.2962435776288277e-02         1.1116660212897010e-01         9.5147938133094787e-02        -1.2725008294882743e-02        -7.4779676410862389e-02         1.2297971510942198e-02        -1.4297376944949890e-02         2.2070529754820649e-02
84                                     8.2393288324216288e-02        -1.6737751658918021e-01        -1.3800834590880934e-01         5.0856781261270148e-02        -2.0060331340164975e-03         5.4333887655214275e-01         2.8338369677640252e-02         1.5699665305500451e-01
85                                    -1.7086809314844711e-02         2.0670244082315499e-02         1.1040205190699763e-01        -9.2695277416369654e-02         1.3728703971024134e-03        -2.3611317317981975e-01        -2.3951559313933252e-02        -8.8291373474561563e-02
86                                    -5.7529556115823192e-03         5.5079926300284753e-03         4.5568213544381238e-02        -3.9776019994232636e-02         5.5557176818117702e-04        -9.2215004569646639e-02        -9.9328890473825582e-03        -3.5555592706592087e-02
87                                    -3.0072513619604454e-03         8.9302459871005869e-03        -2.5654274563355565e-02         1.3359834158630773e-02        -2.7641369324442984e-04        -1.0300063750795620e-01         1.3744612126003664e-02         1.0842396100054227e-01
88                                     9.9411644653000508e-03        -4.7144635020902305e-02         1.0109131049412574e-01        -7.8284704528934240e-02        -2.0343645911006550e-05         4.1684843686439438e-01        -3.8911697027842931e-02        -2.5844547688994773e-01
89                                     4.6853197967067009e-03        -2.1982074187870435e-02         4.5983539820599252e-02        -3.4957039366812589e-02        -4.2262515772232360e-05         1.8714343641991762e-01        -1.7224553433366992e-02        -1.1405610111142594e-01
90                                     2.7550963434227636e-04        -2.6496208520030175e-02         8.0492655728197082e-02         8.2861431236516736e-02        -2.9602415154340654e-03         7.1783182014071066e-03         1.1407307281047831e-02         4.6774797337503601e-02
91                                    -6.1685224424984059e-02         1.6514772940963718e-01        -1.6841052809957724e-01        -2.0560353832121017e-01         7.9209239198800817e-03         2.3732694202488527e-01        -6.8390229545117795e-02        -5.3460771698773402e-01
92                                    -2.7962876136587871e-02         7.4430495166690230e-02        -7.4698032519843999e-02        -8.9811185901983906e-02         3.4801420346127262e-03         1.0347867778276501e-01        -3.0079477211222304e-02        -2.3641249476618803e-01
93                                    -3.8276608325567988e-03        -9.6803729903607270e-03         7.1202215446884209e-02        -1.8831095204574381e-02        -3.8905859027199615e-03        -2.0071172778070665e-02         2.1602988566177994e-03         6.3875260713021409e-02
94                                     1.8062484443168206e-03        -2.2067123434990423e-02         7.9666632511197086e-02        -1.4301561105788192e-02        -3.9711562582210409e-03        -2.4820552349941898e-02        -5.6686113858367816e-04         3.5778004249991849e-02
95                                     1.2303177730056648e-03        -1.0801202525370670e-02         3.6853369789364307e-02        -6.3801792197882724e-03        -1.7550688990594528e-03        -1.1207398360669316e-02        -2.9285339590298350e-04         1.5661760147115636e-02
                                                        64                          65                          66                          67                          68                          69                          70                          71

0                                      1.8704148166581017e-02        -6.6892598285784710e-06        -4.4559943988538063e-03        -1.7798358304418643e-02        -5.2923750252456226e-03        -5.6962812885266246e-04        -2.0422731919236175e-03         5.7307565799237419e-03
1                                      3.5554061417915166e-02        -1.3376472753603495e-03        -8.4660076231059134e-03        -3.5349396744179987e-02        -9.1987850069029254e-03        -6.9004435281624192e-03         7.7908698821637246e-03        -8.9845421909684874e-03
2                                      1.6114471751130365e-02        -6.3616609641552191e-04        -3.8792021066822563e-03        -1.5973507096497988e-02        -4.1733751131655438e-03        -2.9858199246727882e-03         3.3657211793455787e-03        -3.8156798764168490e-03
3                                      1.0406950404447387e-02         1.2120511489514785e-02        -5.0660864101622514e-03         1.0680211589949938e-01        -1.7530264236651521e-04         5.0339931700190903e-02        -4.3158823118710221e-03        -7.1504572574359784e-02
4                                     -1.4828594757419258e-02        -7.6893782053048081e-03         7.3182390770495688e-03        -1.2231927898871632e-02         3.7370667828862968e-03        -6.4997591032874133e-03        -1.4522174909321414e-02         4.8144024278458042e-02
5                                     -6.3678898461970402e-03        -3.1414997591960956e-03         3.1859904393020826e-03        -2.8933413941197744e-03         1.6433971196598062e-03        -1.7536394154389475e-03        -6.4759326649247717e-03         1.9555104752065379e-02
6                                     -5.4220076778058526e-02        -2.1214191313544246e-02         3.6059627305258675e-03        -1.7703404677060120e-03         2.1217706552901696e-02        -5.2860433093638977e-02         2.7544424393465359e-02         5.9428261176038763e-02
7                                     -3.5476385175758088e-02         1.0783469679733678e-02         1.0270409399669099e-02        -6.6364581480092520e-03         1.2128068041709872e-02         1.1507352376851715e-02        -1.1293363194593857e-02        -6.6547342616484514e-04
8                                     -1.6674067355612453e-02         4.3616217957718221e-03         4.3943161434766356e-03        -3.1502448025165215e-03         5.7475195580400703e-03         3.9463289912298237e-03        -4.3561448895154918e-03         1.0538725229779088e-03
9                                     -1.1248685669274402e-01         6.6315147611011550e-03         4.8427555936525479e-02        -7.8272334419729472e-02         1.8471583095789500e-04         3.6750820047156005e-02        -4.7743378105448639e-02        -5.2150831610368299e-02
10                                    -2.5378780908639004e-02        -1.7903186950726221e-02         5.2226439132045640e-03         8.9523023071312227e-02         1.4822034297699922e-02        -5.3062632546554508e-02         4.2299222536867485e-02         2.4117239092949466e-02
11                                    -1.3692928141875950e-02        -7.6926146015343054e-03         3.3150192708805461e-03         3.7887307648399753e-02         6.6011062085088515e-03        -2.2568095219353282e-02         1.7753948384728296e-02         9.4485059937436510e-03
12                                     7.3781756686190622e-02         1.0677332884615458e-02        -4.4716500749749137e-02        -1.3720876588252039e-02        -1.0593565861171517e-02         4.0367465757822130e-02         3.9666231874282830e-02        -2.8558804394889080e-02
13                                     2.3148491973082115e-02        -1.6594066298916132e-02         1.6359597378155052e-02         1.8738381455246669e-02        -2.9434008449486185e-02        -5.6665608300480751e-02        -2.5506247736743735e-02         3.3494387092254947e-02
14                                     1.1698331637515767e-02        -7.4549478867543895e-03         6.5401839257400634e-03         8.3514861667678512e-03        -1.3519356733664977e-02        -2.5124048311629656e-02        -1.0876668197159892e-02         1.4838359577437598e-02
15                                     1.9333523952786255e-03        -3.4447430587938939e-03        -4.1728273021976056e-02         2.7378057357122641e-02         2.3306387845740833e-02        -2.5157021541084786e-02        -2.9297867236272799e-04         3.4339975475580757e-02
16                                     1.1986258700809393e-02         5.0133950738602898e-03         5.8425796530716268e-03        -1.3097156732581033e-02         3.0735066913135628e-02         7.2976622598498291e-03        -1.8015999083872931e-02        -3.5576369925460871e-02
17                                     5.1706763522893278e-03         2.0668128293308084e-03         2.4002314384611529e-03        -5.3257339184139205e-03         1.4415057755315971e-02         2.9467677751109909e-03        -8.0412638790236420e-03        -1.5599436557275867e-02
18                                     3.4543422893806180e-03         7.4541836200326516e-03        -7.8590259093941170e-02         3.3607712888472967e-02        -1.0087504210525016e-02        -1.7785699873883544e-02         3.3707613367127635e-03         3.7664946116764478e-02
19                                    -8.3731192523382701e-03        -5.0578925148467525e-03         5.9543008931816611e-02        -1.8201590126579580e-02        -1.1788587268170907e-02         6.3844566137072747e-02         7.0318896704679473e-02         1.0182665983919062e-03
20                                    -3.6972133185765536e-03        -2.1699379092570883e-03         2.5881670916495517e-02        -7.8101110323022700e-03        -5.5655506827514360e-03         2.8849435800077098e-02         3.2104556921832665e-02         1.0522287807105696e-03
21                                    -7.8888625350509358e-04        -3.6466826115039912e-03         4.2588650136706881e-02        -2.0919722187630656e-02         7.5499394445356846e-03        -5.2309417248945901e-05        -1.5712975980292615e-02        -2.2313655089401165e-02
22                                     5.7366898276508746e-03         3.8701626376591788e-03        -3.9209373488239684e-02         1.2603003740693394e-02        -5.5632580240648133e-03        -2.5239597226486225e-02        -2.5442897529226922e-02         1.1522233450315309e-03
23                                     2.5516713086942405e-03         1.6571436011287312e-03        -1.7141990803203201e-02         5.4474739512509075e-03        -2.4144915492883305e-03        -1.1533565251757274e-02        -1.1879851381807058e-02         1.6018380444457044e-04
24                                    -4.2024714973754700e-02        -2.5289881286763081e-03         2.8347672700958299e-02         7.0711498278517373e-03        -1.5786508216698469e-01         4.9892738570239480e-02         5.7784667570251323e-02         1.0917820799805316e-02
25                                    -2.0202966470194497e-02         2.6220193657913891e-03        -5.7916030378111823e-03        -3.6603420378350485e-03        -3.0250664949407991e-03         2.7462021029360382e-02         5.2654725667229486e-02         4.5777606906534513e-02
26                                    -9.7684823965408854e-03         1.1766896768949356e-03        -2.2554054451327274e-03        -1.6050144946992142e-03        -3.7495090874811363e-03         1.3234356662354908e-02         2.4790603535856496e-02         2.0979802990699858e-02
27                                     2.8365394801082161e-02        -2.3526670146078147e-03         2.8121048998641339e-03        -5.9375876221172607e-03         1.0223470753933049e-01        -1.1395875679961675e-02        -1.5637285003740918e-02        -4.8176676160785054e-03
28                                     2.3803726300269151e-03         3.3536084983185567e-03        -1.4897905296823751e-02        -4.3167298727940073e-04         4.2417430814498643e-03        -2.1287636601000300e-02        -3.1100738233518936e-02        -1.7224177805834611e-02
29                                     1.4764975778958004e-03         1.4850721797849346e-03        -6.7091205794074906e-03        -2.6923690465692615e-04         3.4399079742669764e-03        -9.8553811416128359e-03        -1.4378556549452802e-02        -7.9137254766038102e-03
30                                     2.4261109222492888e-02        -1.0572174970355579e-02         3.1307122843743755e-02         9.9349772172480817e-03        -4.7194539012858770e-02        -1.0140690021375100e-02        -9.5179674858158377e-03         2.7985710465838535e-02
31                                     6.7755302798478800e-02        -1.1403792492946910e-02         3.5138921744095615e-02         1.2409974781843490e-02         5.6161329182531756e-02         1.1735036216175049e-02        -4.2922667478251996e-03         8.0281229760722946e-03
32                                     3.1277047512649522e-02        -5.3496273250247823e-03         1.6569054565445659e-02         5.8007111800033031e-03         2.5157668174580764e-02         5.3001975712718870e-03        -2.0158035483189285e-03         4.0737478799903583e-03
33                                    -1.2497812281421775e-02         5.1228153464378092e-03        -8.4029875334801947e-03        -7.9417776495474424e-03         3.6086800229914638e-02         9.1178979186730576e-03         8.5863545657330342e-03        -4.4584258943128029e-03
34                                    -4.4527751026804778e-02         8.3817406548127148e-03        -2.2873025458499362e-02        -9.0534503762705592e-03        -1.1326620489836507e-02        -3.2613980277838308e-03        -3.2131113305757333e-04        -1.0501567743583034e-02
35                                    -2.0574301515909828e-02         3.9048091155722783e-03        -1.0584841306446668e-02        -4.2066883846101320e-03        -4.9350110585763525e-03        -1.4801670104304838e-03        -9.7085253353250742e-05        -4.8292678534941945e-03
36                                     4.3857231173349727e-02        -5.8138914852590888e-03         9.3303404315768640e-03         7.1762963352966624e-03         2.5469473873854367e-02        -1.0988246726310401e-02        -1.7937887116583548e-02        -1.2419955685094193e-02
37                                     3.1167817946806314e-02        -2.1483320960645315e-03         2.6828040705138962e-02         4.3292570430254708e-03        -2.5194300215186486e-02         2.0051351936109931e-02         7.4859922156615142e-03        -1.2175653081115347e-02
38                                     1.5117882017234869e-02        -1.0844025806292284e-03         1.2498475838724869e-02         2.0959659680088076e-03        -1.1120169671841814e-02         8.9556981915810598e-03         3.0805320220627787e-03        -5.7528022869015802e-03
39                                     4.4673627471735193e-02         5.4606503237424567e-02         1.0363715083312292e-02         4.6685855172975133e-02        -2.1852521409762315e-03        -4.6539264331113397e-02         3.0431443794246699e-02        -2.3874823205289994e-03
40                                    -3.8240206124126267e-03        -9.9833054493820936e-03        -1.2575851914517673e-04        -3.8331070116119643e-02        -5.5910108898131680e-03         1.7797115528152999e-02        -1.1458516712829813e-02        -1.7506888641032326e-02
41                                    -6.7065943208561348e-04        -3.1992310912869102e-03         2.5599131575824069e-04        -1.5868348935983993e-02        -2.5276421698574632e-03         6.7956278759830875e-03        -4.3915587549928159e-03        -7.8087088365809652e-03
42                                    -1.4072478062974833e-02        -8.7352666920559277e-02        -2.0393256764140950e-02        -7.8618828544582270e-03         2.5476756168872393e-03         2.9131114613244975e-02        -4.3208635577970327e-02         9.3022910831319389e-02
43                                    -9.5136305913492043e-03         2.8090349158209307e-02         4.7307018799418888e-03         2.4541823961969460e-02         2.8362731146328586e-03        -2.2346828365424785e-03         4.4729454479077359e-03         1.3984314399798244e-02
44                                    -4.5095339263943228e-03         1.0408888032973162e-02         1.5920000270474202e-03         1.0699347212496541e-02         1.3164950334128556e-03        -2.9211756702262508e-04         9.6260637709160292e-04         8.3615762276406155e-03
45                                     5.5857058544423631e-03        -6.3904607921390383e-02        -2.0018451680321011e-02        -6.7489685293077193e-03        -6.2193072506045723e-04        -3.7058116913970658e-02         5.1948231490849581e-02        -3.4968858309255509e-02
46                                     3.2400263302046414e-03        -8.7008903429856618e-03         5.3802184712959424e-03        -3.0227471779844257e-02        -2.2198772899720050e-03         6.3253608022232968e-03        -2.3177089106101681e-02         2.6404583358011637e-02
47                                     1.5752098366438297e-03        -5.2519781881308313e-03         1.9230323383926710e-03        -1.3538876099507501e-02        -1.0047635595066657e-03         1.9575008462134245e-03        -9.0881803704476235e-03         1.0875758555774759e-02
48                                    -7.3764234410645128e-04         2.4748004259542961e-02        -2.6460232148381614e-04         1.1974286071572599e-02        -9.5032233532634696e-04         3.5442264851411547e-02        -9.4828748224773836e-03        -6.7592042774145975e-02
49                                     1.1179572071211088e-03        -1.9023541851995347e-02         4.2589302652355611e-03        -3.3249098236516283e-02         1.1916808775563339e-03        -9.9712539238779475e-03        -1.8544909161770505e-02         7.7510987460529701e-02
50                                     4.9251266162816292e-04        -7.6872862308766153e-03         1.9092763503736436e-03        -1.4491321636684314e-02         5.0201869372684129e-04        -3.6667121264451733e-03        -8.4394549024032345e-03         3.2918187009494650e-02
51                                     3.9017638942586840e-04         1.2934899691742181e-02         8.2437517196568728e-03        -1.1644725305720884e-02         2.2686157119036030e-04        -1.0301866881373023e-02        -5.6966715031289920e-03         3.5155241484242865e-02
52                                    -9.5467532742352979e-04         5.7026982915259997e-02         8.3863313469403310e-03         1.8929277480772628e-02         4.0728402591608053e-04         7.4257600270264982e-03         1.4039840101451875e-03        -2.4015613848265213e-02
53                                    -4.0050941206269897e-04         2.5661336383951114e-02         3.8874329215963710e-03         8.1525374531328364e-03         1.7648738738231028e-04         3.0617891125348452e-03         4.9131943659406476e-04        -9.8890251117806863e-03
54                                     3.3086337709840132e-03        -2.1942239065371513e-02        -1.3031758412589012e-02         4.7082898192887447e-02         1.0180478853012830e-03         3.7630315889199982e-02        -2.4185800192966334e-02        -4.8133163672270797e-04
55                                     2.9199002842980422e-03        -4.2974160502716442e-02        -5.6155750207583345e-03        -2.5506297271501981e-02        -6.0773221584692241e-04        -5.0848837809267619e-02         4.7793996675405750e-02        -1.4783403316084976e-02
56                                     1.4070015549901909e-03        -1.9651837523330638e-02        -2.8435436504676234e-03        -1.0206141691847999e-02        -2.5034183291869149e-04        -2.1647318958547278e-02         2.0625293273545980e-02        -6.5934697054622383e-03
57                                    -1.0749996513323191e-02         1.9222338599054551e-02         1.3670694583282230e-02        -6.5247590040045780e-02        -1.8046724747928717e-03        -9.7835323945876448e-02         8.5064882292208960e-02        -4.7994395661063609e-02
58                                    -1.0844589925638570e-03        -5.5427201636649076e-02        -1.2281923226080011e-02        -3.8958412597389276e-03        -8.9778316889854736e-04         7.3744302535510009e-03         1.3465385389817048e-02        -7.7774251486190812e-02
59                                    -7.2771506602553973e-04        -2.4007788644388860e-02        -5.1171632162336370e-03        -3.2475763025460250e-03        -4.4219366619684488e-04         9.5337639938401872e-04         7.9701763148984188e-03        -3.5519669267813136e-02
60                                     3.9337717851541405e-03         1.6469660327070298e-02         2.3147839352555041e-03        -1.0836262622009239e-02        -1.1278101779756650e-04        -1.4992030279776199e-02         8.0865925837899505e-03         1.4191547042000001e-02
61                                     4.3545837923404003e-03         3.6371371496354284e-02         5.3027113930378747e-03         1.4592311850512307e-02         1.1931609577095106e-04         1.3547488467137920e-02        -2.1468056379120835e-02         4.2361362164994094e-02
62                                     2.0201603167646961e-03         1.6358239672538546e-02         2.3556741417416331e-03         6.2730187298010963e-03         4.8140164736294711e-05         5.7612207930414520e-03        -9.3748583525534619e-03         1.9048510743303961e-02
63                                    -1.3701606916024277e-02        -3.8463500313324953e-03         1.0980839129843175e-02        -2.8932548631026230e-02         1.9466809261239630e-03         5.5321295087544298e-02        -6.5786235056737016e-02         3.6293450952506516e-02
64                                    -1.5743702643133871e-02         2.7262448503985324e-02        -6.8514212246837585e-03         7.1308812077446548e-02         3.5751826063901509e-03         2.3386117339523102e-02         1.5027720017058901e-02        -7.1838629705195375e-02
65                                    -7.2588570625982379e-03         1.1940087994742114e-02        -2.7634419182246245e-03         3.0809567009980113e-02         1.6321789644312735e-03         1.1616228233105817e-02         5.0914342403670680e-03        -3.0856815161895663e-02
66                                     3.0522203482696114e-01         1.0775768440285691e-01        -1.2554437982773672e-01        -3.4662054001822240e-01        -1.0375732608486518e-01         9.1997246631300059e-02        -4.5647113397199221e-02        -2.2463248849587204e-02
67                                     2.3953509284313806e-01         1.1192688910818417e-01        -9.0904187078468493e-02        -2.6688413041267567e-01        -8.3415161469092072e-02         1.2584340576954392e-01        -6.8151062264878048e-02        -6.3842410247257841e-02
68                                     1.0704377839185759e-01         4.8927344130674413e-02        -3.6213105468173003e-02        -1.2074323284622868e-01        -3.6999128910435955e-02         5.4884008644123940e-02        -3.1966619574980967e-02        -2.9361182207467126e-02
69                                    -9.1904226434252154e-02        -1.2807254709630150e-01         5.9830056504445495e-01        -8.7630240738319262e-03         4.5971921033897682e-02        -1.8200867278206509e-01        -2.4513342673841235e-01        -1.6402301449578169e-01
70                                     3.1131695217193962e-02         3.0980899776419574e-02        -1.2506252952158275e-01        -7.6619445933527285e-03         2.9321278880690253e-02         4.4062906195528918e-02         3.5492107832542884e-02         1.5600531094101375e-03
71                                     1.8592236925574050e-02         1.4537920702324758e-02        -5.2362852899498248e-02        -8.8240073090975445e-03         1.2166556785334117e-02         1.8635818058737888e-02         1.1272003260276395e-02        -2.0455222220066610e-03
72                                    -5.3156515908635391e-02        -6.5867348930800963e-03         9.4598239225827135e-02         1.4997456810507199e-02        -2.1998051274337131e-02         2.4958236882783169e-01         3.3292751830176454e-01         1.0157927103385479e-01
73                                     2.3546460470942131e-02         4.7397650734624826e-03        -5.6646272865396211e-02         1.1582695570381246e-03         2.4716427206208282e-03        -1.0843943182101941e-01        -1.4101974016105975e-01        -3.9633602501577152e-02
74                                     1.0602802069460800e-02         2.7845475566223295e-03        -2.8463519055117219e-02         1.0565204166357027e-03         8.6603336690047191e-04        -4.5343998375381556e-02        -5.8660777149043032e-02        -1.5746364250370140e-02
75                                    -1.0119656251694013e-01         6.5380278040342299e-02        -2.6039929465660527e-01         1.3242264775555228e-02        -2.6365653089893065e-01        -2.4049553466469956e-01        -3.3357512964510910e-01        -1.9703045731011726e-01
76                                     8.2193981137677376e-03        -1.1391742854137419e-03         3.2341351121867984e-03        -1.7230520267361850e-03         2.5679643581586090e-02        -4.8618600864178867e-03        -8.6325152627219608e-03        -4.2828406527741633e-03
77                                     2.4433947208179034e-03         3.6581539063616872e-04        -2.0906179652762703e-03        -5.3061416138712990e-04         8.1800617265768826e-03        -5.6443827607878813e-03        -8.7138338368894681e-03        -4.7490060543173146e-03
78                                    -4.9584811144401733e-02        -7.7903650412529625e-03        -3.1779261934654357e-02         2.7524886420996396e-02        -2.5375028590237575e-01        -8.2376572441797760e-02        -6.5422420475628823e-02         6.8417179727873192e-03
79                                    -8.5869284670706217e-02        -5.1352845196928620e-03        -4.8441267103048316e-02         2.8231260284898536e-02        -3.1883457365790896e-01        -1.0070496754047414e-01        -8.0177462907707484e-02        -4.3756857338159746e-04
80                                    -3.9847485557493852e-02        -2.2167135753092186e-03        -2.2612001111876345e-02         1.2925636636496284e-02        -1.4724078062844481e-01        -4.6620725172536570e-02        -3.7129385395132594e-02        -2.9129295214883077e-04
81                                    -3.2861966676510190e-01         9.4300693251836293e-02        -2.4832766661606104e-01        -1.0585063298277510e-01         2.2616978639407190e-01         4.4705063463343818e-02         3.2311044290598015e-02        -3.6653176674121532e-02
82                                    -3.1280208732732701e-01         8.9728856840238763e-02        -2.0882792247739917e-01        -9.8591421026298823e-02         1.6157047272609315e-01         7.5222809406376490e-02         5.7294482780682936e-02        -3.2167313141944875e-02
83                                    -1.4958835141999305e-01         4.2700125709100860e-02        -1.0050936332885801e-01        -4.7178081943957458e-02         7.7469017840512952e-02         3.4906510064166500e-02         2.6672593396818562e-02        -1.5173709625700221e-02
84                                    -4.6082698509044139e-02         2.1978715483065228e-01         6.2389958800113082e-02         7.8901213602952769e-02         8.5628189893590875e-04         9.0376518451764296e-02        -1.1586968753747968e-01         8.3380387400667361e-02
85                                     2.5684914995233409e-02        -1.3467702099267945e-01        -3.0105814615522249e-02        -7.0896753673703489e-02        -3.1324548507139873e-03        -4.9053768961904790e-02         4.6349263139706276e-02        -1.6303197938825321e-02
86                                     1.0304292154928545e-02        -5.4603611402121000e-02        -1.1897321883760499e-02        -2.9653807973588700e-02        -1.3700675329532629e-03        -1.9808457491678443e-02         1.7963012354415202e-02        -5.2152840796881386e-03
87                                     3.2426738267845760e-04         1.4775016903788651e-01         4.2919499689913911e-02        -1.0529380225951587e-02         1.5236107943811762e-03        -3.1882484570788142e-02        -3.7678058633519185e-03         6.4012894014221375e-02
88                                    -4.7092210133179981e-04        -5.0495067197099119e-01        -1.3568151440013318e-01         1.2086461009648986e-02        -5.6832740443827339e-03         9.7957317353436948e-02        -6.6273001186835283e-03        -1.4761438054582265e-01
89                                    -1.4050375629905156e-04        -2.2595876909831181e-01        -6.0637426732656929e-02         5.3260996502300781e-03        -2.5506001911796495e-03         4.3701886363430378e-02        -3.2226692442041786e-03        -6.5060043405087531e-02
90                                     9.3395563900206882e-03        -6.0535007016333416e-02        -2.2994473597952435e-02         5.3331183685578119e-02         8.7812098372028115e-04         3.7408167592548211e-02        -1.6944410330732587e-02        -1.3838149428056837e-02
91                                    -5.1334586388437783e-02         2.6708731369965838e-01         6.5849505698966901e-02        -3.7896908276916177e-02         6.0151056484801914e-04        -4.9069471643920382e-03        -3.0895766044128851e-02         4.4294437090970702e-02
92                                    -2.2752023068532273e-02         1.2091483103984964e-01         2.9676104402584978e-02        -1.5757803372458096e-02         3.2385009257023190e-04        -1.7867609403842686e-03        -1.4180462036693242e-02         2.0137353631117204e-02
93                                     1.1752860936274499e-02        -8.5992590011531311e-02        -2.6666546523703396e-02         1.5682632808556646e-01        -3.6402139581869235e-04         2.1925736015844269e-01        -1.7736829835831655e-01         3.4150988798748602e-02
94                                     1.4783004726720913e-02        -6.0719450723262590e-02        -2.4039676464259099e-02         1.4660505513280400e-01        -1.2874032948609548e-03         2.1284806138887671e-01        -1.7075084716598143e-01         2.7039143215583927e-02
95                                     6.9679236181952554e-03        -2.7422987659986228e-02        -1.0991884398607868e-02         6.6692933990329398e-02        -5.5953634959073366e-04         9.7279671496005693e-02        -7.8145691340083326e-02         1.2754806922389662e-02
                                                        72                          73                          74                          75                          76                          77                          78                          79

0                                      1.1203689051323381e-02         1.6844319953746541e-03         4.9408188698706421e-03         1.2299277040207057e-02         1.2016830748964923e-03        -7.6971957199214649e-03         3.5331169392052333e-03        -1.3900609094586231e-02
1                                      1.3014703939830105e-02         5.1929895986634958e-03        -6.1708994223194152e-03        -5.3793079327835508e-03         1.5876862536593869e-02        -5.9339445405411036e-02         2.1503035330953744e-02        -1.9444270313787416e-02
2                                      6.0070047250096433e-03         2.3163125834272584e-03        -2.6203382637597999e-03        -2.0468576830546480e-03         7.0061004906597597e-03        -2.6287069192178405e-02         9.5354991703923558e-03        -8.8695374636734090e-03
3                                     -7.9910310926889494e-03        -1.3363731556785888e-02        -6.1877201670720972e-02        -9.5172670558033426e-02         3.7732933861745803e-02        -2.0008014051703753e-02        -3.9070729957798159e-02         2.1130694871975494e-02
4                                     -8.1717346463978900e-03        -1.3096571485122274e-02         1.5739196152263636e-02         4.0614633321060155e-02        -2.9760362705739705e-02         9.6068797740854139e-02        -1.9222869327282389e-02         1.0638405783846455e-02
5                                     -3.8021529743181588e-03        -6.0642527928040169e-03         5.5278247559744260e-03         1.5668848709279815e-02        -1.2198205359385131e-02         4.1847081985221878e-02        -9.3717990551702001e-03         5.1440297235972269e-03
6                                     -3.1167473149373650e-02        -9.8795920182925094e-03         4.1854638983279784e-02         4.6056966771206229e-02        -4.7382611664356422e-02        -3.0731204211725317e-03         3.9629770907877268e-02         3.6474580371605961e-02
7                                     -4.1273927155185734e-02         1.8808721643990267e-03        -1.8728363645609328e-02        -1.4065756011533679e-02        -1.5304094991548136e-02        -9.5889146189652615e-03         4.1180896569880741e-02         6.5232029492938381e-02
8                                     -1.8875904319760987e-02         6.9485096112088720e-04        -7.3602810515520809e-03        -5.1542337080814930e-03        -7.7496791939095123e-03        -4.2643060449561411e-03         1.9017776566765347e-02         2.9569892134129121e-02
9                                     -5.2460979506143458e-02         5.2614319484643728e-02        -4.3021424524488816e-02        -1.9721831912105088e-02         4.6640850397582076e-02         1.7506204639843783e-02        -2.6365923514287338e-02        -1.4889762324947419e-02
10                                     2.4915581267286296e-02        -1.4119169297163467e-02         5.3847474293558940e-02         2.7600304078298075e-02        -1.3889757212401465e-02        -7.3625401373730122e-03        -2.5514243441483241e-02        -7.6028432911492777e-02
11                                     9.7541372923101010e-03        -5.2104052750363986e-03         2.2897996621349316e-02         1.1728970961446501e-02        -5.3407011355195259e-03        -2.8810403515335146e-03        -1.1829543442841258e-02        -3.3909083513200038e-02
12                                     9.1439774183648168e-02        -1.0262559268386867e-01         3.0365569965064114e-02        -5.1065480851799003e-03        -4.1927078166816296e-02        -1.5353758516036998e-02        -4.6295912617810983e-03        -4.8151453741426251e-02
13                                     1.1256031342690774e-01         6.6157697833960735e-02        -4.5830082655186073e-02         5.1039507447842311e-03         8.1511568263202605e-02         1.3159374613512126e-02        -6.6984556196880338e-04        -1.8014795239210079e-02
14                                     5.2724380215336646e-02         2.8272557648171867e-02        -2.0263847479192906e-02         2.2662251736996217e-03         3.6276518780036363e-02         5.6745498788651214e-03        -3.9870925410190550e-04        -9.0588192914993846e-03
15                                     2.8268469246771608e-02         6.3441060903089569e-02        -4.3545492225073298e-02        -2.9830919022713658e-02        -7.5808219708630595e-02        -8.0407514462313649e-03         2.2888377603480441e-05         3.4498526269059165e-02
16                                    -1.2646348845549370e-02        -3.8974606636514232e-02         1.3011518578041167e-02        -1.1690786691725540e-02        -4.6268755098409296e-02        -7.4719566125974139e-03        -6.5831333942799799e-03        -2.1155327251876719e-02
17                                    -5.2907314666777779e-03        -1.6831063485634987e-02         5.3231212149613657e-03        -5.7461448348993570e-03        -2.2189076472500745e-02        -3.5428835351344612e-03        -2.9309811148145672e-03        -9.0429075596184464e-03
18                                    -9.7354823843228300e-02         2.6544242939148470e-02         2.5370293106881908e-02         5.0476644123385858e-02         1.3838243467871064e-01         2.0559819996193680e-02         1.2571829307228444e-02         9.4139579823908168e-03
19                                     2.4238905652055519e-02        -5.2246540470937769e-02         2.7432131334189088e-02         1.2345434042559134e-02         9.8020342042498196e-03        -6.6987424339847923e-03         1.7364340831754616e-02         6.9796056051353292e-02
20                                     9.5849544573532314e-03        -2.3342886917049374e-02         1.2853178240985473e-02         6.3883298468252895e-03         6.6001234520311359e-03        -2.7217726656091849e-03         8.0939633456245871e-03         3.1922763011784497e-02
21                                     3.4365019793154636e-02        -1.4938813208262059e-02        -5.9343768674314660e-03        -1.4400602724891879e-02        -3.6220247514372764e-02        -5.7707302511867554e-03        -3.8117745447576162e-03        -2.1686655015141997e-03
22                                    -2.6429985343399673e-02         1.0649266455675072e-02         5.0117523190481824e-04         4.0760952021587742e-03         1.2653923204302180e-02         3.4437762436590890e-03        -2.9987174519186589e-03        -1.7935803429795203e-02
23                                    -1.1481065959670762e-02         4.6200286535069369e-03         1.3348963495417529e-04         1.6213978892518604e-03         5.1788682504291944e-03         1.4779531034042218e-03        -1.4234489950635712e-03        -8.2155716736815598e-03
24                                    -3.9081132850681537e-02        -2.0585894283359665e-03         1.0962668715687979e-02         3.4719398449802237e-03        -2.2407765060384918e-03         2.6219748262892397e-03        -2.4414481218125166e-02        -1.1799077860249942e-01
25                                     5.0788520044776540e-02         7.6167008143922549e-02        -4.5623494540351021e-02        -8.9221887846408776e-03         1.6441402388444264e-02         9.7215508022120960e-03        -3.6358888118004458e-03        -5.2033276502377673e-04
26                                     2.2549542759438577e-02         3.4622971311969536e-02        -2.0603156245668410e-02        -4.0112214787547482e-03         7.4364280914708467e-03         4.4635766383871881e-03        -2.0111587777139829e-03        -1.9298747886537944e-03
27                                     2.2304135742814792e-02         3.7762289952396767e-03        -7.6325562690923547e-03        -1.6206325736449624e-03         8.4588790664753416e-03        -2.5827910918021902e-05         3.7774080349255636e-03         3.1534965680108801e-02
28                                    -3.9769079214858729e-03        -1.7881380608142105e-02         7.1132999941832167e-03        -2.0130860794298805e-03        -1.2084703285650951e-02        -3.0714376757854846e-03         1.6375687830984592e-03         7.8063604589434076e-03
29                                    -1.4883502951909789e-03        -8.0982088770945575e-03         3.1350953263354626e-03        -9.3397799116966263e-04        -5.3653024454254185e-03        -1.4017226843754422e-03         7.9973697958084201e-04         4.0086986079767893e-03
30                                    -2.3353086248491712e-02         7.6855891811276916e-02        -4.6070938780832245e-02        -3.8334684213944391e-02        -1.1896726402448611e-01        -7.9320118881101020e-03         1.4073854131796279e-02         5.0377893136786173e-02
31                                    -1.1530305863449145e-01         3.4238022798010359e-02        -1.7724293961324702e-03        -7.1231629923491219e-03        -4.2346145942766755e-02        -6.9930030887124878e-05        -1.8119503309260366e-02        -1.0328571022655145e-01
32                                    -5.3034152949089634e-02         1.6750052799132643e-02        -1.4761210257539686e-03        -3.8143266486218084e-03        -2.1079799759967748e-02        -1.5260323216083595e-04        -8.0837249702890752e-03        -4.6488769746280911e-02
33                                     1.3124687606899426e-02        -1.0012421113659437e-02         4.9092189049998276e-03         6.1610147169292809e-03         2.3480909873295111e-02         1.9913844092092890e-03        -3.9661022854566210e-03        -1.2223230992048343e-02
34                                     4.2756039373361837e-02        -2.4289371918474269e-02         7.4604497455487495e-03         6.0986342399126300e-03         2.3481062962089988e-02         2.0199839650736833e-04         3.3437316952269944e-03         2.2385610165062308e-02
35                                     1.9787877435383249e-02        -1.1183744097082872e-02         3.4266010403287599e-03         2.8446890137759128e-03         1.0978031118176376e-02         1.0535321757794742e-04         1.4952319943742655e-03         1.0145611890941725e-02
36                                    -2.1404784604687230e-02        -3.8749313192856273e-02         2.7708068052465892e-02         2.6601855190761019e-02         8.5975774158191298e-02         5.6944348535273928e-03         6.9049453066686852e-03         4.6322079764288461e-02
37                                    -6.3479154998709875e-02        -3.9879000981799917e-02         2.9072792924832429e-02         6.0822085941153450e-03        -1.0028750746128584e-02        -4.4422446642440007e-03         1.2291090878123558e-02         6.5238281057628023e-02
38                                    -2.9352275295137412e-02        -1.8755962378991884e-02         1.3678486663097183e-02         3.2122186267604011e-03        -3.0989214089406645e-03        -1.9215139756291176e-03         5.6947668399225382e-03         3.0484116057391458e-02
39                                     1.8538393246901520e-02         2.4106286257755408e-02         3.7068949925869177e-02         2.5977457075151804e-02        -1.4139503997710542e-02         2.7336959534573234e-02         1.2854291226770851e-02         8.2391317866234968e-04
40                                    -8.0507219024375590e-03         1.0197368422656601e-02        -9.3840087371070743e-03        -1.0682492499505716e-02         6.7300147313843067e-03        -1.2723347253084356e-04        -1.2168574939508998e-02         1.3667744420743035e-02
41                                    -3.1273044449647569e-03         5.0484258110005857e-03        -3.3063210314955419e-03        -4.1400882339412606e-03         2.6465286981422692e-03         5.6322611227044273e-04        -5.0850463338310966e-03         6.0846573071472853e-03
42                                    -7.7672553000963781e-03        -4.8954181674253347e-02        -2.6331939367986501e-02        -2.4333214465633055e-02         1.9790835451224391e-02        -1.2421099577453423e-01        -6.5969133241769746e-03        -1.4619833909758691e-02
43                                    -1.3736723005377299e-02        -6.4670578925450486e-02        -1.0448433501838618e-01        -2.0697769099283529e-03         5.0453698748992061e-03         3.1122052968423734e-02         6.0015808027083277e-02        -3.6490950379263454e-03
44                                    -6.2363213762003612e-03        -2.9736799990536276e-02        -4.6779567793965367e-02        -1.4801665062610561e-03         2.6839758319081057e-03         1.0915927342612741e-02         2.6429451228726617e-02        -1.9589328584397278e-03
45                                    -1.0749067981885756e-02        -3.4814354878253198e-02        -4.9979284898240578e-02        -8.9617244509666190e-03        -4.6303270656133507e-03         6.7746201481298174e-02        -7.6347273805990878e-02         2.0832782196068603e-02
46                                     4.2277127760643228e-03         2.2172841891568554e-02         2.8262391893506020e-02         3.5993808534302688e-02        -2.3361188035972836e-03        -6.5838961186035175e-02        -3.5349647556278613e-03        -1.0740117579616697e-02
47                                     1.6280121802746724e-03         9.0585327009939307e-03         1.1387277517825070e-02         1.5749559251531722e-02        -1.1465360365911028e-03        -2.7597408971851204e-02        -3.2846174740700619e-03        -4.2844281390707244e-03
48                                     1.4055756936723906e-02         5.9899602529232980e-02         5.5253160715433139e-02        -1.0180298907693565e-02        -1.6954166349530384e-03         4.0372979999123600e-02         1.1320649063446446e-01        -9.0677122375156759e-03
49                                     2.7463316115809585e-03        -4.7390503416915404e-03         8.0267745907663307e-02        -1.0192797785437371e-01         1.2152816515265936e-02         2.3582553873495775e-02        -7.1111949746457168e-02         2.7662064816384276e-02
50                                     1.5177977303862968e-03        -7.6717377424972261e-04         3.6831014472312386e-02        -4.5437495846281352e-02         5.3511869563344847e-03         1.1321867333790293e-02        -2.9075361952867442e-02         1.2078871678905515e-02
51                                    -2.7436644494939297e-03        -1.2016618164741503e-02         2.4221335012110626e-03        -1.0224398684152525e-02         2.9720341770565445e-03        -1.5289733424010710e-02        -2.9647517090836944e-02         3.1240929522800549e-03
52                                     8.3019226952472285e-04         3.7890531319690920e-03        -2.3523754470433495e-02         3.9603850300322173e-02        -6.2521006842611469e-03        -9.1859171263985236e-03         1.6867461294736527e-02        -4.0087095723211419e-03
53                                     2.9326882617174160e-04         1.4283077805636926e-03        -1.0405990676182020e-02         1.7353269124325339e-02        -2.7108834277397337e-03        -4.4216417325015642e-03         6.8354329064813559e-03        -1.7174891991715356e-03
54                                     4.8158631703874100e-03        -2.1786037214082269e-03        -1.5953096827785816e-02         2.3517850601073746e-02        -9.7088356398486052e-04        -4.0094306827547492e-02         6.2471252841803484e-04        -1.7270362511066116e-03
55                                    -1.7294852107467392e-02        -4.3938725220891685e-02        -8.1242647971909998e-02         2.3164234678568802e-03         3.2888613511758511e-03         4.5473920609176689e-02         6.6976002620999078e-02        -3.6697635283670045e-02
56                                    -7.5547109245802805e-03        -1.9515168123303710e-02        -3.6411108671186146e-02         1.6093165328692682e-03         1.4255614371186511e-03         1.9230176672238020e-02         2.9762266756018473e-02        -1.6316034753294364e-02
57                                    -2.3943118994395954e-02         9.9135736173046260e-03        -1.9799334071075154e-02         3.1503402840302050e-02        -4.9435333092218486e-03        -3.0808851397651038e-03        -7.8643258085491274e-02         2.5096784136912478e-02
58                                     6.3098867068900446e-03         6.2723046624260564e-02         2.0572009337580438e-02         9.5002672199888699e-02        -1.5822039037418790e-02        -8.6924429969405109e-02        -7.6401180254512119e-03         2.2397725657318856e-02
59                                     2.2197563855298930e-03         2.7958588248726053e-02         8.6033306596093439e-03         4.2720913953926611e-02        -7.1062181626537360e-03        -3.8501859149114012e-02        -5.1944015828502251e-03         1.0482882079524887e-02
60                                    -3.8252289936594555e-03        -4.3648181026547462e-03         1.0944730673162107e-02        -4.6875809662916511e-02         1.2108054154998115e-02        -1.6354389487182274e-02         3.9269986875672271e-02        -1.0355209918768456e-02
61                                     8.5255506844036076e-04        -2.2919531741233463e-02         1.3398851782152766e-03        -4.6075749669573611e-02         8.6707818327682023e-03         2.3009857220138555e-02         8.0727108202575081e-03        -8.0904392676995878e-03
62                                     3.1072619456696014e-04        -1.0228412843882987e-02         8.1507634644356012e-04        -2.1349803528964685e-02         4.0884861572203189e-03         9.8348494152764657e-03         4.3957573790754179e-03        -3.7943997221767064e-03
63                                     2.9393092896040772e-02         2.1257607662868154e-02         6.2609401947304938e-02         4.3926291612876173e-02        -2.8002850210211348e-02         9.2631541362555955e-02         5.6185725341024145e-02        -2.1750435102817472e-02
64                                     5.8144238628446135e-03         4.1512446613258244e-02         5.8016897298820813e-02        -6.7923209454919850e-02         1.1381722672084387e-02         1.4528391457967523e-02        -4.9727536210747873e-02         8.6718702677087717e-03
65                                     3.2757374890623166e-03         1.8822016171702503e-02         2.7100604128377934e-02        -2.8932296837263321e-02         4.3478792892587886e-03         8.5798622753000178e-03        -2.0681541771196920e-02         3.3319504515144601e-03
66                                     4.6129422368712827e-02         5.3981655764955089e-02        -2.1919234186020813e-02         4.4936636202050316e-02         4.5273922970292500e-02         8.6132830125961971e-02        -8.0278561229599879e-02        -7.6671518418740189e-02
67                                     1.3455867002579700e-02         5.1599424821408113e-02        -7.3304774350478052e-02        -1.9114348732745146e-02         5.6333253593634842e-02         5.9763216837876075e-02        -4.6153013827088654e-02        -9.0021043610740877e-03
68                                     7.6035751393816724e-03         2.2269397810154322e-02        -3.1938799401578517e-02        -7.6753476949715516e-03         2.5182710864622183e-02         2.7517402981766186e-02        -2.1581982946397540e-02        -5.9925464563092513e-03
69                                     1.3818569860979713e-01        -1.2624117957721903e-01         3.9276721078564676e-02         1.4545532113821995e-02         1.1249755313428475e-01         4.6549700173933225e-03        -1.6933368801812548e-02        -1.5117457253635308e-01
70                                    -3.0556269880186684e-02        -6.8534128222439566e-03        -2.8242727187983113e-03        -2.4076122957596938e-02        -9.8367492651902630e-02        -1.2427442783214280e-02        -4.3863287808416180e-03         1.4921995640595832e-02
71                                    -1.1828933497575928e-02        -3.8297925638017152e-03        -1.4387375859129102e-03        -1.0474401419410022e-02        -4.2224638776992521e-02        -4.6907253882785905e-03        -3.0424509427074979e-03         4.0244942115517926e-03
72                                    -1.7009126826973094e-02        -5.0971787131790770e-02         6.1038975575270708e-02         5.3279324509548066e-02         8.7261431395003294e-02         2.6265413573115675e-04         4.1669261341392975e-02         1.2655670148013551e-01
73                                    -1.1205597780214406e-02         2.1474190854894281e-02        -2.0285499857476415e-02        -1.7222523764361827e-02        -2.6471815656327655e-02         1.5814990505657223e-03        -1.7559201542975675e-02        -6.0400297124008372e-02
74                                    -6.1501052327526421e-03         9.9552298671635193e-03        -8.6965398118489436e-03        -7.2068181133219259e-03        -1.1345658284185468e-02         7.2566322086286639e-04        -7.3705066524965956e-03        -2.5208044008398798e-02
75                                    -7.8810290257142979e-02        -2.5487386177050925e-01         1.2713013381746702e-01         6.8005729069980283e-03        -8.1517498021950741e-02        -2.8381806577841319e-02         1.7249357818436114e-02         4.1583040005128566e-02
76                                     5.4290038465164107e-03         1.3866899497701453e-03        -3.8124795751437778e-03        -3.4104631225263340e-03        -5.1539067074574414e-03        -8.5663470704598632e-04        -6.3169628885201344e-04         6.1955892873108544e-03
77                                     1.1310376404894680e-03        -2.9361937414632772e-03         6.6785218701039177e-05        -1.4648649538052639e-03        -3.5518206751784355e-03        -8.0343058304835693e-04        -6.8410991481133526e-05         3.2903583597940832e-03
78                                     4.3780232716255231e-02         1.8062526813632775e-02        -2.1692698361556767e-02        -2.2261631824527034e-02        -7.1710596213222344e-02        -7.9267882573389736e-03         2.5883786530822933e-02         9.5135389741044366e-02
79                                     7.5356055188112267e-02         2.7252556144213512e-03        -1.9424233676469393e-02        -2.3291349421671874e-02        -7.4845118307979575e-02        -1.0277861848688069e-02         3.4298875760392478e-02         1.3451558011009215e-01
80                                     3.5053658586852950e-02         1.1141776230705167e-03        -8.9452758076860699e-03        -1.0782620015131104e-02        -3.4724701274448454e-02        -4.7797203213637797e-03         1.5922648165170597e-02         6.2429651384895042e-02
81                                     1.1173366103733288e-01        -3.0594968725019971e-02        -7.8302882373159667e-03        -1.0395991811366731e-02        -1.7029333886415973e-02         1.5219135990659836e-03        -3.3241009329893677e-02        -1.6669221236692613e-01
82                                     4.5291759138466073e-02        -2.9097498948361486e-02        -3.4482278684880032e-03        -3.1215390276594746e-02        -1.2286479112339302e-01        -1.0394742268310640e-02        -2.4736571255438856e-02        -1.3247725148003076e-01
83                                     2.3165706925112699e-02        -1.3687028472954412e-02        -1.9379554398469359e-03        -1.4515848704397922e-02        -5.6595085093323491e-02        -4.7089242788199365e-03        -1.1841465743183935e-02        -6.3423098645736961e-02
84                                    -2.2962405024536648e-03        -7.6653019906072562e-03        -7.1463623895868369e-02         1.0128891350541647e-01         1.0702518133560173e-02        -1.9857348992136001e-01         1.2286182939344542e-01        -4.9207996808929177e-02
85                                     1.7046128542395864e-04         9.3514033407737385e-03         3.8609395193948778e-02        -8.5634857855363625e-03        -8.3578758834975831e-03         3.4866936339464208e-02        -9.9428228422791629e-02         1.9281357989615021e-02
86                                    -5.0734632114316334e-05         3.7924849518416988e-03         1.5279004801703066e-02        -1.5623497375499471e-03        -3.4357161009832605e-03         1.0949239885518085e-02        -4.1435391803342547e-02         7.4447321126667647e-03
87                                    -9.1097689970442552e-03        -3.4039614978937101e-02        -3.2919631935747276e-02         2.1517151519730916e-02        -2.7297833558272387e-05        -4.3551404640216257e-02        -5.7217533042586734e-02         3.1629437112840626e-03
88                                     2.7717652196926956e-02         1.0176239662807933e-01         1.3353049200034819e-01        -1.0619991325996180e-01         1.0242607680901714e-02         1.0906310971047030e-01         1.4360697687483889e-01        -8.2619388330243196e-03
89                                     1.2293992772374552e-02         4.5090507708540950e-02         5.9499735638205958e-02        -4.7572151006610101e-02         4.6589486430303065e-03         4.8118257277979477e-02         6.3324903570142158e-02        -3.6634854426445223e-03
90                                     2.8226920422390442e-03        -9.7844909529061063e-03        -3.8634440120748514e-02         2.6971907103680109e-02        -1.5406481415461439e-04        -3.1396461245118468e-02         3.7599021705974414e-02        -1.4468722170488510e-02
91                                     7.9229850824272148e-03         5.6877804203105800e-02         9.5866919995509406e-02         7.0708437243205732e-02        -1.6775190705678129e-02        -1.1786924176330593e-01        -2.2148447389737291e-01         7.3040777456979622e-02
92                                     3.4924565094180699e-03         2.4716894114904138e-02         4.1366448722217369e-02         3.2493495026643802e-02        -7.5201016248237903e-03        -5.3587190888285660e-02        -9.8292149356049893e-02         3.2218558218192521e-02
93                                     4.4175226248446720e-02        -6.1072576189720916e-02        -1.4947405492251287e-01         2.9111587669273659e-01        -7.4640865427036004e-02         1.6625185507457918e-01        -2.5383460381813250e-01         5.1949410191049102e-02
94                                     4.5165923241288354e-02        -4.5006940350183662e-02        -1.2526905221472290e-01         2.5541582796082679e-01        -6.2132466813810995e-02         1.2258731582006284e-01        -2.4448762471268498e-01         5.6801037620353857e-02
95                                     2.0714722026146166e-02        -2.1113892710825980e-02        -5.7976929004369890e-02         1.1751177106473812e-01        -2.8682244461686351e-02         5.7076791700152396e-02        -1.1230981709479988e-01         2.6000402062729789e-02
                                                        80                          81                          82                          83                          84                          85                          86                          87

0                                      5.8496562500971626e-03         3.0741676290490249e-02         2.4918404614385031e-02        -1.5586183459525371e-02        -4.8584147532466336e-03         1.3674547838269295e-02        -5.7614427901340384e-03        -2.3724245478590365e-05
1                                     -3.7434418114055167e-03         5.9532292420403428e-02         5.4897231508727079e-02        -3.9579123350401112e-02        -7.2156050196840009e-03         2.2526178345634144e-02        -5.7457980135296920e-03        -4.8573025481127005e-05
2                                     -1.5294736480812514e-03         2.6940725278612014e-02         2.4757309957841884e-02        -1.7782295649367539e-02        -3.2895354686730250e-03         1.0242840015132067e-02        -2.6761043707419232e-03        -2.1004749845003937e-05
3                                     -1.0225326686958982e-03        -5.1899738910750476e-02        -5.2404919157310055e-02         4.8191319445745583e-02         1.0337021321018337e-02        -3.4611301270443963e-02         2.1900606420092754e-03        -5.0306967115612341e-05
4                                      1.7246918477784569e-02        -8.5669951881702525e-02        -1.0288727696780813e-01         7.4969934157394794e-02         9.4160148348583807e-03        -6.9283957339647650e-02         1.1821809485940736e-02         1.9616104667335090e-04
5                                      7.6085129857645815e-03        -3.8910811390039261e-02        -4.6554116931904588e-02         3.4138308645820750e-02         4.3941321131815069e-03        -3.1328499150478903e-02         5.2656531152321445e-03         8.5869460068034478e-05
6                                     -5.2271027564215394e-02        -2.9902245382834071e-02         1.0977271058527711e-02        -3.6559289100818099e-02         4.8316106381690794e-04         4.2427691099100495e-02        -1.9277212743832220e-03         7.7827190330370549e-05
7                                     -7.3032384332847602e-02        -6.0915554697770928e-02         1.4391721781765484e-02        -4.7385526499864786e-02         1.3564103162679891e-02         5.1451045943745125e-02        -2.6145260647816777e-03         9.3976701582388271e-06
8                                     -3.3340126831495794e-02        -2.7498043581121942e-02         6.5722622892163138e-03        -2.1687203039883227e-02         6.0148252943547347e-03         2.3621685365971718e-02        -1.1958321676417321e-03         6.6202787051251704e-06
9                                      6.4026141380659846e-02         6.3271399653097804e-02         1.2681436119722653e-02         1.1532168744808847e-02        -2.8014298219674562e-03        -3.1508095497975223e-02        -2.7098616783580794e-04         7.8097016744438875e-06
10                                     8.1251943088638354e-02         9.4056178624010583e-02         2.7968887378160882e-03         3.5865129953178622e-02        -2.9649564789122722e-02        -4.6909204299673289e-02         1.7669847560450975e-03        -9.6636964661648889e-05
11                                     3.7273668300482614e-02         4.2940425642212426e-02         1.5276728211594487e-03         1.6070781301028517e-02        -1.3238622832365004e-02        -2.1418280543927064e-02         7.7495649214642370e-04        -4.2403007686328625e-05
12                                    -5.9595828877177015e-02        -5.3830130690183622e-02         3.4677302633379876e-02         4.2154364794232936e-02        -3.0045368708573963e-02         4.4069602395700519e-03        -1.2461991176809076e-04         8.1697052659575765e-07
13                                    -3.4059368052170316e-02        -2.4341099573571983e-02        -7.3190456527419834e-04        -2.5915550275262761e-03         9.5080065106976974e-02         1.4970622520548059e-02        -2.3819515057256862e-04         4.8253739882465345e-06
14                                    -1.6419660874210072e-02        -1.1885739376397930e-02         2.2700577538847639e-04        -4.4148260332836382e-04         4.2675973751870669e-02         6.8496214756413451e-03        -1.0940322918497229e-04         2.2908482192492655e-06
15                                     4.9509786978407536e-02         4.1235526852170939e-02        -8.5773579973546302e-02        -8.1314882780676764e-02         6.1557468968122087e-02         8.6806548905008392e-03         5.0549080116344535e-05        -1.0447801233259021e-05
16                                    -6.7238498251574975e-03        -8.5377900289829601e-03         4.6110570015087324e-03         4.3176981638862657e-03        -5.2836742354050600e-02        -3.8337456974902651e-03         2.9566415234468325e-05        -5.2255012336391213e-05
17                                    -2.3528707112859481e-03        -3.2750192859235965e-03         8.2822555681597238e-04         6.9430210682342819e-04        -2.3057620996187970e-02        -1.5829173131912918e-03         1.6737450845199480e-05        -2.3626523991963230e-05
18                                    -2.6101257068493991e-02        -1.8206676544137015e-02         8.2889202898976222e-02         7.8078972416085995e-02        -1.2706746229370267e-02        -8.2457226097100399e-03         2.2868748123821521e-05        -7.0347090777218959e-07
19                                     3.0893654632205891e-02         3.2656555985234738e-02         2.4133442599039181e-02         4.2346162953937456e-02         1.1371488951713207e-01        -2.9740207874278781e-03        -1.3333422293849536e-04         5.2284961890910218e-06
20                                     1.3650867349232643e-02         1.4568386902928379e-02         1.2256090309568710e-02         2.0481235838772999e-02         5.1559348472004482e-02        -1.4776827452630042e-03        -6.1133263419414264e-05         2.9009053237267682e-06
21                                     5.1993634508601082e-03         3.0896515175319211e-03        -1.2428140524279657e-02        -9.4056651884371362e-03        -1.0187538473980027e-03         3.7709478937060623e-04        -5.0886102828713054e-05         2.8031049359738432e-06
22                                    -9.1670126450265933e-03        -7.2054889608307773e-03         5.3098684721218604e-04        -3.9119487217410005e-03        -1.4555907485744351e-02         6.6866710313860157e-04         2.9426511962564172e-05        -1.7498076551475009e-06
23                                    -4.1058210490051410e-03        -3.2397774282777554e-03         4.2681417030561790e-05        -1.9377132793763031e-03        -6.6596025264894490e-03         3.1332024725329083e-04         1.2524408403460668e-05         1.1748373622748984e-07
24                                    -3.5746212245123754e-02        -1.9540249554682265e-02        -5.4682070297412594e-02        -7.1924107491000672e-02         1.3712158845374986e-02         1.3796072881696191e-02         2.2422613034141375e-04        -1.1613334300573001e-05
25                                    -1.3010225061561185e-02        -2.7916416580404918e-02        -6.2587192425237670e-03        -1.6958511089693741e-02        -1.4236767103595366e-01        -2.9338162938801361e-03         2.0009373258948595e-05         3.5574994397437159e-07
26                                    -6.4250606674717227e-03        -1.2978737287700057e-02        -3.6298457325465005e-03        -8.7345893838231218e-03        -6.4586205037992284e-02        -1.1427458397964571e-03         1.1720115825189402e-05         4.6598531948958796e-08
27                                     1.3605778648508083e-02         7.0286281439452935e-03         3.3160405213663170e-03         9.7528233797376084e-03        -5.8104224927964200e-03        -3.1053490335900035e-03        -1.4579149869300154e-04         8.0412583219668545e-06
28                                     5.4872253155967259e-03         5.9768030818712426e-03         1.4773728155087057e-03         4.3700547446937259e-03         1.7827810615674160e-02        -3.6866862151909720e-04         5.7441741404471180e-06        -1.4449596413019229e-06
29                                     2.6933318389408979e-03         2.8226912404735001e-03         7.1582724833658485e-04         2.1246188827470486e-03         8.0315473212040928e-03        -2.1062799439321552e-04         2.1260849624511648e-07        -5.7004289884078758e-07
30                                     6.7793721569818291e-03         5.2258105583686742e-03         9.4142149371476830e-02         1.0462866232835707e-01        -1.8905190172425115e-02        -1.7411386243163480e-02        -1.3221531195667128e-04         7.0107651365363121e-06
31                                    -3.3048976881291124e-02        -7.3660041058864253e-03         7.2101469849573767e-03        -1.1949494604233152e-03         7.6035150083006028e-02         5.9218163884071163e-03         1.2200176266214913e-04        -7.6715648312384978e-06
32                                    -1.5018617240351155e-02        -3.3021918511274141e-03         4.6819273626560248e-03         9.9258435928043973e-04         3.4463549570636791e-02         2.4537199358631648e-03         5.3136535706411334e-05        -3.7622635992425197e-06
33                                    -2.7957588152774590e-03        -2.0520921709199862e-03        -1.1729526638495668e-02        -1.2161216712137537e-02         3.3738045638560307e-03         2.1088729949647910e-03        -3.5116769512718066e-05         2.4257164921167805e-06
34                                     8.2388070453399635e-03         3.0160474234538180e-03        -5.3984599278365441e-03        -1.9677122415514628e-03        -6.2343773292251855e-03        -5.9863691572245657e-04        -5.1624840557792172e-05         3.0221754506175858e-06
35                                     3.7367251668887123e-03         1.3495882482190927e-03        -2.5774580811031731e-03        -1.0191988184271982e-03        -2.8454738464252899e-03        -2.4989790970578060e-04        -2.4313104409660163e-05         5.6486397170822293e-07
36                                     2.5729797435522259e-02         1.0181200329696976e-02        -6.7220379647412676e-02        -7.2984780571175301e-02        -2.9275727332027358e-02         8.3060001853730286e-03         8.2189188745366283e-05        -3.7650871204142771e-06
37                                     3.5491999940941509e-02         1.6936716511909079e-02        -3.1510469417105967e-02        -3.3658275891395702e-02        -7.0289299482427028e-02        -2.3797727248508560e-03         3.7188186004689065e-05         1.2704997658627730e-06
38                                     1.6618504527476926e-02         7.8952929527536190e-03        -1.5488862212843735e-02        -1.6542330937055764e-02        -3.2506729001262641e-02        -9.5280272849505182e-04         1.7836796471367571e-05         1.7817455752747026e-07
39                                    -9.3665978126200190e-03         1.1547209591613275e-03        -8.9970640071391581e-05        -7.1082905853792205e-03         3.5179333113059047e-03         1.9109244754925885e-03         5.6656539963112680e-04        -4.4242957016784512e-05
40                                    -1.8330661578151916e-03        -2.2209586230839167e-02        -4.4093496524259275e-04         4.2521740838531480e-04         5.2997265593125471e-03         1.1954589644383888e-02        -5.5991515117911807e-04         2.3878288672301226e-05
41                                    -1.0438404739869680e-03        -9.8258044903299403e-03        -1.8413883633715668e-04         3.1026511068419793e-05         2.4210322644690604e-03         5.3424987468439697e-03        -2.3524496310010657e-04         9.3470445617086208e-06
42                                     8.8927175358763308e-03         7.7400224372512220e-04        -4.7642662751250071e-02         5.0554691891729703e-02        -8.0895316156487599e-03         2.3703833831972401e-02         8.3770585521601221e-05        -1.6858203580689157e-04
43                                    -7.5955726664022380e-02         7.6124123662799983e-02         5.7342541926157214e-03        -2.3378794787105275e-02        -2.5143787336395769e-03        -9.0017385820283638e-02         5.3883549075055856e-04         1.7229618495467736e-05
44                                    -3.3403372326582290e-02         3.3687782976141160e-02         1.4365462975802861e-03        -9.1763247579935234e-03        -1.2911609772021837e-03        -3.9270574445226136e-02         2.4152883856036792e-04         1.7737932720927241e-06
45                                     1.2876103065845317e-02        -2.6781561685828278e-02         7.3754730562733045e-02        -6.9438318331869142e-02         1.0900206145497412e-02        -5.3917858431270456e-02         8.5476104664997457e-04        -2.2683722522678519e-04
46                                     4.4821553048716503e-02        -3.6314398265160350e-02        -2.1499556737413741e-02         2.8553020583667786e-02        -1.5768338830106673e-03         4.7255978055294551e-02        -2.8277362726919009e-04         5.6950824409863522e-04
47                                     2.0137002199016464e-02        -1.6680033474215757e-02        -7.8510682562566332e-03         1.1061437453139748e-02        -4.4823588050045532e-04         1.9694473543829808e-02        -1.0588746947341466e-04         2.4821151430290303e-04
48                                    -7.2796061465583164e-02         7.4812950205197570e-02        -7.0707927950736188e-02         5.6328110592979833e-02        -1.1115211993177545e-02         2.5971469674191446e-02        -1.3521930262420478e-03        -1.1650308999242175e-03
49                                    -6.9771562285690800e-02         5.0128566904519611e-02        -1.7706052504536487e-03        -7.5565602524586238e-03        -1.4874954804919628e-03        -2.8288427734431385e-02        -1.3120877144970743e-03        -3.6640578108950075e-03
50                                    -3.2574890847297512e-02         2.3901878382898568e-02        -2.3580041419585416e-03        -2.1139334917908816e-03        -9.0256280027116117e-04        -1.1995706641338888e-02        -6.1142273045944589e-04        -1.6540094110546943e-03
51                                     8.5677810210752943e-03        -9.0548371477693484e-03         8.6671105030687260e-03        -6.4158333246565917e-03         1.2249520938839237e-03        -1.7430122503790013e-03         1.2334389423914214e-04         1.2330316189140716e-04
52                                     1.1596800781185338e-02        -1.1890028265580225e-02         1.5158077671804048e-03        -1.4564082342295322e-03         1.1288182705900306e-03        -2.2612394062450944e-03         2.6407916426137682e-04         4.2476585001042849e-04
53                                     5.3454133191692295e-03        -5.4713278379643505e-03         8.5143170383901587e-04        -7.9020614154620672e-04         5.2962658343742907e-04        -1.0386167396632291e-03         1.1902790338909186e-04         1.9292195742175562e-04
54                                     2.6034426108329092e-02        -3.4420213232923033e-02         2.9444439842918599e-02        -3.0692094486187337e-02         6.3390216973691436e-03        -3.7065209751136974e-02         7.7743570775501181e-05         8.3752808931231146e-02
55                                     7.4598176297731578e-02        -2.6165347729668588e-02        -3.9238506069431394e-03         2.5019895216275668e-02        -4.8964092276070374e-03         8.1357919757419558e-02         4.3306104552777247e-03         6.3741259687141571e-03
56                                     3.3684069307333843e-02        -1.2410287668537752e-02        -1.0585081740169639e-03         1.0366767393344797e-02        -2.0164250757806462e-03         3.5168413663638300e-02         1.9196668904437198e-03         4.7679488440166336e-03
57                                    -4.7471699515525753e-02         3.9827158553701870e-02        -5.8265716675703086e-02         6.0901281396161681e-02        -8.4868792443841320e-03         6.9971750210520905e-02        -2.2262677652177434e-03        -2.0225338136863444e-03
58                                    -3.3869492697977975e-02        -2.5387056022720272e-02        -8.2811106503285718e-03        -1.8086184475959347e-02         1.0052075620666436e-02        -1.0422705585623984e-01        -1.0052838206931172e-02         3.4967709564519838e-03
59                                    -1.6062950097705298e-02        -1.0310377204259012e-02        -5.0278473632657328e-03        -6.5724600816850628e-03         4.2498472320678382e-03        -4.4463851980129081e-02        -4.4882818338528403e-03         1.4923375924809149e-03
60                                     1.3678793910880796e-02        -1.4977833577079712e-02         5.8678298522958153e-03        -9.2806519688641200e-03         2.5242967867891404e-03        -2.3369251643872643e-02         4.5951907227218786e-02         9.6061646756062430e-05
61                                     8.4422425949274103e-03         6.5762388181957064e-03         4.2436177415557759e-03         8.3893512042766910e-04        -1.9356635035422066e-03         1.4487932587109332e-02        -3.6680559971056917e-02        -1.9837884528174743e-04
62                                     4.0168024720497854e-03         2.6011258860962161e-03         2.0055114626085255e-03         1.6822108701934892e-04        -7.9862441447964814e-04         5.8895113674204682e-03        -1.5130216869773151e-02        -8.3767365569051850e-05
63                                     5.2412705989758460e-02        -2.9249069205706149e-02         5.8084434439456087e-02        -5.3594539437497216e-02         4.2033622696768845e-03        -1.5185977760435678e-02         3.0720955272494142e-03        -2.9530840775237422e-04
64                                     4.7219461433527517e-02        -3.2537325218355971e-02         3.8394688401971876e-02        -1.4307078445444573e-02         1.4084784746191778e-03         7.8047888577970848e-02        -1.6953711906227444e-03        -2.6001240400672592e-04
65                                     2.2077484732288516e-02        -1.5076163565779344e-02         1.8308877003937674e-02        -7.5578121157533294e-03         7.1649302632418579e-04         3.4136653339299272e-02        -6.8009744288913450e-04        -1.1982730095474968e-04
66                                     1.1873469248726468e-01         7.0832362503557858e-02        -5.3142011515425892e-02         7.5859987536309542e-02        -1.8460510040568170e-03        -8.6444768949991826e-02         3.6901036997194917e-03         1.6265474284634830e-04
67                                     4.5578010347305575e-02        -1.5356744719691368e-04        -3.8197535533266519e-02         3.4835846673460173e-02         1.7039021321020781e-02        -4.1809088500970239e-02        -3.1302697896822350e-06        -1.4947995929227643e-05
68                                     2.1365673579871958e-02         5.7718574075171075e-04        -1.7252077255446509e-02         1.6884197254018438e-02         6.6129734810375087e-03        -1.9882681865799879e-02         9.4783652060862828e-05        -1.7070624480538271e-06
69                                    -1.3582621613218537e-01        -1.0990164917519468e-01         1.0317648623832174e-01         6.9555682085274725e-02        -1.3344444262121394e-01         3.7660940952453804e-03         6.9861694830788135e-05         1.3271828632017345e-04
70                                     3.3505235206840650e-02         2.4360012363654430e-02        -3.6720330646935515e-02        -2.7263715746131741e-02        -1.4926216199448067e-02        -3.6749787971970664e-03        -6.2951864746526947e-04         6.1642241736234872e-04
71                                     1.4270815914433821e-02         1.0031320964145387e-02        -1.5695352873738373e-02        -1.0780990590073548e-02        -8.5402663578321280e-03        -2.2590106553639867e-03        -2.8710949499190783e-04         2.8379784764224450e-04
72                                     3.5671314375857278e-02         3.6955046229475152e-02         5.4542754175852463e-02         6.7426767367960314e-02         1.2089941358546573e-01        -4.6813408935227436e-03         1.8094546361385882e-04        -1.5352091076244360e-05
73                                    -1.9488927499671169e-02        -1.7960612743938429e-02        -2.1092457027102926e-02        -2.9137636321153158e-02        -4.9782868250506075e-02         2.7074842027753859e-03         1.6052648393642327e-04        -1.0161850168165166e-05
74                                    -7.8611377027851381e-03        -7.2658378251286857e-03        -9.3226308616632357e-03        -1.2690780842355996e-02        -2.0681041216836032e-02         1.1564148112034711e-03         7.4853249890755722e-05        -3.5069762952553120e-06
75                                     3.1527162445210678e-02         4.3883031370705518e-02         1.4356893706594677e-03         1.4579549858672021e-02         1.6637589973189718e-01         3.3003188771946823e-03         4.7456257264365031e-05        -2.5132690815901661e-06
76                                     5.6777469517078766e-03         3.5484069411436609e-03        -3.3243150731511045e-03        -2.9576971776702283e-04         1.4720370886491950e-04        -8.7932705850908642e-04        -6.4562617649083979e-04         4.7223349622226906e-05
77                                     3.0034199646979238e-03         2.2449538989460917e-03        -1.4701295887188924e-03         9.0287407887508259e-05         2.5483062142048884e-03        -3.4716765584449807e-04        -2.9405972159870705e-04         2.1103542616996018e-05
78                                     2.1603236065005423e-02         9.5120521694710917e-03         4.5775152575138277e-02         4.9777848983130001e-02        -3.1933277078689405e-02        -9.3849875947336070e-03         3.0232560195447221e-04        -2.1128007666446005e-05
79                                     3.4395936359420731e-02         1.6049132477501372e-02         5.4180607816110796e-02         6.3258856501676688e-02        -3.7650609079965432e-02        -1.2546336750998683e-02        -1.2242900842999188e-04         9.6950408570860482e-06
80                                     1.5934045358400269e-02         7.4274160092425634e-03         2.5273670007277850e-02         2.9477578013612789e-02        -1.7513839180550279e-02        -5.8386333803758196e-03        -5.3033162282637752e-05         3.2028598568784531e-06
81                                    -7.6443761025542609e-02        -3.9266679619238340e-02         3.6558856107717773e-02         2.9168689649609444e-02         8.9139537521985779e-02         6.0721546895729740e-03        -6.8662073966576276e-04         3.3883362424874855e-05
82                                    -5.5954757449018379e-02        -2.5210106959625018e-02         6.8649596655467354e-02         6.5675902842169731e-02         3.5392817130936977e-02        -6.3045031859385644e-03         6.9769978486740585e-04        -4.1728178288513589e-05
83                                    -2.6957316759312289e-02        -1.2212065123054743e-02         3.2191975568697774e-02         3.0571706805696840e-02         1.7760399850414173e-02        -2.8019069973633857e-03         3.1144781690217878e-04        -1.9680593603838780e-05
84                                     4.8112612635489625e-02        -1.5774845128142992e-02        -7.2201936025579186e-02         7.3697603134142281e-02        -9.8975341731195217e-03         5.6779204174494211e-02         3.0734852110118893e-03        -2.3735164728031122e-03
85                                     3.9712670230191753e-02        -5.1300765127929950e-02         4.1704686665938420e-02        -3.1596864673878081e-02         7.8561665552495125e-03         5.5976227653068865e-03         4.8483914442978959e-03        -6.0896439318549002e-03
86                                     1.8711501984547369e-02        -2.3111518118837542e-02         1.6934286413766507e-02        -1.2412123648111622e-02         3.2686184191855661e-03         3.7276942255731979e-03         2.2127840366551370e-03        -2.7563837547193337e-03
87                                     3.3145430838107441e-02        -3.2674452947239849e-02         2.2485412770236884e-02        -1.6160457671779031e-02         3.7532466288090582e-03        -4.2348388554093296e-03        -2.5090561193836055e-04        -5.2439432329019426e-03
88                                    -9.6351032379667273e-02         9.9384413873799995e-02        -6.9255681401078920e-02         5.3271372171970387e-02        -1.2522317530011852e-02         2.5576021700011480e-02        -1.3566877192825303e-03         2.9480386594041594e-03
89                                    -4.2514011284091900e-02         4.3910248615693384e-02        -3.0550557800698198e-02         2.3498309149043307e-02        -5.5333795610244246e-03         1.1373837678032557e-02        -6.2709168275499032e-04         1.2588329330408192e-03
90                                     4.7484450761986645e-02        -4.5680209760975948e-02         3.0009024457101210e-02        -2.8233505220450893e-02         6.1717390434292375e-03        -2.7834226278543192e-02        -2.1085473528830076e-03        -9.4775880157369574e-01
91                                    -7.8867965721553163e-02         2.0068405495972889e-03         1.0703814545086428e-02        -3.0659412870310883e-02         9.4356020456976501e-03        -8.7881493234288829e-02        -2.5414380258563575e-03        -7.6294128602219236e-02
92                                    -3.3720043886650806e-02        -4.4755782951052116e-04         5.6518218904320558e-03        -1.4446449504643888e-02         4.3798943379910827e-03        -3.9821279012259965e-02        -1.1637725530224204e-03        -5.5821738204456399e-02
93                                    -9.4574917631978686e-02         1.6889398285580895e-01         1.4561506602257057e-02         3.3868400394487873e-02        -2.7054175473179343e-02         2.3181867448735066e-01        -6.5693181533164868e-01         5.1550709856916066e-04
94                                    -1.1541315331534069e-01         1.9034441026653284e-01         3.9797949432807928e-02         9.5464645602790898e-03        -2.7430542637916094e-02         2.3865992825381679e-01         6.5008363844300254e-01        -2.9441105248864357e-03
95                                    -5.2691066909373967e-02         8.7482725518705992e-02         1.8247073931054049e-02         4.6568896140399838e-03        -1.2670420570677344e-02         1.1049289902229614e-01         2.7188022360377417e-01        -1.2859975000495930e-03
                                                        88                          89                          90                          91                          92                          93                          94                          95

0                                     -2.4974625168463044e-05        -1.9752864345653048e-05        -3.5159820164126128e-05         3.1634585829561459e-04         7.0328584505260986e-05        -1.3324939008787097e-06         2.3954940409628348e-05        -3.1321264298657565e-05
1                                     -1.5671985299964156e-05        -6.2997792150481774e-06         1.1481359153575624e-05         2.9475523979696902e-04         7.1219802193123354e-05         1.2598817109145161e-04         2.6504948850422582e-05        -3.2739808671937315e-05
2                                     -1.0560607729705187e-05        -3.6893766344165661e-06         4.1588171825995026e-06         1.3723096539792381e-04         3.0234325367343107e-05         5.5436080238160987e-05         1.0265923720425619e-05        -1.6034707254879346e-05
3                                      3.0094313974937095e-04         6.9281583030872688e-05         1.2841674609043594e-04        -2.6454977876564098e-03        -2.8614209564168459e-04         2.3707051239893855e-04        -8.6008289808672117e-05         1.1621846086125804e-04
4                                      1.4632779217983426e-04        -5.1535364515544533e-05         1.4381933749053482e-05        -9.4954911164380905e-04        -5.0722882110465760e-05        -2.8787690272587615e-04        -2.0799813105402695e-05         2.4021105583935728e-05
5                                      7.2231698722237099e-05        -2.0905895713961915e-05         9.5575221373495516e-06        -4.8435435563477731e-04        -2.9114960141079801e-05        -1.2150042975763189e-04        -1.1887516018535647e-05         1.2122382914114818e-05
6                                     -7.4676895728143546e-03         4.8811570908998471e-04        -3.4685547332414672e-04         5.1303577080793673e-02         2.7945241348046332e-04        -1.2498086984110996e-04         9.4224084441242719e-05        -1.3042786934237198e-04
7                                      8.8246100788200270e-03        -8.2190731915001791e-04         3.7231821181524721e-04        -6.0170297085440923e-02         1.7664896236709336e-04        -5.0687366718259103e-05         5.0198958503359971e-05        -5.7501396253560729e-05
8                                      3.7191977728486527e-03        -3.5013888631393067e-04         1.5613992695172592e-04        -2.5329797752271063e-02         8.2760051955173603e-05        -2.5569238022137419e-05         2.2886035886817387e-05        -2.8098413143843173e-05
9                                     -4.9440422122188764e-04         5.2592329062363667e-04        -1.8415450709081214e-04         1.4086236598361849e-03        -4.8139176270076768e-04         5.5819584431373449e-05        -1.5167610983038947e-04         1.9263765105176153e-04
10                                    -1.1093527619778847e-03        -5.7780234254829180e-04        -8.1097338811691295e-05         3.3155839026285873e-03        -1.8525003434293003e-04         7.7800892182964179e-05        -9.9957038896134826e-05         1.0615671727236993e-05
11                                    -5.0607205886064692e-04        -2.5007079714059715e-04        -4.0329540822856896e-05         1.4931888377401217e-03        -9.1835423490948761e-05         3.5602795115671196e-05        -4.8074989776529292e-05         7.6874287768698915e-06
12                                    -2.5452415572414116e-03         9.7745953535813951e-04        -1.2699034523700112e-05        -1.6031523941550189e-05         5.4182993627782314e-04        -2.5887415174769263e-05         9.6613691500536849e-05        -1.3624419241895137e-04
13                                     1.8390527606792113e-03         2.5687980066839275e-03         3.7365543906668733e-05        -3.7207064887198680e-04         1.2890012136675320e-04        -6.8063713063436900e-06         7.9045525650203215e-05        -4.8601684879659371e-06
14                                     7.9212088965301434e-04         1.1816760592863970e-03         1.6625894185393936e-05        -1.6449868833549387e-04         6.6954717462755584e-05        -3.6957537691083420e-06         3.5989244925396219e-05        -4.7236728323470708e-06
15                                    -1.7639151072750478e-02        -4.5583005316574080e-04         1.9357222900867981e-06        -2.0953685673907210e-03        -4.5086937374286051e-04        -3.2355421378559637e-06         3.5829633174277987e-04        -1.7154755274673220e-04
16                                    -7.3289610684525705e-02         1.3624028262963703e-03         4.0383312252375674e-06        -9.7326334405696407e-03        -1.2298728291783509e-04        -9.7358212510179056e-06        -9.2615953110524135e-04        -1.2435417827009662e-04
17                                    -3.3730545129454205e-02         6.1511761171550831e-04         1.9388056910935124e-06        -4.4897351592881945e-03        -6.3004229469467715e-05        -4.4167177250198403e-06        -4.0995930470690949e-04        -6.0090871663715751e-05
18                                     3.9179523989208839e-03         1.6685623183829143e-04        -1.1879825086714877e-06         4.8423564013547394e-04         1.0996080638626044e-03         1.1436919103813845e-06         1.0111449424302303e-03        -1.7150268711081862e-05
19                                     2.8451120878951657e-05         1.9584177535765206e-04        -6.2125615171826140e-06         7.4286837978933395e-05         6.9592895142971708e-04        -3.0650086654333346e-05         1.5784609775167102e-03         2.7381869238674798e-04
20                                     7.5850770972907031e-05         9.0087043183190022e-05        -2.8269166844528585e-06         3.9938945412492937e-05         3.2978372335261728e-04        -1.4287267520272252e-05         7.3907726312339328e-04         1.2394221379608737e-04
21                                    -3.7295335038889838e-04        -1.0084826745013929e-04        -3.8942318035801796e-06        -3.8564030251755398e-05        -4.7634200159533399e-04        -1.2494237810145272e-04         1.9589320419886258e-02        -1.0252335613710147e-03
22                                     2.7821435663969795e-05         1.2815849368694325e-05         7.6661885339591176e-07        -6.8443805268573023e-06        -6.2689258616327969e-04        -2.9999858196600349e-04         5.1884467307237177e-02        -2.9915708138846691e-03
23                                     1.0353194467367737e-05         4.8886182224222420e-06         1.7961885278770743e-07        -4.3682317085992345e-06        -2.9304246389847533e-04        -1.3826937769515767e-04         2.3811588925908268e-02        -1.3703997446220327e-03
24                                     2.3539292486458527e-04        -5.1220310403144787e-04         1.4457666665275521e-05         3.7765555180220191e-05        -1.1334153988790403e-03         2.8621293200316168e-05         5.4582612721633199e-04        -2.6860999235904595e-05
25                                     4.5752617883162484e-04         2.0579048121625344e-04         3.3924405616333375e-06         2.1555180847362035e-05        -2.1209482859134402e-03        -1.6991645664733660e-06        -1.0064993139029881e-03        -1.0523098705665715e-03
26                                     2.1254994637516335e-04         8.9308572479915950e-05         1.6522109140720821e-06         1.0732740248521993e-05        -9.8326459596550088e-04        -4.7539021179355504e-07        -4.4781308015186011e-04        -4.7965839415995153e-04
27                                    -1.3388422477531001e-04         1.4371479050060343e-04        -8.9792305451097463e-06        -1.3509846532128923e-05        -4.1372539230771369e-03        -3.2350857788935084e-05        -2.6649602611227485e-04         2.0419846674116733e-04
28                                     2.0622471120420642e-06        -1.6592321850407338e-05         1.2367464667871625e-06         8.5172215489397028e-06        -5.4395776164014031e-02        -1.4410063286661849e-04        -7.8783663163148961e-04        -3.7048413651593481e-04
29                                     9.8311529512577514e-07        -4.8670431400016673e-06         3.6552981874277520e-07         4.2303836273066863e-06        -2.4736542697676531e-02        -6.5924529855771334e-05        -3.6065228394740263e-04        -1.6344725343544640e-04
30                                    -3.5807213860367853e-04        -3.6112249652205100e-03        -1.1271187902627351e-05         4.4704143167617251e-05         1.1462355048754201e-03        -1.5567316822100813e-05        -2.7957463699388542e-04        -1.4882172609943243e-03
31                                     1.1892799080565407e-04        -1.4866915948903892e-03         3.1314458779113830e-06         5.1983284646431214e-06         6.2445412769258338e-04         2.1109791413579037e-05         3.0636210265659857e-04         6.6423888457049600e-04
32                                     5.2601205692385732e-05        -7.3915843332351516e-04         1.3251092229458980e-06         3.3636567713289779e-06         3.0457659749932300e-04         9.6747028144662765e-06         1.3844735738955373e-04         3.1714777780392689e-04
33                                     6.3350765058517401e-05         3.9390776088449027e-04        -1.7427952252620796e-06        -1.2158397357728704e-05         2.1083276815239203e-04        -1.3551743087326825e-04        -2.5800765176302739e-03        -4.5529633597194190e-02
34                                     2.3834507111759122e-05         6.4295572578411069e-05        -2.3426273374104351e-06         3.7799077256198561e-06        -3.8935557392431685e-04         9.3927399969772970e-05         1.9487770512438883e-03         3.6361231731790081e-02
35                                     1.4430303709040333e-05         3.2980859662664851e-05        -1.0015018155912076e-06         3.2463298588098866e-06        -1.8452648808513366e-04         4.2404428184815928e-05         8.7660218471655703e-04         1.6333784410905758e-02
36                                     1.3568447732131446e-03         5.9649125144020411e-02         6.2143703117896132e-05        -7.9878792092883874e-04        -3.8493821157478924e-04         3.3672809756583213e-06         2.4276727671653327e-04         3.0287329545723745e-04
37                                    -1.5111594790704339e-04        -5.3701396647441300e-02        -3.6258370392440566e-05         7.2331579505845493e-04        -3.2909214731285176e-04         6.1230883687865777e-06        -1.3944549822416912e-04        -7.9682500882483510e-04
38                                    -4.9199915375536052e-05        -2.3554358898417668e-02        -1.5344146844351482e-05         3.1721719106532351e-04        -1.5314975495954802e-04         2.9411629641072304e-06        -5.7502087360074367e-05        -3.4969009361078372e-04
39                                     2.8883322912190678e-04         3.2115995529837898e-04        -1.7005856366604188e-04        -3.9892317180362382e-04         9.4660190440551382e-05        -6.8293362445263355e-05         6.8354739353215129e-05        -4.8403314834669759e-05
40                                    -7.2202089664653887e-05         4.7817447506217573e-04         2.8697455178759902e-04         7.0540812359965301e-04        -2.7810692039873835e-05         5.7224501172502127e-06        -5.9500814279009166e-06         1.4370388561141500e-05
41                                    -2.3466031034159463e-05         2.3081413177763002e-04         1.2318181582373182e-04         3.0287746250720073e-04        -9.8665548428018336e-06         1.0890376455946433e-06        -8.9615299883551580e-07         5.3393103246361586e-06
42                                    -9.2946117615683253e-05        -1.0708986484114731e-04         2.7821258881195084e-03         2.2925537986564893e-04        -2.9149534514692454e-05         2.3114117456557922e-04        -3.2601537144592425e-05         2.1625966910317821e-05
43                                    -4.6174886098702587e-05         7.7783156255099053e-05        -3.2305461801537655e-03         1.4289182503898884e-04         4.5370581050338779e-05        -2.9845082452981743e-04         9.8167064537964651e-06        -1.6541936418317284e-05
44                                    -2.2579562276109873e-05         3.2506091072522398e-05        -1.3623971414597881e-03         6.8569308759121840e-05         1.9984566192865962e-05        -1.2663135960702719e-04         3.6498887582414837e-06        -7.2610275202018932e-06
45                                     1.5286499369597379e-05        -2.4481887627639099e-05         3.4558650370003392e-02         1.6908595295228723e-04         3.2507688348023403e-05        -1.1168008057960866e-03         1.1058179041290799e-05        -1.4118713869578357e-05
46                                    -5.0685273526768157e-05        -7.1094585422467495e-05         7.0227480968802394e-02         4.8663909614236320e-04        -5.4952113848456456e-06         2.8256732589519495e-04        -2.4956307981785774e-06         2.2641769206858354e-06
47                                    -2.2164245797050841e-05        -3.2551625794061530e-05         3.1915537251588764e-02         2.2053028546957214e-04         9.2038254925234432e-08         1.0184560388433422e-04        -2.4072641993248925e-07         2.2925246205908389e-07
48                                    -1.8455123470042555e-05        -5.8041337940720304e-06        -4.0949877236703593e-03         2.1777554638299371e-05        -2.2222467573960180e-05         1.9084574720592709e-03        -1.5996161569576016e-07         5.1896511305476678e-06
49                                     9.5820697553270833e-07        -8.7460504840354182e-06        -8.2991508727877321e-05         6.1886904533781477e-05         3.0301772740128243e-05         6.2713990391871318e-04         1.1525105786475448e-05        -1.4298173422399916e-05
50                                    -6.6564983120300273e-07        -4.4643432505773332e-06        -1.2731631254726819e-04         2.9007686600001597e-05         1.4815905542439435e-05         3.2420466255654069e-04         5.5047605658901293e-06        -7.0485519157403499e-06
51                                     5.1465808078291558e-06         9.6322901025613661e-08         3.6340928022682626e-04         4.0292146624951936e-06        -1.3259098587528877e-04         5.9118274910231916e-02         3.3866547653436723e-04        -2.0239760834139724e-04
52                                    -4.5058037743681625e-06         6.5717254572329008e-07         3.4560152257917552e-05        -1.9777889905861790e-05        -4.9008192535490557e-05         1.0509978393898400e-02         5.0439219520347886e-05        -2.5170811702238177e-05
53                                    -2.0245643371666683e-06        -2.1641439161898895e-07         2.3806391768887553e-05        -7.0566780481814782e-06        -2.1499354508996698e-05         5.8814838266046309e-03         3.0261610756080029e-05        -1.6156956149273681e-05
54                                    -5.8877905980072592e-05         5.8079230598124255e-06        -7.2708120597639260e-04         3.3750919393145919e-05         1.2413413363532222e-05        -9.2068766875441838e-04        -5.5235816601579067e-07        -1.1485863018705223e-06
55                                     2.0835616102085994e-06         3.7064693061559056e-06        -4.1213216496833939e-04        -5.8689193908139850e-05        -2.2887370009895234e-05         6.9045394162739839e-04        -1.1792874241453223e-06         3.9619232185915257e-06
56                                    -1.9821755278338088e-06         1.2625751344439283e-06        -2.0119193037477874e-04        -2.5077383091184538e-05        -9.2397332715004880e-06         2.8576286298916776e-04        -9.5308288277354096e-07         7.0045637056493628e-07
57                                    -7.7895864962822916e-06         8.1689743819488092e-06         1.3818577817898735e-04        -1.4992508219124632e-04        -6.7571000408019857e-05         3.0691504753992019e-04        -1.9168799436089098e-05         2.4133660379290593e-05
58                                     2.0777763250467234e-06         1.6020478509711488e-05        -1.4343117279120606e-04        -6.2698544963807549e-05        -1.5238862276227898e-05        -2.2164818826598620e-04        -8.1001989541513870e-06         8.4322234678611200e-06
59                                    -1.1612413440411233e-06         6.6469320775292245e-06        -5.8573911655052776e-05        -3.1396388682100769e-05        -8.6221943600422696e-06        -9.0762718154011718e-05        -4.9175904242420339e-06         3.2119846695946037e-06
60                                     2.9578288789647520e-05        -4.2430830449006205e-05         2.0084849022577753e-04         7.5270036584485918e-05         4.9185583971399711e-05        -2.8829600866219249e-05         1.6260609961927636e-05        -2.0753454680202491e-05
61                                    -9.9478676068379338e-06         3.4780315631397221e-05        -2.8510038067153801e-04        -2.9049021331235375e-05        -4.5960761017680466e-06         1.2200644083471041e-04         8.4763851217771766e-07         1.8952237596975009e-06
62                                    -6.4430979693894420e-06         1.3844449636379707e-05        -1.2144834342888093e-04        -1.2064295580710437e-05        -2.2041645616436494e-06         5.3628040903149515e-05        -8.0262878832898990e-07        -1.0402527005420744e-06
63                                     6.1069051033167134e-05         3.9574319663383690e-06        -3.7271481873135594e-04        -2.2481667412895077e-04         8.6620314375992233e-05        -2.7753619087800502e-04         2.8276073786584500e-05        -3.1656255478716548e-05
64                                    -4.0496800132026471e-05         2.4377983659540981e-05        -3.4216280943278850e-04         1.8674901011650523e-04        -5.7248642688114890e-05         3.2735982515006670e-04        -1.2391604114353010e-05         1.9866479763149387e-05
65                                    -1.7833310751496774e-05         1.0127499720604493e-05        -1.6121762943387114e-04         7.7326660252637975e-05        -2.3910246515473921e-05         1.3830289361859796e-04        -5.6205360318885780e-06         7.4710722584212264e-06
66                                     8.0924833338018046e-02        -8.1066556903212125e-03         4.0961430266738654e-03        -6.0350084533840853e-01        -2.6079971709537072e-05        -1.2872013073793795e-04        -3.7720612151322774e-05         7.7023824570800418e-05
67                                    -9.5345893082052963e-02         9.3781426785768621e-03        -4.6285275725148024e-03         6.6877119321368839e-01        -8.9285611183460988e-05         5.6870014105956979e-05        -1.1901255477490861e-05         7.2950794421799134e-05
68                                    -3.9146666608904146e-02         3.9318590492805694e-03        -1.9457069994287485e-03         2.8103394748995764e-01        -4.3151654566916221e-05         2.2758040914955920e-05        -7.0415667498435534e-06         3.3901129724938575e-05
69                                     2.0651883410844699e-01        -2.1657497820215558e-03        -5.6232997006939673e-05         3.1015474798783381e-02         4.0114047190092792e-04         4.6396072296191150e-05        -9.3822642943529864e-04         4.9592888367838387e-05
70                                     8.3723400147637861e-01        -1.1257517257632157e-02        -2.1165471050905177e-04         1.1709265640341460e-01         1.1656458831661829e-03         2.5255556910547762e-05         2.7031512083627840e-03         5.9826882090939530e-05
71                                     3.8425097434912880e-01        -5.1516584268314078e-03        -9.7548865980034882e-05         5.3790623292765155e-02         5.2977784752203014e-04         1.1066591458268169e-05         1.1937056502545576e-03         3.4264634173294901e-05
72                                    -2.4593492984888586e-03         2.6650319951591867e-04         1.6962571531136123e-05        -4.1417463642365023e-04         4.9657271725781433e-03         1.9476571678694202e-03        -3.3019824821617377e-01         1.8450972458813573e-02
73                                     4.1144241591508073e-03         5.6571740259061740e-04         1.3378145027524835e-05         6.0170112604564176e-04         1.1212507894070531e-02         4.8047986302457045e-03        -8.2373549841090665e-01         4.6269066402148069e-02
74                                     2.0304338384401271e-03         2.5764270466901361e-04         6.0883954651330985e-06         2.9131679296368724e-04         5.1524019605807955e-03         2.2072212114821028e-03        -3.7847339584641604e-01         2.1262995585520150e-02
75                                    -3.7879459270798800e-04         1.3967741610496052e-04        -1.9152681410284125e-06        -1.2939710149891480e-05         6.4898962183278189e-02         1.7444682505866375e-04         1.2212761253314415e-03        -2.7249196819221962e-04
76                                    -1.4486759657591462e-03         5.8701615581984053e-04        -6.4227137526135113e-05        -1.6471366037720513e-04         8.7802588014068439e-01         2.1594181553534742e-03         1.2379428743557042e-02         7.0430970259485704e-03
77                                    -6.6208547441504021e-04         2.6841212441368345e-04        -2.9277241001762036e-05        -7.2986830768086792e-05         3.9944129866184219e-01         9.8260942691441393e-04         5.6394936636386525e-03         3.2058309621044796e-03
78                                    -2.7587393874398228e-04        -2.6510186899933431e-04         2.1854277312638721e-05        -8.5405073459483843e-07        -8.3880801287649631e-03         2.1868465233627538e-03         4.1387904716818164e-02         7.3707498478494626e-01
79                                     3.7729247222914787e-04         6.2812779924147693e-03        -1.1073968058330473e-05        -7.0913203238515827e-06         2.9662140606378173e-03        -1.6703228834564871e-03        -3.1807409844102609e-02        -5.6765377838517739e-01
80                                     1.7895087373828204e-04         2.8768938844414664e-03        -5.2614618818144946e-06        -4.3344005649316936e-07         1.2436223208708663e-03        -7.5024655099252872e-04        -1.4299064371668394e-02        -2.5525796308204585e-01
81                                    -1.1011807703842399e-02        -6.8324676113355298e-01        -6.4216497009569873e-04         7.7534757236303545e-03         8.9750971445362875e-04         2.9191182292542971e-05        -4.6763600877569215e-04        -2.1104262332396957e-03
82                                     8.7917359493590239e-03         6.0829806968099687e-01         4.5297667363015720e-04        -6.8506683027944977e-03         3.0414065802493659e-05         3.0066061538531157e-05         5.1305726474019854e-04         3.2535221131948120e-03
83                                     3.8462393110697017e-03         2.6665526452521587e-01         1.9211177890690839e-04        -2.9967304625210219e-03         3.2280894878611028e-05         1.6118326487270569e-05         2.3526154475414369e-04         1.5093678478338968e-03
84                                     2.7489873256194121e-04         4.0278095827215010e-04        -3.9282612479187351e-01        -2.6273538877184203e-03        -1.9386978000019355e-05        -2.0837129514124841e-04        -9.7382188909457901e-06         2.1618184388928032e-06
85                                     5.9430496926396903e-04         5.2153053006853494e-04        -7.8941988915119632e-01        -5.3408144081191367e-03        -5.4947933064157812e-05        -5.2699613864494135e-06        -1.3182429012875943e-05         2.3295657534916377e-05
86                                     2.7114026792363066e-04         2.4381250202746863e-04        -3.5895132455393780e-01        -2.4262912668852055e-03        -2.1814141362875387e-05        -3.5015341353463836e-06        -4.7747690711065878e-06         9.7428697950696254e-06
87                                     5.3928493058622437e-05        -6.9629866169467014e-06         6.3517241471524385e-04         9.7696980017304838e-05         2.3855960507070707e-03        -9.4377481745597791e-01        -5.3042448515054760e-03         3.0986294414955479e-03
88                                     1.0128848731680529e-05        -7.5692270439178833e-06        -1.7491914576308800e-03         4.1454561007481186e-05         4.8595747816861860e-04        -1.8253908347443668e-01        -1.0189815198806650e-03         5.8858946971948427e-04
89                                     5.2843160471949555e-06        -4.0918768980839744e-06        -7.6083205645542413e-04         2.2212244135608627e-05         2.6850572722981775e-04        -1.0050533533170848e-01        -5.6082785156947766e-04         3.2382943765459223e-04
90                                     6.8278063492773736e-04        -6.5989084796608301e-05         6.7192119594693912e-03         1.0561324475431760e-04         5.3269338873295962e-05         3.8742453813815064e-03         4.3264948047125333e-05        -3.9784231236977642e-05
91                                     6.5743243687497221e-05        -1.0363593925113644e-06         8.8203264391805564e-04        -6.8156639685440092e-05        -1.0386503289221407e-05        -1.1011174141349507e-03        -1.0893979075682015e-05         8.6538645436004634e-06
92                                     4.3406782286239257e-05        -2.6434165233032110e-06         5.4676562518411764e-04        -2.7748937451011332e-05        -2.9282290604777682e-06        -4.0288858233607222e-04        -4.5891637414955868e-06         1.7815987046005095e-06
93                                    -4.1008755730064287e-04         6.8858190218143596e-04        -3.9562371093360867e-03        -9.4179542158676359e-04        -6.6947844964069581e-04         3.0683328301074056e-04        -2.0469849346094039e-04         2.9758481741038568e-04
94                                     2.5247023880802389e-04        -6.1205124783146256e-04         3.6467951599395572e-03         1.0791111028783244e-03         3.2809462999969436e-04        -4.4944429243163648e-04         8.8089642439718899e-05        -1.4363429964707003e-04
95                                     9.8138311346191383e-05        -2.5469525833241393e-04         1.5189261822694030e-03         4.5118727603938810e-04         1.2421126264170436e-04        -1.9813980533887527e-04         3.1146414127190829e-05        -5.6428320500317057e-05
                              

0                             
1                             
2                             
3                             
4                             
5                             
6                             
7                             
8                             
9                             
10                            
11                            
12                            
13                            
14                            
15                            
16                            
17                            
18                            
19                            
20                            
21                            
22                            
23                            
24                            
25                            
26                            
27                            
28                            
29                            
30                            
31                            
32                            
33                            
34                            
35                            
36                            
37                            
38                            
39                            
40                            
41                            
42                            
43                            
44                            
45                            
46                            
47                            
48                            
49                            
50                            
51                            
52                            
53                            
54                            
55                            
56                            
57                            
58                            
59                            
60                            
61                            
62                            
63                            
64                            
65                            
66                            
67                            
68                            
69                            
70                            
71                            
72                            
73                            
74                            
75                            
76                            
77                            
78                            
79                            
80                            
81                            
82                            
83                            
84                            
85                            
86                            
87                            
88                            
89                            
90                            
91                            
92                            
93                            
94                            
95                            
$End
$Calculation_Info
   &GeometryIndex 14
   &Mult [&Type "Integer"] 1
   &Charge [&Type "Integer"] 0
   &NumOfAtoms [&Type "Integer"] 32
   &NumOfElectrons [&Type "Integer"] 156
   &NumOfBasisFuncts [&Type "Integer"] 358
   &NumOfAuxCBasisFuncts [&Type "Integer"] 0
   &NumOfAuxJBasisFuncts [&Type "Integer"] 1188
   &NumOfAuxJKBasisFuncts [&Type "Integer"] 0
   &NumOfCABSBasisFuncts [&Type "Integer"] 0
$End
$Calculation_Timings
   &GeometryIndex 14
   &GTOINT [&Type "Double"]       5.8374999999999488e+01
   &SCF [&Type "Double"]       2.1380769999999998e+03
   &SCFGRAD [&Type "Double"]       1.3276310000000001e+03
   &GSTEP [&Type "Double"]       3.8699999999957801e-01
   &PROPINT [&Type "Double"]       6.1350500000000056e+02
   &RESPONSE [&Type "Double"]       8.6665099999999984e+02
   &PROP [&Type "Double"]       1.4410959999999995e+03
   &SUM [&Type "Double"]       6.4457219999999998e+03
$End
