*************************************************
******************* ORCA 6.1.1 ******************
*************************************************
$Calculation_Status
   &GeometryIndex 10
   &version [&Type "String"] "6.1.1"
   &progName [&Type "String"] "LeanSCF"
   &Status [&Type "String"] "NORMAL TERMINATION"
$End
$Geometry
   &GeometryIndex 1
   &NAtoms [&Type "Integer"] 35
   &NCorelessECP [&Type "Integer"] 0
   &NGhostAtoms [&Type "Integer"] 0
   &CartesianCoordinates [&Type "Coordinates", &Dim(35,4), &Units "Bohr"] 
              C    -12.509798033945   -0.246609260477   -1.148953489424
              C    -12.271881513685    1.274431304716    0.996641563030
              C     -9.898952407320    1.880088530638    1.997629496168
              C     -7.800978453440    0.887226419876    0.742662370631
              N     -5.253816597528    1.076576978495    1.172008148258
              C     -3.981841936785   -0.282703029635   -0.649876817456
              C     -1.218873356379   -0.517784960694   -0.800487990329
              C     -0.161004666610   -1.971551275520   -2.760889881659
              C      2.453620412283   -2.294883417034   -3.044537774361
              C      3.977117621451   -1.091316842340   -1.267817263248
              N      6.544688519609   -0.980767863505   -0.949209437069
              C      7.036773204883    0.485092698578    1.127032666271
              C      9.696184793150    1.128544447178    2.194727931936
              C     11.786221897267   -0.798409291582    2.077942856860
              C     11.891479642926    1.508190427483    0.425188380132
              N      4.938799251003    1.322619321131    2.161090806752
              C      3.022805923820    0.361693582033    0.697875861257
              C      0.398165296417    0.661593119486    0.948075601388
              N     -5.622880111483   -1.328288499533   -2.219672316904
              C     -7.977289901735   -0.627389076462   -1.390082544112
              C    -10.368549351599   -1.215471849338   -2.367637873190
              H    -14.376469509033   -0.687104422294   -1.886324626880
              H    -13.965265102291    2.003298674570    1.908056477420
              H     -9.715648972329    3.060411473885    3.662478220153
              H     -4.448226346637    2.054132307572    2.593460146194
              H     -1.413515148173   -2.887123587405   -4.118658108881
              H      3.224439702310   -3.424183754665   -4.570491627502
              H      7.854835648257   -1.826231335821   -2.044683676903
              H      9.632312049823    2.325496980403    3.861088436828
              H     13.068967996973   -0.896864023159    3.673816576956
              H     11.427551877049   -2.611790489693    1.199787122427
              H     11.604997161024    1.279155620051   -1.588125842947
              H     13.245657390494    2.971594345591    0.901966283721
              H     -0.283836865315    1.805066403122    2.499162812111
              H    -10.535979087065   -2.396739655652   -4.032864542401
$End
$SCF_Mulliken_Population_Analysis
   &GeometryIndex 1
   &NAtoms [&Type "Integer"] 35
   &ATNO [&Type "ArrayOfIntegers", &Dim (35,1)] 
                                                         0

0                                                        6
1                                                        6
2                                                        6
3                                                        6
4                                                        7
5                                                        6
6                                                        6
7                                                        6
8                                                        6
9                                                        6
10                                                       7
11                                                       6
12                                                       6
13                                                       6
14                                                       6
15                                                       7
16                                                       6
17                                                       6
18                                                       7
19                                                       6
20                                                       6
21                                                       1
22                                                       1
23                                                       1
24                                                       1
25                                                       1
26                                                       1
27                                                       1
28                                                       1
29                                                       1
30                                                       1
31                                                       1
32                                                       1
33                                                       1
34                                                       1
   &AtomicCharges [&Type "ArrayOfDoubles", &Dim (35,1)] 
                                                         0

0                                      4.8489937497429025e-03
1                                     -1.5027245412477797e-03
2                                     -9.1662432860405652e-02
3                                      1.0634808087410441e-01
4                                     -2.6104854644864339e-02
5                                      2.8255443922823531e-02
6                                      1.1978634649757236e-01
7                                     -5.2525506689688584e-02
8                                     -8.0257772793065563e-02
9                                      1.0996632026735043e-01
10                                    -2.0052311114028498e-02
11                                     3.7674465018479708e-02
12                                    -3.2096332184861964e-02
13                                    -3.3688915722190238e-02
14                                    -3.3899147569951715e-02
15                                    -1.6071556303697498e-01
16                                     4.9324027587699604e-02
17                                    -1.4677187634504651e-01
18                                    -1.5555176007737170e-01
19                                     6.3247558156843908e-02
20                                    -1.0434415169032185e-01
21                                    -5.2052454033542084e-03
22                                    -1.5564645956933632e-03
23                                    -1.5959899327784077e-02
24                                     1.5626819747452969e-01
25                                    -1.4885461178455683e-02
26                                    -1.0228914435123082e-02
27                                     1.6155100724032723e-01
28                                     1.9699085032722108e-02
29                                     4.6887669054168524e-02
30                                     4.6449519597302924e-02
31                                     4.6305595211188044e-02
32                                     4.7178309012133823e-02
33                                    -2.8675088358336431e-02
34                                    -2.8106196128185212e-02
   &Method [&Type "String"] "SCF"
   &Level [&Type "String"] "Relaxed density"
   &Mult [&Type "Integer"] 1
   &State [&Type "Integer"] -1
   &Irrep [&Type "Integer"] 0
$End
$SCF_Loewdin_Population_Analysis
   &GeometryIndex 1
   &NAtoms [&Type "Integer"] 35
   &ATNO [&Type "ArrayOfIntegers", &Dim (35,1)] 
                                                         0

0                                                        6
1                                                        6
2                                                        6
3                                                        6
4                                                        7
5                                                        6
6                                                        6
7                                                        6
8                                                        6
9                                                        6
10                                                       7
11                                                       6
12                                                       6
13                                                       6
14                                                       6
15                                                       7
16                                                       6
17                                                       6
18                                                       7
19                                                       6
20                                                       6
21                                                       1
22                                                       1
23                                                       1
24                                                       1
25                                                       1
26                                                       1
27                                                       1
28                                                       1
29                                                       1
30                                                       1
31                                                       1
32                                                       1
33                                                       1
34                                                       1
   &AtomicCharges [&Type "ArrayOfDoubles", &Dim (35,1)] 
                                                         0

0                                     -5.0641267252553135e-02
1                                     -3.9732247726863790e-02
2                                     -5.1097161551404646e-02
3                                     -3.7000651239198490e-03
4                                      7.7879713762361469e-02
5                                      4.3031151631187647e-02
6                                     -6.6199842492154382e-02
7                                     -1.7554022691800064e-02
8                                     -4.0940747537544731e-02
9                                      4.9801413720729215e-04
10                                     8.1180161400366657e-02
11                                     5.3285167748580164e-02
12                                    -3.6243674965255046e-02
13                                    -2.8524715308920534e-02
14                                    -2.8509806048993447e-02
15                                    -1.8357275845756149e-01
16                                    -4.0029115000463911e-02
17                                    -2.2930239183320822e-02
18                                    -1.7903563039479309e-01
19                                    -4.3750414221888967e-02
20                                    -3.8380747429508588e-02
21                                     3.0843918384152236e-02
22                                     3.1744898675758360e-02
23                                     3.5960956351834605e-02
24                                     1.0620192293597819e-01
25                                     2.8946283247292204e-02
26                                     4.0451326006334498e-02
27                                     1.1179090257069069e-01
28                                     4.0772082858184344e-02
29                                     3.3794195284186257e-02
30                                     2.9312430718773208e-02
31                                     2.9266783953875830e-02
32                                     3.3877276461204864e-02
33                                     3.2532201521193183e-02
34                                     2.9473067737892156e-02
   &Method [&Type "String"] "SCF"
   &Level [&Type "String"] "Relaxed density"
   &Mult [&Type "Integer"] 1
   &State [&Type "Integer"] -1
   &Irrep [&Type "Integer"] 0
$End
$SCF_Mayer_Population_Analysis
   &GeometryIndex 1
   &NAtoms [&Type "Integer"] 35 "Total number of atoms"
   &NBondOrdersPrint [&Type "Integer"] 41 "The number of bond orders larger than threshold"
   &bondThresh [&Type "Double"]       1.0000000000000001e-01  "The threshold for printing"
   &components [&Type "ArrayOfIntegers", &Dim (41,4)] "The indices and atomic numbers of the bonding atoms"
                                                         0                           1                           2                           3

0                                                        0                           6                           1                           6
1                                                        0                           6                          20                           6
2                                                        0                           6                          21                           1
3                                                        1                           6                           2                           6
4                                                        1                           6                          22                           1
5                                                        2                           6                           3                           6
6                                                        2                           6                          20                           6
7                                                        2                           6                          23                           1
8                                                        3                           6                           4                           7
9                                                        3                           6                          19                           6
10                                                       4                           7                           5                           6
11                                                       4                           7                          24                           1
12                                                       5                           6                           6                           6
13                                                       5                           6                          18                           7
14                                                       6                           6                           7                           6
15                                                       6                           6                          17                           6
16                                                       7                           6                           8                           6
17                                                       7                           6                          25                           1
18                                                       8                           6                           9                           6
19                                                       8                           6                          17                           6
20                                                       8                           6                          26                           1
21                                                       9                           6                          10                           7
22                                                       9                           6                          16                           6
23                                                      10                           7                          11                           6
24                                                      10                           7                          27                           1
25                                                      11                           6                          12                           6
26                                                      11                           6                          15                           7
27                                                      12                           6                          13                           6
28                                                      12                           6                          14                           6
29                                                      12                           6                          28                           1
30                                                      13                           6                          14                           6
31                                                      13                           6                          29                           1
32                                                      13                           6                          30                           1
33                                                      14                           6                          31                           1
34                                                      14                           6                          32                           1
35                                                      15                           7                          16                           6
36                                                      16                           6                          17                           6
37                                                      17                           6                          33                           1
38                                                      18                           7                          19                           6
39                                                      19                           6                          20                           6
40                                                      20                           6                          34                           1
   &BondOrders [&Type "ArrayOfDoubles", &Dim (41,1)] "The bond orders"
                                                         0

0                                      1.3261506120814797e+00
1                                      1.3849443582435901e+00
2                                      9.9148724970998070e-01
3                                      1.3760177598004057e+00
4                                      9.8644255056208585e-01
5                                      1.2810982756243232e+00
6                                      1.1719925209175228e-01
7                                      1.0227223163857821e+00
8                                      1.1667049606636846e+00
9                                      1.2716462059756113e+00
10                                     1.2426272224858326e+00
11                                     9.0255568845193246e-01
12                                     9.9016543429195614e-01
13                                     1.6479895647869034e+00
14                                     1.3062618438533453e+00
15                                     1.2840269334514391e+00
16                                     1.3747150934439538e+00
17                                     9.8691876667182010e-01
18                                     1.2629504225909831e+00
19                                     1.0892589778034467e-01
20                                     1.0258192971162263e+00
21                                     1.1728965571703918e+00
22                                     1.2744999552463483e+00
23                                     1.2357672912711981e+00
24                                     9.0452166655113420e-01
25                                     1.0428706669212118e+00
26                                     1.6351134481325618e+00
27                                     9.5816462446082462e-01
28                                     9.5803595903096017e-01
29                                     9.3377160165124451e-01
30                                     1.0362598330645290e+00
31                                     9.5086932386479039e-01
32                                     9.5853168941484002e-01
33                                     9.5863206739964224e-01
34                                     9.5082886885510920e-01
35                                     1.3278204750377069e+00
36                                     1.2952566360385269e+00
37                                     1.0160232575568346e+00
38                                     1.3275573833561967e+00
39                                     1.2771302693701316e+00
40                                     1.0173065930393477e+00
   &ATNO [&Type "ArrayOfIntegers", &Dim (35,1)] "Atomic number of the elements"
                                                         0

0                                                        6
1                                                        6
2                                                        6
3                                                        6
4                                                        7
5                                                        6
6                                                        6
7                                                        6
8                                                        6
9                                                        6
10                                                       7
11                                                       6
12                                                       6
13                                                       6
14                                                       6
15                                                       7
16                                                       6
17                                                       6
18                                                       7
19                                                       6
20                                                       6
21                                                       1
22                                                       1
23                                                       1
24                                                       1
25                                                       1
26                                                       1
27                                                       1
28                                                       1
29                                                       1
30                                                       1
31                                                       1
32                                                       1
33                                                       1
34                                                       1
   &NA [&Type "ArrayOfDoubles", &Dim (35,1)] "Mulliken gross atomic population"
                                                         0

0                                      5.9951510062502607e+00
1                                      6.0015027245412478e+00
2                                      6.0916624328604083e+00
3                                      5.8936519191258991e+00
4                                      7.0261048546448652e+00
5                                      5.9717445560771791e+00
6                                      5.8802136535024454e+00
7                                      6.0525255066896957e+00
8                                      6.0802577727930709e+00
9                                      5.8900336797326744e+00
10                                     7.0200523111140338e+00
11                                     5.9623255349815443e+00
12                                     6.0320963321848691e+00
13                                     6.0336889157221929e+00
14                                     6.0338991475699579e+00
15                                     7.1607155630369688e+00
16                                     5.9506759724123128e+00
17                                     6.1467718763450625e+00
18                                     7.1555517600773353e+00
19                                     5.9367524418431410e+00
20                                     6.1043441516903147e+00
21                                     1.0052052454033538e+00
22                                     1.0015564645956936e+00
23                                     1.0159598993277850e+00
24                                     8.4373180252546842e-01
25                                     1.0148854611784592e+00
26                                     1.0102289144351255e+00
27                                     8.3844899275967499e-01
28                                     9.8030091496727800e-01
29                                     9.5311233094583159e-01
30                                     9.5355048040269597e-01
31                                     9.5369440478881207e-01
32                                     9.5282169098786651e-01
33                                     1.0286750883583373e+00
34                                     1.0281061961281863e+00
   &ZA [&Type "ArrayOfDoubles", &Dim (35,1)] "Total nuclear charge"
                                                         0

0                                      6.0000000000000000e+00
1                                      6.0000000000000000e+00
2                                      6.0000000000000000e+00
3                                      6.0000000000000000e+00
4                                      7.0000000000000000e+00
5                                      6.0000000000000000e+00
6                                      6.0000000000000000e+00
7                                      6.0000000000000000e+00
8                                      6.0000000000000000e+00
9                                      6.0000000000000000e+00
10                                     7.0000000000000000e+00
11                                     6.0000000000000000e+00
12                                     6.0000000000000000e+00
13                                     6.0000000000000000e+00
14                                     6.0000000000000000e+00
15                                     7.0000000000000000e+00
16                                     6.0000000000000000e+00
17                                     6.0000000000000000e+00
18                                     7.0000000000000000e+00
19                                     6.0000000000000000e+00
20                                     6.0000000000000000e+00
21                                     1.0000000000000000e+00
22                                     1.0000000000000000e+00
23                                     1.0000000000000000e+00
24                                     1.0000000000000000e+00
25                                     1.0000000000000000e+00
26                                     1.0000000000000000e+00
27                                     1.0000000000000000e+00
28                                     1.0000000000000000e+00
29                                     1.0000000000000000e+00
30                                     1.0000000000000000e+00
31                                     1.0000000000000000e+00
32                                     1.0000000000000000e+00
33                                     1.0000000000000000e+00
34                                     1.0000000000000000e+00
   &QA [&Type "ArrayOfDoubles", &Dim (35,1)] "Mulliken gross atomic charge"
                                                         0

0                                      4.8489937497393498e-03
1                                     -1.5027245412477797e-03
2                                     -9.1662432860408316e-02
3                                      1.0634808087410086e-01
4                                     -2.6104854644865227e-02
5                                      2.8255443922820866e-02
6                                      1.1978634649755460e-01
7                                     -5.2525506689695689e-02
8                                     -8.0257772793070892e-02
9                                      1.0996632026732556e-01
10                                    -2.0052311114033827e-02
11                                     3.7674465018455727e-02
12                                    -3.2096332184869070e-02
13                                    -3.3688915722192903e-02
14                                    -3.3899147569957933e-02
15                                    -1.6071556303696877e-01
16                                     4.9324027587687169e-02
17                                    -1.4677187634506250e-01
18                                    -1.5555176007733529e-01
19                                     6.3247558156859007e-02
20                                    -1.0434415169031475e-01
21                                    -5.2052454033537643e-03
22                                    -1.5564645956935852e-03
23                                    -1.5959899327784965e-02
24                                     1.5626819747453158e-01
25                                    -1.4885461178459236e-02
26                                    -1.0228914435125525e-02
27                                     1.6155100724032501e-01
28                                     1.9699085032721997e-02
29                                     4.6887669054168413e-02
30                                     4.6449519597304034e-02
31                                     4.6305595211187933e-02
32                                     4.7178309012133490e-02
33                                    -2.8675088358337320e-02
34                                    -2.8106196128186323e-02
   &VA [&Type "ArrayOfDoubles", &Dim (35,1)] "Mayer's total valence"
                                                         0

0                                      3.7646505113211539e+00
1                                      3.7863155038334919e+00
2                                      3.7636933670134511e+00
3                                      3.8689098881104842e+00
4                                      3.3810800616273693e+00
5                                      4.0989362507264504e+00
6                                      3.5592195462834453e+00
7                                      3.8019735329586588e+00
8                                      3.7438101833693143e+00
9                                      3.8592434300619058e+00
10                                     3.3901816266952172e+00
11                                     4.1611447138551405e+00
12                                     3.9355653051195567e+00
13                                     3.9434510172746742e+00
14                                     3.9433866746318156e+00
15                                     3.0511138871906489e+00
16                                     4.0392437033106727e+00
17                                     3.7517199035550743e+00
18                                     3.0906381064525013e+00
19                                     3.9752772589351522e+00
20                                     3.8015130108870649e+00
21                                     9.7894546271654803e-01
22                                     9.7943656843206350e-01
23                                     9.8805406975602861e-01
24                                     9.8512244501840540e-01
25                                     1.0173567672847934e+00
26                                     9.8870035415333801e-01
27                                     9.8601674212548307e-01
28                                     1.0006770517775336e+00
29                                     9.8092779597305002e-01
30                                     9.8727340745384429e-01
31                                     9.8730689628923607e-01
32                                     9.8082529182996769e-01
33                                     1.0008913062161300e+00
34                                     9.9239431981983017e-01
   &BVA [&Type "ArrayOfDoubles", &Dim (35,1)] "Mayer's bonded valence"
                                                         0

0                                      3.7646505113211473e+00
1                                      3.7863155038334844e+00
2                                      3.7636933670134396e+00
3                                      3.8689098881104687e+00
4                                      3.3810800616273640e+00
5                                      4.0989362507264611e+00
6                                      3.5592195462834217e+00
7                                      3.8019735329585815e+00
8                                      3.7438101833693103e+00
9                                      3.8592434300618836e+00
10                                     3.3901816266952260e+00
11                                     4.1611447138550526e+00
12                                     3.9355653051195212e+00
13                                     3.9434510172746804e+00
14                                     3.9433866746318516e+00
15                                     3.0511138871906005e+00
16                                     4.0392437033106026e+00
17                                     3.7517199035550264e+00
18                                     3.0906381064525759e+00
19                                     3.9752772589351855e+00
20                                     3.8015130108871222e+00
21                                     9.7894546271654714e-01
22                                     9.7943656843207416e-01
23                                     9.8805406975603360e-01
24                                     9.8512244501841573e-01
25                                     1.0173567672847770e+00
26                                     9.8870035415334279e-01
27                                     9.8601674212547963e-01
28                                     1.0006770517775290e+00
29                                     9.8092779597305213e-01
30                                     9.8727340745383674e-01
31                                     9.8730689628924451e-01
32                                     9.8082529182996536e-01
33                                     1.0008913062161333e+00
34                                     9.9239431981983850e-01
   &FA [&Type "ArrayOfDoubles", &Dim (35,1)] "Mayer's free valence"
                                                         0

0                                      0.0000000000000000e+00
1                                      0.0000000000000000e+00
2                                      0.0000000000000000e+00
3                                      0.0000000000000000e+00
4                                      0.0000000000000000e+00
5                                      0.0000000000000000e+00
6                                      0.0000000000000000e+00
7                                      0.0000000000000000e+00
8                                      0.0000000000000000e+00
9                                      0.0000000000000000e+00
10                                     0.0000000000000000e+00
11                                     0.0000000000000000e+00
12                                     0.0000000000000000e+00
13                                     0.0000000000000000e+00
14                                     0.0000000000000000e+00
15                                     0.0000000000000000e+00
16                                     0.0000000000000000e+00
17                                     0.0000000000000000e+00
18                                     0.0000000000000000e+00
19                                     0.0000000000000000e+00
20                                     0.0000000000000000e+00
21                                     0.0000000000000000e+00
22                                     0.0000000000000000e+00
23                                     0.0000000000000000e+00
24                                     0.0000000000000000e+00
25                                     0.0000000000000000e+00
26                                     0.0000000000000000e+00
27                                     0.0000000000000000e+00
28                                     0.0000000000000000e+00
29                                     0.0000000000000000e+00
30                                     0.0000000000000000e+00
31                                     0.0000000000000000e+00
32                                     0.0000000000000000e+00
33                                     0.0000000000000000e+00
34                                     0.0000000000000000e+00
   &Method [&Type "String"] "SCF"
   &Level [&Type "String"] "Relaxed density"
   &Mult [&Type "Integer"] 1
   &State [&Type "Integer"] -1
   &Irrep [&Type "Integer"] 0
$End
$SCF_Energy
   &GeometryIndex 1
   &Method [&Type "String"] "SCF"
   &totalEnergy [&Type "ArrayOfDoubles", &Dim (1,1)] "Total energy of each state"
                                                         0

0                                     -8.7412155746971700e+02
   &Mult [&Type "ArrayOfIntegers", &Dim (1,1)] "Multiplicity of each state"
                                                         0

0                                                        1
$End
$DFT_Energy
   &GeometryIndex 1
   &nAlphaEl [&Type "Integer"] 72
   &nBetaEl [&Type "Integer"] 72
   &nTotalEl [&Type "Integer"] 144
   &finalEn [&Type "Double"]      -8.7412155746971700e+02  "No Van der Waals correction"
   &eExchange [&Type "Double"]      -9.4955811919551806e+01
   &eCorr [&Type "Double"]      -5.7759079642788373e+00
   &eXC [&Type "Double"]      -1.0073171988383065e+02
   &eCNL [&Type "Double"]       0.0000000000000000e+00
$End
$Solvation_Details
   &GeometryIndex 1
   &Solvent [&Type "String"] "WATER"
   &Epsilon [&Type "Double"]       8.0150999999999996e+01
   &Refrac [&Type "Double"]       1.3328000000000000e+00
   &RSolv [&Type "Double"]       1.3000000000000000e+00
   &SurfaceType [&Type "String"] "GAUSSIAN VDW"
   &CPCMDielEnergy [&Type "Double"]      -3.3236104000000002e-02
   &NPoints [&Type "Integer"] 3193
   &SurfaceArea [&Type "Double"]       1.1345668309240000e+03
$End
$SCF_Timings
   &GeometryIndex 1
   &TOTAL [&Type "Double"]       1.9389800000000002e+02
   &PREP [&Type "Double"]       6.5300000000000002e-01
   &FOCK [&Type "Double"]       1.8586400000000003e+02
   &DENS [&Type "Double"]       2.9300000000000637e-01
   &ETOT [&Type "Double"]       1.5100000000004243e-01
   &POP [&Type "Double"]       8.0000000000012506e-02
   &TRAFO [&Type "Double"]       6.5999999999988290e-02
   &DIIS [&Type "Double"]       4.4200000000000372e-01
   &SOSCF [&Type "Double"]       4.0099999999996783e-01
   &XC [&Type "Double"]       2.2118999999999975e+01
   &FOCKSTART [&Type "Double"]       1.1000000000023991e-02
   &SOLV [&Type "Double"]       2.2274000000000033e+01
   &SOLV_INIT [&Type "Double"]       4.7400000000000009e-01
   &INT_BF [&Type "Double"]       7.5399999999998855e+00
   &INT_DENS [&Type "Double"]       4.7120000000001347e+00
   &INT_DENSIO [&Type "Double"]       3.5029669649999929e+06
   &INT_FUNC [&Type "Double"]       7.4199999999994404e-01
   &INT_POT [&Type "Double"]       8.1800000000000459e+00
   &INT_POTIO [&Type "Double"]       2.3700000000004096e-01
   &SPLITRIJ [&Type "Double"]       1.7454000000000004e+01
   &COSX [&Type "Double"]       1.3023300000000003e+02
$End
$VdW_Correction
   &GeometryIndex 1
   &vdW [&Type "Double"]      -7.4004851109986683e-02
$End
$Single_Point_Data
   &GeometryIndex 1
   &FinalEnergy [&Type "Double"]      -8.7419556232082698e+02  "Final single point energy"
   &Converged [&Type "Boolean"] true
$End
$SCF_Nuc_Gradient
   &GeometryIndex 1
   &NAtoms [&Type "Integer"] 35
   &gradNorm [&Type "Double"]       9.8403462248255774e-02
   &grad [&Type "ArrayOfDoubles", &Dim (105,1)] 
                                                         0

0                                     -8.4936809978486006e-03
1                                      7.9947244398048869e-03
2                                      1.0700896085294741e-02
3                                     -5.2216108493551520e-03
4                                     -6.6260390621364264e-03
5                                     -9.5806132936161314e-03
6                                      6.8907349884338694e-03
7                                      2.2493400866070742e-03
8                                      3.6068977042745462e-03
9                                     -4.9851049903562091e-03
10                                    -1.3685654408635669e-02
11                                    -1.9498472441070999e-02
12                                    -1.5308867699547316e-02
13                                    -5.1344079232805290e-03
14                                    -8.1272068136358337e-03
15                                     9.4667958594820550e-03
16                                    -1.4329616123305829e-03
17                                    -1.4421378918983579e-03
18                                    -3.1431483596495953e-04
19                                    -6.2252542947322884e-03
20                                    -8.6626843061794988e-03
21                                    -1.0904250024382495e-02
22                                     9.7587217669577384e-03
23                                     1.2937533474635299e-02
24                                     1.6130509944976237e-02
25                                    -3.1562222215696717e-03
26                                    -3.3527941151706552e-03
27                                    -1.1909759390854468e-02
28                                     1.1541852930927337e-02
29                                     1.5332804869899998e-02
30                                    -1.7113649584220802e-02
31                                     2.3708938977796590e-03
32                                     2.1187546690718596e-03
33                                    -3.2078807270945295e-02
34                                    -1.3751868601319784e-02
35                                    -2.1227702036970247e-02
36                                     3.6426342809739512e-02
37                                     1.3033645759512651e-02
38                                     2.0490873293556675e-02
39                                    -3.9758983458639870e-03
40                                    -3.8326992002096312e-03
41                                     2.6055293556000131e-03
42                                    -3.7754280903309597e-03
43                                     3.7045378340324325e-03
44                                    -3.1880156981306728e-03
45                                    -3.6122162466134646e-03
46                                    -6.0496561201768455e-03
47                                    -8.6713315443142491e-03
48                                     2.9058969486448778e-02
49                                    -1.1018742175802579e-02
50                                    -1.3521050704347766e-02
51                                    -1.5763834660232508e-03
52                                     1.5499315666402198e-03
53                                     1.8929204083236908e-03
54                                    -9.4665521592721021e-03
55                                     7.1140860179354530e-03
56                                     9.4326361449925920e-03
57                                     1.2126707051994425e-02
58                                     1.4998831059743414e-02
59                                     2.1759259009862263e-02
60                                     7.7037536499861541e-03
61                                    -1.6147409139251744e-03
62                                    -1.8419198594326956e-03
63                                     3.5475251897331655e-03
64                                     7.3281812253160508e-04
65                                     1.2721018218040212e-03
66                                     2.4968098617840708e-03
67                                    -1.4758772901580699e-03
68                                    -1.9227051702115270e-03
69                                    -1.2666076713734706e-03
70                                    -2.9252998177100491e-03
71                                    -4.1901220388927572e-03
72                                    -2.0722769311660415e-03
73                                    -3.3678321689503427e-03
74                                    -4.7219504202364220e-03
75                                     1.8520946419770062e-03
76                                    -7.4066927813391174e-04
77                                    -9.6433909724632366e-04
78                                    -2.0738409362547352e-03
79                                     2.5596603074143614e-03
80                                     3.4421663132802667e-03
81                                    -3.2787201892617228e-03
82                                     3.3575954446658767e-03
83                                     4.3706647416924191e-03
84                                     5.1379859572477770e-03
85                                    -2.0183447436655684e-03
86                                    -2.5130249888132236e-03
87                                    -2.9949298983005779e-03
88                                    -3.2097236403915921e-04
89                                    -5.7547985485970170e-03
90                                     3.7879912359331620e-03
91                                     6.2506535819457573e-03
92                                     3.9931162085701730e-03
93                                     3.4406471818255054e-03
94                                     1.4700530312082918e-03
95                                     7.4497441954659111e-03
96                                    -3.1743454969025376e-03
97                                    -5.1041166212542257e-03
98                                    -2.2825442511453945e-03
99                                     4.6728245068013430e-03
100                                   -3.7227582231986007e-03
101                                   -4.9361557640367256e-03
102                                    8.5755272718893139e-04
103                                    3.5167712041365745e-03
104                                    4.9936706916165812e-03
   &Method [&Type "String"] "SCF"
   &Level [&Type "String"] "Relaxed density"
   &Mult [&Type "Integer"] 1
   &State [&Type "Integer"] 0
   &Irrep [&Type "Integer"] 0
$End
$Geometry
   &GeometryIndex 2
   &NAtoms [&Type "Integer"] 35
   &NCorelessECP [&Type "Integer"] 0
   &NGhostAtoms [&Type "Integer"] 0
   &CartesianCoordinates [&Type "Coordinates", &Dim(35,4), &Units "Bohr"] 
              C    -12.464244544410   -0.264166879092   -1.178903374655
              C    -12.229506703483    1.276192871950    0.982824387554
              C     -9.867169967740    1.890591891673    1.996680192782
              C     -7.754626440750    0.898681680110    0.756097442291
              N     -5.197744262721    1.097525733498    1.203163095157
              C     -3.954386097051   -0.278147482693   -0.630308995545
              C     -1.198104661590   -0.507400459521   -0.767497612329
              C     -0.133266335009   -1.970216661547   -2.742537778860
              C      2.469834423900   -2.286222176911   -3.020323259655
              C      4.002734249903   -1.079564971402   -1.238270943248
              N      6.587285520923   -0.962958094136   -0.916491406593
              C      7.047225006614    0.509818882377    1.172286131447
              C      9.615336409727    1.108896113541    2.167695008626
              C     11.705657344649   -0.827079385540    2.014721155345
              C     11.804490904501    1.493581780467    0.378191471627
              N      4.944949559793    1.351621400036    2.222408100055
              C      3.008988795345    0.389826515216    0.755422394547
              C      0.386444051164    0.681672364743    0.997893685176
              N     -5.568830361768   -1.345275868724   -2.226295288516
              C     -7.942365758028   -0.649045340616   -1.413038998956
              C    -10.336812335376   -1.242331395358   -2.398731396933
              H    -14.341718069790   -0.704101252269   -1.917631467096
              H    -13.933640970099    2.009787931748    1.891062772235
              H     -9.692351338253    3.083408827871    3.670379347071
              H     -4.383496884031    2.084831320046    2.631250998527
              H     -1.394193362296   -2.881172372328   -4.096272459150
              H      3.248158920770   -3.419610146399   -4.556213595969
              H      7.912316633482   -1.809256666723   -2.017762975474
              H      9.548115511534    2.297655590827    3.850729341156
              H     13.002429318549   -0.945558760847    3.619371838633
              H     11.306611850714   -2.648463837517    1.122234876299
              H     11.478742951098    1.281751532379   -1.652257854803
              H     13.165306457995    2.972504557550    0.859401899483
              H     -0.332310230391    1.828559664212    2.555299406820
              H    -10.510048560489   -2.436336906618   -4.074198191821
$End
$SCF_Energy
   &GeometryIndex 2
   &Method [&Type "String"] "SCF"
   &totalEnergy [&Type "ArrayOfDoubles", &Dim (1,1)] "Total energy of each state"
                                                         0

0                                     -8.7412922134461019e+02
   &Mult [&Type "ArrayOfIntegers", &Dim (1,1)] "Multiplicity of each state"
                                                         0

0                                                        1
$End
$DFT_Energy
   &GeometryIndex 2
   &nAlphaEl [&Type "Integer"] 72
   &nBetaEl [&Type "Integer"] 72
   &nTotalEl [&Type "Integer"] 144
   &finalEn [&Type "Double"]      -8.7412922134461019e+02  "No Van der Waals correction"
   &eExchange [&Type "Double"]      -9.4898283538403064e+01
   &eCorr [&Type "Double"]      -5.7728889338328351e+00
   &eXC [&Type "Double"]      -1.0067117247223590e+02
   &eCNL [&Type "Double"]       0.0000000000000000e+00
$End
$Solvation_Details
   &GeometryIndex 2
   &Solvent [&Type "String"] "WATER"
   &Epsilon [&Type "Double"]       8.0150999999999996e+01
   &Refrac [&Type "Double"]       1.3328000000000000e+00
   &RSolv [&Type "Double"]       1.3000000000000000e+00
   &SurfaceType [&Type "String"] "GAUSSIAN VDW"
   &CPCMDielEnergy [&Type "Double"]      -3.3660908000000003e-02
   &NPoints [&Type "Integer"] 3189
   &SurfaceArea [&Type "Double"]       1.1330037234970000e+03
$End
$SCF_Timings
   &GeometryIndex 2
   &TOTAL [&Type "Double"]       1.6504500000000002e+02
   &PREP [&Type "Double"]       6.2900000000000000e-01
   &FOCK [&Type "Double"]       1.5767800000000003e+02
   &DENS [&Type "Double"]       2.2800000000000864e-01
   &ETOT [&Type "Double"]       1.3400000000000034e-01
   &TRAFO [&Type "Double"]       6.8000000000019156e-02
   &DIIS [&Type "Double"]       2.9199999999999804e-01
   &SOSCF [&Type "Double"]       4.1800000000000637e-01
   &XC [&Type "Double"]       1.7752000000000045e+01
   &FOCKSTART [&Type "Double"]       1.0000000000015663e-02
   &SOLV [&Type "Double"]       1.8413000000000025e+01
   &SOLV_INIT [&Type "Double"]       4.6700000000000008e-01
   &INT_BF [&Type "Double"]       6.4740000000002240e+00
   &INT_DENS [&Type "Double"]       3.8759999999998200e+00
   &INT_DENSIO [&Type "Double"]       2.5777905779999997e+06
   &INT_FUNC [&Type "Double"]       5.9299999999984010e-01
   &INT_POT [&Type "Double"]       6.0219999999999771e+00
   &INT_POTIO [&Type "Double"]       2.0199999999996265e-01
   &SPLITRIJ [&Type "Double"]       1.3661999999999995e+01
   &COSX [&Type "Double"]       1.1368200000000003e+02
$End
$VdW_Correction
   &GeometryIndex 2
   &vdW [&Type "Double"]      -7.4428005865325747e-02
$End
$Single_Point_Data
   &GeometryIndex 2
   &FinalEnergy [&Type "Double"]      -8.7420364935047553e+02  "Final single point energy"
   &Converged [&Type "Boolean"] true
$End
$SCF_Nuc_Gradient
   &GeometryIndex 2
   &NAtoms [&Type "Integer"] 35
   &gradNorm [&Type "Double"]       3.3378390766650730e-02
   &grad [&Type "ArrayOfDoubles", &Dim (105,1)] 
                                                         0

0                                     -2.6379336943825188e-03
1                                      2.1815394999794629e-03
2                                      2.8749405531716551e-03
3                                     -5.2486835221669044e-04
4                                     -2.1001528352852477e-03
5                                     -2.9337011278769902e-03
6                                      2.8765297437694133e-03
7                                      1.1697028740302346e-03
8                                      1.8338109807068954e-03
9                                     -1.7781916459666668e-03
10                                    -4.5339103597383263e-03
11                                    -6.4370350893238979e-03
12                                    -4.5558449304125828e-03
13                                    -4.5943564215683499e-04
14                                    -1.0082049282415825e-03
15                                     4.7454687786317468e-03
16                                     1.4333844793100537e-04
17                                     6.1156685219783153e-04
18                                    -1.1361625591154749e-03
19                                    -1.3795673197159795e-03
20                                    -2.0175117179829726e-03
21                                    -3.9431811361862511e-03
22                                     3.9156007374572307e-03
23                                     5.3292672335013939e-03
24                                     5.3847575660599918e-03
25                                    -2.1435737282705968e-03
26                                    -2.6200558036225735e-03
27                                    -5.9083163395157196e-03
28                                     4.3237812389734101e-03
29                                     5.7148391969192884e-03
30                                    -3.2297281896609986e-03
31                                     8.7280630439555906e-04
32                                     9.9951687210223569e-04
33                                    -8.7380173215467934e-03
34                                    -6.7478071024705526e-03
35                                    -9.9414622619581720e-03
36                                     1.3269672443094826e-02
37                                     3.9522409774676824e-03
38                                     5.9848475122268353e-03
39                                    -5.8171321319855571e-03
40                                     2.2321466948756788e-04
41                                     1.1579234394009520e-03
42                                    -5.4116527787812802e-03
43                                     1.5287877932298089e-03
44                                     5.5528099689554887e-04
45                                    -1.8489874855611140e-03
46                                     6.7720157863683479e-05
47                                     1.3743893488653530e-04
48                                     9.6290599155547489e-03
49                                    -2.5853095918238838e-03
50                                    -3.1447169364929375e-03
51                                    -2.3211163148514290e-03
52                                    -6.3172636541344808e-04
53                                    -1.0997667498143042e-03
54                                    -4.6233000449674442e-03
55                                     1.1626684782970603e-04
56                                    -2.5693940863401847e-04
57                                     4.7135991453660236e-03
58                                     3.9506159401680140e-03
59                                     5.8577657223619862e-03
60                                     1.8448004444465563e-03
61                                    -3.0184382779454167e-04
62                                    -3.0049179702824045e-04
63                                     4.4911327670686744e-04
64                                    -3.1937736691971849e-04
65                                    -4.0580044158360068e-04
66                                     1.0157896576030699e-04
67                                     2.0436175223328311e-05
68                                     2.9291865992904883e-05
69                                    -5.4148159609786715e-04
70                                    -1.1040838426292423e-04
71                                    -1.9727132858258936e-04
72                                     7.1280597462069280e-04
73                                     2.0576406521904112e-04
74                                     5.4809864668732371e-04
75                                     1.4273058253879457e-03
76                                    -8.7005784668755929e-04
77                                    -1.1744509281240737e-03
78                                    -6.1507793058869064e-04
79                                     1.1502983297425945e-04
80                                     1.1131832736061638e-04
81                                     1.5399328464607421e-03
82                                     1.4251312086493219e-04
83                                     2.6792971816589636e-04
84                                     1.5764115609643676e-03
85                                    -3.4422307994691590e-04
86                                    -2.4653531521009119e-04
87                                     4.6777542518013825e-04
88                                    -3.5116364351210009e-04
89                                    -5.3969133792268530e-04
90                                     1.5668726925383658e-03
91                                    -3.1939465612633905e-04
92                                     4.2986689190305206e-04
93                                     1.6680025519767399e-03
94                                     1.6705484839808543e-04
95                                    -6.9634950756738832e-05
96                                     3.3863985133260083e-04
97                                    -2.6979280729227489e-04
98                                    -5.1941563875291608e-04
99                                     1.3028647936179087e-03
100                                    3.3834314472914876e-04
101                                    4.1718945348561017e-04
102                                    1.5800654398109219e-05
103                                    3.2987885493439913e-05
104                                    5.1792570746366775e-05
   &Method [&Type "String"] "SCF"
   &Level [&Type "String"] "Relaxed density"
   &Mult [&Type "Integer"] 1
   &State [&Type "Integer"] 0
   &Irrep [&Type "Integer"] 0
$End
$Geometry
   &GeometryIndex 3
   &NAtoms [&Type "Integer"] 35
   &NCorelessECP [&Type "Integer"] 0
   &NGhostAtoms [&Type "Integer"] 0
   &CartesianCoordinates [&Type "Coordinates", &Dim(35,4), &Units "Bohr"] 
              C    -12.454679725564   -0.272190385477   -1.182107479274
              C    -12.220789610508    1.286457642726    0.974271229717
              C     -9.861330516514    1.906380849158    1.983986051125
              C     -7.743917579394    0.907757298193    0.755014752575
              N     -5.183030283002    1.107768229195    1.200303169361
              C     -3.949502951908   -0.282421389584   -0.626223462286
              C     -1.190939381236   -0.510637429016   -0.757778105703
              C     -0.123863426845   -1.970399312434   -2.741864717805
              C      2.475106164969   -2.276955672241   -3.013320208758
              C      4.012994877985   -1.075686620185   -1.228333650026
              N      6.599398448223   -0.953084142786   -0.901988842290
              C      7.055142616776    0.515065205359    1.198106017368
              C      9.594613033158    1.092347900205    2.162571425577
              C     11.702235327796   -0.837393094194    1.982378003837
              C     11.789666446191    1.494715946704    0.368548220223
              N      4.948035642691    1.348977153180    2.249949166705
              C      3.002805688385    0.390422174040    0.779199773442
              C      0.382884033230    0.676017622410    1.018116360814
              N     -5.555336826162   -1.362107683173   -2.219655597898
              C     -7.938318572232   -0.663207843821   -1.416732368925
              C    -10.334303556988   -1.261310237828   -2.397907696472
              H    -14.336018046066   -0.712650595353   -1.913311298217
              H    -13.926054120843    2.026131733009    1.876486653058
              H     -9.685221220672    3.110883453697    3.650758815481
              H     -4.367946297653    2.105421823054    2.617990227012
              H     -1.393715608148   -2.872601150140   -4.091600522979
              H      3.259855134102   -3.404120004415   -4.552718310894
              H      7.919980882261   -1.794343310300   -2.008804946735
              H      9.523369928911    2.267782230975    3.856980538871
              H     12.996263767889   -0.968014102982    3.589329174579
              H     11.286716317814   -2.651408590952    1.079576774548
              H     11.440109870049    1.306933622461   -1.661617700256
              H     13.140515539923    2.980226408306    0.860672758309
              H     -0.353626276771    1.811830680767    2.575790079739
              H    -10.511288692458   -2.466588408558   -4.065686338594
$End
$SCF_Energy
   &GeometryIndex 3
   &Method [&Type "String"] "SCF"
   &totalEnergy [&Type "ArrayOfDoubles", &Dim (1,1)] "Total energy of each state"
                                                         0

0                                     -8.7412977902543480e+02
   &Mult [&Type "ArrayOfIntegers", &Dim (1,1)] "Multiplicity of each state"
                                                         0

0                                                        1
$End
$DFT_Energy
   &GeometryIndex 3
   &nAlphaEl [&Type "Integer"] 72
   &nBetaEl [&Type "Integer"] 72
   &nTotalEl [&Type "Integer"] 144
   &finalEn [&Type "Double"]      -8.7412977902543480e+02  "No Van der Waals correction"
   &eExchange [&Type "Double"]      -9.4890333269125691e+01
   &eCorr [&Type "Double"]      -5.7724738177272217e+00
   &eXC [&Type "Double"]      -1.0066280708685291e+02
   &eCNL [&Type "Double"]       0.0000000000000000e+00
$End
$Solvation_Details
   &GeometryIndex 3
   &Solvent [&Type "String"] "WATER"
   &Epsilon [&Type "Double"]       8.0150999999999996e+01
   &Refrac [&Type "Double"]       1.3328000000000000e+00
   &RSolv [&Type "Double"]       1.3000000000000000e+00
   &SurfaceType [&Type "String"] "GAUSSIAN VDW"
   &CPCMDielEnergy [&Type "Double"]      -3.3737353999999997e-02
   &NPoints [&Type "Integer"] 3188
   &SurfaceArea [&Type "Double"]       1.1328631126470000e+03
$End
$SCF_Timings
   &GeometryIndex 3
   &TOTAL [&Type "Double"]       1.5408099999999999e+02
   &PREP [&Type "Double"]       6.1399999999999999e-01
   &FOCK [&Type "Double"]       1.4574499999999995e+02
   &DENS [&Type "Double"]       1.6099999999998715e-01
   &ETOT [&Type "Double"]       1.0900000000002308e-01
   &TRAFO [&Type "Double"]       6.7999999999994287e-02
   &DIIS [&Type "Double"]       1.4999999999999858e-01
   &SOSCF [&Type "Double"]       4.0700000000000358e-01
   &XC [&Type "Double"]       1.5271000000000004e+01
   &FOCKSTART [&Type "Double"]       8.9999999999836877e-03
   &SOLV [&Type "Double"]       1.5378000000000007e+01
   &SOLV_INIT [&Type "Double"]       4.4300000000000006e-01
   &INT_BF [&Type "Double"]       5.7250000000003531e+00
   &INT_DENS [&Type "Double"]       3.1889999999999432e+00
   &INT_DENSIO [&Type "Double"]       2.0303848530000006e+06
   &INT_FUNC [&Type "Double"]       5.1999999999997115e-01
   &INT_POT [&Type "Double"]       5.1619999999996722e+00
   &INT_POTIO [&Type "Double"]       1.8099999999998317e-01
   &SPLITRIJ [&Type "Double"]       1.1483000000000008e+01
   &COSX [&Type "Double"]       1.1069100000000000e+02
$End
$VdW_Correction
   &GeometryIndex 3
   &vdW [&Type "Double"]      -7.4582712679837543e-02
$End
$Single_Point_Data
   &GeometryIndex 3
   &FinalEnergy [&Type "Double"]      -8.7420436173811459e+02  "Final single point energy"
   &Converged [&Type "Boolean"] true
$End
$SCF_Nuc_Gradient
   &GeometryIndex 3
   &NAtoms [&Type "Integer"] 35
   &gradNorm [&Type "Double"]       9.8194907616901972e-03
   &grad [&Type "ArrayOfDoubles", &Dim (105,1)] 
                                                         0

0                                     -5.6747123009930111e-04
1                                      2.4387172400879459e-04
2                                      3.0025645840278729e-04
3                                      4.2306356204776531e-04
4                                     -3.0889243174542528e-04
5                                     -3.8015360022436104e-04
6                                      6.7822490045334151e-04
7                                      6.6702960329563293e-04
8                                      9.4304566423820534e-04
9                                     -7.7172877005145073e-04
10                                    -1.1536264720989338e-03
11                                    -1.5761919428428531e-03
12                                    -2.0566785903730243e-05
13                                     8.7612109876688930e-04
14                                     1.0282833145650650e-03
15                                     1.4511905600042424e-03
16                                     3.2930753531812916e-04
17                                     6.7009847764682297e-04
18                                    -3.8863871270726735e-04
19                                    -1.6669027305218863e-06
20                                    -5.5658067758864229e-05
21                                    -9.8129662286530620e-04
22                                     1.0337431800995474e-03
23                                     1.5873614369878268e-03
24                                     1.1100385771865538e-03
25                                    -1.1507016000909165e-03
26                                    -1.5737178915477489e-03
27                                    -2.9710494675767563e-03
28                                     1.2405680197201609e-03
29                                     1.6087259395889380e-03
30                                     1.5777846823231258e-03
31                                    -9.4770237276570505e-06
32                                    -7.1097073958321672e-06
33                                     2.7447757907533639e-03
34                                    -1.8655519280632196e-03
35                                    -2.3099411355511001e-03
36                                     6.9637259174833393e-04
37                                     3.2864966106275275e-04
38                                     3.0646884881628154e-05
39                                    -3.3575045003486105e-03
40                                    -3.4661773851886945e-04
41                                     6.6393984397114438e-04
42                                    -3.1421131393376618e-03
43                                     1.0260697708652214e-03
44                                     6.2324714964980267e-05
45                                    -2.5235460194280798e-04
46                                     9.6910961918926779e-04
47                                     1.3379045759876983e-03
48                                     1.3421772288492945e-03
49                                    -3.3870832734985508e-04
50                                    -3.7681310092262045e-04
51                                    -1.6897068831653198e-03
52                                    -3.1634717599601483e-04
53                                    -6.1007558132064686e-04
54                                    -1.1213762466949651e-03
55                                    -6.1175286255063890e-04
56                                    -1.1103550700535636e-03
57                                     9.5479986476886729e-04
58                                     5.4375127415839941e-04
59                                     8.8025103807248231e-04
60                                    -2.7988275732681672e-04
61                                    -2.2075626298355812e-04
62                                    -3.2123503702845410e-04
63                                     1.1904091340362422e-04
64                                    -3.0406667443921820e-04
65                                    -4.0031478792208985e-04
66                                    -2.1722685068450976e-05
67                                     1.4416250440498187e-04
68                                     2.0401149195647684e-04
69                                    -3.0159993189029475e-04
70                                     7.5701128443846582e-05
71                                     8.6015988548016661e-05
72                                     2.4604773420460857e-04
73                                    -2.1899776247268576e-04
74                                    -2.0705998268341348e-05
75                                     9.8900374655140014e-04
76                                    -4.8998351535705286e-04
77                                    -6.5130109429961062e-04
78                                    -3.7836440297298030e-04
79                                    -8.8026208078849832e-05
80                                    -1.5330377778499687e-04
81                                     6.8312911163806987e-04
82                                     3.3927162795194200e-04
83                                     5.3803854018324017e-04
84                                    -3.7378464940938540e-05
85                                    -8.2770616634375311e-05
86                                     1.8859645065862925e-05
87                                     5.2824142271670185e-04
88                                    -2.8384072882714977e-04
89                                    -9.8537937432676917e-05
90                                     7.5216532663963586e-04
91                                    -5.5122381637965679e-04
92                                     1.9256176902725673e-04
93                                     9.5231984726421059e-04
94                                     1.9273955329174788e-04
95                                    -4.4782494679652143e-04
96                                     4.0028990741943724e-04
97                                     8.9242137402359737e-05
98                                    -2.9977029891238479e-04
99                                     6.7688322040846706e-04
100                                    3.5596826185479302e-04
101                                    3.9145659771775646e-04
102                                   -4.2793779090096739e-05
103                                   -1.1229864643742034e-04
104                                   -1.5077239787665984e-04
   &Method [&Type "String"] "SCF"
   &Level [&Type "String"] "Relaxed density"
   &Mult [&Type "Integer"] 1
   &State [&Type "Integer"] 0
   &Irrep [&Type "Integer"] 0
$End
$Geometry
   &GeometryIndex 4
   &NAtoms [&Type "Integer"] 35
   &NCorelessECP [&Type "Integer"] 0
   &NGhostAtoms [&Type "Integer"] 0
   &CartesianCoordinates [&Type "Coordinates", &Dim(35,4), &Units "Bohr"] 
              C    -12.456738572328   -0.280371191320   -1.176582997427
              C    -12.223163686293    1.295494617328    0.967738518660
              C     -9.863434894530    1.922499051713    1.970265042663
              C     -7.744957405932    0.915699130142    0.750175058989
              N     -5.183651792222    1.117955227933    1.190864199499
              C     -3.952326221388   -0.285697190889   -0.625486992744
              C     -1.191922754637   -0.513673377605   -0.756431314827
              C     -0.125941995993   -1.965177023337   -2.748047531754
              C      2.472523592753   -2.267342436130   -3.018201164669
              C      4.013192518171   -1.074916964349   -1.230072349076
              N      6.596928615572   -0.951269751052   -0.902713570776
              C      7.054824448987    0.508502861653    1.206771595487
              C      9.600321932151    1.080631991326    2.167599795623
              C     11.722179270670   -0.839431533652    1.971789159047
              C     11.800014358731    1.500035690835    0.375307208967
              N      4.946282946727    1.333527403219    2.261088859341
              C      2.999464616110    0.382016383796    0.786327796641
              C      0.380827826351    0.664919664955    1.026205321204
              N     -5.556700794477   -1.377181581270   -2.209261599079
              C     -7.941734778595   -0.673586704580   -1.411901062573
              C    -10.338005967022   -1.278923582876   -2.386160861654
              H    -14.339911804876   -0.724640231812   -1.900618754500
              H    -13.928542988891    2.041299508788    1.864012256775
              H     -9.684731115030    3.139784712927    3.627548061384
              H     -4.368398760379    2.129940459960    2.598390291503
              H     -1.402977184119   -2.858178314930   -4.096845466461
              H      3.260431363276   -3.386764643376   -4.562035389990
              H      7.913230892520   -1.788145743788   -2.017927211145
              H      9.527426391549    2.245906994138    3.869439317821
              H     13.010780021908   -0.976160088441    3.581992305448
              H     11.304037686343   -2.647541740052    1.059071133134
              H     11.439429544059    1.327708555003   -1.653990611196
              H     13.140247241113    2.991135314336    0.877730017972
              H     -0.362833155524    1.788895234329    2.588547081895
              H    -10.516358367368   -2.496950702924   -4.044208198956
$End
$SCF_Energy
   &GeometryIndex 4
   &Method [&Type "String"] "SCF"
   &totalEnergy [&Type "ArrayOfDoubles", &Dim (1,1)] "Total energy of each state"
                                                         0

0                                     -8.7412989250095779e+02
   &Mult [&Type "ArrayOfIntegers", &Dim (1,1)] "Multiplicity of each state"
                                                         0

0                                                        1
$End
$DFT_Energy
   &GeometryIndex 4
   &nAlphaEl [&Type "Integer"] 72
   &nBetaEl [&Type "Integer"] 72
   &nTotalEl [&Type "Integer"] 144
   &finalEn [&Type "Double"]      -8.7412989250095779e+02  "No Van der Waals correction"
   &eExchange [&Type "Double"]      -9.4888461017899218e+01
   &eCorr [&Type "Double"]      -5.7722925383779780e+00
   &eXC [&Type "Double"]      -1.0066075355627720e+02
   &eCNL [&Type "Double"]       0.0000000000000000e+00
$End
$Solvation_Details
   &GeometryIndex 4
   &Solvent [&Type "String"] "WATER"
   &Epsilon [&Type "Double"]       8.0150999999999996e+01
   &Refrac [&Type "Double"]       1.3328000000000000e+00
   &RSolv [&Type "Double"]       1.3000000000000000e+00
   &SurfaceType [&Type "String"] "GAUSSIAN VDW"
   &CPCMDielEnergy [&Type "Double"]      -3.3764668999999997e-02
   &NPoints [&Type "Integer"] 3191
   &SurfaceArea [&Type "Double"]       1.1338579680109999e+03
$End
$SCF_Timings
   &GeometryIndex 4
   &TOTAL [&Type "Double"]       1.5050000000000000e+02
   &PREP [&Type "Double"]       6.1899999999999999e-01
   &FOCK [&Type "Double"]       1.4273900000000000e+02
   &DENS [&Type "Double"]       1.6000000000002501e-01
   &ETOT [&Type "Double"]       1.1300000000001731e-01
   &TRAFO [&Type "Double"]       6.7999999999994287e-02
   &DIIS [&Type "Double"]       1.4999999999999858e-01
   &SOSCF [&Type "Double"]       4.0199999999997260e-01
   &XC [&Type "Double"]       1.4685000000000009e+01
   &FOCKSTART [&Type "Double"]       1.0999999999999122e-02
   &SOLV [&Type "Double"]       1.5128000000000000e+01
   &SOLV_INIT [&Type "Double"]       4.5000000000000007e-01
   &INT_BF [&Type "Double"]       5.3840000000001176e+00
   &INT_DENS [&Type "Double"]       3.1809999999998020e+00
   &INT_DENSIO [&Type "Double"]       1.9835847929999984e+06
   &INT_FUNC [&Type "Double"]       4.9299999999990618e-01
   &INT_POT [&Type "Double"]       4.9260000000000623e+00
   &INT_POTIO [&Type "Double"]       1.9800000000008211e-01
   &SPLITRIJ [&Type "Double"]       1.1821999999999996e+01
   &COSX [&Type "Double"]       1.0761899999999999e+02
$End
$VdW_Correction
   &GeometryIndex 4
   &vdW [&Type "Double"]      -7.4579777722610235e-02
$End
$Single_Point_Data
   &GeometryIndex 4
   &FinalEnergy [&Type "Double"]      -8.7420447227868044e+02  "Final single point energy"
   &Converged [&Type "Boolean"] true
$End
$SCF_Nuc_Gradient
   &GeometryIndex 4
   &NAtoms [&Type "Integer"] 35
   &gradNorm [&Type "Double"]       4.4072133344467603e-03
   &grad [&Type "ArrayOfDoubles", &Dim (105,1)] 
                                                         0

0                                     -2.7116850804854902e-05
1                                     -6.1942566607675395e-05
2                                     -8.2471971414604603e-05
3                                      3.5200452686896285e-04
4                                      6.1728754350564370e-05
5                                      1.1377953435806346e-04
6                                      7.7942781205798028e-05
7                                      2.8820548468340380e-04
8                                      3.6370576711798163e-04
9                                     -3.2792918410853118e-04
10                                    -1.8935975811184831e-04
11                                    -2.0258311765813724e-04
12                                     4.3740787166893176e-04
13                                     5.1556231653413919e-04
14                                     5.0962893322541191e-04
15                                     1.2356328726493507e-04
16                                     1.6309921387123658e-04
17                                     3.2741017920200061e-04
18                                     5.0343744049397997e-05
19                                     9.8995107564015268e-05
20                                     1.4111453606721578e-04
21                                    -3.6728156243654618e-04
22                                     2.5712428204617305e-04
23                                     5.2825791841709766e-04
24                                     2.4477227869135838e-04
25                                    -4.4502431830458427e-04
26                                    -6.5609986714908121e-04
27                                    -1.3405129007602800e-03
28                                     2.2020696137732695e-04
29                                     2.9524574799691264e-04
30                                     8.7022484924450475e-04
31                                    -1.1488964656871479e-04
32                                    -1.9545933075808464e-04
33                                     1.8368093529904819e-03
34                                    -6.7347901353127185e-04
35                                    -8.0062451807753226e-04
36                                     3.0646174955302463e-04
37                                     2.7158064456831409e-04
38                                     5.6961604682481399e-06
39                                    -1.3611908925661444e-03
40                                    -3.3186140710323830e-04
41                                     2.6281784908949591e-04
42                                    -1.3804556474136228e-03
43                                     3.7406894617899916e-04
44                                    -1.0298677366654083e-04
45                                    -1.7678824868151306e-04
46                                     5.9012598545929299e-04
47                                     8.7836808418938542e-04
48                                    -3.2945064558421652e-04
49                                     9.1850132940849067e-05
50                                     1.1428940242203569e-04
51                                    -9.1157293563055820e-04
52                                    -1.4000167763918554e-04
53                                    -3.5489560333317019e-04
54                                     4.5134433115346761e-05
55                                    -2.6821958997797944e-04
56                                    -5.6037160047740211e-04
57                                     1.0404659437008787e-05
58                                    -1.7311880371274208e-04
59                                    -1.5103469133178216e-04
60                                    -4.5984602537369401e-04
61                                    -1.0334924459859239e-04
62                                    -1.6814123941299018e-04
63                                     5.8761804416133153e-05
64                                    -1.8169104592572754e-04
65                                    -2.3339471214800419e-04
66                                     4.3568074366425412e-06
67                                     8.9665898200315587e-05
68                                     1.3329359510712028e-04
69                                    -1.7945405366090954e-04
70                                     4.8897046115292008e-05
71                                     6.1777777048969930e-05
72                                     1.7186323637461391e-04
73                                    -1.7576523662954293e-04
74                                     5.8246812651968204e-05
75                                     5.5982660370222572e-04
76                                    -2.6978399635101331e-04
77                                    -3.5510188238206349e-04
78                                    -2.4370476521612850e-04
79                                    -7.4830016150971118e-05
80                                    -1.1923513358179225e-04
81                                     3.5277905662162628e-04
82                                     2.1474183523126562e-04
83                                     3.2075854244086066e-04
84                                    -2.6014305197902087e-04
85                                     2.5569402279107675e-06
86                                     6.1560562750649655e-05
87                                     3.2599953573987650e-04
88                                    -1.7250220689497624e-04
89                                    -9.3865540458369434e-05
90                                     3.8986105693673845e-04
91                                    -3.5351093863742345e-04
92                                     2.3472265299127730e-04
93                                     4.9723747094139166e-04
94                                     2.7185776369327759e-04
95                                    -2.6699097887152305e-04
96                                     2.3921599315406038e-04
97                                     2.7383228190200424e-05
98                                    -1.7927228415015608e-04
99                                     4.2889129278012966e-04
100                                    2.0155347040290200e-04
101                                    1.8776557352847282e-04
102                                   -1.8415626709863874e-05
103                                   -5.9874538299673001e-05
104                                   -7.5910377400619460e-05
   &Method [&Type "String"] "SCF"
   &Level [&Type "String"] "Relaxed density"
   &Mult [&Type "Integer"] 1
   &State [&Type "Integer"] 0
   &Irrep [&Type "Integer"] 0
$End
$Geometry
   &GeometryIndex 5
   &NAtoms [&Type "Integer"] 35
   &NCorelessECP [&Type "Integer"] 0
   &NGhostAtoms [&Type "Integer"] 0
   &CartesianCoordinates [&Type "Coordinates", &Dim(35,4), &Units "Bohr"] 
              C    -12.458552743246   -0.298682429041   -1.162041193368
              C    -12.224679549249    1.307797726727    0.958514795584
              C     -9.863582129111    1.950467409894    1.947292744942
              C     -7.744957284909    0.929344407293    0.740361556974
              N     -5.183883297500    1.139021736999    1.172912671089
              C     -3.953478877484   -0.288064789735   -0.625052069619
              C     -1.191628301094   -0.514345840722   -0.757122968954
              C     -0.126778281131   -1.952059638199   -2.759092299036
              C      2.471893340022   -2.249672149856   -3.029543183494
              C      4.014615480230   -1.070484724546   -1.235259260111
              N      6.594728880646   -0.948112760995   -0.906506300682
              C      7.053280658005    0.496601736823    1.215770576000
              C      9.602992319497    1.060633839534    2.178084484147
              C     11.737824179869   -0.846649068321    1.955816015090
              C     11.806067935754    1.509869501322    0.391805830635
              N      4.944947075532    1.311151951982    2.273944232355
              C      2.998901894782    0.371217035505    0.792356531193
              C      0.381143715235    0.651264195923    1.034486985397
              N     -5.558564052804   -1.402267344584   -2.189848438588
              C     -7.943801505278   -0.690574755426   -1.399356862793
              C    -10.340332861406   -1.311889598464   -2.360354104923
              H    -14.343639179304   -0.753302849679   -1.874123572562
              H    -13.930066350283    2.063848417857    1.845356379955
              H     -9.681191506067    3.191273586152    3.586567062958
              H     -4.368974863333    2.177677752920    2.561029510197
              H     -1.411479894873   -2.832525809262   -4.108700784199
              H      3.263372868843   -3.357415120865   -4.580120590303
              H      7.906817770201   -1.778696649507   -2.031675060198
              H      9.529242088789    2.204827822134    3.894120848470
              H     13.019051096170   -0.999880965971    3.569731321828
              H     11.319499338797   -2.641913101593    1.018954354617
              H     11.436485711415    1.362710783143   -1.637394959052
              H     13.133961666326    3.004450895484    0.914354435795
              H     -0.369575144680    1.757882117012    2.605436651428
              H    -10.519849170975   -2.553503319937   -4.000327395545
$End
$SCF_Energy
   &GeometryIndex 5
   &Method [&Type "String"] "SCF"
   &totalEnergy [&Type "ArrayOfDoubles", &Dim (1,1)] "Total energy of each state"
                                                         0

0                                     -8.7412994997587168e+02
   &Mult [&Type "ArrayOfIntegers", &Dim (1,1)] "Multiplicity of each state"
                                                         0

0                                                        1
$End
$DFT_Energy
   &GeometryIndex 5
   &nAlphaEl [&Type "Integer"] 72
   &nBetaEl [&Type "Integer"] 72
   &nTotalEl [&Type "Integer"] 144
   &finalEn [&Type "Double"]      -8.7412994997587168e+02  "No Van der Waals correction"
   &eExchange [&Type "Double"]      -9.4889839432618786e+01
   &eCorr [&Type "Double"]      -5.7723606500811444e+00
   &eXC [&Type "Double"]      -1.0066220008269993e+02
   &eCNL [&Type "Double"]       0.0000000000000000e+00
$End
$Solvation_Details
   &GeometryIndex 5
   &Solvent [&Type "String"] "WATER"
   &Epsilon [&Type "Double"]       8.0150999999999996e+01
   &Refrac [&Type "Double"]       1.3328000000000000e+00
   &RSolv [&Type "Double"]       1.3000000000000000e+00
   &SurfaceType [&Type "String"] "GAUSSIAN VDW"
   &CPCMDielEnergy [&Type "Double"]      -3.3798357000000001e-02
   &NPoints [&Type "Integer"] 3189
   &SurfaceArea [&Type "Double"]       1.1347374454490000e+03
$End
$SCF_Timings
   &GeometryIndex 5
   &TOTAL [&Type "Double"]       1.2660700000000000e+02
   &PREP [&Type "Double"]       6.1599999999999999e-01
   &FOCK [&Type "Double"]       1.1716100000000002e+02
   &DENS [&Type "Double"]       1.7900000000000205e-01
   &ETOT [&Type "Double"]       8.0000000000001847e-02
   &TRAFO [&Type "Double"]       7.5999999999996959e-02
   &DIIS [&Type "Double"]       3.0100000000000193e-01
   &SOSCF [&Type "Double"]       1.9799999999999329e-01
   &XC [&Type "Double"]       1.2401999999999997e+01
   &FOCKSTART [&Type "Double"]       9.0000000000085567e-03
   &SOLV [&Type "Double"]       1.2531999999999996e+01
   &SOLV_INIT [&Type "Double"]       4.6100000000000002e-01
   &INT_BF [&Type "Double"]       4.3809999999998581e+00
   &INT_DENS [&Type "Double"]       2.5669999999998403e+00
   &INT_DENSIO [&Type "Double"]       1.1936353929999992e+06
   &INT_FUNC [&Type "Double"]       3.8700000000004309e-01
   &INT_POT [&Type "Double"]       4.5310000000002475e+00
   &INT_POTIO [&Type "Double"]       1.3499999999989143e-01
   &SPLITRIJ [&Type "Double"]       9.3840000000000163e+00
   &COSX [&Type "Double"]       9.1143000000000015e+01
$End
$VdW_Correction
   &GeometryIndex 5
   &vdW [&Type "Double"]      -7.4568106274663676e-02
$End
$Single_Point_Data
   &GeometryIndex 5
   &FinalEnergy [&Type "Double"]      -8.7420451808214636e+02  "Final single point energy"
   &Converged [&Type "Boolean"] true
$End
$SCF_Nuc_Gradient
   &GeometryIndex 5
   &NAtoms [&Type "Integer"] 35
   &gradNorm [&Type "Double"]       1.8445954578653512e-03
   &grad [&Type "ArrayOfDoubles", &Dim (105,1)] 
                                                         0

0                                      1.7325125264867658e-04
1                                     -7.0180950605767085e-05
2                                     -6.9036328173059604e-05
3                                      4.4453285117291596e-05
4                                      1.3278784516498069e-04
5                                      1.7414036833764791e-04
6                                     -1.3290512811688619e-04
7                                     -6.9721606001906905e-05
8                                     -1.4340379934221729e-04
9                                      6.8480538697552598e-05
10                                     2.9276635430856585e-04
11                                     4.8075443460095365e-04
12                                     2.0557392236851736e-04
13                                     6.5306088949382285e-05
14                                    -1.5466524261198081e-04
15                                    -5.6881717790105077e-04
16                                    -4.9862113523978837e-05
17                                    -1.3993793818094902e-05
18                                     3.1791917204448717e-04
19                                     3.6630653562872868e-05
20                                     8.8167263452350265e-05
21                                    -8.4137851192456117e-05
22                                    -1.7591174028012589e-04
23                                    -9.1205668173761944e-05
24                                    -6.3884925456422325e-05
25                                     1.6043949972258163e-04
26                                     1.6747526647087151e-04
27                                     3.4858282848862065e-04
28                                    -3.0563053223800366e-04
29                                    -3.5795741238818686e-04
30                                    -2.7417171591755227e-04
31                                    -3.0017384812512551e-05
32                                    -1.3455440624544549e-04
33                                    -3.8436209080978424e-06
34                                     1.4534877488391160e-04
35                                     2.6049800498310059e-04
36                                     2.1280031980859250e-04
37                                     2.4490660456863412e-04
38                                     5.5880672448960082e-05
39                                     1.6335912551645050e-04
40                                    -1.7709427578974711e-05
41                                    -2.0879368016450732e-04
42                                    -2.5168669269862620e-05
43                                    -3.7475860243664819e-04
44                                    -6.4673156849666700e-05
45                                     7.2789165523149898e-05
46                                     1.2273144559903926e-05
47                                     4.5876586721151799e-05
48                                    -4.9193600621636694e-04
49                                     1.8713811774840255e-04
50                                     2.8769463855076100e-04
51                                    -1.3695484545579408e-04
52                                     5.2182758156719340e-06
53                                    -1.4414935816536652e-04
54                                     5.2181366356307654e-04
55                                     1.7906286529329249e-04
56                                     7.8843262763391575e-05
57                                    -3.4204687708560676e-04
58                                    -3.6202378879311161e-04
59                                    -4.1107889161789870e-04
60                                    -1.9033975478082463e-04
61                                     2.7026652406974210e-05
62                                     2.0516270427927791e-05
63                                     1.6260900268181980e-05
64                                    -2.6129653756175016e-05
65                                    -2.6759061218035773e-05
66                                     2.4610905228073838e-05
67                                     3.7768106121052438e-06
68                                     1.9256638062845066e-05
69                                    -4.6240440575310939e-05
70                                    -2.9495977917459292e-06
71                                     4.1724861720217896e-06
72                                     5.6836389690342620e-05
73                                    -1.4086189806527023e-04
74                                     7.5182578807159997e-05
75                                     9.3805048337926639e-05
76                                    -3.9788191263838662e-05
77                                    -4.2252086519642472e-05
78                                    -8.5647542358241192e-05
79                                    -2.9336013763978786e-05
80                                    -2.8508220814592257e-05
81                                     8.6099065687901533e-05
82                                     3.5128682419568791e-05
83                                     5.1745354847690091e-05
84                                    -3.1308618049322677e-04
85                                     1.1360538308564987e-05
86                                     1.2833302060347130e-05
87                                     5.1172349181874947e-05
88                                    -1.6910474286969290e-05
89                                    -5.3390809134407942e-05
90                                     3.0212626149460191e-05
91                                    -9.6371662532149520e-05
92                                     1.7869221625814379e-04
93                                     7.7398934724439350e-05
94                                     2.6070783116708833e-04
95                                    -3.7217235382885688e-05
96                                     3.1258862429867665e-05
97                                    -2.6537282868185588e-05
98                                    -2.9296135089015134e-05
99                                     1.5321896833632854e-04
100                                    2.7195272925904925e-05
101                                   -7.4274057078050877e-06
102                                    9.2834233979462459e-06
103                                    7.6269104785456907e-06
104                                    1.6633349087574983e-05
   &Method [&Type "String"] "SCF"
   &Level [&Type "String"] "Relaxed density"
   &Mult [&Type "Integer"] 1
   &State [&Type "Integer"] 0
   &Irrep [&Type "Integer"] 0
$End
$Geometry
   &GeometryIndex 6
   &NAtoms [&Type "Integer"] 35
   &NCorelessECP [&Type "Integer"] 0
   &NGhostAtoms [&Type "Integer"] 0
   &CartesianCoordinates [&Type "Coordinates", &Dim(35,4), &Units "Bohr"] 
              C    -12.459311950656   -0.314212474596   -1.150504788927
              C    -12.224988154228    1.312735736493    0.953924885514
              C     -9.863169187651    1.967767235439    1.933355933588
              C     -7.744798156203    0.937865748541    0.733727397852
              N     -5.183813530438    1.154714397704    1.161149991662
              C     -3.953223318967   -0.287049621366   -0.625244857306
              C     -1.191347412073   -0.510690813833   -0.759228524686
              C     -0.126690510240   -1.939367264974   -2.767531438696
              C      2.472082994361   -2.235416131868   -3.039358730379
              C      4.015008025761   -1.064259849503   -1.240089908912
              N      6.594655505645   -0.944585103366   -0.910326843511
              C      7.053236611481    0.489842158495    1.219177256566
              C      9.602963331317    1.047848165841    2.185519612566
              C     11.740508397888   -0.854647372365    1.949464441357
              C     11.806768366853    1.513071728766    0.403697199211
              N      4.945072784355    1.300018138067    2.280015051992
              C      2.999435599992    0.368172442651    0.793646720009
              C      0.381686226472    0.647134649336    1.037448440092
              N     -5.559460269215   -1.418065454746   -2.176962051924
              C     -7.944106978970   -0.701939009323   -1.389865037916
              C    -10.340819179685   -1.335837979212   -2.341635264603
              H    -14.345032503009   -0.777724769072   -1.855044845220
              H    -13.930444665827    2.074941764574    1.835268214876
              H     -9.679383613178    3.224468020622    3.560321665531
              H     -4.369298533399    2.211688322070    2.535596643949
              H     -1.413642914322   -2.813223377349   -4.119322626654
              H      3.264787251573   -3.336059710947   -4.594379901302
              H      7.905245176276   -1.771420321932   -2.039966367024
              H      9.529811067938    2.179465072064    3.909816140228
              H     13.018818230237   -1.019318152068    3.564447779775
              H     11.323799048340   -2.641807382125    0.996690862188
              H     11.436386880474    1.378449885051   -1.626132619246
              H     13.130873538003    3.006817233237    0.937820527843
              H     -0.371219572298    1.744044130882    2.614242695649
              H    -10.520577559219   -2.593420041191   -3.969359708912
$End
$SCF_Energy
   &GeometryIndex 6
   &Method [&Type "String"] "SCF"
   &totalEnergy [&Type "ArrayOfDoubles", &Dim (1,1)] "Total energy of each state"
                                                         0

0                                     -8.7412996504301782e+02
   &Mult [&Type "ArrayOfIntegers", &Dim (1,1)] "Multiplicity of each state"
                                                         0

0                                                        1
$End
$DFT_Energy
   &GeometryIndex 6
   &nAlphaEl [&Type "Integer"] 72
   &nBetaEl [&Type "Integer"] 72
   &nTotalEl [&Type "Integer"] 144
   &finalEn [&Type "Double"]      -8.7412996504301782e+02  "No Van der Waals correction"
   &eExchange [&Type "Double"]      -9.4890544423462615e+01
   &eCorr [&Type "Double"]      -5.7724068047675221e+00
   &eXC [&Type "Double"]      -1.0066295122823014e+02
   &eCNL [&Type "Double"]       0.0000000000000000e+00
$End
$Solvation_Details
   &GeometryIndex 6
   &Solvent [&Type "String"] "WATER"
   &Epsilon [&Type "Double"]       8.0150999999999996e+01
   &Refrac [&Type "Double"]       1.3328000000000000e+00
   &RSolv [&Type "Double"]       1.3000000000000000e+00
   &SurfaceType [&Type "String"] "GAUSSIAN VDW"
   &CPCMDielEnergy [&Type "Double"]      -3.3822515999999997e-02
   &NPoints [&Type "Integer"] 3194
   &SurfaceArea [&Type "Double"]       1.1350563565130001e+03
$End
$SCF_Timings
   &GeometryIndex 6
   &TOTAL [&Type "Double"]       1.3589400000000001e+02
   &PREP [&Type "Double"]       6.2400000000000000e-01
   &FOCK [&Type "Double"]       1.2746100000000000e+02
   &DENS [&Type "Double"]       1.6499999999999204e-01
   &ETOT [&Type "Double"]       1.1399999999997945e-01
   &TRAFO [&Type "Double"]       6.7000000000014381e-02
   &DIIS [&Type "Double"]       2.1799999999999997e-01
   &SOSCF [&Type "Double"]       3.1200000000001893e-01
   &XC [&Type "Double"]       1.3445000000000014e+01
   &FOCKSTART [&Type "Double"]       6.0000000000084430e-03
   &SOLV [&Type "Double"]       1.3733000000000004e+01
   &SOLV_INIT [&Type "Double"]       4.5900000000000007e-01
   &INT_BF [&Type "Double"]       4.8380000000002816e+00
   &INT_DENS [&Type "Double"]       2.8879999999997494e+00
   &INT_DENSIO [&Type "Double"]       1.5223343939999985e+06
   &INT_FUNC [&Type "Double"]       5.0700000000005474e-01
   &INT_POT [&Type "Double"]       4.5649999999999054e+00
   &INT_POTIO [&Type "Double"]       1.7300000000008353e-01
   &SPLITRIJ [&Type "Double"]       1.0231999999999999e+01
   &COSX [&Type "Double"]       9.7194000000000017e+01
$End
$VdW_Correction
   &GeometryIndex 6
   &vdW [&Type "Double"]      -7.4564698921003258e-02
$End
$Single_Point_Data
   &GeometryIndex 6
   &FinalEnergy [&Type "Double"]      -8.7420452974193881e+02  "Final single point energy"
   &Converged [&Type "Boolean"] true
$End
$SCF_Nuc_Gradient
   &GeometryIndex 6
   &NAtoms [&Type "Integer"] 35
   &gradNorm [&Type "Double"]       1.6454682738339936e-03
   &grad [&Type "ArrayOfDoubles", &Dim (105,1)] 
                                                         0

0                                      9.7863308853066801e-05
1                                     -9.8647196353717458e-06
2                                      8.1598656029659199e-06
3                                     -7.5039937586175606e-05
4                                      5.8145921004339884e-05
5                                      6.2482169307927584e-05
6                                     -5.2927216921251825e-05
7                                     -1.1432414218698724e-04
8                                     -1.9429031015347068e-04
9                                      1.2855512485651492e-04
10                                     2.1935010135494049e-04
11                                     3.6784252311864080e-04
12                                    -1.1128586182243972e-05
13                                    -7.1135248005095250e-07
14                                    -2.2039603887488387e-04
15                                    -3.6384324725259338e-04
16                                    -7.1284443120280721e-05
17                                    -6.9889755521500405e-05
18                                     2.0886846090506961e-04
19                                    -1.5514844574860224e-05
20                                     1.0432767156916359e-05
21                                    -4.0443801703269017e-05
22                                    -1.6768454710414110e-04
23                                    -1.2180095942737215e-04
24                                    -5.5862235536302107e-05
25                                     2.2914655215199950e-04
26                                     2.6624427309522347e-04
27                                     5.4192792796775948e-04
28                                    -2.6270270743073516e-04
29                                    -2.8904559918051763e-04
30                                    -3.7668123684812956e-04
31                                    -7.5352833949842931e-06
32                                    -9.8965561060783701e-05
33                                    -3.2973466171307749e-04
34                                     2.3331319390497614e-04
35                                     3.6171794279455673e-04
36                                     1.8681601138066325e-04
37                                     1.8709818986177069e-04
38                                     8.0601365128955577e-05
39                                     3.3993272539963721e-04
40                                     9.4298171589187667e-05
41                                    -2.7528775483119596e-04
42                                     1.4512912536113247e-04
43                                    -4.7802522256686216e-04
44                                    -2.1593678813272331e-05
45                                     9.1886402575330474e-05
46                                    -1.3366287841130297e-04
47                                    -1.8114746037818695e-04
48                                    -2.4961092077451907e-04
49                                     1.0339963981630319e-04
50                                     1.8916886697523829e-04
51                                     4.9569402644029554e-05
52                                     4.1046012550890882e-05
53                                    -8.3609802973475152e-05
54                                     2.9446235995010472e-04
55                                     1.9002393536730013e-04
56                                     1.4940882575183685e-04
57                                    -2.2132402525370035e-04
58                                    -2.1652012014268388e-04
59                                    -2.2908503884330050e-04
60                                     3.0430537024664557e-06
61                                     4.6565999677464925e-05
62                                     6.2543715839019626e-05
63                                    -2.3802211073334118e-06
64                                     1.4846320154240710e-05
65                                     2.6753381270199690e-05
66                                     1.3206680607584867e-05
67                                    -1.5770393257503052e-05
68                                    -1.1072546475276196e-05
69                                    -5.6289746236233237e-07
70                                    -6.4301197239313484e-06
71                                    -2.8866264165560633e-06
72                                     2.2787977022052743e-05
73                                    -1.1169130220355807e-04
74                                     7.2014663383443195e-05
75                                    -3.9726606729294625e-05
76                                     1.7078762170650474e-05
77                                     3.5156016832610176e-05
78                                    -2.3729777315685071e-05
79                                    -1.6269815611293933e-05
80                                    -5.4250597075517111e-08
81                                    -4.8270222430402951e-06
82                                    -1.6460133804322102e-06
83                                    -4.9066645611866222e-07
84                                    -2.2585801196897502e-04
85                                     8.6583513206419142e-06
86                                    -7.8078741137636593e-06
87                                    -2.3194116961266039e-05
88                                     3.5300089744057418e-05
89                                    -1.4461294717565845e-05
90                                    -4.6722907198337141e-05
91                                    -1.4893942006719138e-05
92                                     9.9364752029994233e-05
93                                    -1.2804048376610492e-05
94                                     1.8366153507684858e-04
95                                     8.4065294169489470e-06
96                                    -1.9389579209376588e-05
97                                    -2.0931098154198196e-05
98                                     2.6397044709804928e-05
99                                     4.3903827314759427e-05
100                                   -6.0298135045560154e-06
101                                   -2.7343333036195557e-05
102                                    7.8386901093807892e-06
103                                    9.5599784588624027e-06
104                                    2.2533852438276145e-05
   &Method [&Type "String"] "SCF"
   &Level [&Type "String"] "Relaxed density"
   &Mult [&Type "Integer"] 1
   &State [&Type "Integer"] 0
   &Irrep [&Type "Integer"] 0
$End
$Geometry
   &GeometryIndex 7
   &NAtoms [&Type "Integer"] 35
   &NCorelessECP [&Type "Integer"] 0
   &NGhostAtoms [&Type "Integer"] 0
   &CartesianCoordinates [&Type "Coordinates", &Dim(35,4), &Units "Bohr"] 
              C    -12.459902400159   -0.335992240411   -1.135198724205
              C    -12.225219257509    1.316621840622    0.948958853585
              C     -9.862961458774    1.988564834180    1.916388544506
              C     -7.744804472648    0.948397410217    0.725241793243
              N     -5.183762768439    1.175964635039    1.146016454258
              C     -3.952583531286   -0.284227203201   -0.625468481313
              C     -1.191026014561   -0.503673561059   -0.762205962016
              C     -0.126327025595   -1.920294978303   -2.778931746829
              C      2.472340195392   -2.215225969169   -3.052890471526
              C      4.014855195957   -1.054230146633   -1.246549874071
              N      6.594907052568   -0.939073953189   -0.915412365207
              C      7.053638080543    0.482070871679    1.222628326173
              C      9.602467027821    1.032006097725    2.194717566294
              C     11.740694382288   -0.866648428846    1.944341238480
              C     11.806643190721    1.514166845334    0.418164785100
              N      4.945700755850    1.287870721237    2.287392764451
              C      3.000148447343    0.366498981554    0.794891961677
              C      0.382185933345    0.643883985824    1.041185408714
              N     -5.559974554055   -1.437437904693   -2.160474434663
              C     -7.944004651239   -0.716457806098   -1.377526250766
              C    -10.340891789151   -1.367275740135   -2.317507984929
              H    -14.346013040242   -0.811811773302   -1.830405665159
              H    -13.930914175198    2.085894777748    1.823776580028
              H     -9.678294402751    3.265306582750    3.527567139315
              H     -4.369983686646    2.257494095905    2.501656446283
              H     -1.414584454461   -2.786021986452   -4.134754452375
              H      3.266076979405   -3.306566285615   -4.613908016387
              H      7.904188256057   -1.761156048515   -2.050021225117
              H      9.531040742284    2.149604948009    3.928102740175
              H     13.016645102365   -1.044996668760    3.559729146014
              H     11.326625390134   -2.644384044078    0.973002011431
              H     11.437422355253    1.391649191641   -1.612613896399
              H     13.128435026995    3.005517952664    0.964492262775
              H     -0.372397818355    1.728864493048    2.625597987824
              H    -10.520557585866   -2.644903526718   -3.929604514137
$End
$SCF_Energy
   &GeometryIndex 7
   &Method [&Type "String"] "SCF"
   &totalEnergy [&Type "ArrayOfDoubles", &Dim (1,1)] "Total energy of each state"
                                                         0

0                                     -8.7412997473522876e+02
   &Mult [&Type "ArrayOfIntegers", &Dim (1,1)] "Multiplicity of each state"
                                                         0

0                                                        1
$End
$DFT_Energy
   &GeometryIndex 7
   &nAlphaEl [&Type "Integer"] 72
   &nBetaEl [&Type "Integer"] 72
   &nTotalEl [&Type "Integer"] 144
   &finalEn [&Type "Double"]      -8.7412997473522876e+02  "No Van der Waals correction"
   &eExchange [&Type "Double"]      -9.4890899787358265e+01
   &eCorr [&Type "Double"]      -5.7724307105302106e+00
   &eXC [&Type "Double"]      -1.0066333049788848e+02
   &eCNL [&Type "Double"]       0.0000000000000000e+00
$End
$Solvation_Details
   &GeometryIndex 7
   &Solvent [&Type "String"] "WATER"
   &Epsilon [&Type "Double"]       8.0150999999999996e+01
   &Refrac [&Type "Double"]       1.3328000000000000e+00
   &RSolv [&Type "Double"]       1.3000000000000000e+00
   &SurfaceType [&Type "String"] "GAUSSIAN VDW"
   &CPCMDielEnergy [&Type "Double"]      -3.3850839000000001e-02
   &NPoints [&Type "Integer"] 3190
   &SurfaceArea [&Type "Double"]       1.1353526628820000e+03
$End
$SCF_Timings
   &GeometryIndex 7
   &TOTAL [&Type "Double"]       1.3196899999999999e+02
   &PREP [&Type "Double"]       6.3700000000000001e-01
   &FOCK [&Type "Double"]       1.2349100000000001e+02
   &DENS [&Type "Double"]       1.8500000000000227e-01
   &ETOT [&Type "Double"]       9.7000000000008413e-02
   &TRAFO [&Type "Double"]       6.9999999999996732e-02
   &DIIS [&Type "Double"]       2.9800000000000892e-01
   &SOSCF [&Type "Double"]       2.6099999999998857e-01
   &XC [&Type "Double"]       1.3303000000000015e+01
   &FOCKSTART [&Type "Double"]       1.1000000000018106e-02
   &SOLV [&Type "Double"]       1.3714999999999996e+01
   &SOLV_INIT [&Type "Double"]       4.5100000000000007e-01
   &INT_BF [&Type "Double"]       4.8239999999997210e+00
   &INT_DENS [&Type "Double"]       2.9310000000000151e+00
   &INT_DENSIO [&Type "Double"]       1.4457122969999991e+06
   &INT_FUNC [&Type "Double"]       4.3200000000009098e-01
   &INT_POT [&Type "Double"]       4.5150000000000574e+00
   &INT_POTIO [&Type "Double"]       1.7300000000005511e-01
   &SPLITRIJ [&Type "Double"]       1.0315000000000015e+01
   &COSX [&Type "Double"]       9.3396000000000001e+01
$End
$VdW_Correction
   &GeometryIndex 7
   &vdW [&Type "Double"]      -7.4562831108689664e-02
$End
$Single_Point_Data
   &GeometryIndex 7
   &FinalEnergy [&Type "Double"]      -8.7420453756633742e+02  "Final single point energy"
   &Converged [&Type "Boolean"] true
$End
$SCF_Nuc_Gradient
   &GeometryIndex 7
   &NAtoms [&Type "Integer"] 35
   &gradNorm [&Type "Double"]       9.3576560132323597e-04
   &grad [&Type "ArrayOfDoubles", &Dim (105,1)] 
                                                         0

0                                     -3.3564866447387910e-05
1                                      3.8928548361339888e-05
2                                      5.4016536611587026e-05
3                                     -1.1130929371353318e-04
4                                     -3.7834477107959427e-05
5                                     -5.0852247938866263e-05
6                                      5.3574012367032554e-05
7                                     -6.1730606741624574e-05
8                                     -1.0671045384154999e-04
9                                      9.0088778268231215e-05
10                                    -1.6713599527178676e-05
11                                     7.5679687603665566e-05
12                                    -1.7006843401090442e-04
13                                     5.1431511478462126e-05
14                                    -1.3689846236389889e-04
15                                     7.7306794927830234e-05
16                                    -7.4725890633877806e-05
17                                    -3.3998279635247726e-05
18                                    -3.9801385126222424e-05
19                                    -4.2085264053340636e-05
20                                    -6.2610703523214049e-05
21                                     2.8144366491449459e-05
22                                    -5.7695841512830741e-05
23                                    -5.5029059150049487e-05
24                                    -3.8993274156716003e-05
25                                     1.2614453367010563e-04
26                                     1.6876300878020329e-04
27                                     3.1533428324440592e-04
28                                    -6.0315837947547959e-05
29                                    -6.6062284398042204e-05
30                                    -1.7711086475677776e-04
31                                    -4.3372283510271158e-06
32                                    -3.2591564300240596e-05
33                                    -2.5789185920119511e-04
34                                     1.5305872467919379e-04
35                                     2.0470159193976506e-04
36                                     9.4520451295299426e-05
37                                     7.4638188729065063e-05
38                                     1.0149859389869194e-04
39                                     2.1881703883256965e-04
40                                     1.0319763746187287e-04
41                                    -1.8346458963623395e-04
42                                     9.4040660887592090e-05
43                                    -3.1499600807306181e-04
44                                    -1.4081953243225668e-05
45                                     3.4365950288417360e-05
46                                    -1.3204107270137864e-04
47                                    -2.2085293213578230e-04
48                                     4.4049817331294223e-05
49                                    -2.3777418527517926e-05
50                                     1.0264173632525223e-05
51                                     1.3573899180794951e-04
52                                     4.1567425609177794e-05
53                                     3.3897170313077800e-06
54                                    -9.2508914437353519e-05
55                                     8.2935646807040468e-05
56                                     6.6265328331342071e-05
57                                     1.1428304961633596e-05
58                                     2.4051674450837821e-05
59                                     4.3194856604469953e-05
60                                     1.4984314472239193e-04
61                                     2.8657976809252049e-05
62                                     4.6884895147642554e-05
63                                    -1.4794621905742447e-05
64                                     3.0284675099561726e-05
65                                     4.6601084325124476e-05
66                                    -4.8079253031578354e-06
67                                    -1.5946488893664131e-05
68                                    -1.9673636422212239e-05
69                                     3.0378604707057715e-05
70                                    -3.4006652475158754e-06
71                                    -3.2820141947370878e-06
72                                    -6.7749076042436594e-06
73                                    -6.2342094855183177e-05
74                                     4.8478479752705464e-05
75                                    -1.0119147933999114e-04
76                                     3.9455574965169613e-05
77                                     6.8016996316782501e-05
78                                     2.7084599198103560e-05
79                                    -3.1912375288278144e-06
80                                     1.7101916412460454e-05
81                                    -5.1737866908017387e-05
82                                    -2.9331597374878223e-05
83                                    -3.3988993113151435e-05
84                                    -6.2550610713278860e-05
85                                     5.9163251052906317e-06
86                                    -2.3262049686703911e-05
87                                    -5.2634131943978690e-05
88                                     6.4018371929391036e-05
89                                     2.3955854676215634e-05
90                                    -6.2416033596299279e-05
91                                     4.1065270193640208e-05
92                                    -7.2636738057645694e-06
93                                    -4.0489368879240519e-05
94                                     4.8157692613736905e-05
95                                     1.7009017257232304e-05
96                                    -3.7966664875347875e-05
97                                    -3.9808308397752332e-06
98                                     6.0419137894543303e-05
99                                    -4.7021443623857710e-05
100                                   -1.0563139958183227e-05
101                                   -1.8491623808628596e-05
102                                   -1.0818279571449545e-06
103                                    1.4995243442637212e-06
104                                    1.2873649876424671e-05
   &Method [&Type "String"] "SCF"
   &Level [&Type "String"] "Relaxed density"
   &Mult [&Type "Integer"] 1
   &State [&Type "Integer"] 0
   &Irrep [&Type "Integer"] 0
$End
$Geometry
   &GeometryIndex 8
   &NAtoms [&Type "Integer"] 35
   &NCorelessECP [&Type "Integer"] 0
   &NGhostAtoms [&Type "Integer"] 0
   &CartesianCoordinates [&Type "Coordinates", &Dim(35,4), &Units "Bohr"] 
              C    -12.460025707640   -0.346114684009   -1.128460302418
              C    -12.225264627645    1.317861703116    0.946850545987
              C     -9.863125264636    1.997506269154    1.909058488282
              C     -7.744968425589    0.952974171354    0.721481814953
              N     -5.183738699922    1.185150032206    1.139653061466
              C     -3.952396898628   -0.282612836300   -0.625505657520
              C     -1.190923023956   -0.500049612717   -0.763360095842
              C     -0.126020909467   -1.911139854605   -2.784026499297
              C      2.472512328035   -2.205361096386   -3.059165218618
              C      4.014453771465   -1.049019838054   -1.249206203146
              N      6.594981453430   -0.935667330726   -0.917594424740
              C      7.053835109159    0.479017169864    1.224297617565
              C      9.602240342151    1.025409253913    2.198524261159
              C     11.739857842500   -0.872602551464    1.943220131515
              C     11.806356399692    1.513325984383    0.423725581363
              N      4.945965077263    1.282759508112    2.291492040348
              C      3.000189144403    0.366311841779    0.795965668538
              C      0.382074430670    0.642867306504    1.043213345352
              N     -5.559844737453   -1.445828490111   -2.153243388087
              C     -7.943950227906   -0.723111344380   -1.372186505621
              C    -10.340978400866   -1.381548605104   -2.306963603800
              H    -14.346131286231   -0.827641532372   -1.819772924886
              H    -13.931071871058    2.090060295618    1.818956308817
              H     -9.678558193801    3.282931942900    3.513321607732
              H     -4.370201409507    2.277895000988    2.486422197860
              H     -1.413898434252   -2.773334580773   -4.142471686328
              H      3.266488401250   -3.292097962070   -4.623243529680
              H      7.904130839891   -1.754886806528   -2.054413804303
              H      9.531934478140    2.137827836231    3.935283982155
              H     13.015795618040   -1.056325485668    3.558055413416
              H     11.326917778507   -2.646961794318    0.965183955540
              H     11.438097038592    1.394572879899   -1.607472190316
              H     13.128411172911    3.003068287778    0.973820392836
              H     -0.372757454406    1.722675717673    2.631070335934
              H    -10.520574625749   -2.667910795886   -3.912132770989
$End
$SCF_Energy
   &GeometryIndex 8
   &Method [&Type "String"] "SCF"
   &totalEnergy [&Type "ArrayOfDoubles", &Dim (1,1)] "Total energy of each state"
                                                         0

0                                     -8.7412997425988692e+02
   &Mult [&Type "ArrayOfIntegers", &Dim (1,1)] "Multiplicity of each state"
                                                         0

0                                                        1
$End
$DFT_Energy
   &GeometryIndex 8
   &nAlphaEl [&Type "Integer"] 72
   &nBetaEl [&Type "Integer"] 72
   &nTotalEl [&Type "Integer"] 144
   &finalEn [&Type "Double"]      -8.7412997425988692e+02  "No Van der Waals correction"
   &eExchange [&Type "Double"]      -9.4890645929259762e+01
   &eCorr [&Type "Double"]      -5.7724108654256545e+00
   &eXC [&Type "Double"]      -1.0066305679468542e+02
   &eCNL [&Type "Double"]       0.0000000000000000e+00
$End
$Solvation_Details
   &GeometryIndex 8
   &Solvent [&Type "String"] "WATER"
   &Epsilon [&Type "Double"]       8.0150999999999996e+01
   &Refrac [&Type "Double"]       1.3328000000000000e+00
   &RSolv [&Type "Double"]       1.3000000000000000e+00
   &SurfaceType [&Type "String"] "GAUSSIAN VDW"
   &CPCMDielEnergy [&Type "Double"]      -3.3861477000000001e-02
   &NPoints [&Type "Integer"] 3189
   &SurfaceArea [&Type "Double"]       1.1354780808519999e+03
$End
$SCF_Timings
   &GeometryIndex 8
   &TOTAL [&Type "Double"]       1.2896500000000000e+02
   &PREP [&Type "Double"]       6.2600000000000000e-01
   &FOCK [&Type "Double"]       1.2097800000000002e+02
   &DENS [&Type "Double"]       1.0899999999999466e-01
   &ETOT [&Type "Double"]       7.9999999999962768e-02
   &TRAFO [&Type "Double"]       3.2000000000010687e-02
   &DIIS [&Type "Double"]       5.7000000000002160e-02
   &SOSCF [&Type "Double"]       3.4400000000000830e-01
   &XC [&Type "Double"]       1.1898999999999997e+01
   &FOCKSTART [&Type "Double"]       8.9999999999943459e-03
   &SOLV [&Type "Double"]       1.1917999999999985e+01
   &SOLV_INIT [&Type "Double"]       4.5200000000000007e-01
   &INT_BF [&Type "Double"]       4.3189999999995479e+00
   &INT_DENS [&Type "Double"]       2.6440000000000659e+00
   &INT_DENSIO [&Type "Double"]       1.3756297639999981e+06
   &INT_FUNC [&Type "Double"]       3.8600000000010581e-01
   &INT_POT [&Type "Double"]       4.0110000000002692e+00
   &INT_POTIO [&Type "Double"]       1.5400000000003189e-01
   &SPLITRIJ [&Type "Double"]       8.9140000000000139e+00
   &COSX [&Type "Double"]       9.5267999999999986e+01
$End
$VdW_Correction
   &GeometryIndex 8
   &vdW [&Type "Double"]      -7.4562902803108594e-02
$End
$Single_Point_Data
   &GeometryIndex 8
   &FinalEnergy [&Type "Double"]      -8.7420453716269003e+02  "Final single point energy"
   &Converged [&Type "Boolean"] true
$End
$SCF_Nuc_Gradient
   &GeometryIndex 8
   &NAtoms [&Type "Integer"] 35
   &gradNorm [&Type "Double"]       4.9850708188989604e-04
   &grad [&Type "ArrayOfDoubles", &Dim (105,1)] 
                                                         0

0                                     -4.8923828462182922e-05
1                                      1.4656853476732325e-05
2                                      2.0136536259916110e-05
3                                     -4.5528938817945939e-05
4                                     -3.3886300105330567e-05
5                                     -4.1611166610095693e-05
6                                      3.6404630656253537e-05
7                                      1.6090609906374445e-06
8                                     -2.0939042929024306e-05
9                                      2.9506080397013372e-05
10                                    -7.0297125599881388e-05
11                                    -4.6619173333441264e-05
12                                    -1.1007754226686589e-04
13                                     6.8767117529966947e-05
14                                    -3.3047972480477301e-05
15                                     1.8056059925173739e-04
16                                    -2.3954612244645682e-05
17                                    -7.2184176668579247e-06
18                                    -1.1955163662627960e-04
19                                    -1.7599843963450245e-05
20                                    -4.0856019910950997e-05
21                                     7.3810151708041854e-05
22                                    -2.5766332039368707e-05
23                                    -1.3672017788163656e-05
24                                    -4.2993230666453718e-05
25                                     2.7942300668750894e-05
26                                     3.7568649290503988e-05
27                                     6.7416211574994008e-05
28                                     1.1452988670246811e-05
29                                     3.3716689515123207e-05
30                                     8.8069567383665739e-06
31                                     3.0428694161191243e-06
32                                    -4.6204148489215925e-06
33                                    -5.3096844057196405e-05
34                                     4.3814295983016834e-05
35                                     4.9558822334443272e-05
36                                     2.5514465348660999e-06
37                                     9.8642095154058375e-06
38                                     7.2766591448857542e-05
39                                     7.1335328691686560e-05
40                                     2.5259042176740382e-05
41                                    -5.6351008714469335e-05
42                                     2.0199629805488348e-05
43                                    -9.6118630187056906e-05
44                                    -4.3588520990555815e-05
45                                    -7.4548929332566595e-06
46                                    -4.9032861830951142e-05
47                                    -8.5798533288869710e-05
48                                     6.8350922802256926e-05
49                                    -3.5772642541698771e-05
50                                    -5.7496033637806983e-05
51                                     9.5304956165169374e-05
52                                     3.7686939374976478e-05
53                                     3.5459454028626416e-05
54                                    -1.5575446508889125e-04
55                                    -2.5788185244345529e-06
56                                    -7.6886981118527481e-06
57                                     6.3938168095893904e-05
58                                     6.1053106681347390e-05
59                                     1.0333669327805984e-04
60                                     9.8372467753400140e-05
61                                     2.9024455494625794e-06
62                                     1.4506889745939265e-05
63                                    -9.6163631342694508e-06
64                                     1.8250869077715063e-05
65                                     3.0125774034528923e-05
66                                    -5.7207931656839224e-06
67                                    -6.8925492934346724e-06
68                                    -7.4700723682001450e-06
69                                     2.5970654707120519e-05
70                                    -3.1524023313061556e-07
71                                     8.9906161070661423e-07
72                                    -1.0292239147434700e-05
73                                    -3.9778785966747005e-05
74                                     3.4477161700272410e-05
75                                    -7.0459227808949938e-05
76                                     2.6867589180609925e-05
77                                     4.2783885086782416e-05
78                                     2.8928566600012061e-05
79                                     2.4266740805448344e-07
80                                     1.2480639591375023e-05
81                                    -4.4015273320208783e-05
82                                    -2.3258928463731394e-05
83                                    -3.0037240831938007e-05
84                                     1.1520306631464494e-05
85                                     6.6466092086790989e-06
86                                    -1.6601126596375702e-05
87                                    -3.0822678363944482e-05
88                                     4.9307121001608981e-05
89                                     2.0636088832543545e-05
90                                    -3.4370301499008578e-05
91                                     3.6422876041135397e-05
92                                    -3.5630265814561364e-05
93                                    -2.0947024175955510e-05
94                                    -1.2712906347040452e-05
95                                     4.1690340920616867e-06
96                                    -2.2942982134340270e-05
97                                     1.4406243593090046e-06
98                                     4.5593744045842633e-05
99                                    -4.5173079996737908e-05
100                                   -6.1773491222914931e-06
101                                   -1.3588259909757486e-05
102                                   -5.2357249318336240e-06
103                                   -3.0866591164900288e-06
104                                    4.6182780761716970e-06
   &Method [&Type "String"] "SCF"
   &Level [&Type "String"] "Relaxed density"
   &Mult [&Type "Integer"] 1
   &State [&Type "Integer"] 0
   &Irrep [&Type "Integer"] 0
$End
$Geometry
   &GeometryIndex 9
   &NAtoms [&Type "Integer"] 35
   &NCorelessECP [&Type "Integer"] 0
   &NGhostAtoms [&Type "Integer"] 0
   &CartesianCoordinates [&Type "Coordinates", &Dim(35,4), &Units "Bohr"] 
              C    -12.460124513703   -0.351319812407   -1.124947913076
              C    -12.225330541638    1.318179029403    0.946099190711
              C     -9.863312111567    2.001688264208    1.905596848643
              C     -7.745118748030    0.955214261811    0.719612774004
              N     -5.183703459227    1.189751884182    1.136275103169
              C     -3.952470405318   -0.281828388836   -0.625613114270
              C     -1.190880946549   -0.498289791669   -0.763922024972
              C     -0.125817137884   -1.906379742311   -2.786712468630
              C      2.472678097902   -2.200020953783   -3.062393911825
              C      4.014206750932   -1.046071635214   -1.250516079381
              N      6.594914502466   -0.933416398027   -0.918613375875
              C      7.053822172376    0.477985618707    1.225174537801
              C      9.602239375324    1.022558595969    2.200178940943
              C     11.739178918780   -0.875816898283    1.943221882824
              C     11.806564748576    1.512177131422    0.426166199598
              N      4.945973196869    1.280458747446    2.293819942226
              C      3.000021046325    0.366274757196    0.796813495279
              C      0.381812899280    0.642173302414    1.044412338891
              N     -5.559678512075   -1.449830334336   -2.149895010655
              C     -7.944038957883   -0.726392482916   -1.369829172998
              C    -10.341216934773   -1.388623387703   -2.301851350146
              H    -14.346197827632   -0.835826092527   -1.814312781409
              H    -13.931157072110    2.091686278917    1.817047599780
              H     -9.678961495522    3.291349947057    3.506472060769
              H     -4.370113707251    2.288618262790    2.478037753750
              H     -1.413042260856   -2.766946187259   -4.146792053862
              H      3.266670161698   -3.284279202202   -4.628162481666
              H      7.904293197480   -1.750851113264   -2.056459445922
              H      9.532445177477    2.132883092755    3.938321290697
              H     13.015382618823   -1.061991446102    3.557592393126
              H     11.326415464156   -2.648971115136    0.962867890511
              H     11.438810564517    1.394944777995   -1.605225977478
              H     13.129387985746    3.000803633608    0.977428279761
              H     -0.372975874832    1.719349735828    2.634078857630
              H    -10.520865344492   -2.679242339732   -3.903592272719
$End
$SCF_Energy
   &GeometryIndex 9
   &Method [&Type "String"] "SCF"
   &totalEnergy [&Type "ArrayOfDoubles", &Dim (1,1)] "Total energy of each state"
                                                         0

0                                     -8.7412997854605624e+02
   &Mult [&Type "ArrayOfIntegers", &Dim (1,1)] "Multiplicity of each state"
                                                         0

0                                                        1
$End
$DFT_Energy
   &GeometryIndex 9
   &nAlphaEl [&Type "Integer"] 72
   &nBetaEl [&Type "Integer"] 72
   &nTotalEl [&Type "Integer"] 144
   &finalEn [&Type "Double"]      -8.7412997854605624e+02  "No Van der Waals correction"
   &eExchange [&Type "Double"]      -9.4890385513708964e+01
   &eCorr [&Type "Double"]      -5.7723900053996653e+00
   &eXC [&Type "Double"]      -1.0066277551910864e+02
   &eCNL [&Type "Double"]       0.0000000000000000e+00
$End
$Solvation_Details
   &GeometryIndex 9
   &Solvent [&Type "String"] "WATER"
   &Epsilon [&Type "Double"]       8.0150999999999996e+01
   &Refrac [&Type "Double"]       1.3328000000000000e+00
   &RSolv [&Type "Double"]       1.3000000000000000e+00
   &SurfaceType [&Type "String"] "GAUSSIAN VDW"
   &CPCMDielEnergy [&Type "Double"]      -3.3865234000000001e-02
   &NPoints [&Type "Integer"] 3190
   &SurfaceArea [&Type "Double"]       1.1355425531980000e+03
$End
$SCF_Timings
   &GeometryIndex 9
   &TOTAL [&Type "Double"]       1.1837500000000000e+02
   &PREP [&Type "Double"]       6.1699999999999999e-01
   &FOCK [&Type "Double"]       1.1033599999999998e+02
   &DENS [&Type "Double"]       9.5000000000013074e-02
   &ETOT [&Type "Double"]       7.3000000000011056e-02
   &TRAFO [&Type "Double"]       3.5000000000010800e-02
   &DIIS [&Type "Double"]       5.9999999999998721e-02
   &SOSCF [&Type "Double"]       3.2199999999998141e-01
   &XC [&Type "Double"]       1.0605999999999995e+01
   &FOCKSTART [&Type "Double"]       8.9999999999943459e-03
   &SOLV [&Type "Double"]       1.0575999999999990e+01
   &SOLV_INIT [&Type "Double"]       4.5400000000000007e-01
   &INT_BF [&Type "Double"]       3.8089999999996778e+00
   &INT_DENS [&Type "Double"]       2.3610000000000717e+00
   &INT_DENSIO [&Type "Double"]       1.0882371379999991e+06
   &INT_FUNC [&Type "Double"]       3.4800000000007003e-01
   &INT_POT [&Type "Double"]       3.5910000000001077e+00
   &INT_POTIO [&Type "Double"]       1.3199999999999790e-01
   &SPLITRIJ [&Type "Double"]       7.8910000000000053e+00
   &COSX [&Type "Double"]       8.8386999999999972e+01
$End
$VdW_Correction
   &GeometryIndex 9
   &vdW [&Type "Double"]      -7.4562726209727995e-02
$End
$Single_Point_Data
   &GeometryIndex 9
   &FinalEnergy [&Type "Double"]      -8.7420454127226594e+02  "Final single point energy"
   &Converged [&Type "Boolean"] true
$End
$SCF_Nuc_Gradient
   &GeometryIndex 9
   &NAtoms [&Type "Integer"] 35
   &gradNorm [&Type "Double"]       3.1250061428244642e-04
   &grad [&Type "ArrayOfDoubles", &Dim (105,1)] 
                                                         0

0                                     -1.8386462884223542e-05
1                                     -1.4319338449974436e-05
2                                     -1.0174081221399589e-05
3                                      1.1778246165581742e-05
4                                     -6.3796676557507958e-06
5                                     -5.4944885676843681e-06
6                                     -8.2428906628600812e-06
7                                      2.8388106039628751e-05
8                                      1.8040707067536611e-05
9                                     -3.2662720704855312e-06
10                                    -6.3824357066783128e-05
11                                    -3.8707870157021762e-05
12                                    -2.0304292144638085e-05
13                                     6.8644431611986361e-05
14                                    -1.3708157591205790e-05
15                                     1.0667596485655108e-04
16                                    -1.6020830580242251e-05
17                                     2.4915904300587220e-05
18                                    -8.9223326831421230e-05
19                                     4.0721634925492220e-06
20                                    -7.1556648112391304e-06
21                                     7.3633554995915142e-05
22                                    -1.4988007890477198e-05
23                                    -7.0078894933064669e-06
24                                    -3.7623157803335085e-05
25                                    -1.8868283408092035e-05
26                                    -2.8227510784680204e-05
27                                    -4.2763051633616244e-05
28                                     3.3123676746013315e-05
29                                     3.7044883927360960e-05
30                                     7.0198207191856060e-05
31                                     5.2417853495642023e-06
32                                     1.8733798168621418e-05
33                                     3.7131077985599458e-05
34                                    -1.1844004358238817e-05
35                                    -3.7667529025162344e-05
36                                    -4.3070370002057780e-05
37                                    -2.1007979448873999e-05
38                                     3.6864780293633097e-05
39                                     4.0741309143744087e-06
40                                    -3.0125029412715455e-05
41                                     2.2880808862358655e-05
42                                     4.3759054357098452e-06
43                                     4.3137061251731122e-05
44                                    -5.8139110111625560e-05
45                                    -1.7654128603343229e-05
46                                     1.3637139731256729e-05
47                                     9.9370170045084342e-06
48                                     2.4560058569720114e-05
49                                    -3.2611978202727794e-05
50                                    -4.8238989522798994e-05
51                                     4.1003321869976351e-05
52                                     2.0507716364369559e-05
53                                     3.2962398950294499e-05
54                                    -7.8990367668462544e-05
55                                    -1.9834709288677095e-05
56                                    -3.0748105869239900e-05
57                                     4.1056613764036808e-05
58                                     3.8980780285495053e-05
59                                     6.4109800874717800e-05
60                                     1.6338106122138385e-05
61                                    -8.6713467642688009e-06
62                                    -3.9845220228594091e-06
63                                    -5.4224103962328832e-06
64                                     4.7825939232689734e-06
65                                     1.4063079401086093e-05
66                                    -2.8211135974358121e-06
67                                     1.1134733002130556e-06
68                                     1.8012072916442229e-06
69                                     1.4553466328978058e-05
70                                     2.5562559371396937e-06
71                                     9.5633223971949627e-07
72                                    -6.5498777140866947e-06
73                                    -1.8103809693644732e-05
74                                     1.9542323534380002e-05
75                                    -3.0651925818124193e-05
76                                     1.1082679046101859e-05
77                                     1.9614312621336091e-05
78                                     1.7449015899959008e-05
79                                     6.6048469988622214e-07
80                                     7.0105978695044488e-06
81                                    -2.7697980702083374e-05
82                                    -1.5376659493300651e-05
83                                    -2.0373425897702755e-05
84                                     3.3803995413467990e-05
85                                     5.1763310345386135e-06
86                                    -8.2310858436265150e-06
87                                    -7.8803390000910321e-06
88                                     2.6759997662547037e-05
89                                     5.9639082262538039e-06
90                                    -1.2556601706431797e-05
91                                     2.0153605761123522e-05
92                                    -3.1195429120664731e-05
93                                    -6.8672579066970029e-06
94                                    -3.0104447927560611e-05
95                                    -1.0681707245753839e-06
96                                    -7.7494167708707816e-06
97                                    -6.7843140048217320e-07
98                                     2.0245602245944555e-05
99                                    -2.4582113680836418e-05
100                                   -3.8004934662397511e-07
101                                   -9.2336393227750971e-06
102                                   -4.3282946010159758e-06
103                                   -4.8793600204546971e-06
104                                    4.6681978520584841e-06
   &Method [&Type "String"] "SCF"
   &Level [&Type "String"] "Relaxed density"
   &Mult [&Type "Integer"] 1
   &State [&Type "Integer"] 0
   &Irrep [&Type "Integer"] 0
$End
$Geometry
   &GeometryIndex 10
   &NAtoms [&Type "Integer"] 35
   &NCorelessECP [&Type "Integer"] 0
   &NGhostAtoms [&Type "Integer"] 0
   &CartesianCoordinates [&Type "Coordinates", &Dim(35,4), &Units "Bohr"] 
              C    -12.460118339994   -0.350034935384   -1.125871301734
              C    -12.225335964153    1.317876161545    0.946477899541
              C     -9.863357989180    2.000310824765    1.906742143193
              C     -7.745162046294    0.954475360442    0.720184682323
              N     -5.183709903781    1.188245602058    1.137320151804
              C     -3.952595639983   -0.282097753530   -0.625555576892
              C     -1.190897123899   -0.498719406327   -0.763712821647
              C     -0.125798284545   -1.907161191383   -2.786228539714
              C      2.472739713256   -2.200830127406   -3.061747518306
              C      4.014186171046   -1.046368182147   -1.250157857087
              N      6.594875044133   -0.933262187828   -0.918375441458
              C      7.053747932439    0.478779681230    1.224937829493
              C      9.602303223303    1.023880289445    2.199424918970
              C     11.738808778917   -0.875257973534    1.944056707944
              C     11.806699534163    1.511546724176    0.425027261305
              N      4.945893614423    1.281276778612    2.293594963429
              C      2.999915180423    0.366422803024    0.796930194261
              C      0.381676842127    0.642093522807    1.044437712657
              N     -5.559621296143   -1.449000986001   -2.150718355616
              C     -7.944105888880   -0.725741031041   -1.370559681759
              C    -10.341319197487   -1.386874334701   -2.303300351660
              H    -14.346123375033   -0.833818622181   -1.815943124976
              H    -13.931114054208    2.090990062901    1.817866984719
              H     -9.679181155410    3.288743872117    3.508622594303
              H     -4.369961782344    2.286447946854    2.479536471262
              H     -1.412556313215   -2.768237509856   -4.146420366307
              H      3.266565329972   -3.285430050111   -4.627357097900
              H      7.904591225882   -1.750601797839   -2.055907734707
              H      9.532442778500    2.135498101419    3.936753351825
              H     13.015337520558   -1.060427145529    3.558300111047
              H     11.325721383690   -2.649362147256    0.965536181760
              H     11.438988803521    1.393061141562   -1.606313993112
              H     13.130150527216    3.000140856513    0.974884746256
              H     -0.372851813517    1.719729603778    2.633908023935
              H    -10.521022408113   -2.676293951195   -3.905995221924
$End
$SCF_Mulliken_Population_Analysis
   &GeometryIndex 10
   &NAtoms [&Type "Integer"] 35
   &ATNO [&Type "ArrayOfIntegers", &Dim (35,1)] 
                                                         0

0                                                        6
1                                                        6
2                                                        6
3                                                        6
4                                                        7
5                                                        6
6                                                        6
7                                                        6
8                                                        6
9                                                        6
10                                                       7
11                                                       6
12                                                       6
13                                                       6
14                                                       6
15                                                       7
16                                                       6
17                                                       6
18                                                       7
19                                                       6
20                                                       6
21                                                       1
22                                                       1
23                                                       1
24                                                       1
25                                                       1
26                                                       1
27                                                       1
28                                                       1
29                                                       1
30                                                       1
31                                                       1
32                                                       1
33                                                       1
34                                                       1
   &AtomicCharges [&Type "ArrayOfDoubles", &Dim (35,1)] 
                                                         0

0                                     -3.3205512748439858e-03
1                                     -6.8429489552919165e-03
2                                     -9.2600364593517170e-02
3                                      1.0642987284271577e-01
4                                     -3.5571545200092203e-02
5                                      2.9534308588861080e-02
6                                      9.2411418367911224e-02
7                                     -3.9679378682620836e-02
8                                     -7.9118039011884633e-02
9                                      1.1226168235913470e-01
10                                    -4.3811988597011187e-02
11                                     6.3835778715703562e-02
12                                    -6.7504279597851991e-02
13                                    -3.1608553183187560e-02
14                                    -3.2017100052710745e-02
15                                    -1.6692282342432652e-01
16                                     5.9806353585633687e-02
17                                    -1.5142171815130467e-01
18                                    -1.6162464607170257e-01
19                                     5.8819843863016530e-02
20                                    -9.9085046976020053e-02
21                                    -1.2758834686561471e-03
22                                     1.7815454527667640e-03
23                                    -1.0046824101316520e-02
24                                     1.6487236664116467e-01
25                                    -1.4656686300609900e-02
26                                    -6.3307880166374453e-03
27                                     1.6745362249160656e-01
28                                     1.9136629457586318e-02
29                                     5.2901796094837472e-02
30                                     5.1072397844639239e-02
31                                     5.0979307991853573e-02
32                                     5.3301730381314250e-02
33                                    -2.0817742299585884e-02
34                                    -2.0341746719688247e-02
   &Method [&Type "String"] "SCF"
   &Level [&Type "String"] "Relaxed density"
   &Mult [&Type "Integer"] 1
   &State [&Type "Integer"] -1
   &Irrep [&Type "Integer"] 0
$End
$SCF_Loewdin_Population_Analysis
   &GeometryIndex 10
   &NAtoms [&Type "Integer"] 35
   &ATNO [&Type "ArrayOfIntegers", &Dim (35,1)] 
                                                         0

0                                                        6
1                                                        6
2                                                        6
3                                                        6
4                                                        7
5                                                        6
6                                                        6
7                                                        6
8                                                        6
9                                                        6
10                                                       7
11                                                       6
12                                                       6
13                                                       6
14                                                       6
15                                                       7
16                                                       6
17                                                       6
18                                                       7
19                                                       6
20                                                       6
21                                                       1
22                                                       1
23                                                       1
24                                                       1
25                                                       1
26                                                       1
27                                                       1
28                                                       1
29                                                       1
30                                                       1
31                                                       1
32                                                       1
33                                                       1
34                                                       1
   &AtomicCharges [&Type "ArrayOfDoubles", &Dim (35,1)] 
                                                         0

0                                     -5.0800218509925443e-02
1                                     -4.2680325092190330e-02
2                                     -5.3946474814625667e-02
3                                     -1.7328864683046064e-03
4                                      7.3346396487046661e-02
5                                      4.2053793443746379e-02
6                                     -6.5091067056920693e-02
7                                     -1.9690121165443664e-02
8                                     -4.5379015989794880e-02
9                                      4.4374891856318044e-03
10                                     7.2055295735785840e-02
11                                     5.2312370904081362e-02
12                                    -4.6894049295235440e-02
13                                    -2.5113761170890037e-02
14                                    -2.4693283384686460e-02
15                                    -1.8908740813088443e-01
16                                    -3.3636116647558723e-02
17                                    -3.0797269208735933e-02
18                                    -1.8146616167469531e-01
19                                    -3.7271051193894067e-02
20                                    -4.4910599384444083e-02
21                                     3.1748397778023296e-02
22                                     3.2786137765257406e-02
23                                     3.7728497921319937e-02
24                                     1.1184417245247069e-01
25                                     2.8894314077983263e-02
26                                     4.1174154748185754e-02
27                                     1.1489248993183432e-01
28                                     4.2565942863473261e-02
29                                     3.7241417580676339e-02
30                                     3.2158920628497567e-02
31                                     3.2092521541056462e-02
32                                     3.7181190610484083e-02
33                                     3.5701750748106775e-02
34                                     3.2974554784379828e-02
   &Method [&Type "String"] "SCF"
   &Level [&Type "String"] "Relaxed density"
   &Mult [&Type "Integer"] 1
   &State [&Type "Integer"] -1
   &Irrep [&Type "Integer"] 0
$End
$SCF_Mayer_Population_Analysis
   &GeometryIndex 10
   &NAtoms [&Type "Integer"] 35 "Total number of atoms"
   &NBondOrdersPrint [&Type "Integer"] 41 "The number of bond orders larger than threshold"
   &bondThresh [&Type "Double"]       1.0000000000000001e-01  "The threshold for printing"
   &components [&Type "ArrayOfIntegers", &Dim (41,4)] "The indices and atomic numbers of the bonding atoms"
                                                         0                           1                           2                           3

0                                                        0                           6                           1                           6
1                                                        0                           6                          20                           6
2                                                        0                           6                          21                           1
3                                                        1                           6                           2                           6
4                                                        1                           6                          22                           1
5                                                        2                           6                           3                           6
6                                                        2                           6                          20                           6
7                                                        2                           6                          23                           1
8                                                        3                           6                           4                           7
9                                                        3                           6                          19                           6
10                                                       4                           7                           5                           6
11                                                       4                           7                          24                           1
12                                                       5                           6                           6                           6
13                                                       5                           6                          18                           7
14                                                       6                           6                           7                           6
15                                                       6                           6                          17                           6
16                                                       7                           6                           8                           6
17                                                       7                           6                          25                           1
18                                                       8                           6                           9                           6
19                                                       8                           6                          17                           6
20                                                       8                           6                          26                           1
21                                                       9                           6                          10                           7
22                                                       9                           6                          16                           6
23                                                      10                           7                          11                           6
24                                                      10                           7                          27                           1
25                                                      11                           6                          12                           6
26                                                      11                           6                          15                           7
27                                                      12                           6                          13                           6
28                                                      12                           6                          14                           6
29                                                      12                           6                          28                           1
30                                                      13                           6                          14                           6
31                                                      13                           6                          29                           1
32                                                      13                           6                          30                           1
33                                                      14                           6                          31                           1
34                                                      14                           6                          32                           1
35                                                      15                           7                          16                           6
36                                                      16                           6                          17                           6
37                                                      17                           6                          33                           1
38                                                      18                           7                          19                           6
39                                                      19                           6                          20                           6
40                                                      20                           6                          34                           1
   &BondOrders [&Type "ArrayOfDoubles", &Dim (41,1)] "The bond orders"
                                                         0

0                                      1.3246341707804095e+00
1                                      1.3891665333664378e+00
2                                      9.8721324852776648e-01
3                                      1.3794074999261665e+00
4                                      9.8447253818251113e-01
5                                      1.2912137622394495e+00
6                                      1.1011156550378799e-01
7                                      1.0167893312998151e+00
8                                      1.1634946662294066e+00
9                                      1.2534507835465134e+00
10                                     1.2395993277676085e+00
11                                     9.0034415077216357e-01
12                                     9.9701629046878371e-01
13                                     1.6489466077460524e+00
14                                     1.3090670090712426e+00
15                                     1.2922438066686064e+00
16                                     1.3708014599308862e+00
17                                     9.8497374845607766e-01
18                                     1.2704706367786893e+00
19                                     1.0158863998919479e-01
20                                     1.0204734928099719e+00
21                                     1.1728836965126035e+00
22                                     1.2569531859104912e+00
23                                     1.2201832603270264e+00
24                                     9.0147977843815952e-01
25                                     1.0821831663796562e+00
26                                     1.6422796372392490e+00
27                                     9.4609295996396459e-01
28                                     9.4549015788954027e-01
29                                     9.2615422783392831e-01
30                                     1.0388629187428244e+00
31                                     9.4920191574904200e-01
32                                     9.5594292839591277e-01
33                                     9.5618691590922711e-01
34                                     9.4988257034242318e-01
35                                     1.3063857692234995e+00
36                                     1.3021215300330609e+00
37                                     1.0111259804315231e+00
38                                     1.3140109640057001e+00
39                                     1.2816640812769784e+00
40                                     1.0143248637784898e+00
   &ATNO [&Type "ArrayOfIntegers", &Dim (35,1)] "Atomic number of the elements"
                                                         0

0                                                        6
1                                                        6
2                                                        6
3                                                        6
4                                                        7
5                                                        6
6                                                        6
7                                                        6
8                                                        6
9                                                        6
10                                                       7
11                                                       6
12                                                       6
13                                                       6
14                                                       6
15                                                       7
16                                                       6
17                                                       6
18                                                       7
19                                                       6
20                                                       6
21                                                       1
22                                                       1
23                                                       1
24                                                       1
25                                                       1
26                                                       1
27                                                       1
28                                                       1
29                                                       1
30                                                       1
31                                                       1
32                                                       1
33                                                       1
34                                                       1
   &NA [&Type "ArrayOfDoubles", &Dim (35,1)] "Mulliken gross atomic population"
                                                         0

0                                      6.0033205512748502e+00
1                                      6.0068429489552937e+00
2                                      6.0926003645935074e+00
3                                      5.8935701271572718e+00
4                                      7.0355715452000984e+00
5                                      5.9704656914111416e+00
6                                      5.9075885816320781e+00
7                                      6.0396793786826244e+00
8                                      6.0791180390118855e+00
9                                      5.8877383176408395e+00
10                                     7.0438119885970059e+00
11                                     5.9361642212842849e+00
12                                     6.0675042795978458e+00
13                                     6.0316085531831911e+00
14                                     6.0320171000527107e+00
15                                     7.1669228234243150e+00
16                                     5.9401936464143787e+00
17                                     6.1514217181513056e+00
18                                     7.1616246460716910e+00
19                                     5.9411801561369773e+00
20                                     6.0990850469760103e+00
21                                     1.0012758834686555e+00
22                                     9.9821845454723346e-01
23                                     1.0100468241013161e+00
24                                     8.3512763335883522e-01
25                                     1.0146566863006106e+00
26                                     1.0063307880166408e+00
27                                     8.3254637750839322e-01
28                                     9.8086337054241324e-01
29                                     9.4709820390516208e-01
30                                     9.4892760215536076e-01
31                                     9.4902069200814565e-01
32                                     9.4669826961868586e-01
33                                     1.0208177422995812e+00
34                                     1.0203417467196871e+00
   &ZA [&Type "ArrayOfDoubles", &Dim (35,1)] "Total nuclear charge"
                                                         0

0                                      6.0000000000000000e+00
1                                      6.0000000000000000e+00
2                                      6.0000000000000000e+00
3                                      6.0000000000000000e+00
4                                      7.0000000000000000e+00
5                                      6.0000000000000000e+00
6                                      6.0000000000000000e+00
7                                      6.0000000000000000e+00
8                                      6.0000000000000000e+00
9                                      6.0000000000000000e+00
10                                     7.0000000000000000e+00
11                                     6.0000000000000000e+00
12                                     6.0000000000000000e+00
13                                     6.0000000000000000e+00
14                                     6.0000000000000000e+00
15                                     7.0000000000000000e+00
16                                     6.0000000000000000e+00
17                                     6.0000000000000000e+00
18                                     7.0000000000000000e+00
19                                     6.0000000000000000e+00
20                                     6.0000000000000000e+00
21                                     1.0000000000000000e+00
22                                     1.0000000000000000e+00
23                                     1.0000000000000000e+00
24                                     1.0000000000000000e+00
25                                     1.0000000000000000e+00
26                                     1.0000000000000000e+00
27                                     1.0000000000000000e+00
28                                     1.0000000000000000e+00
29                                     1.0000000000000000e+00
30                                     1.0000000000000000e+00
31                                     1.0000000000000000e+00
32                                     1.0000000000000000e+00
33                                     1.0000000000000000e+00
34                                     1.0000000000000000e+00
   &QA [&Type "ArrayOfDoubles", &Dim (35,1)] "Mulliken gross atomic charge"
                                                         0

0                                     -3.3205512748502031e-03
1                                     -6.8429489552936928e-03
2                                     -9.2600364593507400e-02
3                                      1.0642987284272820e-01
4                                     -3.5571545200098420e-02
5                                      2.9534308588858416e-02
6                                      9.2411418367921883e-02
7                                     -3.9679378682624389e-02
8                                     -7.9118039011885521e-02
9                                      1.1226168235916045e-01
10                                    -4.3811988597005858e-02
11                                     6.3835778715715108e-02
12                                    -6.7504279597845773e-02
13                                    -3.1608553183191113e-02
14                                    -3.2017100052710745e-02
15                                    -1.6692282342431497e-01
16                                     5.9806353585621252e-02
17                                    -1.5142171815130556e-01
18                                    -1.6162464607169102e-01
19                                     5.8819843863022747e-02
20                                    -9.9085046976010283e-02
21                                    -1.2758834686554810e-03
22                                     1.7815454527665420e-03
23                                    -1.0046824101316076e-02
24                                     1.6487236664116478e-01
25                                    -1.4656686300610566e-02
26                                    -6.3307880166407760e-03
27                                     1.6745362249160678e-01
28                                     1.9136629457586762e-02
29                                     5.2901796094837916e-02
30                                     5.1072397844639239e-02
31                                     5.0979307991854350e-02
32                                     5.3301730381314139e-02
33                                    -2.0817742299581221e-02
34                                    -2.0341746719687137e-02
   &VA [&Type "ArrayOfDoubles", &Dim (35,1)] "Mayer's total valence"
                                                         0

0                                      3.7762453518658967e+00
1                                      3.7914294998565974e+00
2                                      3.7721286887834817e+00
3                                      3.8623954613838434e+00
4                                      3.3794248313950592e+00
5                                      4.1028615768935195e+00
6                                      3.6027009973109818e+00
7                                      3.7973820662456541e+00
8                                      3.7408548332871279e+00
9                                      3.8554378916197845e+00
10                                     3.3773382147311009e+00
11                                     4.1944125404999619e+00
12                                     3.9250926438186196e+00
13                                     3.9360848899684329e+00
14                                     3.9368294200589902e+00
15                                     3.0444287814166486e+00
16                                     4.0210056532585394e+00
17                                     3.7511325011487910e+00
18                                     3.0893178244351871e+00
19                                     3.9652407180592459e+00
20                                     3.7962296852214190e+00
21                                     9.7910817643840131e-01
22                                     9.7957740813943184e-01
23                                     9.8752047132372345e-01
24                                     9.8179138874075156e-01
25                                     1.0200404557913783e+00
26                                     9.8809046958641444e-01
27                                     9.8412085487403189e-01
28                                     1.0044289764051837e+00
29                                     9.8089386205653983e-01
30                                     9.8734733645748829e-01
31                                     9.8742518331613305e-01
32                                     9.8074948610943424e-01
33                                     9.9929317053966493e-01
34                                     9.9157951041803327e-01
   &BVA [&Type "ArrayOfDoubles", &Dim (35,1)] "Mayer's bonded valence"
                                                         0

0                                      3.7762453518658843e+00
1                                      3.7914294998565921e+00
2                                      3.7721286887835235e+00
3                                      3.8623954613838407e+00
4                                      3.3794248313950743e+00
5                                      4.1028615768935301e+00
6                                      3.6027009973110227e+00
7                                      3.7973820662456874e+00
8                                      3.7408548332871931e+00
9                                      3.8554378916198848e+00
10                                     3.3773382147311000e+00
11                                     4.1944125404999841e+00
12                                     3.9250926438186307e+00
13                                     3.9360848899684804e+00
14                                     3.9368294200590390e+00
15                                     3.0444287814166926e+00
16                                     4.0210056532585270e+00
17                                     3.7511325011488377e+00
18                                     3.0893178244351893e+00
19                                     3.9652407180592286e+00
20                                     3.7962296852213573e+00
21                                     9.7910817643841075e-01
22                                     9.7957740813942396e-01
23                                     9.8752047132372300e-01
24                                     9.8179138874075889e-01
25                                     1.0200404557913909e+00
26                                     9.8809046958641455e-01
27                                     9.8412085487402912e-01
28                                     1.0044289764051870e+00
29                                     9.8089386205654849e-01
30                                     9.8734733645749728e-01
31                                     9.8742518331612972e-01
32                                     9.8074948610943835e-01
33                                     9.9929317053968725e-01
34                                     9.9157951041802983e-01
   &FA [&Type "ArrayOfDoubles", &Dim (35,1)] "Mayer's free valence"
                                                         0

0                                      0.0000000000000000e+00
1                                      0.0000000000000000e+00
2                                      0.0000000000000000e+00
3                                      0.0000000000000000e+00
4                                      0.0000000000000000e+00
5                                      0.0000000000000000e+00
6                                      0.0000000000000000e+00
7                                      0.0000000000000000e+00
8                                      0.0000000000000000e+00
9                                      0.0000000000000000e+00
10                                     0.0000000000000000e+00
11                                     0.0000000000000000e+00
12                                     0.0000000000000000e+00
13                                     0.0000000000000000e+00
14                                     0.0000000000000000e+00
15                                     0.0000000000000000e+00
16                                     0.0000000000000000e+00
17                                     0.0000000000000000e+00
18                                     0.0000000000000000e+00
19                                     0.0000000000000000e+00
20                                     0.0000000000000000e+00
21                                     0.0000000000000000e+00
22                                     0.0000000000000000e+00
23                                     0.0000000000000000e+00
24                                     0.0000000000000000e+00
25                                     0.0000000000000000e+00
26                                     0.0000000000000000e+00
27                                     0.0000000000000000e+00
28                                     0.0000000000000000e+00
29                                     0.0000000000000000e+00
30                                     0.0000000000000000e+00
31                                     0.0000000000000000e+00
32                                     0.0000000000000000e+00
33                                     0.0000000000000000e+00
34                                     0.0000000000000000e+00
   &Method [&Type "String"] "SCF"
   &Level [&Type "String"] "Relaxed density"
   &Mult [&Type "Integer"] 1
   &State [&Type "Integer"] -1
   &Irrep [&Type "Integer"] 0
$End
$SCF_Energy
   &GeometryIndex 10
   &Method [&Type "String"] "SCF"
   &totalEnergy [&Type "ArrayOfDoubles", &Dim (1,1)] "Total energy of each state"
                                                         0

0                                     -8.7412997802858331e+02
   &Mult [&Type "ArrayOfIntegers", &Dim (1,1)] "Multiplicity of each state"
                                                         0

0                                                        1
$End
$DFT_Energy
   &GeometryIndex 10
   &nAlphaEl [&Type "Integer"] 72
   &nBetaEl [&Type "Integer"] 72
   &nTotalEl [&Type "Integer"] 144
   &finalEn [&Type "Double"]      -8.7412997802858331e+02  "No Van der Waals correction"
   &eExchange [&Type "Double"]      -9.4890326718984269e+01
   &eCorr [&Type "Double"]      -5.7723853724532272e+00
   &eXC [&Type "Double"]      -1.0066271209143750e+02
   &eCNL [&Type "Double"]       0.0000000000000000e+00
$End
$Solvation_Details
   &GeometryIndex 10
   &Solvent [&Type "String"] "WATER"
   &Epsilon [&Type "Double"]       8.0150999999999996e+01
   &Refrac [&Type "Double"]       1.3328000000000000e+00
   &RSolv [&Type "Double"]       1.3000000000000000e+00
   &SurfaceType [&Type "String"] "GAUSSIAN VDW"
   &CPCMDielEnergy [&Type "Double"]      -3.3862034999999999e-02
   &NPoints [&Type "Integer"] 3190
   &SurfaceArea [&Type "Double"]       1.1355291008920001e+03
$End
$SCF_Timings
   &GeometryIndex 10
   &TOTAL [&Type "Double"]       9.8126999999999995e+01
   &PREP [&Type "Double"]       6.2800000000000000e-01
   &FOCK [&Type "Double"]       8.9858000000000004e+01
   &DENS [&Type "Double"]       6.0000000000002274e-02
   &ETOT [&Type "Double"]       5.4999999999992610e-02
   &POP [&Type "Double"]       1.0099999999999909e-01
   &TRAFO [&Type "Double"]       3.4999999999996589e-02
   &DIIS [&Type "Double"]       5.7000000000002160e-02
   &SOSCF [&Type "Double"]       1.9399999999999551e-01
   &XC [&Type "Double"]       8.0490000000000030e+00
   &FOCKSTART [&Type "Double"]       6.9999999999942331e-03
   &SOLV [&Type "Double"]       7.7520000000000024e+00
   &SOLV_INIT [&Type "Double"]       4.6400000000000008e-01
   &INT_BF [&Type "Double"]       2.7469999999999679e+00
   &INT_DENS [&Type "Double"]       1.8340000000001453e+00
   &INT_DENSIO [&Type "Double"]       6.1951070099999988e+05
   &INT_FUNC [&Type "Double"]       2.7400000000004709e-01
   &INT_POT [&Type "Double"]       2.8969999999998493e+00
   &INT_POTIO [&Type "Double"]       7.9999999999994742e-02
   &SPLITRIJ [&Type "Double"]       5.7429999999999968e+00
   &COSX [&Type "Double"]       7.5894000000000005e+01
$End
$VdW_Correction
   &GeometryIndex 10
   &vdW [&Type "Double"]      -7.4562706397921008e-02
$End
$Single_Point_Data
   &GeometryIndex 10
   &FinalEnergy [&Type "Double"]      -8.7420454073498126e+02  "Final single point energy"
   &Converged [&Type "Boolean"] true
$End
$SCF_Dipole_Moment
   &GeometryIndex 10
   &dipoleMagnitude [&Type "Double", &Units "a.u."]       2.8520347598972600e+00
   &dipoleElecContrib [&Type "ArrayOfDoubles", &Dim (3,1)] "Electronic contribution"
                                                         0

0                                     -8.7547582182272148e+00
1                                     -4.2121760137595038e-01
2                                     -1.0584353941147662e+00
   &dipoleNucContrib [&Type "ArrayOfDoubles", &Dim (3,1)] "Nuclear contribution"
                                                         0

0                                      1.1582821901436670e+01
1                                      6.8655365204926877e-01
2                                      1.3148624901617227e+00
   &dipoleTotal [&Type "ArrayOfDoubles", &Dim (3,1)] "Total"
                                                         0

0                                      2.8280636832094554e+00
1                                      2.6533605067331839e-01
2                                      2.5642709604695657e-01
   &doAtomicDipole [&Type "Boolean"] false
   &Method [&Type "String"] "SCF"
   &Level [&Type "String"] "Relaxed density"
   &Mult [&Type "Integer"] 1
   &State [&Type "Integer"] -1
   &Irrep [&Type "Integer"] 0
$End
$THERMOCHEMISTRY_Energies
   &GeometryIndex 10
   &temperature [&Type "Double"]       2.9814999999999998e+02
   &pressure [&Type "Double"]       1.0000000000000000e+00
   &totalMass [&Type "Double"]       2.7432699999999994e+02
   &spinDegeneracy [&Type "Integer"] 1
   &elEnergy [&Type "Double"]      -8.7420454073498126e+02
   &transEnergy [&Type "Double"]       1.4162714244859817e-03
   &rotEnergy [&Type "Double"]       1.4162714244859817e-03
   &vibEnergy [&Type "Double"]       1.2753144986331863e-02
   &numOfFreqs [&Type "Integer"] 105
   &freqScalingFactor [&Type "Double"]       1.0000000000000000e+00
   &FREQ [&Type "ArrayOfDoubles", &Units "cm^-1", &Dim (105,1)] 
                                                         0

0                                      0.0000000000000000e+00
1                                      0.0000000000000000e+00
2                                      0.0000000000000000e+00
3                                      0.0000000000000000e+00
4                                      0.0000000000000000e+00
5                                      0.0000000000000000e+00
6                                      2.7084188962341894e+01
7                                      3.6024349302774276e+01
8                                      6.3079004121705239e+01
9                                      6.7929700810965898e+01
10                                     1.0647376655417989e+02
11                                     1.4527984680808666e+02
12                                     1.5780511428583023e+02
13                                     2.2266885172032295e+02
14                                     2.5529234943133974e+02
15                                     2.6138579841073130e+02
16                                     2.7611531450326396e+02
17                                     2.9413776250654894e+02
18                                     3.6607779794327661e+02
19                                     3.7171421915825454e+02
20                                     4.1534121593638372e+02
21                                     4.5591038874727815e+02
22                                     4.6544801546266871e+02
23                                     4.9685875711391549e+02
24                                     5.3715780877954410e+02
25                                     5.5270573009837415e+02
26                                     5.6237365988631188e+02
27                                     5.6885359989162191e+02
28                                     5.8509907778945023e+02
29                                     5.9976885286134814e+02
30                                     6.3475327510361967e+02
31                                     6.4203626206530487e+02
32                                     6.6774416861154123e+02
33                                     7.0785157062837641e+02
34                                     7.4039824027705447e+02
35                                     7.5418443970377859e+02
36                                     7.6958525467380832e+02
37                                     7.8696715432568135e+02
38                                     7.9617022235664331e+02
39                                     8.0263683477553366e+02
40                                     8.1976469837749084e+02
41                                     8.2161982560793376e+02
42                                     8.5458400315522181e+02
43                                     8.6042088408249458e+02
44                                     8.8654258867344390e+02
45                                     9.1019542561564776e+02
46                                     9.1198962399806192e+02
47                                     9.1422743910458212e+02
48                                     9.1762201694082751e+02
49                                     9.3710047369400093e+02
50                                     9.6739781524860825e+02
51                                     9.9060806840746318e+02
52                                     9.9709085913901151e+02
53                                     1.0103994123561496e+03
54                                     1.0172148667395675e+03
55                                     1.0241556336322983e+03
56                                     1.0430680330730188e+03
57                                     1.0602632184308466e+03
58                                     1.0708690578434332e+03
59                                     1.0955324255189844e+03
60                                     1.1171386911562317e+03
61                                     1.1203319389433937e+03
62                                     1.1283335754909665e+03
63                                     1.1487630403733749e+03
64                                     1.1811125413589834e+03
65                                     1.2080779386990653e+03
66                                     1.2288783621638652e+03
67                                     1.2473425732747176e+03
68                                     1.2519770518354662e+03
69                                     1.2637515777043461e+03
70                                     1.2826797411828327e+03
71                                     1.3079888122302518e+03
72                                     1.3294084812054830e+03
73                                     1.3447511186632739e+03
74                                     1.3613598927404810e+03
75                                     1.3910818048556121e+03
76                                     1.4207660733051778e+03
77                                     1.4386107591879968e+03
78                                     1.4418215889040009e+03
79                                     1.4500172110370238e+03
80                                     1.4691363012978857e+03
81                                     1.4790144728087637e+03
82                                     1.4901857855922151e+03
83                                     1.4953614155120399e+03
84                                     1.5230617523458236e+03
85                                     1.5847979351671863e+03
86                                     1.5976897228681942e+03
87                                     1.6339980174830982e+03
88                                     1.6390200978184266e+03
89                                     1.6762954894198831e+03
90                                     1.6837348774302750e+03
91                                     3.1210715423514157e+03
92                                     3.1250449597204943e+03
93                                     3.1741320122652792e+03
94                                     3.1843591888970668e+03
95                                     3.1849778970543207e+03
96                                     3.1930852387430677e+03
97                                     3.1947828019046942e+03
98                                     3.1963228633305307e+03
99                                     3.1991177616472473e+03
100                                    3.2148631527598500e+03
101                                    3.2156190302880091e+03
102                                    3.2244244220485330e+03
103                                    3.6239040488713053e+03
104                                    3.6324087192632310e+03
   &zpe [&Type "Double"]       2.7958625707259011e-01
   &innerEnergyU [&Type "Double"]      -8.7390936879007359e+02
   &enthalpyH [&Type "Double"]      -8.7390842458103134e+02
   &qEl [&Type "Double"]       0.0000000000000000e+00
   &qRot [&Type "Double"]       1.6256511359066250e-02
   &qVib [&Type "Double"]       2.1774484629699036e-02
   &qTrans [&Type "Double"]       2.0300473333262976e-02
   &entropyS [&Type "Double"]       5.8331469322028262e-02
   &freeEnergyG [&Type "Double"]      -8.7396675605035341e+02
   &isLinear [&Type "Boolean"] false
$End
$Hessian
   &GeometryIndex 10
   &HESSIAN [&Type "ArrayOfDoubles", &Dim (105,105)] "The Hessian"
                                                         0                           1                           2                           3                           4                           5                           6                           7

0                                      7.3432880307764326e-01        -3.6466620900430097e-03         2.4516244457592155e-02        -1.2491437832748176e-01        -2.8867303216870598e-02        -3.8569788067313357e-02         1.6742869565715128e-02        -1.9224090466569435e-02
1                                     -3.6466620900430097e-03         3.4311182538016188e-01         2.5242192492914772e-01         1.0732769872407481e-02        -1.6275254058934896e-01        -1.1654365614049479e-01        -4.7645656136298911e-02        -2.6921993077169476e-04
2                                      2.4516244457592155e-02         2.5242192492914772e-01         4.5189311001852073e-01         1.0393522655888009e-02        -1.1848397123857202e-01        -2.1362854408798265e-01        -5.8547374586155637e-02        -1.2889666413108423e-02
3                                     -1.2491437832748176e-01         1.0732769872407481e-02         1.0393522655888009e-02         7.2386460399159236e-01        -3.3232349020066165e-02        -1.2112573464599071e-02        -3.0565195517745752e-01        -7.0988672601336011e-02
4                                     -2.8867303216870598e-02        -1.6275254058934896e-01        -1.1848397123857202e-01        -3.3232349020066165e-02         3.4807117360419404e-01         2.5728339181004828e-01        -3.4425596835116708e-02        -1.0309477051122427e-01
5                                     -3.8569788067313357e-02        -1.1654365614049479e-01        -2.1362854408798265e-01        -1.2112573464599071e-02         2.5728339181004828e-01         4.5588087242987668e-01        -5.4471633476160727e-02        -5.2678435524414341e-02
6                                      1.6742869565715128e-02        -4.7645656136298911e-02        -5.8547374586155637e-02        -3.0565195517745752e-01        -3.4425596835116708e-02        -5.4471633476160727e-02         6.6394913574485104e-01        -5.6271241000412720e-03
7                                     -1.9224090466569435e-02        -2.6921993077169476e-04        -1.2889666413108423e-02        -7.0988672601336011e-02        -1.0309477051122427e-01        -5.2678435524414341e-02        -5.6271241000412720e-03         3.7945862290464133e-01
8                                     -2.3407734496976130e-02        -1.4263876251718495e-02        -9.4518534933395043e-03        -9.9765249063062236e-02        -5.0924016024909466e-02        -1.3136181977391345e-01         1.9463014447460368e-02         3.0397418913980201e-01
9                                     -7.7124607801650176e-03         1.8774603841364711e-02         2.3133640915380276e-02        -6.7470759406387193e-02        -6.0290994437755870e-03        -1.1135375593573946e-02        -2.4093062927359843e-01         8.7421128792153649e-02
10                                     1.1109835383633564e-02        -2.2527934407355676e-02        -2.0190380622257132e-02         1.8514784867365727e-02         2.6035867585496641e-02         2.4534984879626031e-02         5.9990124682690021e-02        -1.2926240733426364e-01
11                                     1.3655780497954424e-02        -1.9835833997412448e-02        -2.9557587483729886e-02         1.9272224974276855e-02         2.3367332763865895e-02         3.6739120363801177e-02         6.5050100507813208e-02        -7.8549706833903346e-02
12                                    -4.0812544547540880e-03        -5.3667024696449957e-03        -6.7967056587759115e-03         1.0196140618470359e-02         5.5181445664041805e-03         7.0725433921939021e-03        -4.4060087981143886e-02        -6.6377539220269927e-04
13                                     2.8315561741409801e-03        -2.6300246353365619e-03        -1.9107980202883958e-03         3.2738700777556365e-03         3.6539093425036560e-03        -2.0180027389845958e-03         1.2366332962451806e-02         8.4345442855159689e-03
14                                     3.4482748958416945e-03        -2.4635396456694002e-03        -3.8793057436221396e-03         4.4570646713330614e-03        -1.7316370361318456e-03         3.4965273063366762e-03         1.2603322821101683e-02         9.0349971991586543e-03
15                                    -3.9668710343983317e-03         4.1134692984514283e-03         4.8679228882108098e-03        -3.5782398953991775e-03        -2.7640298559231179e-03        -3.6299188917517911e-03         1.7571905994613786e-03        -3.7160136331290433e-03
16                                    -5.5503410259981787e-03         2.6617699061322522e-03         2.2394493077413117e-03         1.6458941793432238e-03        -1.9646634114720589e-03        -3.6531528314793817e-03        -4.8199697723767462e-03         9.1177107985183220e-04
17                                    -7.0872731688830142e-03         2.6945049435972324e-03         3.6660003219622212e-03         1.7964446160896766e-03        -3.9149348938118727e-03        -3.6533595641898863e-03        -5.9339630488315720e-03        -1.6475438095372287e-03
18                                    -1.9629754323361977e-05        -3.1517629861417654e-04        -3.7223261934678112e-04        -6.5959261921119769e-04        -2.4835360942909094e-05        -7.3956594881830558e-05         1.0883502772591224e-03         2.3070888714022439e-05
19                                    -2.0744758258125321e-04        -1.8375839043482497e-04         1.7445126823859732e-04        -1.7396434739611516e-04        -3.7081065021375107e-04        -2.8490154119723910e-04         1.2332969025270863e-03         1.2902552836264920e-03
20                                    -3.0603314152757817e-04         2.2366140863429990e-04        -6.5828140238265913e-05        -2.7166081306797033e-04        -3.1039449211581118e-04        -5.4828395934603891e-04         1.5472419664424560e-03        -4.0186953024076038e-04
21                                     4.5108488552671438e-05         5.3994384560311965e-05         6.4939154733968066e-05        -1.2533988984820692e-04         1.6804701030274233e-04         2.2794741240351123e-04        -3.9905216779986612e-04        -1.4541531557546873e-04
22                                    -1.7724040005874186e-04         1.5076234360958073e-04         1.2573773171137577e-04        -3.3511426606592316e-04        -1.7676112028304429e-04        -1.1965239910856384e-04         3.2495059026982896e-04        -6.8603444377497860e-05
23                                    -2.3273855818469377e-04         1.3197593851181817e-04         1.8155560618963301e-04        -4.0360328406965841e-04        -9.3982595617769809e-05        -2.1954534361538823e-04         3.1377130014066115e-04        -1.9902379627526368e-04
24                                    -4.1015148177108481e-04         3.0218015155837629e-04         3.5049488243486804e-04        -4.7249907992959872e-04        -2.9829321020212181e-04        -4.0996415506399286e-04         6.0823786009810989e-04        -1.0153749575591867e-04
25                                    -9.3864607531988294e-05         8.9470194670777093e-05         1.4137816582303122e-04        -1.3927092526607696e-04        -9.1023033465374215e-05        -1.6099246568677413e-04         2.7126626414619091e-04        -1.4905770464433514e-04
26                                    -1.8522035013084239e-04         2.3325053749120294e-04         2.6119098378153514e-04        -3.1457977862194713e-04        -2.2182976925391008e-04        -2.7452427099369564e-04         5.5649383924424357e-04         8.6191258748665928e-05
27                                     5.2024700183356969e-04        -5.2887090854936234e-04        -6.3455319820513486e-04         8.9266866322158063e-04         3.8283211310767519e-04         5.2926553849626007e-04        -9.1717476314844297e-04         2.3343525308162515e-04
28                                     5.3126557361646547e-05        -1.1273500257299464e-05         8.0950246671648794e-06        -6.7885094985822543e-05         3.8706640845944892e-05         6.1763623773813592e-05         1.3185822317985410e-05        -2.2249031035495473e-05
29                                     1.1986813184321850e-04        -3.8257525579303111e-05        -4.3285289068168866e-05        -5.0927643798898763e-05         1.0108282923706062e-04         1.2062589926026012e-04        -3.6401885963120717e-05        -2.8434433923065711e-05
30                                    -8.0138982703107297e-04         8.5920063848567933e-04         1.0346062186858131e-03        -1.3475102626582178e-03        -5.9105275331718457e-04        -8.1004607283326376e-04         1.3863804739930100e-03        -3.6388660225437170e-04
31                                    -1.5132420590039823e-04         1.9430838593927953e-04         2.2449063711641116e-04        -3.0434720221419564e-04        -1.2611575106166950e-04        -1.7589961990297572e-04         3.2556060587385404e-04        -6.6322302564765769e-05
32                                    -2.8251597500416963e-04         3.3048386226272163e-04         4.1063410624229437e-04        -5.3339560871074759e-04        -2.3133021780467772e-04        -3.1558006910290920e-04         5.7025566433647091e-04        -1.4795712517711389e-04
33                                    -7.4878370924391812e-05         1.1598624097103358e-04         1.4416307157400708e-04        -1.6276636796543507e-04        -7.1087518292426479e-05        -9.6841167228621768e-05         1.7696685582901272e-04        -4.5249323691469597e-05
34                                     2.4747997861631536e-04        -3.0879935279861748e-04        -3.7024785877764685e-04         4.6579444211633883e-04         2.1072656384892998e-04         2.8605335912918085e-04        -5.0497344250862049e-04         1.2480236099438131e-04
35                                     3.6212076621368387e-04        -4.4342255311252709e-04        -5.4600337997375535e-04         6.8224404594146985e-04         3.0608336799368713e-04         4.1977200556705496e-04        -7.4057912451204607e-04         1.7641848203709491e-04
36                                    -1.0342618309908835e-04         1.0606964963290795e-04         1.2771006018551180e-04        -1.9759521508478834e-04        -6.6023386889632379e-05        -9.2163098752362805e-05         1.8192967743291467e-04        -5.4282823663334436e-05
37                                     2.9885168560143236e-05        -3.4015379168878877e-05        -3.3803497392884843e-05         5.4756195680059791e-05         1.8363359025422680e-05         2.4449424975199829e-05        -4.7399281700307135e-05         1.4854399616352979e-05
38                                     4.4719035891881078e-05        -4.1543706437470186e-05        -5.4225649025860267e-05         7.8787134595859458e-05         2.5422222436267008e-05         3.6242961931637104e-05        -6.7684060116482523e-05         2.3308795031788790e-05
39                                     2.3508518586151471e-05        -2.3244695349890812e-05        -2.9216105225617099e-05         4.4640798751132354e-05         1.4942558243186742e-05         2.1221157669356303e-05        -4.1201911275447545e-05         1.2215308177232242e-05
40                                     8.3341246516732761e-06        -7.7092115753960819e-06        -9.6128139960069025e-06         1.3686763254865344e-05         4.7308159914837216e-06         6.6449914924362211e-06        -1.1644512794758939e-05         4.0313442314180513e-06
41                                    -7.4835699374188022e-05         7.8743154343805059e-05         9.3607609954599470e-05        -1.3778459292046648e-04        -4.8703637458961848e-05        -6.7378500237008776e-05         1.2720988060677062e-04        -3.8022688934281181e-05
42                                     2.1062952878432025e-05        -2.2261817973923942e-05        -2.5394006960142692e-05         4.0574376419198364e-05         1.3783445651239139e-05         1.8884997590582228e-05        -3.7427171591914999e-05         1.0768415700956597e-05
43                                    -7.2658111205383994e-05         7.5110173200977409e-05         9.1175884161851921e-05        -1.3327567960472311e-04        -4.6647202407523680e-05        -6.5205461656334590e-05         1.2255026112607920e-04        -3.7070882619179684e-05
44                                    -2.3406863511946137e-05         2.4553035178233983e-05         3.0515508635310284e-05        -4.4496764436617592e-05        -1.5555849906993642e-05        -2.1771347602944474e-05         4.1789813874938868e-05        -1.2207685943909895e-05
45                                    -1.8768480693372158e-06        -1.0194696704468890e-04        -1.3784041297961515e-04         1.1635604441391707e-04         6.9907975314055477e-05         9.4650926175484976e-05        -1.9556204423033357e-04         1.9808237452337643e-05
46                                    -4.6306086573198981e-05         6.3992551990331569e-05         4.7076988620428043e-05        -6.8443793585419203e-05        -3.5844733029745252e-05        -4.6190412226316189e-05         7.0257699163434262e-05        -2.0892889836878690e-05
47                                    -6.6078628029976385e-05         4.7216316811425038e-05         7.5107159323469441e-05        -7.7744025476852134e-05        -4.1562198137616807e-05        -5.8015548075517973e-05         7.6935579407265881e-05        -2.0932794510660301e-05
48                                    -6.1736484053906854e-05         1.8467532381955516e-04         2.3971672505684107e-04        -5.2067496776681173e-04        -8.5784639500233127e-05        -1.2999409972369439e-04         5.4564965784429471e-04        -1.1688159674866296e-04
49                                     1.0575130479401325e-04        -1.3148010041822103e-04        -2.2601934960155297e-04         3.2842325522199067e-04         6.5014557569484382e-05         1.2128445524079503e-04        -2.9141305841248109e-04         6.9579888971539914e-05
50                                     2.2604232588822523e-04        -3.1569393184119424e-04        -3.5345798484260569e-04         5.2476922780255657e-04         1.7831619739032948e-04         2.3054831499901666e-04        -4.8569022549137697e-04         1.5510378352360537e-04
51                                    -1.8719053885658034e-04        -5.0320340629769487e-05        -1.0100534342395750e-04         4.2430457081601259e-04        -8.3211808664440342e-05        -7.7421598764816770e-05        -2.0135984465581824e-04         1.0300908426559262e-04
52                                     2.6544478680516425e-04        -2.6192775407397515e-04        -1.9656926747138538e-04         4.7570045813161388e-04         2.0241385127062965e-04         2.4867692424331478e-04        -5.6241748374774852e-04         6.9956311069310073e-05
53                                     3.1143148177200774e-04        -2.1830616672702968e-04        -3.2124307356724038e-04         6.4109708974690260e-04         2.0051246407514910e-04         3.0377577217193745e-04        -7.1429302692335912e-04         2.1241263694678908e-04
54                                     1.0308166880813548e-02        -1.1342780925816261e-02        -1.3878559128833960e-02         1.1141244316965444e-03         8.2360478192646212e-03         1.0269289903075577e-02        -1.9598862511943527e-03         1.4739592685091042e-03
55                                    -2.0961818731340598e-03         3.6794362529698325e-03        -2.5091613642927286e-03        -1.7811611516602641e-03        -1.4196297426887652e-03        -1.9379752712863821e-04         2.8935754132054532e-04        -6.1599663380358790e-04
56                                    -2.3195247743908578e-03        -2.9549093593521075e-03         1.8667846747452900e-03        -2.1383848194985872e-03         2.9242710019878779e-04        -1.0816472656715241e-03         1.7170645223716502e-04        -4.7783426121268740e-03
57                                    -6.2649720736243267e-02         2.4636525592536311e-02         2.7187141668339451e-02        -1.7513998997996546e-02        -2.2133656968032264e-02        -2.7916105459337415e-02         3.6310221888906209e-02         1.2649186745253553e-02
58                                     3.3588861426023242e-04         2.4065031216126159e-02         2.0598723447875562e-02        -1.3788861459002284e-02        -1.6751677037384373e-02        -1.3639848968881828e-02         3.2672193442861902e-02        -6.0575753238761194e-03
59                                    -3.0407882129426193e-03         2.1868379015147314e-02         3.4264125259862305e-02        -1.7692886822993855e-02        -1.4073388212996129e-02        -2.4554765945485606e-02         4.2002192163906257e-02        -1.5163711764975697e-02
60                                    -2.7366557255726254e-01         5.6193585481560906e-02         5.9397165636123933e-02         3.4804402153353502e-02         4.1352967563359690e-02         5.2400112430267126e-02        -5.3991305915918338e-02         1.7334477073685686e-03
61                                     9.2814979122995009e-02        -1.2457650065534231e-01        -6.9353006707418036e-02         1.2325419867599278e-02        -1.0635065975275217e-02        -2.3758473196198820e-02         7.2700471331708918e-03        -2.2613521504929374e-03
62                                     1.0474724553456799e-01        -7.1154786102468962e-02        -1.4792143798543844e-01         1.6501873870513210e-02        -2.2347585842982506e-02        -1.7763353501881685e-02         6.4921171330957553e-03         1.3081069192410807e-03
63                                    -2.9173843214334128e-01        -5.9709341174383646e-02        -8.6367324313624622e-02         1.2065778428288314e-03         1.4192272748387580e-03         1.6677930557069051e-03         1.5586947263406242e-03        -7.5757167308921139e-05
64                                    -5.9864063263039509e-02        -5.9674227933698309e-02        -3.2295870497167846e-02        -1.8014733716519012e-02        -1.0715383560464266e-03        -5.7255506971692072e-03         5.9946537599834399e-04         1.3566943050342668e-03
65                                    -8.6534038864343354e-02        -3.2285662240129624e-02        -8.0022029284679524e-02        -2.2338613480676686e-02        -4.7717537110714171e-03        -4.1368757518068372e-03         5.3542004420327818e-04        -5.2664836037241711e-03
66                                     5.6185373096251292e-03        -2.9030761747056780e-03        -3.4550769279520430e-03        -2.4956892783099874e-01         8.7645841494070037e-02         9.7826911441386250e-02        -1.7321097040852357e-02         1.1146331949060152e-02
67                                     1.6358400327877630e-02        -3.2361449307882623e-03        -7.0580369222928777e-03         8.7991068449454563e-02        -8.3824165541434292e-02        -5.4875690596847090e-02        -7.9092019710823580e-03         6.3426088503662804e-03
68                                     2.0337526110590601e-02        -7.9972365916325602e-03        -5.7657867724854664e-03         9.8231417772420573e-02        -5.4877969391452848e-02        -9.8913336404556532e-02        -1.0830690763708226e-02         3.8337006085312347e-03
69                                    -4.2819888842778259e-03        -4.6309812729349725e-04        -1.1493060490327302e-03         3.1691138964288230e-03        -1.7404215229907517e-02        -2.1544320810129906e-02        -5.9627973552419125e-02        -1.4001325783777286e-02
70                                    -1.2152564064788155e-03         4.9882864965439880e-03        -2.8530346825519151e-03         1.2158696704658994e-03        -4.1222749018294223e-04        -4.9124879766863326e-03        -1.4302263496256825e-02        -1.5537720079265649e-01
71                                    -2.0686809824173608e-03        -2.8207135661868464e-03         3.6614043441019154e-03         1.4939570456424175e-03        -5.8374640971286876e-03        -3.5271370424136209e-03        -1.8863288931289132e-02        -1.4826672530980861e-01
72                                    -3.1157987342429576e-06         2.3217910504510779e-04         3.1472896175197197e-04        -8.9001489936890764e-05        -2.8080368022380875e-04        -3.8584091315312785e-04         1.8755340260861574e-03         2.3753237107359236e-04
73                                     9.1199999970523302e-05         8.9439438938099323e-05         4.1971396155448675e-04        -2.3788042895928237e-04        -2.7463767401086881e-04        -3.3042923602085621e-04         6.4581191675510720e-04        -5.7763852957109845e-04
74                                     1.1069220147255665e-04         4.9019947140085626e-04         3.7501710948345990e-04        -3.9682730017265668e-04        -3.7685881243903336e-04        -5.2049467655179813e-04         1.1650250865068053e-03         6.6189870285365934e-04
75                                     2.7878389209235201e-05         3.1924112772312404e-05         4.4430222894881283e-05         2.9365474903253334e-05        -2.4578438052028171e-05        -2.9679642461046367e-05        -2.8414976471719878e-06        -1.3440975064978283e-05
76                                     2.2018319803351381e-06        -1.6440112862389185e-05        -3.4700471863097088e-05        -1.1101734408547733e-05         1.5767536665401727e-05         2.1131263502081813e-05         2.9005262155580939e-05         9.7054897170921223e-05
77                                    -8.4058644723830462e-06        -4.5749025634053892e-05        -5.2859457767501033e-05         2.8355626249239134e-07         2.6708844752641315e-05         3.2651316161539043e-05         1.8831086684722846e-05         2.0735385026721271e-05
78                                    -4.3299840025936241e-05         2.7408595509723072e-05         3.0426020150196944e-05        -6.3063389017933930e-05        -1.0045913876917178e-05        -1.4982422650639459e-05         1.6112987601314121e-05        -3.0227612521345921e-05
79                                     2.3983549922382924e-05        -2.4979856611263689e-05        -2.7651879025559268e-05         4.0720586400659092e-05         2.1586045330923470e-05         1.6334740562205902e-05        -3.8405304693225758e-05         1.0443139049769855e-05
80                                     2.7841075041774505e-05        -2.8457274208659592e-05        -3.5746582046813802e-05         4.9891125736436264e-05         1.3586534507479193e-05         2.7887958544609845e-05        -4.6663607978228590e-05         1.5311511872277654e-05
81                                     1.7612035198616733e-05        -1.6771170500582829e-05        -2.0090267638196147e-05         2.7924840023351428e-05         1.1830827081813934e-05         1.6343569595580679e-05        -2.7447777250901576e-05         6.7257140486685961e-06
82                                    -4.6113746118605380e-05         4.8351088856622748e-05         5.6844808377090459e-05        -7.7962841896215228e-05        -3.1177032179580970e-05        -4.3568700437138974e-05         7.5442021343586634e-05        -2.1497901048551026e-05
83                                    -6.8889097142408210e-05         7.0254848349416712e-05         8.5182407522018571e-05        -1.1417419805679500e-04        -4.7404413961363576e-05        -6.4755944055096466e-05         1.1144650902816687e-04        -3.0911528709042600e-05
84                                    -1.9883581607026916e-05         2.0828236047555672e-05         2.5048355416210434e-05        -3.4947313814037218e-05        -1.3422786578784826e-05        -1.8554218365577345e-05         3.3391028433953061e-05        -9.5952089162191416e-06
85                                    -5.1921743340588132e-06         5.5798533202833594e-06         6.4372045272914708e-06        -9.1454003489831026e-06        -3.5433743774742151e-06        -4.7906363306688568e-06         8.6061335655159864e-06        -2.6578496207254941e-06
86                                    -9.5818333511018725e-06         9.9949953298330826e-06         1.2199019801079026e-05        -1.7121654432839643e-05        -6.4133941702247798e-06        -8.9255166958423535e-06         1.6134844466243872e-05        -4.5805941456858130e-06
87                                    -2.8305432837361318e-05         2.9873932310927007e-05         3.5452163954416719e-05        -5.0876756479206695e-05        -1.8616108905382968e-05        -2.5653232948475759e-05         4.7110229878578149e-05        -1.4323346132752318e-05
88                                     9.2061864866074263e-06        -9.5483451480625242e-06        -1.1416358255926532e-05         1.6931989863486504e-05         5.8325324640640337e-06         8.1131297276831010e-06        -1.5383342806597580e-05         4.6724993230497843e-06
89                                     1.0886696576542206e-05        -1.1246564676265250e-05        -1.3237193511592850e-05         1.9838819440015739e-05         6.9241913225085512e-06         9.5796065751159287e-06        -1.8326438516299472e-05         5.2465876191290048e-06
90                                     6.8857043748183219e-06        -7.8201157868580996e-06        -9.3747502144853749e-06         1.1969540439894405e-05         5.2356794752595350e-06         7.1799673640424639e-06        -1.2333536732235844e-05         3.3502394054396273e-06
91                                     5.8772520981692153e-08        -3.0669192361817353e-08        -1.7431964092392687e-07         9.2701977353466014e-07        -1.9268382989245548e-07        -1.7503196776570046e-07        -3.1658695434848923e-07         4.0139712829522639e-07
92                                     9.0533736362889035e-07        -8.5624820613691622e-07        -1.1102301126267831e-06         1.7278497996483789e-06         5.3749311149116099e-07         7.6611401585703373e-07        -1.6368876473555795e-06         5.0553054633544042e-07
93                                     7.6106077333955343e-06        -8.4483820924179262e-06        -1.0301497928050759e-05         1.3199848531480872e-05         5.7033138029078219e-06         7.8076339050398775e-06        -1.3492971981365581e-05         3.5140870671364398e-06
94                                     1.5588082893951232e-06        -1.5253198529171936e-06        -1.7780331250106730e-06         2.4029554294370983e-06         1.0628661456994475e-06         1.4730599938246238e-06        -2.3825952882086087e-06         5.5765654306431414e-07
95                                     6.5108756259301453e-07        -8.2523388800359254e-07        -8.1417367152980690e-07         1.9564494314785743e-06         2.9584359044851128e-07         3.9292303885069976e-07        -1.3526788740222338e-06         6.9794852990721367e-07
96                                    -2.8853655124233626e-05         2.9942593931634338e-05         3.6482110546710763e-05        -5.1885832278294319e-05        -1.8797578404245760e-05        -2.6195606145222840e-05         4.7984935198002867e-05        -1.4673952892608967e-05
97                                     7.1987059587870486e-06        -7.1377024474647140e-06        -8.8408586665200352e-06         1.2944717364796482e-05         4.5829555583464661e-06         6.4380828843764811e-06        -1.1885843709556183e-05         3.3862547550466694e-06
98                                     1.2216938994748523e-05        -1.2626070370480856e-05        -1.5341760863719323e-05         2.2453468315410221e-05         7.8631336997576681e-06         1.0961639515835755e-05        -2.0603771978181374e-05         6.3749028136822254e-06
99                                     4.1573645564621471e-05        -5.9067388185423972e-06        -5.2085745886075506e-06         4.2353736045053566e-05        -1.3201371187707711e-05        -1.5256009056827944e-05         5.3621396264688821e-05         2.7342885530752367e-05
100                                    1.0967036170170732e-05         4.9037601027692633e-06         1.4389612041611810e-05        -2.4033998972515310e-05        -4.4764383173765578e-06        -1.6882025648488188e-05         4.5903197878590098e-05         2.7994803568167143e-05
101                                   -1.3115738525324295e-05         3.9779766221680816e-05         4.4306649950884527e-05        -4.8060458452145818e-05        -4.4565756318985214e-05        -5.4713717702781065e-05         1.0005996268655233e-04        -4.0667707875426945e-05
102                                    7.0845525366530875e-03         1.5725922843093369e-02         1.9600365692970124e-02        -3.5243080082236304e-03         1.5894624077536596e-03         1.4201414635063598e-03        -9.8855305229612715e-04         1.0475184251699729e-04
103                                   -3.0560665390714434e-03        -2.5630482650794359e-03        -8.1189598152897752e-03         2.2982693707189281e-03         4.7377700913229038e-03        -3.3689264388709738e-03        -1.4062944362524735e-04        -3.1771844905022304e-04
104                                   -3.6384346796510675e-03        -7.1739120072294021e-03        -5.1910430141093797e-03         2.2947011053716980e-03        -3.4131927878477252e-03         3.4651036200845191e-03        -1.8437241942258401e-04         6.4186793548301566e-04
                                                         8                           9                          10                          11                          12                          13                          14                          15

0                                     -2.3407734496976130e-02        -7.7124607801650176e-03         1.1109835383633564e-02         1.3655780497954424e-02        -4.0812544547540880e-03         2.8315561741409801e-03         3.4482748958416945e-03        -3.9668710343983317e-03
1                                     -1.4263876251718495e-02         1.8774603841364711e-02        -2.2527934407355676e-02        -1.9835833997412448e-02        -5.3667024696449957e-03        -2.6300246353365619e-03        -2.4635396456694002e-03         4.1134692984514283e-03
2                                     -9.4518534933395043e-03         2.3133640915380276e-02        -2.0190380622257132e-02        -2.9557587483729886e-02        -6.7967056587759115e-03        -1.9107980202883958e-03        -3.8793057436221396e-03         4.8679228882108098e-03
3                                     -9.9765249063062236e-02        -6.7470759406387193e-02         1.8514784867365727e-02         1.9272224974276855e-02         1.0196140618470359e-02         3.2738700777556365e-03         4.4570646713330614e-03        -3.5782398953991775e-03
4                                     -5.0924016024909466e-02        -6.0290994437755870e-03         2.6035867585496641e-02         2.3367332763865895e-02         5.5181445664041805e-03         3.6539093425036560e-03        -1.7316370361318456e-03        -2.7640298559231179e-03
5                                     -1.3136181977391345e-01        -1.1135375593573946e-02         2.4534984879626031e-02         3.6739120363801177e-02         7.0725433921939021e-03        -2.0180027389845958e-03         3.4965273063366762e-03        -3.6299188917517911e-03
6                                      1.9463014447460368e-02        -2.4093062927359843e-01         5.9990124682690021e-02         6.5050100507813208e-02        -4.4060087981143886e-02         1.2366332962451806e-02         1.2603322821101683e-02         1.7571905994613786e-03
7                                      3.0397418913980201e-01         8.7421128792153649e-02        -1.2926240733426364e-01        -7.8549706833903346e-02        -6.6377539220269927e-04         8.4345442855159689e-03         9.0349971991586543e-03        -3.7160136331290433e-03
8                                      5.1032257816856563e-01         9.9328366329719614e-02        -7.9810324454632445e-02        -1.5601843346079161e-01        -3.2679118693624276e-03         9.6087238155456653e-03         1.2935443042043273e-02        -4.6064229514674376e-03
9                                      9.9328366329719614e-02         7.8580397681918357e-01        -8.3805820779001422e-02        -7.2637639953770594e-02        -2.8872523571897468e-01        -1.7375472302898466e-02        -3.1794148009722537e-02        -7.3239721250616480e-02
10                                    -7.9810324454632445e-02        -8.3805820779001422e-02         3.6979090333310727e-01         2.5600591701847908e-01        -2.2472429398382010e-02        -8.9273298328654715e-02        -4.0810197465542111e-02         1.7566316462210803e-02
11                                    -1.5601843346079161e-01        -7.2637639953770594e-02         2.5600591701847908e-01         4.7156252534655169e-01        -3.9910348362277526e-02        -4.0578033878781630e-02        -1.0772907392327442e-01         1.7492309655210887e-02
12                                    -3.2679118693624276e-03        -2.8872523571897468e-01        -2.2472429398382010e-02        -3.9910348362277526e-02         6.8333966375602451e-01         8.0677147197998317e-02         1.2099947824744192e-01        -1.5856376355558099e-01
13                                     9.6087238155456653e-03        -1.7375472302898466e-02        -8.9273298328654715e-02        -4.0578033878781630e-02         8.0677147197998317e-02         4.0689021916903839e-01         3.9766622594470014e-01         4.4337386743728988e-02
14                                     1.2935443042043273e-02        -3.1794148009722537e-02        -4.0810197465542111e-02        -1.0772907392327442e-01         1.2099947824744192e-01         3.9766622594470014e-01         5.6965056143643500e-01         5.0087493599238933e-02
15                                    -4.6064229514674376e-03        -7.3239721250616480e-02         1.7566316462210803e-02         1.7492309655210887e-02        -1.5856376355558099e-01         4.4337386743728988e-02         5.0087493599238933e-02         8.1541002821544972e-01
16                                    -1.7100511258901466e-03         4.4039068292671332e-02         5.0139228421493265e-03        -6.1404125172263230e-03         4.2745317850311146e-02        -1.3473798271285059e-01        -8.5833528626089811e-02         6.2168190180877606e-03
17                                    -2.9984815688069731e-04         4.9983529076860364e-02        -7.0785465731192767e-03         4.8610688125620971e-03         4.9733521695948121e-02        -8.7399836414252030e-02        -1.6750784699215984e-01         3.8507310442674525e-02
18                                     7.1701458377265801e-06         3.5956670106959236e-03         2.3471417357232818e-03         3.2348741067741759e-03        -2.0648754444776780e-02         8.5010276835352852e-03         1.0012716987332228e-02        -2.3864971462753837e-01
19                                    -3.0680552098626260e-04        -1.4997486358931970e-03        -1.0437010441738787e-03        -4.1151033065428954e-03         2.4393744406467091e-02         8.2454393598360709e-04        -1.4114055874156007e-03         1.2883240569059392e-02
20                                     1.2752132884063156e-03        -1.8034280339024218e-03        -4.0095534929299338e-03        -2.9550536742900565e-03         2.9357123373177058e-02        -2.0068276471234599e-03         1.8975708432898558e-03         7.3275525329733983e-03
21                                    -2.7111411908018580e-04        -1.3055334791867257e-03         1.0241271796403448e-03         8.9583741754452372e-04        -3.6556787527160569e-03        -2.0238353764809452e-03        -2.6603889995171935e-03        -2.6338751794835174e-02
22                                    -1.6375611192084459e-04         2.8602459808919927e-04         5.2564956770410106e-04         4.2963995409141443e-04        -2.2610179877535158e-03         2.1124460524616466e-03         4.5191214762847244e-05         1.3873002010302400e-02
23                                    -1.8075969532309598e-04         4.6859309012844280e-04         4.4876043474646060e-04         8.9231319754605291e-04        -4.0308826715601360e-03         3.1546892285893788e-04         1.7995195300409025e-03         1.7590145408707604e-02
24                                    -1.0357937895235308e-04        -1.5080865235080027e-04         2.6822445212630987e-04         5.1949409572273465e-04        -1.4585949833339292e-03         5.3569904729980605e-04         6.7123115849208491e-04         8.7984637501719535e-03
25                                     1.6084001002150515e-04        -3.5812613634692893e-04        -2.0833808225802791e-04        -3.7855092013857413e-05         9.9977417382655573e-04         3.5606298592028474e-04         2.0255497270102761e-04         9.5555109718628052e-04
26                                    -5.3700411600212292e-05        -7.2708539351003557e-04        -1.2672443324910230e-04        -2.2262090538896164e-04         1.7599354224614931e-03         2.3424688244428349e-04         5.7771991322206392e-04         1.3352297256261844e-03
27                                     2.3000255091756497e-04         9.8848839168591465e-04        -4.2813845102094422e-04        -5.8246708862660652e-04         6.8867485552528236e-04        -5.5595417348206573e-04        -7.4873524946580928e-04        -6.6916024807309911e-03
28                                    -1.9723973246697725e-05        -1.8687644384419953e-04         1.1459889635709921e-04        -1.6606641502591400e-05         3.2264886134162832e-04        -7.4068015121417081e-06         6.1056720673298849e-06        -2.0606350060558892e-04
29                                    -1.4230267744324790e-05        -2.4026955784633237e-04         9.6063367299583291e-05         2.8097265438198100e-05         5.5512922334906452e-04        -1.2383763823633952e-04        -4.9479762683063628e-05        -7.3838983837011649e-04
30                                    -3.4544256141200348e-04        -1.8591484282963176e-03         3.8788961066184351e-04         4.7680900785650621e-04        -1.4830729995112151e-04         4.6854522980849147e-04         5.9031384588404778e-04         5.7115008163490053e-03
31                                    -8.2755224914239417e-05        -5.1496166892094780e-04         7.3594723477775139e-05         1.4270002377329079e-04         1.3623695424391693e-04         1.3958671769035504e-04         1.6851308719706859e-04         1.2947416316040489e-03
32                                    -1.1773140257117151e-04        -8.7070327158631899e-04         1.9375422950662212e-04         1.8430555423933829e-04         1.6817837126446389e-04         1.9840571542811261e-04         3.2440907276384893e-04         2.3507163675152536e-03
33                                    -3.6013806740674327e-05        -3.9014302867121858e-04         6.3343230306566373e-06        -1.3346575100727474e-05         2.8755765001029816e-04         3.3499443687598420e-05         7.2670181637338979e-05        -1.1801169394028913e-04
34                                     1.0458194639270825e-04         7.7073756984690758e-04        -9.6352470877843731e-05        -1.0832829562741123e-04        -2.2846073927138341e-04        -1.6339632722099236e-04        -2.6890530398363823e-04        -1.8373296159541381e-03
35                                     1.5767945938728283e-04         1.1220187646755998e-03        -1.4651286865377940e-04        -1.6078291183876250e-04        -3.3160715549468769e-04        -2.6953032830127302e-04        -3.6741012589763897e-04        -2.6998842904638509e-03
36                                    -5.3337316142945313e-05        -2.2433863395166854e-04         9.9226569743037554e-05         1.0986086334478133e-04        -8.6331841335870286e-05         6.7169507066074845e-05         8.7624134215802724e-05         9.9113020606019799e-04
37                                     1.6655457530783356e-05         6.3411184517065493e-05        -2.7666624168619543e-05        -2.6421864179879169e-05         2.4749157007532060e-05        -8.9993135464280652e-06        -1.7067910919463900e-05        -1.9866936978543261e-04
38                                     2.2127530548269800e-05         9.0120871244268663e-05        -3.7048865862524720e-05        -4.1499302313071458e-05         4.1715250022577548e-05        -2.0385625658290641e-05        -1.9037043567620419e-05        -2.9067614327143814e-04
39                                     1.1743365686082085e-05         4.9687636056830714e-05        -2.2799196895000958e-05        -2.6785368616083544e-05         2.6069770944170672e-05        -1.8456420904458023e-05        -2.0392024557778883e-05        -2.4089769886044478e-04
40                                     4.1890475226889193e-06         1.4681779531380409e-05        -7.2076241007782869e-06        -8.6104412611085484e-06         1.4088543868852411e-05        -3.8860147420415716e-06        -4.0179930586245143e-06        -5.9813598655326434e-05
41                                    -3.7556090778710210e-05        -1.6926478038141034e-04         6.4297119820005966e-05         6.9890336763832800e-05        -5.7690453909695453e-05         4.2905389780668479e-05         5.7493915788775481e-05         6.1214206916027861e-04
42                                     1.0973546534418475e-05         4.4564616793970040e-05        -2.1830005516763867e-05        -2.3611017689921103e-05         2.4198880403974754e-05        -1.3852498975234245e-05        -2.0575188428846038e-05        -2.2064778597089257e-04
43                                    -3.6246296217322391e-05        -1.6311976404865267e-04         6.1950599199494535e-05         6.9072205672019528e-05        -5.8521579363854259e-05         4.4730804488273531e-05         5.3110331774852964e-05         5.9358200971919772e-04
44                                    -1.1598686947012396e-05        -5.6653495535226013e-05         1.9493974035148692e-05         2.1884347990332712e-05        -1.1488710520988300e-05         1.5456012814075358e-05         1.9561060879261753e-05         1.9965886448048618e-04
45                                    -4.9311879444837987e-06         4.7865454484946330e-04         7.7605807049344901e-05         1.1675737326154260e-04        -6.0465854573367580e-04        -1.2094101085494743e-04        -2.2475742105707066e-04        -3.7642530844992142e-04
46                                    -1.7598931712151607e-05        -8.0035620892422425e-05         1.2407090688693783e-05         7.6296860535395440e-06        -7.6930302861716673e-05         6.5949361978425548e-06         2.2369895051285233e-05         3.3972465336350589e-04
47                                    -2.4543434327212533e-05        -6.7324937790445133e-05        -7.9160009358624547e-08         1.6694459860594550e-05        -1.6365130172469266e-04         2.6318574192678106e-05        -1.2198240605931291e-05         3.6854140724894605e-04
48                                    -8.4132421976544419e-05        -9.4065240497592881e-04         5.0894965894754450e-04         4.8055322929053322e-04         6.2810568864940085e-04         5.9569433680216441e-04         1.0410002604533046e-03         7.0046943626191314e-03
49                                     9.3278415615746094e-05         2.6605994703167641e-04         1.1954872218242947e-04        -2.8677721175897277e-04         4.4575002207817747e-04        -5.0925586197691597e-04        -1.1150322047887790e-04        -2.9894875947421959e-03
50                                     1.2004788867869023e-04         3.8937140722621977e-04        -3.1758149418077187e-04         9.0249436754687412e-06         6.8641855226568842e-04        -1.0607345699518414e-04        -4.3393674215516800e-04        -3.9658084937958301e-03
51                                     1.2184720751907011e-04         2.8017848043781330e-04        -1.1174282660705529e-03        -1.3258415516006804e-03         1.3237747177056846e-03        -1.6849829792679521e-03        -1.9289567614651885e-03        -3.4459926893862153e-02
52                                     1.6453353788601499e-04         5.8208844907775038e-04        -8.4063768235933731e-04        -5.3266170684292905e-04         2.9221074160328681e-04        -5.3300531228748583e-04        -7.6639969553973027e-04        -6.7592631947649418e-03
53                                     1.3671915970379494e-04         1.0263607548787572e-03        -6.9362908162047012e-04        -1.2852008477744206e-03         1.1329416083695788e-03        -7.6677199993414598e-04        -1.0535893348720821e-03        -1.1684885604080340e-02
54                                     1.5324099500542438e-03        -1.8595180049739195e-02         3.2908347662527232e-02         3.9274893684007224e-02        -2.3802542871346338e-03        -2.4734437486650142e-02        -3.2475846923121970e-02        -2.0844866715965418e-01
55                                    -4.7910140607105162e-03         9.6137506954975457e-03        -7.0835077934521297e-03        -2.9261793700044024e-02         2.5770234765537109e-03        -2.5453125731897272e-02        -5.9236452989794297e-02        -7.2175465566214111e-02
56                                    -2.6248793777964110e-03         1.0365862260215575e-02        -2.8030839478293046e-02        -1.7132131544463844e-02         1.4932579878290924e-03        -6.0548651429772019e-02        -5.2386390245879419e-02        -9.5175195734370610e-02
57                                     1.7136825381111845e-02        -1.0876711668096621e-01         5.3657048915265945e-03         5.3380235430115913e-03        -3.0105719617614598e-02        -8.7857881343174002e-03        -1.1939482435086968e-02        -1.1052821050177256e-01
58                                    -1.4262646314111352e-02        -2.5009037016343588e-02        -1.5679845911244455e-01        -8.3541671837453618e-02        -3.4012664936651928e-02        -8.3411614449985655e-03        -2.6294426526198483e-02        -5.9014752092607300e-03
59                                    -1.0107212731470510e-02        -3.2397051150736496e-02        -8.2246318143671809e-02        -1.9342224125816537e-01        -4.3899779152023338e-02        -2.4872595739591417e-02        -2.1861170904196862e-02        -1.2900699270865883e-02
60                                    -3.6354184256199456e-04         2.1524836184997689e-02        -3.8421292041762284e-02        -4.6684286111892404e-02        -6.2853647774760782e-05        -4.0965026034234728e-03        -5.4636194488937116e-03         8.0536256708155785e-03
61                                     1.5751887596922778e-03        -2.0855782166933731e-02         4.2403542319172571e-04        -8.1337665494142092e-03         9.5188639000916113e-04        -5.6158173581043799e-04        -3.5966009303509210e-03         3.3387601504791999e-03
62                                    -1.2894824599201226e-03        -2.5069889010475421e-02        -9.0419234786142527e-03        -6.2319771187399932e-03         1.1518203829862022e-03        -3.9736236404866298e-03        -2.2855205888404292e-03         4.2579630193933047e-03
63                                    -2.8423517377784355e-04         3.6442732376511071e-04         3.7222915353622927e-04         5.0770949029234303e-04         4.4024547017901364e-05        -1.9272943120111837e-04        -2.3216942072509637e-04        -2.6052673504322509e-04
64                                    -5.2293402587982336e-03         5.9084101416811583e-04        -6.1594734999780758e-04         3.8089521394649509e-05        -9.6108369133987478e-05        -2.9624462546787289e-05         1.9515452740170489e-04         1.1548430046980882e-04
65                                    -8.6044605920912020e-04         7.7124394921166371e-04         3.3126240079535537e-05        -5.4693241865800722e-04        -1.0981483069841312e-04         1.9305538605526791e-04         3.7802863587536553e-05         1.5051141963633741e-04
66                                     1.2743101472844940e-02        -2.8322274497934209e-03        -1.8898889394061776e-03        -2.8111296835378768e-03        -8.8805873314639597e-04         8.9051911997884477e-04         1.0009970424794735e-03        -2.8563542392947227e-04
67                                     2.8973942446309971e-03        -1.6316244777717015e-03         3.7659021395535434e-03        -3.5456177752277900e-03        -1.4937904124745621e-04         9.9123411000057865e-04        -1.9431161003383352e-04        -8.9692877023980343e-05
68                                     7.8807586207643165e-03        -2.5188727476104233e-03        -3.5694863906254788e-03         2.0304244504634442e-03        -2.6121443540432480e-04        -1.3785740709562985e-04         9.6455996333513327e-04        -1.0334968979977907e-04
69                                    -1.8435449755856613e-02         7.1144059159590767e-03         1.6002828651259723e-02         1.9905601990266544e-02         2.3220302958863095e-03        -9.5851067546401088e-04        -9.3322822792369286e-04         4.4201791902922323e-04
70                                    -1.4827942798548582e-01        -3.0957542104907629e-03        -2.6227081049406860e-03        -8.9797963860244051e-03        -5.8687489672058692e-04        -1.2413557896247319e-03         2.2004910685265869e-03        -1.2103598386363859e-05
71                                    -2.2016276334311191e-01        -3.6416628965866560e-03        -8.0345309742997709e-03        -5.6194656945448215e-03        -5.0648252610464850e-04         2.1790858072213560e-03        -3.7249500492545179e-04         1.8053263880860168e-05
72                                     3.7988850811531446e-04        -2.1882382363955996e-03        -1.8074250935225824e-02        -2.1493621091182420e-02        -1.4142454138330668e-01        -9.2498359160154281e-02        -1.1440592167082553e-01         1.7200886718814284e-02
73                                     7.4169627255420026e-04        -5.3141776609860747e-04         2.4235776241696193e-04         5.8079176043929655e-03        -9.3704785406930835e-02        -1.5994872963852824e-01        -1.8723557296994955e-01        -8.7147971580762203e-03
74                                    -2.8733992744151612e-04        -1.3138325158052119e-03         4.8490719728954655e-03         1.1072166332234123e-03        -1.1530323841645174e-01        -1.8598511390779887e-01        -2.3406756679960311e-01        -9.6261271747463736e-03
75                                    -2.1804002858267954e-05        -1.4283758767980948e-04        -1.6714688039261671e-04        -1.9944906028764741e-04         4.6938320655122575e-04        -5.3598783690856678e-04        -6.2489333954155357e-04        -6.7634822899481119e-04
76                                    -1.7515767436499922e-05        -1.2060340503153806e-04         1.9894616157008048e-04         4.0226752712109023e-05         2.4563244538665157e-06         1.3876853006397193e-04         1.9097163738196563e-04        -1.2782609424594818e-03
77                                     1.0021858389179213e-04        -1.6376446367411961e-04         1.2631432611496160e-04         2.5235093878435433e-04        -1.5867275614907066e-04         3.1769619308715425e-04         4.1024798597437851e-04        -1.3263750422326213e-03
78                                    -4.3531838583893285e-05        -1.8636278456771031e-05         1.2368492790711070e-04         1.4881723208863817e-04        -5.6136933497308848e-04        -6.2579585409934096e-06        -2.1651581631835685e-05         4.8487910223426784e-04
79                                     1.2715107689248042e-05         4.1410714677997478e-05        -6.7229864896649352e-05         1.3268003484518367e-05         8.2768129720399344e-07        -1.3733299275534415e-04         9.4508079295941731e-05        -1.9388389757277137e-04
80                                     1.4137077198223227e-05         7.0810665547781581e-05         6.9763454621415006e-06        -5.1101165146491416e-05         1.2879101567820597e-05         9.5441392971112421e-05        -7.0175197345722186e-05        -2.2529036450859882e-04
81                                     6.7779009396646821e-06         3.4469558462001698e-05        -1.6280685996236229e-05        -2.1232266370177376e-05         2.3352878064092257e-05        -1.5443536187588261e-05        -1.9058207065717186e-05        -1.6004623901902834e-04
82                                    -2.0570786197808137e-05        -9.9397881539175150e-05         1.4868713715910842e-05         4.1657885872727087e-05        -3.2213925677564818e-05         3.2545292198862621e-05         3.0219154232558572e-05         3.4612347969136919e-04
83                                    -3.0197020283441914e-05        -1.4227970348500466e-04         4.7442380720936599e-05         3.9691433358141198e-05        -4.7513193003791094e-05         3.4290227142606290e-05         4.6406211648735975e-05         4.8026963886561923e-04
84                                    -9.3805664098021546e-06        -4.5691443611604353e-05         1.4749829426312968e-05         1.6857986769388024e-05        -1.4535242833101672e-05         1.2855944591024331e-05         1.6096499533740642e-05         1.5551125279477155e-04
85                                    -2.3222183340760307e-06        -1.1919107876458741e-05         3.7697013853915087e-06         4.2893827463432328e-06        -3.5326556379334091e-06         2.9998751718392679e-06         4.3586078060066541e-06         3.9791705340822735e-05
86                                    -4.6714649955382863e-06        -2.2244854623021696e-05         7.1524453237215582e-06         8.1602098496749022e-06        -6.4859635405729413e-06         6.3415605724952891e-06         7.3915594373801008e-06         7.3662052189217073e-05
87                                    -1.4142969395641993e-05        -6.3434643003078180e-05         2.2511728096471056e-05         2.4528928500092231e-05        -2.0891568749536224e-05         1.5276719192795731e-05         2.0087123424872210e-05         2.1494738300327048e-04
88                                     4.7238469685107546e-06         2.0523641626411629e-05        -8.0289072568848110e-06        -8.9492369479068014e-06         7.9933254421324742e-06        -5.1843932187733161e-06        -6.5764876621596377e-06        -7.4571376588512668e-05
89                                     5.2557116429726691e-06         2.4074473463204301e-05        -9.1366193767463384e-06        -1.0111657824069846e-05         8.4574566813781560e-06        -6.3912442945347800e-06        -8.4834450960592644e-06        -8.8678824889093169e-05
90                                     3.0096188057804963e-06         1.7513105295656004e-05        -3.4333351570337714e-06        -3.1749992542986030e-06        -9.4795986619013176e-07        -4.2434476394153524e-06        -5.5656671720733470e-06        -4.4049866894764074e-05
91                                     4.8136543630299442e-07         4.5440635437947268e-07        -1.3186960827537557e-06        -1.6986309442025541e-06         1.5536952089132172e-06        -1.8957527078926120e-07        -2.5630136496801197e-07        -6.6768559993332394e-06
92                                     5.3569822325040393e-07         1.7604547394297597e-06        -8.1194382065741863e-07        -1.0034252803729111e-06         2.0197219201912416e-06        -1.1050910133597706e-06        -1.3067302189094845e-06        -1.0489826892545925e-05
93                                     3.4166116198645457e-06         1.9186311225736357e-05        -3.1076043848206592e-06        -4.4023586109043110e-06        -6.9897789076066063e-07        -4.6388735469881310e-06        -6.0361118869990989e-06        -4.9549171305999235e-05
94                                     5.5878695205772842e-07         2.9078366959488439e-06        -7.7498485933517900e-07        -1.2338749608872322e-06         1.6682415576043125e-06        -1.2246083256875262e-06        -1.2631399570906400e-06        -1.3057765424077961e-05
95                                     7.5680388546189438e-07         1.6640175600895753e-06        -2.1811749448292310e-06        -1.8257860774482343e-06         2.2951401893261689e-06        -6.1568652134630731e-07        -9.8588901116926790e-07        -1.2184994644454084e-05
96                                    -1.4382526222599724e-05        -6.4802747534794571e-05         2.2641304199452353e-05         2.5443221679822584e-05        -2.1225781593753322e-05         1.6993907119759155e-05         1.9651837628816496e-05         2.1930291218177661e-04
97                                     3.1761608985072910e-06         1.5969586019073886e-05        -6.1600492274608751e-06        -6.8695477431166052e-06         4.9139911002711058e-06        -4.1937503370859655e-06        -5.1201648562300763e-06        -6.0080851011314160e-05
98                                     6.1371709657685849e-06         2.7386170128730234e-05        -1.0814798486187332e-05        -1.1766704975573410e-05         1.0431851429534182e-05        -7.2562178064275531e-06        -8.9053929191276815e-06        -1.0065288750723910e-04
99                                     2.9592371065280279e-05        -3.6148856580891619e-04        -1.1022455007423361e-04        -7.9737967200970165e-05        -1.4788083700371505e-03         3.5105990431689689e-05        -3.4981036162937926e-04         3.5673879538337407e-04
100                                   -4.2868564806868088e-05        -3.6983407560651165e-04        -1.2329939636555886e-04         3.0835662399984276e-04         6.6429682935562019e-04         3.0672284635755082e-04         2.5336547008352026e-04         1.0993754008967564e-03
101                                    9.0416792989625838e-06        -5.8623861847434400e-04         2.9575382239190387e-04         1.2667293975024329e-04         7.9405625429057125e-04         3.4234620354015984e-05         3.6835661522346031e-04         1.5119706237582981e-03
102                                    1.2568427087763731e-04        -4.2869711592450387e-03        -1.6913441754143159e-04        -7.2504481323025331e-04        -3.8040438203142449e-04        -1.0312765463142139e-03        -1.2657861512892288e-03         9.6689642429320525e-05
103                                    6.2609038645817811e-04        -7.7508484048352012e-04         4.2166545955399483e-03        -2.5654619182790377e-03        -7.0044961025715559e-05        -3.4394945215117509e-04        -1.8750137876716915e-04        -6.4169015270497745e-05
104                                   -4.7582624758385657e-05        -1.4514337483068074e-03        -2.5553732247576982e-03         3.0493680494191357e-03        -1.0571568141686980e-04        -2.2644021061064232e-04        -4.7869321313204476e-04        -4.6304953377549266e-05
                                                        16                          17                          18                          19                          20                          21                          22                          23

0                                     -5.5503410259981787e-03        -7.0872731688830142e-03        -1.9629754323361977e-05        -2.0744758258125321e-04        -3.0603314152757817e-04         4.5108488552671438e-05        -1.7724040005874186e-04        -2.3273855818469377e-04
1                                      2.6617699061322522e-03         2.6945049435972324e-03        -3.1517629861417654e-04        -1.8375839043482497e-04         2.2366140863429990e-04         5.3994384560311965e-05         1.5076234360958073e-04         1.3197593851181817e-04
2                                      2.2394493077413117e-03         3.6660003219622212e-03        -3.7223261934678112e-04         1.7445126823859732e-04        -6.5828140238265913e-05         6.4939154733968066e-05         1.2573773171137577e-04         1.8155560618963301e-04
3                                      1.6458941793432238e-03         1.7964446160896766e-03        -6.5959261921119769e-04        -1.7396434739611516e-04        -2.7166081306797033e-04        -1.2533988984820692e-04        -3.3511426606592316e-04        -4.0360328406965841e-04
4                                     -1.9646634114720589e-03        -3.9149348938118727e-03        -2.4835360942909094e-05        -3.7081065021375107e-04        -3.1039449211581118e-04         1.6804701030274233e-04        -1.7676112028304429e-04        -9.3982595617769809e-05
5                                     -3.6531528314793817e-03        -3.6533595641898863e-03        -7.3956594881830558e-05        -2.8490154119723910e-04        -5.4828395934603891e-04         2.2794741240351123e-04        -1.1965239910856384e-04        -2.1954534361538823e-04
6                                     -4.8199697723767462e-03        -5.9339630488315720e-03         1.0883502772591224e-03         1.2332969025270863e-03         1.5472419664424560e-03        -3.9905216779986612e-04         3.2495059026982896e-04         3.1377130014066115e-04
7                                      9.1177107985183220e-04        -1.6475438095372287e-03         2.3070888714022439e-05         1.2902552836264920e-03        -4.0186953024076038e-04        -1.4541531557546873e-04        -6.8603444377497860e-05        -1.9902379627526368e-04
8                                     -1.7100511258901466e-03        -2.9984815688069731e-04         7.1701458377265801e-06        -3.0680552098626260e-04         1.2752132884063156e-03        -2.7111411908018580e-04        -1.6375611192084459e-04        -1.8075969532309598e-04
9                                      4.4039068292671332e-02         4.9983529076860364e-02         3.5956670106959236e-03        -1.4997486358931970e-03        -1.8034280339024218e-03        -1.3055334791867257e-03         2.8602459808919927e-04         4.6859309012844280e-04
10                                     5.0139228421493265e-03        -7.0785465731192767e-03         2.3471417357232818e-03        -1.0437010441738787e-03        -4.0095534929299338e-03         1.0241271796403448e-03         5.2564956770410106e-04         4.4876043474646060e-04
11                                    -6.1404125172263230e-03         4.8610688125620971e-03         3.2348741067741759e-03        -4.1151033065428954e-03        -2.9550536742900565e-03         8.9583741754452372e-04         4.2963995409141443e-04         8.9231319754605291e-04
12                                     4.2745317850311146e-02         4.9733521695948121e-02        -2.0648754444776780e-02         2.4393744406467091e-02         2.9357123373177058e-02        -3.6556787527160569e-03        -2.2610179877535158e-03        -4.0308826715601360e-03
13                                    -1.3473798271285059e-01        -8.7399836414252030e-02         8.5010276835352852e-03         8.2454393598360709e-04        -2.0068276471234599e-03        -2.0238353764809452e-03         2.1124460524616466e-03         3.1546892285893788e-04
14                                    -8.5833528626089811e-02        -1.6750784699215984e-01         1.0012716987332228e-02        -1.4114055874156007e-03         1.8975708432898558e-03        -2.6603889995171935e-03         4.5191214762847244e-05         1.7995195300409025e-03
15                                     6.2168190180877606e-03         3.8507310442674525e-02        -2.3864971462753837e-01         1.2883240569059392e-02         7.3275525329733983e-03        -2.6338751794835174e-02         1.3873002010302400e-02         1.7590145408707604e-02
16                                     3.5538765286893381e-01         2.2395161030647245e-01         1.7614384235048762e-02        -7.8206120947099472e-02        -2.2911778765521810e-02         2.0162288301103184e-02         2.1583282812073536e-03        -3.5655168064680637e-04
17                                     2.2395161030647245e-01         4.6189548847503020e-01         1.3214517816505820e-02        -2.2619446554762751e-02        -9.1380287417230810e-02         2.7938535706013429e-02        -1.1317351091653955e-03         3.3253844801140052e-03
18                                     1.7614384235048762e-02         1.3214517816505820e-02         6.6483280929673416e-01        -3.3812015736501768e-03         2.8226430780232452e-02        -1.3760948108757587e-01         4.6393599897548703e-02         6.5801583848446171e-02
19                                    -7.8206120947099472e-02        -2.2619446554762751e-02        -3.3812015736501768e-03         3.1978642531416440e-01         2.3919193219560286e-01         1.9045815589972984e-02        -1.3434421837730165e-01        -9.2167316308779584e-02
20                                    -2.2911778765521810e-02        -9.1380287417230810e-02         2.8226430780232452e-02         2.3919193219560286e-01         5.0979539126601092e-01         2.4218266483287683e-02        -9.0278385843435005e-02        -2.0354144430278703e-01
21                                     2.0162288301103184e-02         2.7938535706013429e-02        -1.3760948108757587e-01         1.9045815589972984e-02         2.4218266483287683e-02         7.3126721509647974e-01         7.1496394079924395e-03         4.7829062119538322e-02
22                                     2.1583282812073536e-03        -1.1317351091653955e-03         4.6393599897548703e-02        -1.3434421837730165e-01        -9.0278385843435005e-02         7.1496394079924395e-03         3.0583726875788303e-01         2.4575056917144256e-01
23                                    -3.5655168064680637e-04         3.3253844801140052e-03         6.5801583848446171e-02        -9.2167316308779584e-02        -2.0354144430278703e-01         4.7829062119538322e-02         2.4575056917144256e-01         5.0933464913372117e-01
24                                     9.8023744679452858e-04         1.3505412600255794e-03        -2.2838947415465195e-02         4.1073506826480463e-02         5.9001501445811413e-02        -3.5963535623418647e-01         1.3719598251099070e-02         2.4539736873157624e-03
25                                     1.1017086354917572e-03        -4.8477344845882526e-03         1.6944462596852852e-02         8.8409795093879560e-03         8.8732629754787601e-04         4.6126983051694985e-02        -8.5060860061073190e-02        -3.0230709189757579e-02
26                                    -4.9552274009242916e-03        -2.7093442522187271e-03         2.3339115198353331e-02         2.7044175512795574e-03         1.4295918838227003e-02         5.0396328464283942e-02        -3.2427721054961112e-02        -1.0801505451252347e-01
27                                    -1.3315217930978562e-04        -4.6210470446578927e-04         7.6487448012708230e-03        -7.4086440830937921e-03        -1.0085044705466749e-02        -5.2450471700019520e-02        -1.1101161140527711e-02        -2.0443076360833805e-02
28                                    -1.1120653180097674e-03        -4.0593126011807118e-04        -9.0219521732727483e-04        -2.0804663721837202e-02        -2.2446640422042145e-02        -3.2483678431064492e-02         1.8354551643054932e-02         1.5448431719569739e-02
29                                    -5.5852941746756257e-04        -1.4388817086529049e-03        -4.9394306329988893e-04        -2.2924194295080400e-02        -3.9824255445532197e-02        -5.2058610733139034e-02         1.7001673782782036e-02         2.8278208072019258e-02
30                                    -4.3075734086712525e-04        -2.0581429373360533e-04        -7.9978121012488548e-03         4.5230688894510769e-03         6.1188807616458429e-03         1.3924589958198581e-02        -3.1663378427978506e-03        -4.0911451326852873e-03
31                                    -1.3033942301023891e-04         3.4334145478505395e-05        -3.0619599925993594e-03        -1.9644569516969546e-03        -1.8211601704942776e-03        -7.1009701772150181e-04         3.1594389264956143e-03        -3.3867521493183648e-03
32                                    -1.0529045433135844e-04        -5.6119081905158799e-05        -5.0893569827269430e-03        -1.3922327773163918e-03        -3.3475594666024832e-03        -6.2302329503968485e-04        -3.4639162904695113e-03         2.7038326208076585e-04
33                                    -2.1931595727309094e-04        -2.1976491032144768e-04        -3.5918653311995509e-03        -3.6785293730839013e-03        -5.7996045295094188e-03        -2.6068293490306002e-03         2.3081972220649108e-03         3.1727850900705244e-03
34                                    -2.8894279286072308e-04         1.5257124347380210e-04         4.4780861244764101e-03         2.0374387053028048e-03         2.3202645187804399e-03        -1.8600611218073315e-03        -9.3956668221795744e-04        -2.9001943376815546e-03
35                                     3.0908709337443778e-04        -2.7509086228044949e-04         6.3990950886800560e-03         1.6867118495844330e-03         3.7483712522831721e-03        -3.0368992744520262e-03        -2.6098909130777203e-03        -3.1791452604523836e-03
36                                    -1.9755147413304827e-04        -2.0932525845543469e-04        -9.7681815747287801e-04        -1.2704913389000147e-03        -1.9393461208736154e-03        -2.9503612536804368e-03         7.2897824843570487e-04         9.2285569687423192e-04
37                                    -1.3937828000213417e-04         2.4354811871021734e-04         2.6504535319506228e-04        -6.9716143408584427e-06         7.9256096054475397e-04         8.0488596169640944e-04        -4.1062732618041557e-04        -3.6833997100721222e-04
38                                     2.6190538715034221e-04         4.5347048670093656e-05         4.2624269056466303e-04         7.8308279202365071e-04         6.8922822113009466e-04         1.2141769551412673e-03        -4.2608014321245444e-04        -6.8705809105352002e-04
39                                     7.5489878010821405e-05        -1.0140924880711349e-05         1.0628231751424677e-04         2.6348114160499621e-04         3.1185347166376052e-04         5.6443583991319473e-04        -2.7605709570617813e-05        -5.3101979054744590e-05
40                                     1.5568877950794046e-05        -5.5767348630611247e-06        -3.6853631659824728e-05         7.6415416155941446e-05         5.6899031884226188e-05         1.1091386731646596e-04         2.3449150487050703e-05         3.8036880120039118e-05
41                                    -6.0968407160090816e-05        -1.3776852144039547e-04        -5.3254454603730438e-04        -7.7301429830298641e-04        -1.3272250256741169e-03        -1.5884412148427151e-03         3.5752679374685215e-04         4.5515162202442567e-04
42                                    -2.7174832736924258e-05         5.5024448298159263e-05         8.0663186456087735e-05         1.3828343439620052e-04         3.0961417145513014e-04         5.1408113098833509e-04        -5.2391809238977227e-05        -3.8144796799932030e-06
43                                    -1.3537941385622390e-04        -7.5805663128241686e-05        -4.8911108779191954e-04        -8.4782863154060596e-04        -1.2123882041500556e-03        -1.5294326855376061e-03         3.4678784749099935e-04         4.0585851441529383e-04
44                                    -7.0532462031822491e-05        -2.3166158141724692e-05        -2.6177519648196135e-04        -3.6589497847373071e-04        -4.4844152539298020e-04        -5.7814126804827466e-04         1.8120889331642851e-04         2.3222157603323593e-04
45                                    -6.1793925953685020e-04        -1.0846385256537117e-03         4.3090271914880468e-03         9.0151507581326378e-03         1.3384902221732730e-02         1.3971207173859830e-03        -5.6260692199200605e-03        -8.1401086181440135e-03
46                                     1.2433177253223546e-03        -3.0816738760910175e-04         2.3502877179186741e-03         5.3701157500793432e-03        -3.3632352342134525e-04         2.0102452569915382e-03        -1.8629366028419558e-03        -7.8783966672608800e-04
47                                    -3.4587788379252481e-04         9.3384022723602710e-04         3.5057918776794737e-03         1.5270304025207827e-04         6.1500167487251803e-03         3.2546256057691758e-03        -1.3329801959238350e-03        -2.9884606492103349e-03
48                                    -1.6116824321312454e-03        -2.0592399945342909e-03        -4.5637764868889236e-02        -3.2988532503131607e-02        -5.2450633624515540e-02        -3.2728322898539108e-02         1.9239699525099793e-02         2.6810577519187945e-02
49                                     2.8413248334574746e-03        -4.9379633808539283e-03        -1.2367403107225040e-02         1.5477514481525153e-02         1.2595172813786235e-02         1.3135293221823486e-02        -9.5689770991355463e-03        -6.0344102466383890e-03
50                                    -4.9218912723688370e-03        -1.5181745787766199e-03        -2.2108503175242138e-02         1.1588229608335117e-02         2.2127712994654138e-02         1.7954873181660714e-02        -5.7452918087980073e-03        -1.2349821782800408e-02
51                                    -1.5173491446901714e-02        -2.4814538071985089e-02        -1.8513596134911453e-01        -3.6740486026370450e-02        -6.2887527696618845e-02         4.8007723922248766e-02        -1.9508528092101886e-02        -2.6775433374691609e-02
52                                     5.0096737854933467e-03         3.6171828247902587e-03        -6.2014048876996880e-02        -1.2361453881382292e-01        -9.1097446291289533e-02         1.6291899293674941e-03        -1.0218696288058486e-02        -2.8354316728663093e-02
53                                     3.1679133318384413e-03         6.0181497225532555e-03        -1.0141356080172456e-01        -9.0118271593340113e-02        -2.0605546800941793e-01         4.6952517803934436e-03        -2.9584474227907026e-02        -3.5057909693859877e-02
54                                    -9.1510396673989261e-02        -1.1952949773240584e-01        -4.1241212288968869e-02        -1.7631584084530635e-02        -2.3648690410435692e-02        -7.9078443129658449e-04        -2.2178932876358677e-03        -2.5629407113572106e-03
55                                    -1.5375752787707858e-01        -9.4100227267091857e-02        -7.5067689759900705e-03         3.8572689681253720e-03         4.8486276286376761e-03         2.0260590478228691e-03        -9.3934957897711660e-04        -2.1751291758014698e-03
56                                    -9.4767957511476528e-02        -2.0386001406139892e-01        -1.1656855327428717e-02         4.2420118035205925e-03         4.9615640669333789e-03         3.1673020301489167e-03        -2.3111063699525459e-03        -2.5725257503163047e-03
57                                    -3.2109477346814158e-02        -4.5615485889381906e-02         6.7543586725049357e-03        -1.7071992721813579e-03        -2.5445799837947934e-03         6.1030980417946332e-04         1.5444830254080714e-04         7.9534859920763314e-06
58                                     8.0118873422544562e-03         7.6734263466701411e-04        -3.9036756062452759e-03         2.9281853022954003e-03        -5.3015567830193141e-03         8.5595259225841787e-04        -1.0072712010824308e-03        -7.2823859096914968e-04
59                                    -7.9397312256652888e-04         5.7860554091587191e-03        -5.0794099604660600e-03        -5.2790105889985294e-03         1.7103310898655254e-04         9.9603469183896266e-04        -6.1531771103928972e-04        -1.2921705850777493e-03
60                                     1.2480564921626094e-02         1.5614748234559094e-02        -1.5184932092358178e-03        -4.7634077530583490e-04        -5.9929552846630556e-04         1.9226587646198735e-04         5.2918743536662413e-05         7.3669484942177454e-05
61                                     2.2137452906795360e-03        -3.1519329405471151e-03        -1.3399970380949028e-04         1.1868442673306264e-03         1.7271879167373301e-04         1.9846643330702281e-05        -2.9495652957115827e-05         3.2097582699936528e-05
62                                    -2.7106147634011635e-03         1.7354073433052020e-03        -2.5606627076768149e-04         1.4684314138552345e-04         1.2708439304759890e-03         4.1243974271180819e-05         1.1949716469435894e-05         1.9559336615710614e-06
63                                     3.2122130368739962e-04         4.2245410873423999e-04         5.5743024294876466e-06        -9.3499757957993319e-05        -1.0995292971276940e-04        -3.7925147241708111e-05        -1.1865830651418843e-05        -1.7114956754082209e-05
64                                    -4.2888299511372884e-04         2.6061600436038334e-04         1.2103787760755495e-05        -1.0215284864720224e-04         1.6782850011324719e-04        -6.0816501805144877e-06         1.1626788301243503e-05        -5.5707887963304205e-06
65                                     2.6591164855187260e-04        -3.0251215710678104e-04         2.9557830488616003e-05         1.6018354570398124e-04        -3.4211472634071503e-05        -1.0501066329366578e-05        -6.6639699340980318e-06         7.8301400749384491e-06
66                                    -4.5266810056017302e-04        -5.5692809745843980e-04         2.1918863398203331e-05         6.4660038877053155e-05         1.0009716089317896e-04        -5.7928291091366274e-05        -1.9491530751536789e-05        -3.1539515019912240e-05
67                                    -2.5413986749994987e-04         8.1665626397174173e-05        -2.0784883602698852e-05        -1.7267767239842387e-04         2.0882374485891670e-04        -1.3513350147083356e-05        -8.5316138880072652e-06        -1.2172426382585507e-06
68                                     6.1154287142551779e-05        -2.5788923695307931e-04        -1.3501448260965942e-05         2.0623002407208721e-04        -8.5279105931319849e-05        -7.0547384761179745e-08         3.6654927715817041e-07        -9.9973390127449083e-06
69                                     3.2097368733440001e-04         4.5153521073367517e-04         6.4177624389596700e-05        -3.8380672703761417e-05        -5.6863151073764841e-05        -3.4307779029723287e-05         2.6457092313994100e-05         3.6595787207511563e-05
70                                    -5.3652206715099754e-04        -9.3354996245546265e-05        -5.0835065870784600e-05         9.8002511135840496e-05        -3.2711472552136384e-05         5.2000138514898123e-05         8.3939160025762861e-06        -1.7139681457496084e-05
71                                    -7.7940677647152668e-05        -5.6724839458231334e-04        -6.4293025602698688e-05        -3.6830228041986632e-05         7.6358967832761148e-05         4.6088791428695593e-05        -1.4420806265809448e-05         3.3512077853549237e-06
72                                     5.4540598755942402e-03         7.2110940676166184e-03        -3.1481776149384043e-04        -2.2933628069089817e-04        -1.5708305784449474e-04         1.1439855306891102e-04        -5.8339881107194467e-05        -7.8174530946185781e-05
73                                    -9.3207131639680973e-03        -2.3306617134356417e-03        -3.6548951147095769e-04        -7.3317706517591393e-04         7.9263866205760841e-04        -5.4442099628719694e-05        -6.3223419648856573e-05        -5.4267042507020894e-05
74                                    -2.5297142173918985e-03        -1.0791223149204769e-02        -6.3245974206323219e-04         9.0939983076901952e-04        -4.6848824686266007e-04         4.5913832475007839e-05        -8.8521718053863048e-05        -1.7569929167498047e-04
75                                     2.5949773269124798e-04         4.8990621677847768e-04         1.1131635353549125e-02         5.0080592511263580e-03         7.9990151340916457e-03        -1.6618000368347502e-01        -7.4968160194336803e-02        -1.2015560752526790e-01
76                                    -2.6888934568019794e-03         8.9253996290845385e-04        -1.0135565748791014e-02        -2.8744125773685729e-03        -1.0010669156929827e-02        -7.4093360507867606e-02        -9.4538023793357295e-02        -8.8991183640336077e-02
77                                     9.1459107040318260e-04        -1.8748331385161059e-03        -1.5016379791476235e-02        -9.1117336022596383e-03        -1.0977444304869511e-02        -1.1863770335333082e-01        -8.9001944060207838e-02        -1.7757398532582447e-01
78                                     8.2228304630917117e-04         1.1905803855105776e-03        -4.6892855665416761e-03        -6.7850163977865516e-05        -8.3954612182338823e-04        -5.8997147420271241e-03         1.6093801763567013e-02         2.3389282523507533e-02
79                                     3.5468205095492804e-04        -3.1517682007226993e-04         4.3987602249177110e-04         5.7614933742058897e-03        -2.5082474842944829e-03        -1.8350447657810437e-04         2.5368565006609290e-03        -1.9422680835041693e-03
80                                    -2.4772707149279150e-04         1.8273825686048996e-04        -1.9591478357672450e-04        -2.5777549266878010e-03         3.6436623287616817e-03        -9.5684377289391442e-04        -9.1444592590646939e-04         2.3923497029685933e-03
81                                     9.1522520745127489e-06         5.2949161207560183e-06         2.8794234940311681e-04        -2.8498973383284565e-04        -3.9362050307578531e-04        -3.4800725873777318e-04         3.2684028186038167e-04         4.6305472803488500e-04
82                                    -1.0599620303709261e-05        -4.8220538456218018e-05        -3.2672291620390722e-04         2.9638206144751134e-06         3.1063524996543894e-04         3.3340255947273063e-04        -1.6017994030371338e-04        -2.1628405050475751e-04
83                                    -7.1179584774569185e-05        -3.4617385390465286e-05        -4.3170318264295162e-04         3.1563543580857042e-04         2.1547371250244546e-04         4.5956135463431956e-04        -2.1194190819713316e-04        -2.8997800585981657e-04
84                                    -1.6563253723448024e-05        -1.2120362705173309e-05        -1.2759227996696443e-04        -9.4151338007410717e-05        -1.4982334539688537e-04        -1.5589145572032117e-04        -4.8796139362011865e-05        -8.0620714473772975e-05
85                                     8.7359941444884888e-06        -1.2380413573470460e-05        -3.5990154941795233e-05         9.8101264739897767e-06        -5.6967021294156344e-05        -3.2805840226251458e-05        -5.7758244596970782e-05         8.3111734819978903e-06
86                                    -1.7682336751440661e-05        -1.1932619567827801e-06        -6.9689795547400149e-05        -7.4131204872247814e-05        -7.2754169342395536e-05        -8.4440264735547230e-05         1.5451479345012398e-05        -4.4701817012965831e-05
87                                    -2.0419382623163624e-05        -5.0717741254909899e-05        -2.0249857538934632e-04        -2.2035140509394223e-04        -3.9208871145233115e-04        -4.6065812032921449e-04         9.5578007364117358e-05         1.2445504324690702e-04
88                                     1.3289306558079300e-05         1.5225632906914883e-05         5.6559034851565527e-05         1.1184086261899185e-04         1.6919629039647522e-04         2.2597370382141730e-04        -5.6396341047232407e-05        -4.9686765881214092e-05
89                                     7.5399254796783770e-06         2.3086160126203464e-05         8.1511116664292823e-05         9.5129368327587035e-05         1.7954551872262985e-04         2.1547506499914473e-04        -4.9696521835431074e-05        -5.6663429883791172e-05
90                                     1.5270084564777233e-06         6.0528727585174496e-06         9.1470670329940390e-05        -2.3860744329750564e-07         2.1884181136924358e-05        -5.6530576512384960e-05        -3.8739631354995312e-06        -2.4272169733552640e-05
91                                     9.6920002133299959e-06         2.9845498198191803e-06         1.0003047951808721e-06         7.3570243124200556e-05         9.3467580128626715e-05         1.4259310127857542e-04        -3.8969028315290012e-05        -4.1310489808628318e-05
92                                     4.0970610945644389e-06        -2.0040544741706863e-06         2.6584358885500543e-07         4.4757915566797133e-06         1.2181604573833779e-05         1.5921219091132998e-05         5.7885063095486025e-06         8.7815298981298708e-06
93                                     9.7514852612673384e-06         1.0418827635703102e-06         9.8241941880547565e-05         1.7250868885242739e-05         1.5240606533579321e-05        -5.7714741738318915e-05        -1.7884222283324292e-05        -1.5142185178780904e-05
94                                    -2.4264536588086969e-06        -1.3976318134584143e-06         3.3558576436912925e-06        -1.7125649705434288e-05        -3.5700995278686527e-05        -4.2256412118197529e-05         2.0370509464296504e-05         3.1862845618243892e-05
95                                    -1.6589019594977347e-06         1.0099955124773257e-05         2.0376567922833689e-06         5.6641222166213922e-05         9.5675729820209564e-05         1.3410332834847932e-04        -2.5832951571202246e-05        -3.6154792315431390e-05
96                                    -5.8225296089223390e-05        -2.6864498600676181e-05        -2.1004786797393306e-04        -2.7706616741996512e-04        -3.7984578063874442e-04        -4.7933800196014824e-04         1.1122315752906296e-04         1.2722401950714777e-04
97                                     1.9022446219032930e-05         4.7261228665586175e-06         6.2276025970279758e-05         8.2222710174737607e-05         9.4948160884226270e-05         1.2681305444924560e-04        -3.2455250837688809e-05        -3.6010340596914254e-05
98                                     2.2799150139480655e-05         1.6646622768595139e-05         8.3391339335584359e-05         1.4589449677791317e-04         2.1285913328789036e-04         2.8303189299136195e-04        -5.0169875346922409e-05        -7.8387863024663296e-05
99                                    -2.1533038212902689e-05         1.0257051729605686e-04         1.1901071439844722e-02        -9.2243174865618838e-03        -1.3162222054439739e-02        -2.2508155889492606e-03        -1.2802101987497271e-03        -2.4360170600808608e-03
100                                   -2.9596518336133175e-03         1.4988070691759519e-03         5.5316188860702400e-03        -2.6090297748140746e-03        -8.0634889935433871e-03        -2.0059298860928168e-03         4.3411128799934699e-03        -3.4776987277094946e-03
101                                    1.4603340870903850e-03        -1.5724110765374614e-03         9.3413311141087758e-03        -8.8982562745968941e-03        -9.7196972097447001e-03        -3.5675487448094513e-03        -3.3493381243527090e-03         1.1687051978929199e-03
102                                   -1.8633475487310708e-04        -1.9640425347102223e-04         5.2354007238262880e-05         3.8192166835137810e-05         4.2692999301895427e-05        -2.2450961950833886e-05         7.1603052683646019e-06         1.2975596344770322e-05
103                                   -3.0186363266374689e-04         1.9978533661305380e-04         4.5321927129501950e-05         7.9754148246509763e-05        -9.3403634684052967e-05        -2.9785521218382013e-05        -4.1420983353420346e-06        -7.8470628688033788e-07
104                                    1.8497844072058950e-04        -2.3547962547389731e-04         5.1105819447257655e-05        -9.8857288885921470e-05         3.3099921272750662e-05        -4.4018408870704923e-05         3.0330618326986525e-06        -2.8966604225610741e-06
                                                        24                          25                          26                          27                          28                          29                          30                          31

0                                     -4.1015148177108481e-04        -9.3864607531988294e-05        -1.8522035013084239e-04         5.2024700183356969e-04         5.3126557361646547e-05         1.1986813184321850e-04        -8.0138982703107297e-04        -1.5132420590039823e-04
1                                      3.0218015155837629e-04         8.9470194670777093e-05         2.3325053749120294e-04        -5.2887090854936234e-04        -1.1273500257299464e-05        -3.8257525579303111e-05         8.5920063848567933e-04         1.9430838593927953e-04
2                                      3.5049488243486804e-04         1.4137816582303122e-04         2.6119098378153514e-04        -6.3455319820513486e-04         8.0950246671648794e-06        -4.3285289068168866e-05         1.0346062186858131e-03         2.2449063711641116e-04
3                                     -4.7249907992959872e-04        -1.3927092526607696e-04        -3.1457977862194713e-04         8.9266866322158063e-04        -6.7885094985822543e-05        -5.0927643798898763e-05        -1.3475102626582178e-03        -3.0434720221419564e-04
4                                     -2.9829321020212181e-04        -9.1023033465374215e-05        -2.2182976925391008e-04         3.8283211310767519e-04         3.8706640845944892e-05         1.0108282923706062e-04        -5.9105275331718457e-04        -1.2611575106166950e-04
5                                     -4.0996415506399286e-04        -1.6099246568677413e-04        -2.7452427099369564e-04         5.2926553849626007e-04         6.1763623773813592e-05         1.2062589926026012e-04        -8.1004607283326376e-04        -1.7589961990297572e-04
6                                      6.0823786009810989e-04         2.7126626414619091e-04         5.5649383924424357e-04        -9.1717476314844297e-04         1.3185822317985410e-05        -3.6401885963120717e-05         1.3863804739930100e-03         3.2556060587385404e-04
7                                     -1.0153749575591867e-04        -1.4905770464433514e-04         8.6191258748665928e-05         2.3343525308162515e-04        -2.2249031035495473e-05        -2.8434433923065711e-05        -3.6388660225437170e-04        -6.6322302564765769e-05
8                                     -1.0357937895235308e-04         1.6084001002150515e-04        -5.3700411600212292e-05         2.3000255091756497e-04        -1.9723973246697725e-05        -1.4230267744324790e-05        -3.4544256141200348e-04        -8.2755224914239417e-05
9                                     -1.5080865235080027e-04        -3.5812613634692893e-04        -7.2708539351003557e-04         9.8848839168591465e-04        -1.8687644384419953e-04        -2.4026955784633237e-04        -1.8591484282963176e-03        -5.1496166892094780e-04
10                                     2.6822445212630987e-04        -2.0833808225802791e-04        -1.2672443324910230e-04        -4.2813845102094422e-04         1.1459889635709921e-04         9.6063367299583291e-05         3.8788961066184351e-04         7.3594723477775139e-05
11                                     5.1949409572273465e-04        -3.7855092013857413e-05        -2.2262090538896164e-04        -5.8246708862660652e-04        -1.6606641502591400e-05         2.8097265438198100e-05         4.7680900785650621e-04         1.4270002377329079e-04
12                                    -1.4585949833339292e-03         9.9977417382655573e-04         1.7599354224614931e-03         6.8867485552528236e-04         3.2264886134162832e-04         5.5512922334906452e-04        -1.4830729995112151e-04         1.3623695424391693e-04
13                                     5.3569904729980605e-04         3.5606298592028474e-04         2.3424688244428349e-04        -5.5595417348206573e-04        -7.4068015121417081e-06        -1.2383763823633952e-04         4.6854522980849147e-04         1.3958671769035504e-04
14                                     6.7123115849208491e-04         2.0255497270102761e-04         5.7771991322206392e-04        -7.4873524946580928e-04         6.1056720673298849e-06        -4.9479762683063628e-05         5.9031384588404778e-04         1.6851308719706859e-04
15                                     8.7984637501719535e-03         9.5555109718628052e-04         1.3352297256261844e-03        -6.6916024807309911e-03        -2.0606350060558892e-04        -7.3838983837011649e-04         5.7115008163490053e-03         1.2947416316040489e-03
16                                     9.8023744679452858e-04         1.1017086354917572e-03        -4.9552274009242916e-03        -1.3315217930978562e-04        -1.1120653180097674e-03        -5.5852941746756257e-04        -4.3075734086712525e-04        -1.3033942301023891e-04
17                                     1.3505412600255794e-03        -4.8477344845882526e-03        -2.7093442522187271e-03        -4.6210470446578927e-04        -4.0593126011807118e-04        -1.4388817086529049e-03        -2.0581429373360533e-04         3.4334145478505395e-05
18                                    -2.2838947415465195e-02         1.6944462596852852e-02         2.3339115198353331e-02         7.6487448012708230e-03        -9.0219521732727483e-04        -4.9394306329988893e-04        -7.9978121012488548e-03        -3.0619599925993594e-03
19                                     4.1073506826480463e-02         8.8409795093879560e-03         2.7044175512795574e-03        -7.4086440830937921e-03        -2.0804663721837202e-02        -2.2924194295080400e-02         4.5230688894510769e-03        -1.9644569516969546e-03
20                                     5.9001501445811413e-02         8.8732629754787601e-04         1.4295918838227003e-02        -1.0085044705466749e-02        -2.2446640422042145e-02        -3.9824255445532197e-02         6.1188807616458429e-03        -1.8211601704942776e-03
21                                    -3.5963535623418647e-01         4.6126983051694985e-02         5.0396328464283942e-02        -5.2450471700019520e-02        -3.2483678431064492e-02        -5.2058610733139034e-02         1.3924589958198581e-02        -7.1009701772150181e-04
22                                     1.3719598251099070e-02        -8.5060860061073190e-02        -3.2427721054961112e-02        -1.1101161140527711e-02         1.8354551643054932e-02         1.7001673782782036e-02        -3.1663378427978506e-03         3.1594389264956143e-03
23                                     2.4539736873157624e-03        -3.0230709189757579e-02        -1.0801505451252347e-01        -2.0443076360833805e-02         1.5448431719569739e-02         2.8278208072019258e-02        -4.0911451326852873e-03        -3.3867521493183648e-03
24                                     6.8771355049519045e-01        -3.6612309632123849e-02        -2.0358589806154018e-02        -1.7531997720982329e-01        -3.7305081892868679e-02        -6.2356992703444525e-02        -3.4368286585781518e-02        -1.8780623702488605e-02
25                                    -3.6612309632123849e-02         3.2488413507798414e-01         2.8195316392377623e-01        -6.2097566622608819e-02        -1.2914588706423696e-01        -1.0456894236085469e-01        -6.8613460673088988e-03         4.4754435199446923e-03
26                                    -2.0358589806154018e-02         2.8195316392377623e-01         5.5213284953017949e-01        -9.9131602775012026e-02        -1.0290331054187661e-01        -2.2063749842458660e-01        -1.2569573019455549e-02         3.8541674176929882e-03
27                                    -1.7531997720982329e-01        -6.2097566622608819e-02        -9.9131602775012026e-02         7.1543438458721265e-01         5.0106396002161574e-02         1.0941397079584561e-01        -2.9872226961986270e-01        -5.6062024689805881e-04
28                                    -3.7305081892868679e-02        -1.2914588706423696e-01        -1.0290331054187661e-01         5.0106396002161574e-02         3.3985190243977664e-01         2.7550374478744538e-01         3.7442646691379410e-03        -7.8800450070230357e-02
29                                    -6.2356992703444525e-02        -1.0456894236085469e-01        -2.2063749842458660e-01         1.0941397079584561e-01         2.7550374478744538e-01         5.7512422280866682e-01        -9.5371853506529946e-03        -3.3856645427776368e-02
30                                    -3.4368286585781518e-02        -6.8613460673088988e-03        -1.2569573019455549e-02        -2.9872226961986270e-01         3.7442646691379410e-03        -9.5371853506529946e-03         7.8491431758510433e-01        -1.2132526984464448e-01
31                                    -1.8780623702488605e-02         4.4754435199446923e-03         3.8541674176929882e-03        -5.6062024689805881e-04        -7.8800450070230357e-02        -3.3856645427776368e-02        -1.2132526984464448e-01         3.0406479001544701e-01
32                                    -3.0025416642976192e-02         4.6165341655791201e-03         6.1503982448297915e-03        -1.6318900314815397e-02        -3.3656576275108256e-02        -1.0734457865837135e-01        -1.3628055577251669e-01         3.2544100865726389e-01
33                                    -3.9037054742583066e-03         2.7198571716642523e-03         3.6865401333785654e-03        -3.4397735835494395e-02        -2.0261777064416064e-02        -3.3158773317567294e-02        -1.3366369141684301e-01        -1.7307399219557960e-02
34                                     5.2754782400533211e-03         2.4070410433840719e-03         8.0809512799781980e-04        -4.4584456590757687e-02        -1.0497172314413092e-03        -2.2499009144529319e-02        -1.2302687185215239e-02        -1.2407754423680822e-01
35                                     7.5391563273684778e-03         6.7197132013629242e-04         3.5436244244520703e-03        -6.9830589905945747e-02        -2.0896939249379326e-02        -2.3793379796140532e-02        -2.2772716183094011e-02        -9.1046010717726902e-02
36                                     3.3737925011842066e-03         7.5657377838712100e-04         1.2244981380289607e-03        -1.9307338688859844e-03        -6.7393555746016968e-04        -1.3440096468044557e-03         1.1562470135758306e-04        -6.1332877132961594e-03
37                                    -1.5160339236767633e-03         9.2328312040861581e-04        -7.6645219707960224e-04         2.5548162291995748e-03        -3.9759554772133827e-04        -2.6400458618361039e-03        -2.0352570739968080e-02        -2.9457188237436392e-03
38                                    -2.3315624495224506e-03        -6.9124460238890052e-04         2.3711652032115541e-04         3.7757204773279044e-03        -2.8525985495385844e-03        -2.4564595269885104e-03        -3.0983047494260813e-02        -6.0388259387208314e-03
39                                    -3.4745308490493476e-04        -3.3630315655802082e-04        -2.0693024603959348e-04        -6.7422736107826961e-05         5.5179333616378352e-04         1.0419702651024701e-03         1.4689650578610831e-03         7.7146843612077923e-05
40                                    -7.8665830998269389e-05        -1.3463920973604690e-04         1.9648411349556182e-05         1.6633933547368772e-04        -1.3572367571272750e-04         3.7528245522076056e-05        -4.4603905667162753e-04         2.5962418894049489e-04
41                                     1.3158714761675584e-03         3.6451029677672333e-04         8.6323061442172833e-04        -1.4993418177076949e-03        -5.5823509676233244e-04        -1.4523255191204868e-03        -7.4032428172270234e-04        -1.5019046907839885e-03
42                                    -3.0665178778262322e-04        -3.3088805964477211e-05        -3.7465599819941765e-04        -1.3733500487011629e-04         7.5155553434481080e-04         8.6692133670011689e-04         1.6484058997593691e-03         2.1902333615476128e-03
43                                     1.2658264371992359e-03         5.2168324758714436e-04         7.1526969814196821e-04        -1.4950856518107741e-03        -9.7228503631127368e-04        -1.0607070415776761e-03        -3.8059242441619166e-04        -1.0711674720106543e-04
44                                     5.1527911214121081e-04         3.1775784895421476e-04         1.9464228635573158e-04        -5.3509747602174958e-04        -3.1570067837433455e-04        -5.9351171430369748e-04        -5.0904529776827820e-04        -8.7309408578359793e-04
45                                     3.6508577965478628e-05         4.5665313301392323e-04         4.2707348575728860e-04        -6.7195904416421232e-03        -1.9979275107908676e-02        -3.1493895429328858e-02        -1.7233694524611834e-02         3.9839704910893357e-02
46                                     9.7766677402054761e-04         1.9121852579263637e-04        -4.5337137519922540e-03        -2.1356414817769523e-04        -5.7802516137549186e-03        -3.3266988567348617e-02         1.3499458112582765e-02        -1.0123496091892479e-02
47                                     1.1813128821763497e-03        -4.5889338855246856e-03        -3.5406300263945735e-03        -1.8317048085775903e-03        -3.4424956490494180e-02        -3.5325856381832429e-02         1.7651544772692165e-02        -4.7584848491772289e-02
48                                     5.1420942543479717e-02        -7.7780789623164547e-04         1.7800583790942622e-03        -1.2858739796429211e-01         1.9609970409509486e-02         2.6783122427582060e-02        -5.6272896433106234e-02         6.8674152166017279e-03
49                                    -1.7844625442377179e-02        -7.5487069906997450e-03        -2.1831865065711803e-02         4.8226886192767437e-02        -1.3725426946900815e-01        -6.9041290495433894e-02         3.0000799611632441e-02         3.6563236755188244e-04
50                                    -2.3759589079175272e-02        -2.0655338326433677e-02        -2.6041416349421531e-02         6.9515865608037367e-02        -7.1033066646199267e-02        -1.9058808002012023e-01         4.0682089156049844e-02        -1.5782123832419889e-02
51                                    -4.2401862466559602e-02        -6.4104131204676335e-03        -1.2171699635587395e-02        -1.2950089301488169e-02         3.4911056631803494e-02         5.1008116958203245e-02         1.3717118923784605e-03         5.4930078067339638e-03
52                                    -1.1064787046054927e-02        -3.4731428625785349e-03        -2.2375666413901717e-03         1.8890022150991566e-02         7.6463473427425812e-03         4.2957276948846386e-03         3.2255654213435249e-04         6.1037163558102939e-04
53                                    -1.8951146699519639e-02        -1.8505797742537802e-03        -6.4879997469905176e-03         2.7319059537228879e-02         5.1639323919786435e-03         1.5043161653981127e-02         3.9329818001781168e-04        -2.3700436786309774e-03
54                                    -6.4991619434952861e-04        -6.4725095535421396e-04        -1.0108115226949233e-03         1.2853892648615579e-03        -7.8552324873282014e-04        -1.1959441305874475e-03        -1.2140213898807054e-03        -3.1510005637952070e-04
55                                    -8.4014851980090445e-04        -4.1308166747660533e-04         3.7997906038965878e-04         7.6367260981662901e-04        -7.7620713047660798e-05         3.1989293296102138e-04        -5.7698505765002800e-04         1.4438436535378266e-05
56                                    -1.5363716586738643e-03         4.0837087084857665e-04        -1.3059262026053435e-04         1.1946255866046730e-03         4.0208445233802254e-04         3.8684045723284301e-04        -7.9029970773771918e-04        -2.5290394355519742e-04
57                                    -4.6613221083418932e-04         4.1678697890147856e-05         1.6020840867926177e-05         2.6264721242231777e-04         3.7519098245692047e-04         6.4880812141405097e-04        -8.1096214868976789e-04        -4.6493721220075717e-05
58                                    -3.5313597572482009e-04         3.9833269924607754e-04        -2.8707176081611282e-05         3.4073474934651012e-04         1.0642090530349751e-04        -1.2839378142045940e-04        -8.6965698640076609e-05        -1.3232564807938432e-04
59                                    -2.9721554016680298e-04        -2.9298761756466231e-05         3.4331327579601215e-04         4.7970976546970058e-04        -2.4911130474949191e-04        -9.8133507280009371e-05        -2.6063741518864831e-04         3.9775300530173024e-05
60                                     4.6728291072712069e-04         1.4474743344415801e-04         2.8958938948512117e-04        -6.3528131278799724e-04        -9.8829522226784398e-05        -2.0487640612313918e-04         1.1500249334530409e-03         2.2404066366137209e-04
61                                    -1.3362378610079918e-06        -1.5218745893532163e-05         9.9353179980209334e-06        -6.2222438877504828e-05         5.5049980498128186e-06         1.3206975951936544e-05         1.1827832289446885e-04         2.1905902647895137e-05
62                                    -2.3313779246694256e-06         1.1353910962679623e-05        -4.1348329103175780e-06        -1.0083555578123125e-04         2.5465670051096070e-05         2.3472509136831485e-05         1.9109597310529850e-04         2.5906148803024663e-05
63                                    -1.8534874451147847e-05        -5.6046328888403435e-06        -1.2932199820318174e-05         6.0901389595733325e-05        -1.1559865458177741e-05        -1.4168917767788853e-05        -9.9155213963877671e-05        -1.9973919998745947e-05
64                                     1.2682011523812935e-06        -1.0304581963672499e-06         1.6086848306342606e-06        -1.2224629086935915e-06        -2.1790536366659983e-06         1.2212331100108076e-06         2.7347372115766065e-07         1.0515022065656238e-06
65                                     4.2969687454392418e-06         3.4522712005002082e-06         2.3478540033242579e-06        -1.9887570178999028e-06        -4.0068873351974273e-08        -4.2303562045664585e-06         1.7411684798510005e-06        -9.0287834430320018e-07
66                                    -2.8817340319361944e-05         2.9389465051807623e-06         4.7157943513642726e-07         5.1601003382662365e-05        -2.7963304066867025e-06        -1.1975667961645095e-06        -7.9693139778603362e-05        -1.4375562441209777e-05
67                                     7.6574619918377959e-07         2.7539818889729018e-05        -8.7581004877539345e-06        -5.0394367084848350e-06        -2.5344851963313137e-06         3.2057775132311603e-06         1.1011597362544399e-05         2.5864533453016761e-06
68                                    -5.4559143249166087e-06        -1.8603003942251241e-05         1.3455050827883619e-05         1.5751302612218506e-06         4.0799354298579692e-06         4.5334319432971620e-07        -7.1599008333006855e-08        -3.2279158552255832e-07
69                                     1.2652386038598451e-05        -4.5991988794388958e-06        -5.5338119962881870e-06        -5.6581938849295066e-06        -4.1573097520615393e-06        -8.2014606931490767e-06        -3.3698372730910293e-06        -9.3748289579633826e-07
70                                    -1.1333414387292636e-06         1.0292874684157371e-05         7.8610395049263194e-07        -2.7153477763423078e-05         2.0080662432284825e-05         8.2022702563911394e-06         5.4296398691352803e-05         6.0896219415390873e-06
71                                     1.2255500804679028e-05        -8.5151658769723639e-07         1.4831764158825400e-05        -3.9835025171756187e-05        -9.7150428854159734e-07         1.3922758011435168e-05         7.0029499085556319e-05         1.8552001779330370e-05
72                                    -1.2098388294745413e-04        -1.2343502672040575e-04        -1.7676461814948873e-04         2.2529022125605323e-04         1.2502788692043731e-04         1.3927780267759961e-04         6.4296875460495556e-06        -1.4108920686260864e-04
73                                    -1.2010896888357165e-04         6.8388680911712644e-05         1.6718971909170919e-05         7.5328566929667377e-05         4.4704201352576821e-06        -3.1590383792831148e-05        -2.2563381529094219e-04         1.3438907008270528e-05
74                                    -2.4302713971005417e-04        -2.6650090083998580e-05         1.1697434664213829e-05         1.8424727591106869e-04         1.6109825187209028e-05         9.9843219376451859e-05        -2.9706240766546634e-04        -4.1274028277294418e-05
75                                    -1.3243317172957861e-02        -1.2442548736794165e-02        -1.9541345238301231e-02        -4.0617565164013242e-03         1.4704594252021265e-03         1.5691334151176940e-03        -3.9187536453897255e-04        -8.2373215098138363e-04
76                                     3.7912394415533929e-03         5.7649577091521704e-03         2.2426897215653803e-03         1.4218644420865333e-03         4.9810495730932235e-03        -2.8350220566061846e-03         2.7483339982039504e-05         8.1830500493883631e-04
77                                     4.6969723563250187e-03         1.1839654484913156e-03         6.5291503264362227e-03         1.3479368671787256e-03        -2.9320226853877191e-03         2.7020736261059016e-03         2.2442604224340551e-05        -2.5019625759172063e-04
78                                    -9.8200441675809103e-02         5.7253624993221716e-02         8.1345690382480240e-02         1.1357498568382654e-02        -1.0210638729782631e-02        -1.4773218400004867e-02         1.5924326830246719e-03         6.7564085440311133e-04
79                                     5.7673518340376512e-02        -1.2252653905385061e-01        -1.2400920227076156e-01         6.5679751910621038e-03        -1.8990220075206302e-03        -9.3770401999756017e-03         3.2536024598698275e-04        -1.4020150798909259e-03
80                                     8.1982257748502471e-02        -1.2410228226320269e-01        -2.1636118635520685e-01         1.0190082586886248e-02        -1.0359084282459831e-02        -1.0172971488575794e-02         7.5511491294480253e-04         2.3448604352219065e-03
81                                     2.1294804728032267e-03        -2.9702177017513435e-05         1.4310135824120284e-04        -9.7505319548072608e-03         1.3060968288071252e-02         1.9246236483689280e-02        -2.5142159681724824e-01         1.1269825803990888e-01
82                                    -4.7999752248810944e-04        -8.4518169834415721e-04         4.7509972256818008e-04        -1.8503182588630873e-03         6.0114971059219754e-04         8.0329502072963091e-03         1.1374615883876085e-01        -9.6229672756356480e-02
83                                    -5.1582916623079539e-04         5.0802094917781499e-04        -5.0638791550160038e-04        -3.0963284809592193e-03         8.9732080743660167e-03         8.4493681871042996e-03         1.5418335086144611e-01        -1.2747079419885626e-01
84                                    -3.5921986765540258e-04         1.4858628483616391e-04         2.2619120851122504e-04         4.2701201348609391e-04        -9.0773887031952505e-04        -1.3194716763460811e-03        -6.0594059908433019e-03        -6.7225250398699789e-05
85                                    -7.8211459289439923e-05         1.1186008270147732e-04         3.2552487540674210e-05         3.4303307438555085e-04         2.1221475999054127e-04        -3.5866748591951812e-04        -9.6579019254013163e-04         1.3954375763445032e-03
86                                    -1.1079822240485627e-04         5.8001197442782422e-05         1.6553429076714767e-04         4.7786038380206292e-04        -4.2708347747502260e-04        -1.4439172862915347e-04        -1.7717396362320718e-03        -6.0962040139362489e-04
87                                     3.5478063294054510e-04         1.2268484204762856e-04         2.4778570270232335e-04        -3.3866530019284051e-04        -1.5544089821887245e-04        -4.3302035583638423e-04        -1.8653974501407793e-04        -1.8469140179649648e-04
88                                    -1.9073183760230997e-04        -4.8331940713630252e-05        -1.3606942673658162e-04         3.9206011069118567e-04         2.8139476191259353e-04         2.1438345852677589e-04        -4.7612856818888264e-05         3.9175975515185943e-04
89                                    -1.7347668775634086e-04        -4.4235706057168799e-05        -1.1266038737611951e-04         1.9321602567977278e-04         1.6096782502817889e-04         1.8686441828025699e-04         8.8539737407329806e-05         2.1418752476568453e-04
90                                     1.2001820665981691e-04         6.0893535502765328e-05         2.1846436907689803e-05        -6.2660797504073430e-04        -2.6525290369293006e-04        -9.0612550610031533e-05        -4.3214765092570214e-06        -2.1310888806380668e-04
91                                    -1.5197413651573660e-04        -5.7598093041296259e-05        -7.8132796413929152e-05         5.3536078489933403e-04         2.4943908527477266e-04         2.3098867927534493e-04        -2.7100055081700033e-04         2.1346470417667694e-04
92                                     1.7799569162424477e-05        -2.4537253905262296e-05        -4.4677915734966743e-06        -1.0994851603538322e-05         3.7668443186984161e-05         7.1397997586433634e-05        -1.1329902180561859e-04         5.5884743847579334e-04
93                                     1.2251663278449722e-04        -6.1456195625759152e-06         7.0219082893811823e-05        -6.5189347046649472e-04         4.3000338407566362e-05        -3.2411949134289561e-04         4.6201350588378326e-04        -8.6873816413800937e-05
94                                     8.2320104928446030e-05         2.2234199235376397e-05         1.5191150890154034e-05        -2.5859742721037542e-04         1.9886459765521409e-05        -1.0221352357229476e-04         1.8577863705604745e-04         5.2000771672292435e-05
95                                    -1.2585180320769351e-04        -3.5667967613626311e-05        -8.8635385358266396e-05         4.5529375859003850e-04         8.8064035847143371e-05         3.0864176173782144e-04        -2.0568807531146761e-04        -9.3909018176882781e-06
96                                     3.7399448204540131e-04         1.7138299644801582e-04         2.2959568435453040e-04        -3.8301231346351574e-04        -3.0751146161509273e-04        -3.5158851014940504e-04        -1.6979518208067718e-04         3.6263097059742000e-05
97                                    -9.7805913367855445e-05        -3.9218146201116056e-05        -4.9638721556327486e-05         3.6109387663637102e-05         7.7229161010385080e-05         7.8259135596260901e-05         8.4823089620618853e-05         1.2360309203492803e-04
98                                    -2.3552380947384496e-04        -1.1667700144173243e-04        -1.2425965345466114e-04         4.0171597043806527e-04         8.1955957723242411e-05         4.0498384518123325e-04         7.3868119355252574e-05        -2.5924290915227656e-05
99                                    -8.3453720941743998e-04        -2.1220389659429685e-04        -3.3287479696676552e-04        -4.4868064124461635e-03        -3.3088655427454018e-04        -1.1702714213501914e-03        -9.0820447708864140e-04         9.1643653394297704e-04
100                                   -7.5987694621321850e-06        -4.4634572694583644e-04         5.6856381817675140e-04         2.5376355509261310e-04         4.9003891965012543e-03        -2.4923229780308490e-03         6.8966013519816617e-05        -2.7512950941483468e-04
101                                   -4.6837992894582618e-05         5.3764484897525500e-04        -2.2381119461125591e-05        -3.9186504158174318e-04        -2.4704282460899559e-03         2.7440628124638690e-03         1.1959955460662708e-05         9.7205881656567715e-05
102                                    3.9734327996820225e-06         6.9978162852858328e-06         1.0892616819793508e-05        -1.1533598279856998e-05         2.3710634995556620e-06         2.1649355882335830e-06         1.1550087391169899e-05         4.4965056213586270e-06
103                                   -1.6458200594079376e-05         9.5686139626230789e-06        -1.7131602014698355e-05         2.7226146072241928e-05         9.8576836317076368e-06        -3.5615597529314741e-06        -4.9375986286532867e-05        -1.6168817121175778e-05
104                                   -9.3561219066501356e-06        -1.5237650571926642e-05         4.7360877703619454e-07         3.6288419294732902e-05        -1.5087243637508144e-05        -4.6910389432993906e-06        -6.6969917804045616e-05        -5.8137028641650835e-06
                                                        32                          33                          34                          35                          36                          37                          38                          39

0                                     -2.8251597500416963e-04        -7.4878370924391812e-05         2.4747997861631536e-04         3.6212076621368387e-04        -1.0342618309908835e-04         2.9885168560143236e-05         4.4719035891881078e-05         2.3508518586151471e-05
1                                      3.3048386226272163e-04         1.1598624097103358e-04        -3.0879935279861748e-04        -4.4342255311252709e-04         1.0606964963290795e-04        -3.4015379168878877e-05        -4.1543706437470186e-05        -2.3244695349890812e-05
2                                      4.1063410624229437e-04         1.4416307157400708e-04        -3.7024785877764685e-04        -5.4600337997375535e-04         1.2771006018551180e-04        -3.3803497392884843e-05        -5.4225649025860267e-05        -2.9216105225617099e-05
3                                     -5.3339560871074759e-04        -1.6276636796543507e-04         4.6579444211633883e-04         6.8224404594146985e-04        -1.9759521508478834e-04         5.4756195680059791e-05         7.8787134595859458e-05         4.4640798751132354e-05
4                                     -2.3133021780467772e-04        -7.1087518292426479e-05         2.1072656384892998e-04         3.0608336799368713e-04        -6.6023386889632379e-05         1.8363359025422680e-05         2.5422222436267008e-05         1.4942558243186742e-05
5                                     -3.1558006910290920e-04        -9.6841167228621768e-05         2.8605335912918085e-04         4.1977200556705496e-04        -9.2163098752362805e-05         2.4449424975199829e-05         3.6242961931637104e-05         2.1221157669356303e-05
6                                      5.7025566433647091e-04         1.7696685582901272e-04        -5.0497344250862049e-04        -7.4057912451204607e-04         1.8192967743291467e-04        -4.7399281700307135e-05        -6.7684060116482523e-05        -4.1201911275447545e-05
7                                     -1.4795712517711389e-04        -4.5249323691469597e-05         1.2480236099438131e-04         1.7641848203709491e-04        -5.4282823663334436e-05         1.4854399616352979e-05         2.3308795031788790e-05         1.2215308177232242e-05
8                                     -1.1773140257117151e-04        -3.6013806740674327e-05         1.0458194639270825e-04         1.5767945938728283e-04        -5.3337316142945313e-05         1.6655457530783356e-05         2.2127530548269800e-05         1.1743365686082085e-05
9                                     -8.7070327158631899e-04        -3.9014302867121858e-04         7.7073756984690758e-04         1.1220187646755998e-03        -2.2433863395166854e-04         6.3411184517065493e-05         9.0120871244268663e-05         4.9687636056830714e-05
10                                     1.9375422950662212e-04         6.3343230306566373e-06        -9.6352470877843731e-05        -1.4651286865377940e-04         9.9226569743037554e-05        -2.7666624168619543e-05        -3.7048865862524720e-05        -2.2799196895000958e-05
11                                     1.8430555423933829e-04        -1.3346575100727474e-05        -1.0832829562741123e-04        -1.6078291183876250e-04         1.0986086334478133e-04        -2.6421864179879169e-05        -4.1499302313071458e-05        -2.6785368616083544e-05
12                                     1.6817837126446389e-04         2.8755765001029816e-04        -2.2846073927138341e-04        -3.3160715549468769e-04        -8.6331841335870286e-05         2.4749157007532060e-05         4.1715250022577548e-05         2.6069770944170672e-05
13                                     1.9840571542811261e-04         3.3499443687598420e-05        -1.6339632722099236e-04        -2.6953032830127302e-04         6.7169507066074845e-05        -8.9993135464280652e-06        -2.0385625658290641e-05        -1.8456420904458023e-05
14                                     3.2440907276384893e-04         7.2670181637338979e-05        -2.6890530398363823e-04        -3.6741012589763897e-04         8.7624134215802724e-05        -1.7067910919463900e-05        -1.9037043567620419e-05        -2.0392024557778883e-05
15                                     2.3507163675152536e-03        -1.1801169394028913e-04        -1.8373296159541381e-03        -2.6998842904638509e-03         9.9113020606019799e-04        -1.9866936978543261e-04        -2.9067614327143814e-04        -2.4089769886044478e-04
16                                    -1.0529045433135844e-04        -2.1931595727309094e-04        -2.8894279286072308e-04         3.0908709337443778e-04        -1.9755147413304827e-04        -1.3937828000213417e-04         2.6190538715034221e-04         7.5489878010821405e-05
17                                    -5.6119081905158799e-05        -2.1976491032144768e-04         1.5257124347380210e-04        -2.7509086228044949e-04        -2.0932525845543469e-04         2.4354811871021734e-04         4.5347048670093656e-05        -1.0140924880711349e-05
18                                    -5.0893569827269430e-03        -3.5918653311995509e-03         4.4780861244764101e-03         6.3990950886800560e-03        -9.7681815747287801e-04         2.6504535319506228e-04         4.2624269056466303e-04         1.0628231751424677e-04
19                                    -1.3922327773163918e-03        -3.6785293730839013e-03         2.0374387053028048e-03         1.6867118495844330e-03        -1.2704913389000147e-03        -6.9716143408584427e-06         7.8308279202365071e-04         2.6348114160499621e-04
20                                    -3.3475594666024832e-03        -5.7996045295094188e-03         2.3202645187804399e-03         3.7483712522831721e-03        -1.9393461208736154e-03         7.9256096054475397e-04         6.8922822113009466e-04         3.1185347166376052e-04
21                                    -6.2302329503968485e-04        -2.6068293490306002e-03        -1.8600611218073315e-03        -3.0368992744520262e-03        -2.9503612536804368e-03         8.0488596169640944e-04         1.2141769551412673e-03         5.6443583991319473e-04
22                                    -3.4639162904695113e-03         2.3081972220649108e-03        -9.3956668221795744e-04        -2.6098909130777203e-03         7.2897824843570487e-04        -4.1062732618041557e-04        -4.2608014321245444e-04        -2.7605709570617813e-05
23                                     2.7038326208076585e-04         3.1727850900705244e-03        -2.9001943376815546e-03        -3.1791452604523836e-03         9.2285569687423192e-04        -3.6833997100721222e-04        -6.8705809105352002e-04        -5.3101979054744590e-05
24                                    -3.0025416642976192e-02        -3.9037054742583066e-03         5.2754782400533211e-03         7.5391563273684778e-03         3.3737925011842066e-03        -1.5160339236767633e-03        -2.3315624495224506e-03        -3.4745308490493476e-04
25                                     4.6165341655791201e-03         2.7198571716642523e-03         2.4070410433840719e-03         6.7197132013629242e-04         7.5657377838712100e-04         9.2328312040861581e-04        -6.9124460238890052e-04        -3.3630315655802082e-04
26                                     6.1503982448297915e-03         3.6865401333785654e-03         8.0809512799781980e-04         3.5436244244520703e-03         1.2244981380289607e-03        -7.6645219707960224e-04         2.3711652032115541e-04        -2.0693024603959348e-04
27                                    -1.6318900314815397e-02        -3.4397735835494395e-02        -4.4584456590757687e-02        -6.9830589905945747e-02        -1.9307338688859844e-03         2.5548162291995748e-03         3.7757204773279044e-03        -6.7422736107826961e-05
28                                    -3.3656576275108256e-02        -2.0261777064416064e-02        -1.0497172314413092e-03        -2.0896939249379326e-02        -6.7393555746016968e-04        -3.9759554772133827e-04        -2.8525985495385844e-03         5.5179333616378352e-04
29                                    -1.0734457865837135e-01        -3.3158773317567294e-02        -2.2499009144529319e-02        -2.3793379796140532e-02        -1.3440096468044557e-03        -2.6400458618361039e-03        -2.4564595269885104e-03         1.0419702651024701e-03
30                                    -1.3628055577251669e-01        -1.3366369141684301e-01        -1.2302687185215239e-02        -2.2772716183094011e-02         1.1562470135758306e-04        -2.0352570739968080e-02        -3.0983047494260813e-02         1.4689650578610831e-03
31                                     3.2544100865726389e-01        -1.7307399219557960e-02        -1.2407754423680822e-01        -9.1046010717726902e-02        -6.1332877132961594e-03        -2.9457188237436392e-03        -6.0388259387208314e-03         7.7146843612077923e-05
32                                     5.5835984313665543e-01        -3.0363008657440266e-02        -9.0620337801016415e-02        -2.0156756480490437e-01        -9.4709115945249001e-03        -6.9317038831206539e-03        -9.9783939479447144e-03         2.6359470077340942e-03
33                                    -3.0363008657440266e-02         8.4192581101878217e-01        -4.7068576884485239e-03         3.3948431032560553e-02        -2.1238533105713603e-01        -3.7011890263373703e-02        -6.6217218295870794e-02        -2.6669890338752719e-02
34                                    -9.0620337801016415e-02        -4.7068576884485239e-03         3.1925441438174568e-01         1.9905604250087539e-01        -3.1604691630762266e-02        -7.8384356075416620e-02        -3.2747313139756401e-02         2.1642738308408620e-02
35                                    -2.0156756480490437e-01         3.3948431032560553e-02         1.9905604250087539e-01         4.8663628148005922e-01        -5.7052947339651307e-02        -3.2758724146452145e-02        -1.1174520146600006e-01        -4.9635025432655843e-03
36                                    -9.4709115945249001e-03        -2.1238533105713603e-01        -3.1604691630762266e-02        -5.7052947339651307e-02         5.8323099039711668e-01        -1.5159457896084041e-02        -4.6051415400439463e-03        -1.2513170696683987e-01
37                                    -6.9317038831206539e-03        -3.7011890263373703e-02        -7.8384356075416620e-02        -3.2758724146452145e-02        -1.5159457896084041e-02         3.4757503247562177e-01         2.0661879766748498e-01         6.0287044931893949e-02
38                                    -9.9783939479447144e-03        -6.6217218295870794e-02        -3.2747313139756401e-02        -1.1174520146600006e-01        -4.6051415400439463e-03         2.0661879766748498e-01         5.3693457413744305e-01         6.6376549080481625e-03
39                                     2.6359470077340942e-03        -2.6669890338752719e-02         2.1642738308408620e-02        -4.9635025432655843e-03        -1.2513170696683987e-01         6.0287044931893949e-02         6.6376549080481625e-03         3.8244595202788517e-01
40                                    -7.8098264247901600e-04        -1.4436991141477534e-03         8.6158449982011165e-03        -4.5255349228898829e-04         1.0235890720059161e-01        -1.1217638639675175e-01        -4.6214270541163074e-02        -3.2395836745413083e-02
41                                    -1.0533774393460321e-03         7.0438232236066248e-03         1.4249969716946123e-02        -2.4746000070583994e-03        -2.6607152624370758e-02        -1.8521550556517354e-02        -4.8008626082505973e-02         2.0873824697221310e-01
42                                     1.2738947328373514e-03        -2.7965405080717140e-02        -1.2710402252289867e-02         1.6456497186431676e-02        -1.3085030199148590e-01        -1.5064844839581593e-02         5.7794454306219739e-02        -2.9475025258486179e-02
43                                    -1.7162833926543607e-03         7.5759978881950055e-03        -5.4049341262769508e-03         6.9222929740927076e-03        -6.3915832119335367e-02        -3.1190832856285468e-02         1.3936813766676760e-02         1.8845114876784586e-03
44                                    -8.9257433000542081e-04         5.4387013159709792e-04        -7.5106664122459674e-03         1.2389434901359294e-02         8.0163680294792844e-02        -1.3684397437707930e-02        -1.2122035535609278e-01        -3.2680809411454681e-02
45                                     5.7212053418980877e-02        -3.1601473330273855e-01         8.7610450154345404e-02         1.1648372318493057e-01        -4.2521775701402864e-02         1.0902079899180265e-02         1.3790228993860232e-02         1.8472968437274807e-03
46                                    -4.9258348896708035e-02         7.2794369943317824e-02        -1.1911090698377180e-01        -5.4197206382920748e-02        -9.6974332039885189e-04         5.3631305739449027e-03         4.8343930076933670e-03         1.3871975503431441e-04
47                                    -4.6690292137928642e-02         9.3930028115929237e-02        -5.3365925551942375e-02        -1.5337661963881177e-01        -4.0763864156111440e-03         5.6018044018196836e-03         1.0057295712992329e-02        -3.1330289884340542e-03
48                                     5.7355361996605583e-03        -1.1782293708776620e-01         1.4001747607811402e-02         1.2676634731934242e-02        -4.6850634426366666e-05         2.8268679716545232e-03         3.6683899298032936e-03        -1.5290573897251464e-03
49                                    -1.4311814516896806e-02        -8.6381147046061986e-03         9.9735839940762600e-03         3.7784417534360744e-03         2.8285003131543465e-03         5.4107225076904684e-03        -4.7543129578432961e-03        -1.3659691457290838e-03
50                                    -9.9663024681949305e-03        -2.0960438512795020e-02         5.3778108902531718e-03         1.3551328789107898e-02         3.8519744013891183e-03        -4.7959286543674496e-03         1.5692239795069996e-03        -3.7149387616601824e-04
51                                     8.2800783078953513e-03         1.2327049275093014e-02        -1.0197581204661726e-02        -1.4627329385155832e-02         1.3839491151533320e-03        -3.1031910862796625e-04        -5.6586206394417882e-04        -1.0847312101999504e-04
52                                    -2.6412728877608154e-03        -8.3234372431488664e-04         7.1224027864063948e-04        -5.0996144707872301e-03        -7.7271551298511304e-05         1.0741325943735185e-03         1.7742240202171691e-05        -3.5785139289628648e-04
53                                    -1.0645858275179006e-03        -7.8612696038792094e-04        -5.7078824273687793e-03        -4.4944894480341939e-03        -1.1100528470542076e-04         3.4505533298896250e-05         1.0725481684082036e-03        -1.4005463609261548e-05
54                                    -5.5006637217272611e-04         5.4054703150135903e-05         1.3749973042627761e-04         2.3583681563875029e-04        -5.1913293681612679e-04         1.2385117052879848e-04         2.0645552951704255e-04         1.1538271712855744e-04
55                                    -3.3566947776224944e-04        -6.5354554106277380e-06         2.4162494218894681e-04         3.4544867378421521e-04        -6.5747795258332446e-05         2.0230999168118348e-06         1.0915624994115096e-05         1.9881012824729832e-05
56                                    -2.0501985155956768e-04         5.9959771798658837e-05         2.7469044237294406e-04         3.9618784065750974e-04        -8.2978983729239009e-05         9.4245417296312837e-06         6.5098532289168694e-06         1.9153976680128572e-05
57                                    -1.4623411856648361e-04        -1.0444695122573561e-04         2.2876956266159500e-04         3.2365774606559383e-04         1.0211784865091353e-05         1.2789015276165575e-05         1.8938858498667548e-05        -5.1480693960892699e-06
58                                     8.3242581857203614e-05         6.4671188027630769e-05        -3.1110713237776313e-06        -3.4616210043665981e-05        -5.3246614045120813e-05         5.3724924798529113e-05        -8.3470499508591565e-06         3.0589019251331067e-06
59                                    -1.5832113610614125e-04         1.4411746857656592e-05         5.2008831375698164e-05         1.1991391744031434e-04        -9.0582946869488843e-05        -9.0919106358442088e-06         5.3771089211744150e-05         2.5685739336981294e-05
60                                     4.1545348887214034e-04         1.5502619997798773e-04        -3.9540101782353950e-04        -5.7439761659915068e-04         1.1577789976584844e-04        -3.5791527987823916e-05        -5.2179908920791160e-05        -2.5974213202295762e-05
61                                     2.9694296340954587e-05         1.2791427889725530e-05        -1.0470361772920404e-05        -3.9030022466190824e-05         2.1499949069287879e-05        -4.4504620758564661e-06        -1.3752982785574550e-05        -5.2330582475692356e-06
62                                     6.0175211245079384e-05         2.2625803018335428e-05        -5.0991533918442810e-05        -5.5160605962525458e-05         3.3903306342140623e-05        -1.3999114976558140e-05        -1.6628926724029496e-05        -6.1191881385222447e-06
63                                    -3.5787946862242897e-05        -9.0531462373822123e-06         2.8166513310852849e-05         4.1570023013598619e-05        -1.7712327862688966e-05         5.4061875840982921e-06         8.1639505584434028e-06         4.0213899307562198e-06
64                                    -1.1608087494710480e-06        -6.6359530907202037e-07        -9.8291151284039113e-07         2.6908148037750827e-06         3.2290414794062058e-07        -1.1705437894743643e-06         2.7246612144296749e-07         1.6026182690016922e-07
65                                     1.3545913094012516e-06        -1.3145038882575162e-07         1.6109228340867486e-06        -1.1755621414985839e-06         8.9359592379871728e-09         7.2330824645638641e-07        -7.0186508544956981e-07        -2.5052938146478915e-07
66                                    -2.6511954121042466e-05        -4.3332909093415318e-06         2.0827594830871447e-05         3.0574265022867369e-05        -1.3777508549495918e-05         4.2064658093176859e-06         6.2802041147047974e-06         3.1690790109045488e-06
67                                     4.0205719107111503e-06         1.5397558543579106e-06        -4.0906393472811446e-06        -4.9811431020851763e-06         1.4008705568604558e-06        -5.4948859525954002e-07        -7.4451175082117460e-07        -3.2008564810025582e-07
68                                    -1.1136996556598117e-07        -7.7506355586149311e-08         1.0278209445473225e-06         7.0039581511340571e-07         3.1774560802896239e-07        -1.6274615155434702e-07        -3.0534697184867417e-07        -9.2944770624379301e-08
69                                    -1.3742413879464617e-06        -1.0463448638264706e-06        -1.6512929389558701e-06        -2.3864411912636345e-06        -2.1725910403295888e-06         7.5253224384622759e-07         1.2523492186611832e-06         4.3955125065176302e-07
70                                     2.4221063437978771e-05         6.1005653761526254e-06        -1.6112253717143375e-05        -2.2934981521849421e-05         1.0339394670096153e-05        -2.7462581903329039e-06        -5.0150891683265737e-06        -2.3732533693872647e-06
71                                     2.2223670467683123e-05         6.5117971396424067e-06        -1.9205280955357662e-05        -2.8583489436822194e-05         1.2110473680517889e-05        -4.1023530774754216e-06        -5.3736001953659746e-06        -2.6992735686633432e-06
72                                    -2.1148159321291674e-04        -1.6498851376620615e-04         1.3239529218658634e-04         1.8595124413247125e-04         6.7661022966478086e-05        -2.4725880945805942e-05        -3.6924931438137429e-05        -1.4191808735038180e-05
73                                    -1.7118480069538363e-05         2.9801390065439822e-05         1.3370192648663734e-05         3.5143876467035517e-05        -5.3429519155988191e-05         1.6564339089037793e-05         2.6808280262037907e-05         1.1859623662121921e-05
74                                    -5.8905786423344962e-05         1.5838627025071777e-05         5.0777574155995255e-05         6.4521950164493961e-05        -5.4869836442556039e-05         1.6731358439537352e-05         2.3161296214014658e-05         1.2841854680709426e-05
75                                    -1.3305515610600909e-03        -5.0897679171297997e-04         3.7657409343374996e-04         5.4667027619947721e-04         1.4455251879955915e-05        -6.9290038298559740e-05        -8.4057950736924407e-05         1.8581694485517444e-05
76                                    -2.0274472469130386e-04         3.8172879171333824e-05        -2.1561704311098858e-04         1.8515027961353082e-04        -4.3156137746234264e-06        -1.9574689734077827e-04         1.6046452404552179e-04         2.3739152997162354e-05
77                                     5.7824533827867842e-04         3.7689468580142093e-05         1.8468964674314594e-04        -6.2789806305658171e-05         1.0907586345996017e-05         1.5721380705325543e-04        -7.0175540012934880e-05        -2.4471398540305558e-05
78                                     1.2826274419503896e-03         4.9462291184599922e-04        -1.3340472022049977e-04        -1.4034710553663648e-04         3.4562416475299789e-05         1.9972042253540779e-05         1.9108940732085418e-05        -1.6750887687541824e-05
79                                     2.3346346277651172e-03         2.3267323408811215e-04        -5.4565775742357911e-04        -1.5103417081199636e-04        -2.9269472620894678e-05         1.3816090813906413e-04        -3.0556845003092207e-05        -2.2932949707984106e-06
80                                     5.9713154081933494e-04         4.0365694294230503e-04        -1.6376909847896047e-04        -6.5225607332018536e-04        -5.5575955684845032e-05        -3.2534302907089193e-05         1.1045747326579274e-04         1.3540358349974310e-05
81                                     1.5247047668416036e-01         1.3486737817074289e-02        -1.2278354314445294e-03        -4.8094747274005784e-04        -7.7736791381342960e-04        -4.2865511577121814e-05         1.1660957850804024e-05         3.6170656290964050e-04
82                                    -1.2713267062426212e-01         1.1091443157223548e-02        -8.1555978101460497e-03        -1.3581063293904155e-04         2.7870182729611195e-04        -4.3988369921670262e-04         4.3309810062527009e-04         8.7855051786378373e-05
83                                    -1.8618545020252525e-01         1.7988773640479256e-02        -9.0471505227782134e-04        -7.7977875311443200e-03         4.5064169534167302e-04         4.1556482848365515e-04        -7.7384409415956652e-05        -4.6862695014861472e-04
84                                    -6.3233807621883558e-04         3.4928485020712993e-03        -1.6525463836694964e-02        -2.5522595651172170e-02        -4.9042592673512055e-02         3.2002623196757942e-03         4.1123892737876654e-03        -2.6797265577986418e-03
85                                    -7.3221820327326517e-04         9.0148750024472701e-04        -4.2073347514977287e-03        -4.0419389361560643e-03         1.8858530640459472e-03        -1.2405403156864074e-01        -1.3888227200534878e-01        -1.5318506049589748e-03
86                                     6.6827722285147176e-04         1.9723522672812840e-03        -4.7907683473722915e-03        -8.9660810037431801e-03         1.7601649225109095e-03        -1.3887693203708673e-01        -2.5248065433524747e-01         1.7594940628123494e-03
87                                    -3.5361687840895545e-05         1.3606762231109571e-03         4.0043101896494911e-03        -2.5561731229972967e-04        -1.4990290274857307e-02         3.7629683740522625e-04        -1.8853261996866398e-02        -1.5041372875659154e-01
88                                     6.8286111992600811e-05        -1.9984179478448709e-03        -1.8445148478081019e-03         3.2666111692135070e-04         7.4730482111436802e-03        -4.1739539455174007e-03         7.9885285099492720e-03         1.0467233154440359e-02
89                                     1.8949017781407754e-04        -2.0058315976490470e-04        -2.7363630920812549e-03         3.0826779438558063e-04         1.0140993521551879e-02         3.2364940961540547e-04         1.1062855985166556e-02        -1.4964250500474457e-01
90                                    -3.0126224083573227e-04         2.6265426954634585e-03        -9.7904184527926883e-04         2.0455705356878890e-03         4.6903923241015848e-03         2.2431137887943906e-02         1.3751416401897020e-02        -5.3583167787478618e-02
91                                    -1.2151950449169440e-05        -1.2460520175910199e-03        -1.0463843683445641e-05        -1.4111848589874595e-03        -1.2116822454803413e-03        -7.3654951172685218e-03        -1.6986870979213489e-03        -4.9785408836415829e-02
92                                     2.3603795851287370e-04        -1.6492065752806793e-03         9.5495463502397854e-04         6.2453916542509562e-04        -2.3998172061898554e-03        -5.9633518421627566e-03        -7.2319932870106305e-03        -3.8280243943342319e-02
93                                    -4.1352848331647053e-04         2.7763886868615115e-03         2.2601306386983216e-03         2.0981049874166293e-04         4.0260297765520765e-03         2.5411368721508258e-03         2.6264302623938425e-02        -4.7623638112056525e-03
94                                     2.6555988667012682e-04        -1.1146085287233891e-03         6.6127866946461911e-04         1.3594229308332303e-03        -1.8558958370426466e-03        -4.3414388186191538e-03        -5.5970536658576020e-03         5.3737959209507746e-03
95                                     6.4724191570473405e-04        -1.8143724225698956e-03        -9.6481048410574722e-04        -5.6445265069492417e-05        -1.7551720958228056e-03        -1.0957929886816747e-04        -9.6559196403283899e-03         5.3138233090665923e-04
96                                    -1.9764953831410170e-04         1.2570182221367495e-03        -1.9682682718794109e-03         3.5354729501455712e-03        -1.5492186610435811e-02        -1.6691680391711573e-02        -7.8426706338663096e-03         8.0333611523131475e-03
97                                     1.0452164687281331e-04         6.4688166189005066e-04         8.9146399024053302e-04        -1.6129371925285487e-03         6.7579098704509035e-03         5.5389488443396816e-03         5.0965477135482039e-03        -1.5079218253475120e-02
98                                     4.8286501158787044e-04        -1.7234070023206174e-03         1.5965627262252305e-03        -2.3032563946696009e-03         1.1063746360678391e-02         1.1455634298180566e-02         1.7947248738659312e-03         8.1616763984276967e-03
99                                     1.3417329902078159e-03         1.3628128825009028e-04         1.0035976245669907e-04         1.8540041776621188e-04         2.2863534795157026e-05        -1.8785268889906421e-05        -4.2981108579402048e-05        -9.7488366261223796e-07
100                                    2.9541635752513724e-05        -2.3303033024249910e-06        -3.1730985167758533e-04         2.0196850335834162e-04         4.4880587557572112e-05         1.6895220780894723e-04        -1.5767884578850915e-04        -1.2411790764916811e-05
101                                   -1.5281526828897458e-04         1.0825700520640850e-05         2.3490882475424063e-04        -8.3857243082732607e-05         6.3314824333432458e-05        -1.6266763776079669e-04         2.8393334445320502e-05         3.2005418778234722e-06
102                                    7.9637203829977118e-06         3.1867244964462511e-06        -5.8086813807027872e-06        -8.5449468272330703e-06         1.4337319825218821e-06        -2.7056783172964041e-07        -5.1854174278407659e-07        -3.4567653797986957e-07
103                                   -9.4688988488829532e-06        -2.1024273654919784e-06         1.1949301975896081e-05         1.6314563469079179e-05        -7.9848097655671647e-06         4.1216818072425238e-06         2.8420028524315589e-06         1.6317684146629034e-06
104                                   -2.7732766138704461e-05        -5.5860491033066906e-06         1.7835604317700869e-05         2.7057300164221538e-05        -1.1982220160902348e-05         2.3831711537775188e-06         6.4152301341276007e-06         2.9226751872898435e-06
                                                        40                          41                          42                          43                          44                          45                          46                          47

0                                      8.3341246516732761e-06        -7.4835699374188022e-05         2.1062952878432025e-05        -7.2658111205383994e-05        -2.3406863511946137e-05        -1.8768480693372158e-06        -4.6306086573198981e-05        -6.6078628029976385e-05
1                                     -7.7092115753960819e-06         7.8743154343805059e-05        -2.2261817973923942e-05         7.5110173200977409e-05         2.4553035178233983e-05        -1.0194696704468890e-04         6.3992551990331569e-05         4.7216316811425038e-05
2                                     -9.6128139960069025e-06         9.3607609954599470e-05        -2.5394006960142692e-05         9.1175884161851921e-05         3.0515508635310284e-05        -1.3784041297961515e-04         4.7076988620428043e-05         7.5107159323469441e-05
3                                      1.3686763254865344e-05        -1.3778459292046648e-04         4.0574376419198364e-05        -1.3327567960472311e-04        -4.4496764436617592e-05         1.1635604441391707e-04        -6.8443793585419203e-05        -7.7744025476852134e-05
4                                      4.7308159914837216e-06        -4.8703637458961848e-05         1.3783445651239139e-05        -4.6647202407523680e-05        -1.5555849906993642e-05         6.9907975314055477e-05        -3.5844733029745252e-05        -4.1562198137616807e-05
5                                      6.6449914924362211e-06        -6.7378500237008776e-05         1.8884997590582228e-05        -6.5205461656334590e-05        -2.1771347602944474e-05         9.4650926175484976e-05        -4.6190412226316189e-05        -5.8015548075517973e-05
6                                     -1.1644512794758939e-05         1.2720988060677062e-04        -3.7427171591914999e-05         1.2255026112607920e-04         4.1789813874938868e-05        -1.9556204423033357e-04         7.0257699163434262e-05         7.6935579407265881e-05
7                                      4.0313442314180513e-06        -3.8022688934281181e-05         1.0768415700956597e-05        -3.7070882619179684e-05        -1.2207685943909895e-05         1.9808237452337643e-05        -2.0892889836878690e-05        -2.0932794510660301e-05
8                                      4.1890475226889193e-06        -3.7556090778710210e-05         1.0973546534418475e-05        -3.6246296217322391e-05        -1.1598686947012396e-05        -4.9311879444837987e-06        -1.7598931712151607e-05        -2.4543434327212533e-05
9                                      1.4681779531380409e-05        -1.6926478038141034e-04         4.4564616793970040e-05        -1.6311976404865267e-04        -5.6653495535226013e-05         4.7865454484946330e-04        -8.0035620892422425e-05        -6.7324937790445133e-05
10                                    -7.2076241007782869e-06         6.4297119820005966e-05        -2.1830005516763867e-05         6.1950599199494535e-05         1.9493974035148692e-05         7.7605807049344901e-05         1.2407090688693783e-05        -7.9160009358624547e-08
11                                    -8.6104412611085484e-06         6.9890336763832800e-05        -2.3611017689921103e-05         6.9072205672019528e-05         2.1884347990332712e-05         1.1675737326154260e-04         7.6296860535395440e-06         1.6694459860594550e-05
12                                     1.4088543868852411e-05        -5.7690453909695453e-05         2.4198880403974754e-05        -5.8521579363854259e-05        -1.1488710520988300e-05        -6.0465854573367580e-04        -7.6930302861716673e-05        -1.6365130172469266e-04
13                                    -3.8860147420415716e-06         4.2905389780668479e-05        -1.3852498975234245e-05         4.4730804488273531e-05         1.5456012814075358e-05        -1.2094101085494743e-04         6.5949361978425548e-06         2.6318574192678106e-05
14                                    -4.0179930586245143e-06         5.7493915788775481e-05        -2.0575188428846038e-05         5.3110331774852964e-05         1.9561060879261753e-05        -2.2475742105707066e-04         2.2369895051285233e-05        -1.2198240605931291e-05
15                                    -5.9813598655326434e-05         6.1214206916027861e-04        -2.2064778597089257e-04         5.9358200971919772e-04         1.9965886448048618e-04        -3.7642530844992142e-04         3.3972465336350589e-04         3.6854140724894605e-04
16                                     1.5568877950794046e-05        -6.0968407160090816e-05        -2.7174832736924258e-05        -1.3537941385622390e-04        -7.0532462031822491e-05        -6.1793925953685020e-04         1.2433177253223546e-03        -3.4587788379252481e-04
17                                    -5.5767348630611247e-06        -1.3776852144039547e-04         5.5024448298159263e-05        -7.5805663128241686e-05        -2.3166158141724692e-05        -1.0846385256537117e-03        -3.0816738760910175e-04         9.3384022723602710e-04
18                                    -3.6853631659824728e-05        -5.3254454603730438e-04         8.0663186456087735e-05        -4.8911108779191954e-04        -2.6177519648196135e-04         4.3090271914880468e-03         2.3502877179186741e-03         3.5057918776794737e-03
19                                     7.6415416155941446e-05        -7.7301429830298641e-04         1.3828343439620052e-04        -8.4782863154060596e-04        -3.6589497847373071e-04         9.0151507581326378e-03         5.3701157500793432e-03         1.5270304025207827e-04
20                                     5.6899031884226188e-05        -1.3272250256741169e-03         3.0961417145513014e-04        -1.2123882041500556e-03        -4.4844152539298020e-04         1.3384902221732730e-02        -3.3632352342134525e-04         6.1500167487251803e-03
21                                     1.1091386731646596e-04        -1.5884412148427151e-03         5.1408113098833509e-04        -1.5294326855376061e-03        -5.7814126804827466e-04         1.3971207173859830e-03         2.0102452569915382e-03         3.2546256057691758e-03
22                                     2.3449150487050703e-05         3.5752679374685215e-04        -5.2391809238977227e-05         3.4678784749099935e-04         1.8120889331642851e-04        -5.6260692199200605e-03        -1.8629366028419558e-03        -1.3329801959238350e-03
23                                     3.8036880120039118e-05         4.5515162202442567e-04        -3.8144796799932030e-06         4.0585851441529383e-04         2.3222157603323593e-04        -8.1401086181440135e-03        -7.8783966672608800e-04        -2.9884606492103349e-03
24                                    -7.8665830998269389e-05         1.3158714761675584e-03        -3.0665178778262322e-04         1.2658264371992359e-03         5.1527911214121081e-04         3.6508577965478628e-05         9.7766677402054761e-04         1.1813128821763497e-03
25                                    -1.3463920973604690e-04         3.6451029677672333e-04        -3.3088805964477211e-05         5.2168324758714436e-04         3.1775784895421476e-04         4.5665313301392323e-04         1.9121852579263637e-04        -4.5889338855246856e-03
26                                     1.9648411349556182e-05         8.6323061442172833e-04        -3.7465599819941765e-04         7.1526969814196821e-04         1.9464228635573158e-04         4.2707348575728860e-04        -4.5337137519922540e-03        -3.5406300263945735e-03
27                                     1.6633933547368772e-04        -1.4993418177076949e-03        -1.3733500487011629e-04        -1.4950856518107741e-03        -5.3509747602174958e-04        -6.7195904416421232e-03        -2.1356414817769523e-04        -1.8317048085775903e-03
28                                    -1.3572367571272750e-04        -5.5823509676233244e-04         7.5155553434481080e-04        -9.7228503631127368e-04        -3.1570067837433455e-04        -1.9979275107908676e-02        -5.7802516137549186e-03        -3.4424956490494180e-02
29                                     3.7528245522076056e-05        -1.4523255191204868e-03         8.6692133670011689e-04        -1.0607070415776761e-03        -5.9351171430369748e-04        -3.1493895429328858e-02        -3.3266988567348617e-02        -3.5325856381832429e-02
30                                    -4.4603905667162753e-04        -7.4032428172270234e-04         1.6484058997593691e-03        -3.8059242441619166e-04        -5.0904529776827820e-04        -1.7233694524611834e-02         1.3499458112582765e-02         1.7651544772692165e-02
31                                     2.5962418894049489e-04        -1.5019046907839885e-03         2.1902333615476128e-03        -1.0711674720106543e-04        -8.7309408578359793e-04         3.9839704910893357e-02        -1.0123496091892479e-02        -4.7584848491772289e-02
32                                    -7.8098264247901600e-04        -1.0533774393460321e-03         1.2738947328373514e-03        -1.7162833926543607e-03        -8.9257433000542081e-04         5.7212053418980877e-02        -4.9258348896708035e-02        -4.6690292137928642e-02
33                                    -1.4436991141477534e-03         7.0438232236066248e-03        -2.7965405080717140e-02         7.5759978881950055e-03         5.4387013159709792e-04        -3.1601473330273855e-01         7.2794369943317824e-02         9.3930028115929237e-02
34                                     8.6158449982011165e-03         1.4249969716946123e-02        -1.2710402252289867e-02        -5.4049341262769508e-03        -7.5106664122459674e-03         8.7610450154345404e-02        -1.1911090698377180e-01        -5.3365925551942375e-02
35                                    -4.5255349228898829e-04        -2.4746000070583994e-03         1.6456497186431676e-02         6.9222929740927076e-03         1.2389434901359294e-02         1.1648372318493057e-01        -5.4197206382920748e-02        -1.5337661963881177e-01
36                                     1.0235890720059161e-01        -2.6607152624370758e-02        -1.3085030199148590e-01        -6.3915832119335367e-02         8.0163680294792844e-02        -4.2521775701402864e-02        -9.6974332039885189e-04        -4.0763864156111440e-03
37                                    -1.1217638639675175e-01        -1.8521550556517354e-02        -1.5064844839581593e-02        -3.1190832856285468e-02        -1.3684397437707930e-02         1.0902079899180265e-02         5.3631305739449027e-03         5.6018044018196836e-03
38                                    -4.6214270541163074e-02        -4.8008626082505973e-02         5.7794454306219739e-02         1.3936813766676760e-02        -1.2122035535609278e-01         1.3790228993860232e-02         4.8343930076933670e-03         1.0057295712992329e-02
39                                    -3.2395836745413083e-02         2.0873824697221310e-01        -2.9475025258486179e-02         1.8845114876784586e-03        -3.2680809411454681e-02         1.8472968437274807e-03         1.3871975503431441e-04        -3.1330289884340542e-03
40                                     6.2395071195461682e-01         4.7377706203258846e-02        -3.9345844940589104e-02        -1.8989556762765952e-01         9.4766600259296327e-02        -8.3315342761418418e-04        -1.0557704140119611e-03         1.1004884891284021e-04
41                                     4.7377706203258846e-02         5.0085168514038581e-01        -6.9513474157544431e-03         6.8438944446093414e-02        -1.1496258865644612e-01        -2.0441198578537378e-03        -2.2430706087443275e-04         8.8669412436303868e-04
42                                    -3.9345844940589104e-02        -6.9513474157544431e-03         3.9625017443917909e-01         2.0674751289783808e-01         5.2056269784001893e-02         2.1520581291488571e-03        -2.9788673089287902e-03        -8.9244974037338155e-04
43                                    -1.8989556762765952e-01         6.8438944446093414e-02         2.0674751289783808e-01         4.6968748111494607e-01        -1.4425811990718199e-02        -1.3386482193066158e-03         7.7677759149401076e-04         6.0722740606841078e-04
44                                     9.4766600259296327e-02        -1.1496258865644612e-01         5.2056269784001893e-02        -1.4425811990718199e-02         6.4038347151338226e-01        -1.4676112744970863e-03         8.6594103899855781e-04        -7.7520638921032073e-04
45                                    -8.3315342761418418e-04        -2.0441198578537378e-03         2.1520581291488571e-03        -1.3386482193066158e-03        -1.4676112744970863e-03         5.7707599384472497e-01        -4.7954834155853263e-02        -4.1616330174903453e-02
46                                    -1.0557704140119611e-03        -2.2430706087443275e-04        -2.9788673089287902e-03         7.7677759149401076e-04         8.6594103899855781e-04        -4.7954834155853263e-02         2.2881363116511128e-01         1.8822573790377053e-01
47                                     1.1004884891284021e-04         8.8669412436303868e-04        -8.9244974037338155e-04         6.0722740606841078e-04        -7.7520638921032073e-04        -4.1616330174903453e-02         1.8822573790377053e-01         3.8006131641295715e-01
48                                    -4.6256937061213465e-04        -9.8087998306245548e-04        -1.5603500838112321e-03        -6.7307284447592987e-04        -7.8644037734869061e-04        -1.5841642733283040e-01        -3.0809793735219738e-02        -5.1321224623037585e-02
49                                    -2.6678124636645448e-04        -1.5270975266959869e-04         2.9458684560353517e-04         6.6459974877441930e-04         6.9048640109551263e-04        -5.5896440228929728e-02        -1.0749058333033853e-01        -5.6628251795976955e-02
50                                     1.4162959403186682e-04         9.9630104672904121e-04        -1.6351146673131093e-03         3.3235390367874562e-04        -1.4544443183678549e-04        -8.9336674548733661e-02        -5.5056227918232656e-02        -1.6043138487868563e-01
51                                    -4.2286222439766986e-05         1.2593803577090983e-03         6.5668101538293895e-06         1.2305768286675421e-03         5.1054898058330270e-04        -4.9926143127131270e-02        -4.2473985124366273e-03        -9.7387290408827362e-03
52                                    -3.8865594247312478e-05        -8.2885610035701496e-05         1.4061729856484299e-04         2.4715538634445186e-04         7.5104018630677924e-05        -1.6401417799915080e-02         4.0943506061169085e-03         6.1394489611988137e-03
53                                    -6.4975705921861378e-05         2.9500054440316091e-04        -3.1231367735092740e-04         1.1975730015588074e-04        -2.2984463424376892e-05        -2.7744585148429323e-02         6.9980319878652011e-03         7.9088270330818274e-03
54                                     2.9573652154180887e-05        -2.9532781224115884e-04         1.0122380671033149e-04        -2.8946829436946958e-04        -9.8941450148128937e-05        -7.8987147145713715e-04         1.5784351962992528e-04         1.2868057590851139e-04
55                                     1.9502072018038035e-07        -3.9823173082701324e-05         1.2093925307164279e-05        -3.4847546793009546e-05        -1.1567076476979312e-05         2.1710019323879879e-04        -1.1290327342615772e-04         2.6710273325617449e-05
56                                     3.2311605813739461e-06        -4.2346975257241017e-05         2.2900845688704260e-05        -4.2817780477987401e-05        -1.7715854941724870e-05         1.5140965694820127e-04         1.2190883899552485e-05        -8.2318241439698211e-05
57                                     4.1258181811699726e-06        -1.7231235523279697e-05        -5.1724691967313440e-06        -1.6354173783192538e-05        -2.6966608618992281e-06        -6.2056355271242062e-05        -6.3591031701308131e-05        -1.0562038892574587e-04
58                                     1.6802056784771363e-07        -3.1298971127040780e-05         1.9723759244904191e-05        -1.9531994572135698e-05        -3.7841501729596250e-06        -1.6685408287470401e-04        -1.1085265778255130e-04         1.1782538619294332e-04
59                                     5.4397397951131156e-06        -4.3502407156754158e-05         1.0362060138277042e-05        -5.0653473396582532e-05        -2.0373263901746894e-05        -7.0798363373306226e-05         1.2861524606500783e-04        -3.0117325739405199e-05
60                                    -1.0346806720981709e-05         9.2049701563012314e-05        -2.3159169191137137e-05         8.9092086186651478e-05         2.8428325361063002e-05        -1.2281478274441817e-04         8.1177839335711446e-05         1.0520221403065411e-04
61                                    -2.4704984102882151e-06         1.5025084360081894e-05        -2.7090071262368470e-06         1.5948262254403432e-05         4.6255147883039915e-06         4.8071486182240620e-05        -7.7882044482146181e-06         1.4157659256756553e-05
62                                    -3.6199038121128728e-06         2.5063456457683399e-05        -6.6143295020780897e-06         2.3990703477993786e-05         6.9096827011369372e-06         5.8945794093821189e-05         1.0967760303198673e-05         5.8636119709393723e-06
63                                     1.2683923187994279e-06        -1.2150825955796092e-05         3.5989502756191344e-06        -1.1807039723891933e-05        -3.9487856993335981e-06        -9.5622960710688229e-06        -3.5191824423936354e-06        -5.5271052546403812e-06
64                                     6.1307305207605528e-08         3.6853658164302038e-07        -3.4358357530578208e-07         1.0188377269880793e-08         8.4631786581438042e-09         3.8550131305798376e-06         1.8391049430489582e-06        -2.2987741514352757e-06
65                                     6.8127097460197837e-08        -1.4907619719798202e-07         1.7593887859723539e-07         9.3050042458438632e-08         1.5203555303522777e-07         1.6161503538062819e-06        -2.4619772072988200e-06         1.1472751574390540e-06
66                                     1.0300124545733684e-06        -9.4331724959969066e-06         2.8593188066735019e-06        -9.1626240029197886e-06        -3.0011685511508779e-06        -1.1718351881768439e-05        -4.5456682644578268e-06        -7.0730673028641602e-06
67                                    -1.2431562779224417e-07         1.0827822277618774e-06        -3.2278989055963220e-07         1.0625655605859869e-06         3.7459782599638246e-07        -5.9919544342689000e-07         5.7240497966209026e-07         4.9437972506236017e-07
68                                    -6.2031999963135044e-08         2.7135522565731128e-07        -4.1424381795020432e-08         2.7894427756524752e-07         4.9210006870233574e-08         1.8751369896168156e-06        -2.0458398666668592e-07         4.7466399755921585e-08
69                                     2.0758499454887726e-07        -1.5509188988644797e-06         3.7829122792901206e-07        -1.5394389903343783e-06        -4.6438942941768194e-07        -7.4580168240956771e-06        -9.1563509814852068e-07        -2.3991665511874485e-06
70                                    -7.8207064252839410e-07         7.1144459417889245e-06        -2.0128686020560186e-06         6.9386173111180287e-06         2.3617107865089945e-06         5.3401853260589387e-06         1.4129209357999564e-06         4.6544466859672537e-06
71                                    -9.1097205330910476e-07         8.5610022723892079e-06        -2.5149737855729023e-06         8.2923048967117408e-06         2.6841801320806596e-06         8.0217379675484081e-06         4.4675934699164220e-06         4.7807600746907865e-06
72                                    -6.6264295587612239e-06         3.5202019693405251e-05        -1.3188975320101237e-05         3.4782475840096465e-05         8.4803891666456323e-06         3.4266230884126770e-04         4.4553180288295921e-05         7.9834363978414555e-05
73                                     4.7746255159319780e-06        -3.4131404228261624e-05         1.1095210475718303e-05        -3.3444820032887718e-05        -9.7586206332857447e-06        -1.1968576047969554e-04        -4.9464290878306995e-06        -4.3004131709313700e-05
74                                     4.9242692889718627e-06        -3.6028818072819299e-05         1.1350698889481069e-05        -3.5241930415626180e-05        -1.0468177382221984e-05        -1.1397898554299338e-04        -3.6863986557960829e-05        -3.3341465917967989e-05
75                                     1.1637422134076118e-07        -2.5481085532326050e-05         1.4693543131435808e-05        -2.4644515514483352e-05        -1.1972963830111366e-05         4.0472417997939204e-04        -1.3077113696207711e-04        -1.6638480817558708e-04
76                                     1.4374877765223707e-05         1.9443925957445508e-05        -3.4260896855561734e-05        -5.0320385068410690e-07        -1.9184452116325045e-05        -6.2596580765133963e-05         4.8467015794467088e-05        -2.0987850401685249e-06
77                                    -1.0462715277251189e-05        -7.1222314535020049e-06         1.4946258052691725e-05         6.4570448622322078e-06         1.4788784565179945e-05        -8.1476418619509368e-05        -3.6754151374368180e-07         4.0248047842189735e-05
78                                     1.4672854207085875e-06         2.8663211994540039e-05        -1.4798578512962818e-05         2.5964168209290102e-05         1.3090207704430452e-05        -5.8238589348260657e-05        -9.1742342516487629e-04        -1.3745603453321339e-03
79                                     9.1184364942963720e-06        -1.9232220308806864e-05         1.4090372465537426e-05        -3.6948346004802066e-05        -5.7877357212145661e-06        -2.2087065228907141e-04        -6.0320956954178987e-04        -6.5973332334487444e-04
80                                     1.3541852268688834e-05        -4.6754645676289473e-05         6.8958117482168700e-07        -3.7292100007053279e-05        -3.6813080323066362e-06        -3.2680984372684822e-04        -6.7933308710895379e-04        -1.2211690973540010e-03
81                                    -9.4705260771044944e-04        -7.7921956974830598e-04        -6.1809341540475942e-04        -1.5512551539912463e-04        -5.2316863671112747e-04         2.9088459195996895e-03        -3.2612293905483827e-03        -5.1148834253267250e-03
82                                     4.0162383440865837e-04         1.0573741171345565e-04        -2.6297009644342807e-04         6.0736280152999728e-04        -2.1666394408335421e-04        -5.3697333498951318e-04         3.0824968741306200e-03        -4.9380236447569940e-03
83                                    -6.8904580432908164e-04        -1.6693638801897623e-04         3.6030939230319151e-04         5.3165446078103345e-04         3.3824844717166491e-04        -1.0027375947876055e-03        -5.1321580473242838e-03        -1.3921189521364282e-03
84                                     7.2914524274093739e-03         1.2662291384886965e-02        -2.5998133882188198e-03         9.0490953450990362e-03         1.2877546399327937e-02         1.6722973740636408e-03         1.3316283887698387e-04         4.3683602200133523e-04
85                                    -1.2310204057529535e-02        -1.8857439099993968e-02         2.1636720695267352e-03         8.5458623486985609e-03         1.5382502323773238e-02         9.2982581480247593e-04        -2.7502426962502024e-05         7.5856553583002087e-04
86                                     5.9376050451406606e-03         7.5376419052460737e-03        -6.1290962667127566e-04        -8.7968461199821393e-03        -1.3572164972220642e-02         1.5251953914507399e-03         7.0832341655315749e-04         7.5060965789141426e-04
87                                     1.2853938631409188e-02        -1.4873843391946195e-01         8.5939886426217825e-03         2.0128729175816935e-03         1.2821176035102726e-02        -7.5547807567151633e-04         2.9596569630667403e-05        -1.8079194984397552e-04
88                                    -4.8913604953905135e-02         1.0973127634251317e-02         1.2986286664150786e-02        -2.4182125998826022e-03         1.5117836549795614e-02         3.5476758186845812e-04         4.1502144816095432e-05        -6.2159882784829069e-05
89                                     1.4846515397368391e-02        -2.2462728963858669e-01        -9.7418831790464424e-03        -1.2016542372150600e-03        -1.3107165853332360e-02         6.3561864307611570e-04         9.6345614949932840e-05        -1.0968153406760463e-04
90                                    -5.3296810382021331e-02        -3.8770754842772828e-02        -5.1060347500453077e-03        -7.7158498603015751e-03        -7.2956537877562795e-03        -4.5873139706330756e-04         6.0252337468234352e-06         3.7036563071208477e-05
91                                    -2.5494853688215685e-01        -1.2015353342078813e-01        -1.9233502166712355e-03        -1.3681581799306649e-02        -8.0813787375768921e-03         2.2043378993080818e-04         1.1226460092575560e-04         1.0612172212464983e-04
92                                    -1.2315243006354760e-01        -1.1402469068516234e-01         5.4202733932508908e-03         1.9179013232752919e-02         1.1731896283122262e-02        -7.2534862580133806e-05         4.6587490731461007e-05        -1.9448348024007011e-04
93                                    -3.0114477408906765e-03        -8.9505896026345413e-03        -5.1851208273967747e-02        -1.1849423155071703e-02        -5.9027800542036643e-02        -5.0953526818034325e-04         5.5289750985907581e-05        -3.2747021189707558e-05
94                                     2.8102237662665720e-03         2.7449123836789761e-02        -1.2881192496352568e-02        -4.5019030503000920e-02        -2.3141955362215052e-02        -1.1854112886627925e-04        -2.0378170354809908e-04        -1.1278065347056377e-04
95                                    -4.3750956003957286e-04        -5.0543001684632176e-03        -5.5454254447106763e-02        -2.0151666729099783e-02        -3.2605741637983221e-01         1.8232891841332081e-04        -5.2378280454317382e-05         1.2600501978753630e-04
96                                     9.5769950672928497e-03         7.0809250677461395e-03        -1.5871268833272639e-01        -1.4031445045915680e-01        -5.5884651577924979e-02        -6.9429849734202161e-04        -1.2588675325430005e-04        -3.7473231772401725e-05
97                                    -1.6292844857608513e-02        -8.4824076015277972e-03        -1.4011892340735704e-01        -1.9174344473389721e-01        -5.8710347684356706e-02         4.2010270599745993e-04        -1.1127127522151086e-04         3.8444426723006214e-05
98                                     8.4877097217275297e-03         1.3936728574139119e-03        -5.8595266571943194e-02        -6.2562282878946857e-02        -7.3469618635436940e-02         5.3008101801476780e-04        -1.6381831912672123e-04         3.8241718069776385e-05
99                                     1.1502953868058114e-05        -7.0577408295663991e-06        -1.5108788553143266e-06        -1.0832071252279532e-05         6.7698512146407038e-06         2.7546368966674447e-03        -7.3336436535185936e-04        -7.0942578184257339e-04
100                                   -4.0589012011984452e-07         2.1330415106857671e-05         1.5046785323256672e-05         2.7167532205522734e-05         1.0676593035237583e-05        -8.3418373522631262e-05        -2.5522659365009538e-03         2.1648876645931044e-03
101                                   -5.3321655606234882e-06         4.4485440737423593e-05        -1.2722451736002349e-05         3.8314522428633394e-05         1.2533642093220112e-05         3.3342569578469119e-04         2.1027299164163471e-03        -7.6179944064163219e-04
102                                   -6.2152403831623981e-08         1.0337062472817802e-06        -2.8057879969470950e-07         1.0106434995091859e-06         3.8193099158498168e-07        -5.5322941601559781e-06        -4.6144735019664163e-07        -6.3229629255572684e-07
103                                    5.9390528559349730e-07        -5.7832759711452013e-06         1.9263221512114703e-06        -5.4207579645517194e-06        -1.6151315950449067e-06        -1.1406963564877043e-05        -8.8874472658655707e-06        -6.9395264689835299e-07
104                                    1.0005278231842286e-06        -8.1840955353481006e-06         2.2364957113436251e-06        -8.1501541765897231e-06        -2.7459554965452131e-06        -8.2777868767122963e-06         1.8645411161654808e-06        -8.4985731141641439e-06
                                                        48                          49                          50                          51                          52                          53                          54                          55

0                                     -6.1736484053906854e-05         1.0575130479401325e-04         2.2604232588822523e-04        -1.8719053885658034e-04         2.6544478680516425e-04         3.1143148177200774e-04         1.0308166880813548e-02        -2.0961818731340598e-03
1                                      1.8467532381955516e-04        -1.3148010041822103e-04        -3.1569393184119424e-04        -5.0320340629769487e-05        -2.6192775407397515e-04        -2.1830616672702968e-04        -1.1342780925816261e-02         3.6794362529698325e-03
2                                      2.3971672505684107e-04        -2.2601934960155297e-04        -3.5345798484260569e-04        -1.0100534342395750e-04        -1.9656926747138538e-04        -3.2124307356724038e-04        -1.3878559128833960e-02        -2.5091613642927286e-03
3                                     -5.2067496776681173e-04         3.2842325522199067e-04         5.2476922780255657e-04         4.2430457081601259e-04         4.7570045813161388e-04         6.4109708974690260e-04         1.1141244316965444e-03        -1.7811611516602641e-03
4                                     -8.5784639500233127e-05         6.5014557569484382e-05         1.7831619739032948e-04        -8.3211808664440342e-05         2.0241385127062965e-04         2.0051246407514910e-04         8.2360478192646212e-03        -1.4196297426887652e-03
5                                     -1.2999409972369439e-04         1.2128445524079503e-04         2.3054831499901666e-04        -7.7421598764816770e-05         2.4867692424331478e-04         3.0377577217193745e-04         1.0269289903075577e-02        -1.9379752712863821e-04
6                                      5.4564965784429471e-04        -2.9141305841248109e-04        -4.8569022549137697e-04        -2.0135984465581824e-04        -5.6241748374774852e-04        -7.1429302692335912e-04        -1.9598862511943527e-03         2.8935754132054532e-04
7                                     -1.1688159674866296e-04         6.9579888971539914e-05         1.5510378352360537e-04         1.0300908426559262e-04         6.9956311069310073e-05         2.1241263694678908e-04         1.4739592685091042e-03        -6.1599663380358790e-04
8                                     -8.4132421976544419e-05         9.3278415615746094e-05         1.2004788867869023e-04         1.2184720751907011e-04         1.6453353788601499e-04         1.3671915970379494e-04         1.5324099500542438e-03        -4.7910140607105162e-03
9                                     -9.4065240497592881e-04         2.6605994703167641e-04         3.8937140722621977e-04         2.8017848043781330e-04         5.8208844907775038e-04         1.0263607548787572e-03        -1.8595180049739195e-02         9.6137506954975457e-03
10                                     5.0894965894754450e-04         1.1954872218242947e-04        -3.1758149418077187e-04        -1.1174282660705529e-03        -8.4063768235933731e-04        -6.9362908162047012e-04         3.2908347662527232e-02        -7.0835077934521297e-03
11                                     4.8055322929053322e-04        -2.8677721175897277e-04         9.0249436754687412e-06        -1.3258415516006804e-03        -5.3266170684292905e-04        -1.2852008477744206e-03         3.9274893684007224e-02        -2.9261793700044024e-02
12                                     6.2810568864940085e-04         4.4575002207817747e-04         6.8641855226568842e-04         1.3237747177056846e-03         2.9221074160328681e-04         1.1329416083695788e-03        -2.3802542871346338e-03         2.5770234765537109e-03
13                                     5.9569433680216441e-04        -5.0925586197691597e-04        -1.0607345699518414e-04        -1.6849829792679521e-03        -5.3300531228748583e-04        -7.6677199993414598e-04        -2.4734437486650142e-02        -2.5453125731897272e-02
14                                     1.0410002604533046e-03        -1.1150322047887790e-04        -4.3393674215516800e-04        -1.9289567614651885e-03        -7.6639969553973027e-04        -1.0535893348720821e-03        -3.2475846923121970e-02        -5.9236452989794297e-02
15                                     7.0046943626191314e-03        -2.9894875947421959e-03        -3.9658084937958301e-03        -3.4459926893862153e-02        -6.7592631947649418e-03        -1.1684885604080340e-02        -2.0844866715965418e-01        -7.2175465566214111e-02
16                                    -1.6116824321312454e-03         2.8413248334574746e-03        -4.9218912723688370e-03        -1.5173491446901714e-02         5.0096737854933467e-03         3.1679133318384413e-03        -9.1510396673989261e-02        -1.5375752787707858e-01
17                                    -2.0592399945342909e-03        -4.9379633808539283e-03        -1.5181745787766199e-03        -2.4814538071985089e-02         3.6171828247902587e-03         6.0181497225532555e-03        -1.1952949773240584e-01        -9.4100227267091857e-02
18                                    -4.5637764868889236e-02        -1.2367403107225040e-02        -2.2108503175242138e-02        -1.8513596134911453e-01        -6.2014048876996880e-02        -1.0141356080172456e-01        -4.1241212288968869e-02        -7.5067689759900705e-03
19                                    -3.2988532503131607e-02         1.5477514481525153e-02         1.1588229608335117e-02        -3.6740486026370450e-02        -1.2361453881382292e-01        -9.0118271593340113e-02        -1.7631584084530635e-02         3.8572689681253720e-03
20                                    -5.2450633624515540e-02         1.2595172813786235e-02         2.2127712994654138e-02        -6.2887527696618845e-02        -9.1097446291289533e-02        -2.0605546800941793e-01        -2.3648690410435692e-02         4.8486276286376761e-03
21                                    -3.2728322898539108e-02         1.3135293221823486e-02         1.7954873181660714e-02         4.8007723922248766e-02         1.6291899293674941e-03         4.6952517803934436e-03        -7.9078443129658449e-04         2.0260590478228691e-03
22                                     1.9239699525099793e-02        -9.5689770991355463e-03        -5.7452918087980073e-03        -1.9508528092101886e-02        -1.0218696288058486e-02        -2.9584474227907026e-02        -2.2178932876358677e-03        -9.3934957897711660e-04
23                                     2.6810577519187945e-02        -6.0344102466383890e-03        -1.2349821782800408e-02        -2.6775433374691609e-02        -2.8354316728663093e-02        -3.5057909693859877e-02        -2.5629407113572106e-03        -2.1751291758014698e-03
24                                     5.1420942543479717e-02        -1.7844625442377179e-02        -2.3759589079175272e-02        -4.2401862466559602e-02        -1.1064787046054927e-02        -1.8951146699519639e-02        -6.4991619434952861e-04        -8.4014851980090445e-04
25                                    -7.7780789623164547e-04        -7.5487069906997450e-03        -2.0655338326433677e-02        -6.4104131204676335e-03        -3.4731428625785349e-03        -1.8505797742537802e-03        -6.4725095535421396e-04        -4.1308166747660533e-04
26                                     1.7800583790942622e-03        -2.1831865065711803e-02        -2.6041416349421531e-02        -1.2171699635587395e-02        -2.2375666413901717e-03        -6.4879997469905176e-03        -1.0108115226949233e-03         3.7997906038965878e-04
27                                    -1.2858739796429211e-01         4.8226886192767437e-02         6.9515865608037367e-02        -1.2950089301488169e-02         1.8890022150991566e-02         2.7319059537228879e-02         1.2853892648615579e-03         7.6367260981662901e-04
28                                     1.9609970409509486e-02        -1.3725426946900815e-01        -7.1033066646199267e-02         3.4911056631803494e-02         7.6463473427425812e-03         5.1639323919786435e-03        -7.8552324873282014e-04        -7.7620713047660798e-05
29                                     2.6783122427582060e-02        -6.9041290495433894e-02        -1.9058808002012023e-01         5.1008116958203245e-02         4.2957276948846386e-03         1.5043161653981127e-02        -1.1959441305874475e-03         3.1989293296102138e-04
30                                    -5.6272896433106234e-02         3.0000799611632441e-02         4.0682089156049844e-02         1.3717118923784605e-03         3.2255654213435249e-04         3.9329818001781168e-04        -1.2140213898807054e-03        -5.7698505765002800e-04
31                                     6.8674152166017279e-03         3.6563236755188244e-04        -1.5782123832419889e-02         5.4930078067339638e-03         6.1037163558102939e-04        -2.3700436786309774e-03        -3.1510005637952070e-04         1.4438436535378266e-05
32                                     5.7355361996605583e-03        -1.4311814516896806e-02        -9.9663024681949305e-03         8.2800783078953513e-03        -2.6412728877608154e-03        -1.0645858275179006e-03        -5.5006637217272611e-04        -3.3566947776224944e-04
33                                    -1.1782293708776620e-01        -8.6381147046061986e-03        -2.0960438512795020e-02         1.2327049275093014e-02        -8.3234372431488664e-04        -7.8612696038792094e-04         5.4054703150135903e-05        -6.5354554106277380e-06
34                                     1.4001747607811402e-02         9.9735839940762600e-03         5.3778108902531718e-03        -1.0197581204661726e-02         7.1224027864063948e-04        -5.7078824273687793e-03         1.3749973042627761e-04         2.4162494218894681e-04
35                                     1.2676634731934242e-02         3.7784417534360744e-03         1.3551328789107898e-02        -1.4627329385155832e-02        -5.0996144707872301e-03        -4.4944894480341939e-03         2.3583681563875029e-04         3.4544867378421521e-04
36                                    -4.6850634426366666e-05         2.8285003131543465e-03         3.8519744013891183e-03         1.3839491151533320e-03        -7.7271551298511304e-05        -1.1100528470542076e-04        -5.1913293681612679e-04        -6.5747795258332446e-05
37                                     2.8268679716545232e-03         5.4107225076904684e-03        -4.7959286543674496e-03        -3.1031910862796625e-04         1.0741325943735185e-03         3.4505533298896250e-05         1.2385117052879848e-04         2.0230999168118348e-06
38                                     3.6683899298032936e-03        -4.7543129578432961e-03         1.5692239795069996e-03        -5.6586206394417882e-04         1.7742240202171691e-05         1.0725481684082036e-03         2.0645552951704255e-04         1.0915624994115096e-05
39                                    -1.5290573897251464e-03        -1.3659691457290838e-03        -3.7149387616601824e-04        -1.0847312101999504e-04        -3.5785139289628648e-04        -1.4005463609261548e-05         1.1538271712855744e-04         1.9881012824729832e-05
40                                    -4.6256937061213465e-04        -2.6678124636645448e-04         1.4162959403186682e-04        -4.2286222439766986e-05        -3.8865594247312478e-05        -6.4975705921861378e-05         2.9573652154180887e-05         1.9502072018038035e-07
41                                    -9.8087998306245548e-04        -1.5270975266959869e-04         9.9630104672904121e-04         1.2593803577090983e-03        -8.2885610035701496e-05         2.9500054440316091e-04        -2.9532781224115884e-04        -3.9823173082701324e-05
42                                    -1.5603500838112321e-03         2.9458684560353517e-04        -1.6351146673131093e-03         6.5668101538293895e-06         1.4061729856484299e-04        -3.1231367735092740e-04         1.0122380671033149e-04         1.2093925307164279e-05
43                                    -6.7307284447592987e-04         6.6459974877441930e-04         3.3235390367874562e-04         1.2305768286675421e-03         2.4715538634445186e-04         1.1975730015588074e-04        -2.8946829436946958e-04        -3.4847546793009546e-05
44                                    -7.8644037734869061e-04         6.9048640109551263e-04        -1.4544443183678549e-04         5.1054898058330270e-04         7.5104018630677924e-05        -2.2984463424376892e-05        -9.8941450148128937e-05        -1.1567076476979312e-05
45                                    -1.5841642733283040e-01        -5.5896440228929728e-02        -8.9336674548733661e-02        -4.9926143127131270e-02        -1.6401417799915080e-02        -2.7744585148429323e-02        -7.8987147145713715e-04         2.1710019323879879e-04
46                                    -3.0809793735219738e-02        -1.0749058333033853e-01        -5.5056227918232656e-02        -4.2473985124366273e-03         4.0943506061169085e-03         6.9980319878652011e-03         1.5784351962992528e-04        -1.1290327342615772e-04
47                                    -5.1321224623037585e-02        -5.6628251795976955e-02        -1.6043138487868563e-01        -9.7387290408827362e-03         6.1394489611988137e-03         7.9088270330818274e-03         1.2868057590851139e-04         2.6710273325617449e-05
48                                     8.3061307037457377e-01        -3.7872476585157647e-02        -1.4746711397487778e-02        -3.2915837415849736e-01         4.5414185446746913e-02         5.0972296173255806e-02        -3.3144106074431824e-03        -4.2396423319688518e-04
49                                    -3.7872476585157647e-02         3.0468243825152586e-01         1.9943454994032148e-01         2.5966199504630690e-02        -8.5860435048111236e-02        -3.3565114265170407e-02         5.5063223529301425e-04         5.7367078309460725e-04
50                                    -1.4746711397487778e-02         1.9943454994032148e-01         4.6795742218743941e-01         2.1960998732708414e-02        -3.2365829405644690e-02        -1.0950040952221303e-01         7.9811828350143414e-05         3.3378433482589905e-04
51                                    -3.2915837415849736e-01         2.5966199504630690e-02         2.1960998732708414e-02         6.8906226557622008e-01        -3.2168774412959830e-02        -1.3912143264135975e-02         1.6398090355352851e-03         2.8395797407345389e-03
52                                     4.5414185446746913e-02        -8.5860435048111236e-02        -3.2365829405644690e-02        -3.2168774412959830e-02         3.1999679427732541e-01         2.7565068959104355e-01         3.8243394885574692e-03         1.6120561295516647e-03
53                                     5.0972296173255806e-02        -3.3565114265170407e-02        -1.0950040952221303e-01        -1.3912143264135975e-02         2.7565068959104355e-01         5.5025361047672972e-01         5.7271247447661074e-03        -2.8387413170538037e-04
54                                    -3.3144106074431824e-03         5.5063223529301425e-04         7.9811828350143414e-05         1.6398090355352851e-03         3.8243394885574692e-03         5.7271247447661074e-03         5.4083601789585767e-01         2.5636157644970091e-02
55                                    -4.2396423319688518e-04         5.7367078309460725e-04         3.3378433482589905e-04         2.8395797407345389e-03         1.6120561295516647e-03        -2.8387413170538037e-04         2.5636157644970091e-02         2.7288296218693325e-01
56                                    -5.2701129892767252e-04         1.6043591339805034e-04         5.9135327268841436e-04         3.0243506017261839e-03        -4.2316202649156972e-04         1.6296290534236115e-03         5.2465992272663443e-02         2.1610084490728931e-01
57                                     1.1569338351540828e-03        -3.7335176425782669e-04        -2.4662968848069699e-04        -3.6177111162092085e-03        -2.9335048417081808e-04        -6.6474017381792927e-04        -2.1841200655312987e-01         3.9208590414938592e-02
58                                    -3.9869971535701784e-04        -2.9306377250151879e-04         1.9457588850555583e-04         5.3400819568277905e-05         7.7470819985227398e-04         5.5467015344066865e-04         6.6514910998562798e-02        -1.0228034006783800e-01
59                                    -6.8106156774665530e-04         4.5851221814352977e-04        -6.1036725378759950e-05         4.2320975456603571e-04         4.6426258603746249e-04         1.0237189046911649e-03         7.5357564336128807e-02        -3.7218311790743683e-02
60                                    -4.0868467692785598e-05        -1.4961953778937115e-04        -3.6174378498607330e-04         3.0660680597753575e-04        -1.0687504479084987e-04        -5.6861432124745203e-05        -5.6957552313659551e-02        -5.2531097386015087e-03
61                                    -5.0712319139486497e-06        -1.0654210990361089e-04         1.1723964472366326e-04         2.2223421689629091e-04        -8.2408019755224449e-05        -1.2132984917844275e-04         8.4444129758125454e-03         7.0255062628422141e-03
62                                     3.8105953966495942e-05         1.1688255885993935e-04        -4.7886389992100675e-05         3.0746404264034771e-04        -1.0987081153691443e-04        -1.6620356266199262e-04         7.7368807839881017e-03         9.8900039038942802e-03
63                                    -3.3676994981019797e-05         2.3877930876452847e-05         3.2966728497530444e-05        -8.7662774147177747e-06         3.5944939470539523e-05         5.0612062968613053e-05        -1.0673167928804252e-03        -5.5326271186073302e-04
64                                     2.6076914839655161e-06         2.4456716693593982e-05        -9.3730615712935754e-06         2.1130164892161051e-05        -7.1134763041771952e-06        -9.3556388046688786e-06         3.8889097456217545e-04         9.5428600530835937e-04
65                                    -1.6574194101118256e-06        -1.4997163405327916e-05         1.6179245303786841e-05         1.4835768755331680e-05        -5.8589130219876959e-06        -7.9540702517967221e-06         3.8739053418730744e-04        -2.3511931936311787e-04
66                                    -9.7354876582988478e-06         1.9517326538253529e-05         3.2780561191101030e-05         1.0097558026953796e-05         2.2391396309439573e-05         2.8619964764850750e-05         1.4136827831031230e-04         1.8715485796985489e-04
67                                     2.6185628986165067e-06        -2.8023542075684727e-06        -1.8146371214485995e-06         9.3249608131914029e-06         1.2390466627434834e-05        -1.0253730494641703e-05         1.6106796649214026e-04        -2.1617418518885218e-05
68                                     7.2714834958883374e-07         2.0033653738801187e-06         7.3264109718285057e-07         7.4989198270782289e-06        -1.0113181859953098e-05         9.6032779196276693e-06         2.2829545958486820e-04         1.3746750255233726e-04
69                                     1.5507652282205827e-06         7.5191652956641398e-07         1.3507552988344546e-08        -1.7161817246543748e-05        -4.4966072992363601e-06        -8.5767007436908776e-07        -7.9752622412247243e-04         1.2156692525407010e-03
70                                     1.9119665368488236e-05        -1.2547284038242694e-05        -2.8524649127656507e-05        -1.5135900502383215e-06        -1.1461298630285733e-05        -1.4593435514981935e-05         4.0638574156463483e-04        -4.4087879465779157e-04
71                                     1.5541417192578206e-05        -2.0535933018786159e-05        -2.4091930989667354e-05         3.2451482291145976e-06        -1.3755492121136715e-05        -2.1325970550553327e-05         4.8484445803146834e-04        -4.1582136013443554e-04
72                                    -4.2919626802847221e-04        -7.2582691218636155e-04        -8.4573276663975252e-04        -1.0520234972146241e-03         1.6508163439189322e-03         2.1074853101651098e-03         1.0986119517327310e-04         4.8693082854303384e-03
73                                     6.6727659266114072e-05         2.4929624500423411e-05         5.0492322217803617e-04         4.1332502139201791e-05         1.7599318816245843e-05        -5.7102598906791564e-04         1.6716908934949518e-03         3.0639840245424771e-03
74                                     1.3854556163437736e-04         3.5691325851481707e-04         5.6033740454158691e-05        -5.0525400968817009e-05         4.0546313250633035e-05         2.1724503817243551e-04         2.0894073554346155e-03        -4.0787915903040799e-03
75                                    -5.5427417970288452e-04         2.4375245689344112e-04         3.6042532212140262e-04        -9.1047027784994805e-04         1.5554606805799082e-03         2.0031876771019769e-03        -1.2367004805771660e-03         8.8510128127854831e-04
76                                     4.9895167411682234e-04        -6.8515289555291597e-04         4.9535006664869403e-04         2.1192505418236125e-03         2.2048212046946532e-03        -3.8001244529748939e-03        -9.4586038870117539e-04         5.8216611484077367e-04
77                                     6.7204742406612060e-04         5.2241265459426539e-04        -1.8744147023027030e-04         2.8850246561248644e-03        -3.8248376112284752e-03        -6.5873261630050584e-04        -1.3459126407660380e-03         1.4147130287063808e-04
78                                    -2.3379055234596835e-03        -7.8920063032363822e-04        -1.6888687296969678e-03        -7.0796640447006105e-04        -3.0209152823266550e-04        -4.5736198884659476e-04        -1.3253824157406015e-04        -7.1389638028058978e-05
79                                    -1.6268593630374148e-03         4.4116126806767932e-03        -2.7669515329910264e-03        -5.3365664740330520e-04        -4.7834208132450852e-04         3.5643383408152408e-04         5.9198375806116801e-05         5.6827200617498433e-05
80                                    -2.9006452092277778e-03        -2.7275216646089721e-03         1.9793442719819622e-03        -7.4453278856532546e-04         3.8097905686688060e-04        -2.2056557063309485e-04         1.1808441159077605e-04        -1.2192700253842441e-05
81                                    -6.2193021860980011e-03        -9.8812674363427718e-04        -2.0633289712666345e-03         4.9788211027454194e-04         9.4763676884938365e-04         1.3853626629277171e-03         4.8768319237866168e-05         1.2111989184856130e-05
82                                    -2.0162431064466944e-03         2.2301981622832945e-03        -1.4433988692159629e-03         1.1398367591347776e-04         8.4942183145043102e-04        -1.3907761407946432e-04        -1.0816410598171001e-04        -3.7010070263232908e-05
83                                    -3.6090465778176439e-03        -1.3920112842323454e-03         7.9633149170425907e-04         1.2521665650564243e-04        -8.0742558824079086e-05         8.2712458771712534e-04        -1.5135277053277034e-04        -3.8087087953798395e-05
84                                    -2.8424689220998465e-04         1.9884736236179036e-04         2.8298996075961508e-04         2.2469752378361299e-04         7.1855846240933592e-05         1.2380769051798221e-04        -6.0074661825403679e-05        -1.0522847307553071e-05
85                                    -1.9421925088668573e-04        -2.0041889084551666e-04         3.4803969839457911e-04         5.7740228364478965e-05        -3.0315341238991372e-05         3.9123680826595863e-05        -1.4743226212302970e-05        -4.2735865988361807e-06
86                                    -3.0545233816718268e-04         3.5233879201341210e-04         1.3852060242140187e-04         1.2294705685896923e-04         4.6235254202219408e-05         1.8607306086133131e-05        -2.9497904298755434e-05        -3.6964628998612100e-06
87                                    -5.2901217291825191e-04        -1.2133955860590006e-04         3.3524790077026892e-04         4.1613356859598270e-04        -7.6084260265188834e-05         6.5167273221804320e-05        -9.9639971988045714e-05        -1.3402725254765706e-05
88                                     1.1624318579309725e-05        -3.3318721263332339e-05        -6.6972434356480073e-05        -1.5404777797349697e-04        -3.1678066778608268e-06        -9.7819096903758841e-06         3.8548053036607161e-05         3.6675712152944292e-06
89                                     1.5142560571153107e-04         7.4278758183606171e-05        -2.3321963760285583e-04        -1.5421712532664213e-04         2.5463436453433802e-05        -1.8779757255345443e-05         4.3471404270981062e-05         5.9538638297000201e-06
90                                     4.4907864634061417e-04         1.4736384534199968e-04         8.2769884662965937e-06        -1.3578513288960679e-04         1.6521795705923162e-05        -3.3499177805897649e-05         9.4384545627880232e-06         5.0518747897531679e-06
91                                    -3.7711331056401888e-05        -5.2060172669188341e-05         4.9904558641665020e-05        -6.4563896498878699e-05        -2.2189944291283866e-05         3.7571247402108874e-05         1.1479954301858252e-05        -2.4338866936911361e-07
92                                    -1.5908637561949391e-04         5.3415564001917783e-05        -2.1120895435054868e-06        -1.1942150583796438e-05        -3.3427044224196371e-05        -7.5405758630707421e-07         5.7617524085027655e-06         1.0379258553936883e-06
93                                     4.5480952210452409e-04        -8.8086734859444641e-05         1.7917385822641130e-04        -1.5040487090063845e-04        -3.4011302730146124e-05        -7.3414887985517744e-06         1.1548532940313877e-05         4.6290288956349956e-06
94                                    -1.4711524560370091e-04        -5.0204847489569688e-05         2.2055620716533906e-05         2.1602634913381480e-05        -7.0971368300792562e-06        -2.6284056495249757e-05         1.9033935257677773e-06         9.2022278847934883e-07
95                                    -8.1598308915604116e-05         5.9424792660216983e-05        -1.4880075992022631e-05        -5.9184520923381438e-05         4.5318662477813054e-05        -2.2220596212062780e-05         1.2449737757909508e-05        -3.0199292955912635e-07
96                                    -5.1823767289183639e-04         3.5573573977159710e-04        -1.1700619831893493e-05         4.4475620431579414e-04         7.5480631555173747e-05        -2.7077417029424846e-05        -1.0351865928357722e-04        -1.2725029430030777e-05
97                                     1.4029621096804743e-04        -2.1982060050833156e-04         1.4084678299489719e-05        -1.0079865771479613e-04        -2.3315138522929607e-05         1.5347102463710531e-05         2.7736341438909393e-05         3.6126743245236474e-06
98                                     6.5016252165206931e-05        -1.2597513864423982e-04        -5.8265839849688708e-05        -1.9811651937161451e-04        -1.0447098724017381e-05        -8.8263473069754897e-06         5.1311148854734905e-05         6.1047468809066132e-06
99                                    -4.7400577713724995e-03         1.7366639920384057e-02         2.5491693740838803e-02        -9.6571243704706544e-02         5.4856304262492377e-02         7.8931077446434184e-02         4.6347443676607758e-04         1.4243339455140741e-04
100                                    2.4737251766330376e-04         3.3352841127254609e-03        -3.8895209786319294e-03         5.5421642633489407e-02        -1.1965162142547851e-01        -1.2261507174909549e-01        -2.2765997300411509e-04        -5.7570015268586586e-05
101                                   -4.4138230006632306e-04        -2.7118984731645986e-03         1.7839790604049499e-03         8.0113920614703904e-02        -1.2334350691849150e-01        -2.1831000129786252e-01         2.1290460624743949e-05         1.7752888136677257e-04
102                                    1.9531537143181435e-05         1.9565632256398562e-06         3.5894264440484652e-06        -2.6593266629242964e-05        -2.1164139212655729e-05        -3.7602066174237222e-05         2.5315830142308617e-03         8.4289443756624849e-04
103                                    4.1175162525758867e-06         1.6309361735482045e-05         8.2461602872511016e-06        -2.7788971860719619e-05         2.3847804642603893e-05         6.2177043083881119e-06        -1.3864539536353679e-05        -1.8051219960601313e-03
104                                   -1.4440899964247267e-05         1.0545380611026794e-05         3.3278447779058030e-05        -8.4515635531395766e-06         2.0757780317219983e-06         2.1523115249601451e-05         3.1519905836990825e-04         2.2083783002005736e-03
                                                        56                          57                          58                          59                          60                          61                          62                          63

0                                     -2.3195247743908578e-03        -6.2649720736243267e-02         3.3588861426023242e-04        -3.0407882129426193e-03        -2.7366557255726254e-01         9.2814979122995009e-02         1.0474724553456799e-01        -2.9173843214334128e-01
1                                     -2.9549093593521075e-03         2.4636525592536311e-02         2.4065031216126159e-02         2.1868379015147314e-02         5.6193585481560906e-02        -1.2457650065534231e-01        -7.1154786102468962e-02        -5.9709341174383646e-02
2                                      1.8667846747452900e-03         2.7187141668339451e-02         2.0598723447875562e-02         3.4264125259862305e-02         5.9397165636123933e-02        -6.9353006707418036e-02        -1.4792143798543844e-01        -8.6367324313624622e-02
3                                     -2.1383848194985872e-03        -1.7513998997996546e-02        -1.3788861459002284e-02        -1.7692886822993855e-02         3.4804402153353502e-02         1.2325419867599278e-02         1.6501873870513210e-02         1.2065778428288314e-03
4                                      2.9242710019878779e-04        -2.2133656968032264e-02        -1.6751677037384373e-02        -1.4073388212996129e-02         4.1352967563359690e-02        -1.0635065975275217e-02        -2.2347585842982506e-02         1.4192272748387580e-03
5                                     -1.0816472656715241e-03        -2.7916105459337415e-02        -1.3639848968881828e-02        -2.4554765945485606e-02         5.2400112430267126e-02        -2.3758473196198820e-02        -1.7763353501881685e-02         1.6677930557069051e-03
6                                      1.7170645223716502e-04         3.6310221888906209e-02         3.2672193442861902e-02         4.2002192163906257e-02        -5.3991305915918338e-02         7.2700471331708918e-03         6.4921171330957553e-03         1.5586947263406242e-03
7                                     -4.7783426121268740e-03         1.2649186745253553e-02        -6.0575753238761194e-03        -1.5163711764975697e-02         1.7334477073685686e-03        -2.2613521504929374e-03         1.3081069192410807e-03        -7.5757167308921139e-05
8                                     -2.6248793777964110e-03         1.7136825381111845e-02        -1.4262646314111352e-02        -1.0107212731470510e-02        -3.6354184256199456e-04         1.5751887596922778e-03        -1.2894824599201226e-03        -2.8423517377784355e-04
9                                      1.0365862260215575e-02        -1.0876711668096621e-01        -2.5009037016343588e-02        -3.2397051150736496e-02         2.1524836184997689e-02        -2.0855782166933731e-02        -2.5069889010475421e-02         3.6442732376511071e-04
10                                    -2.8030839478293046e-02         5.3657048915265945e-03        -1.5679845911244455e-01        -8.2246318143671809e-02        -3.8421292041762284e-02         4.2403542319172571e-04        -9.0419234786142527e-03         3.7222915353622927e-04
11                                    -1.7132131544463844e-02         5.3380235430115913e-03        -8.3541671837453618e-02        -1.9342224125816537e-01        -4.6684286111892404e-02        -8.1337665494142092e-03        -6.2319771187399932e-03         5.0770949029234303e-04
12                                     1.4932579878290924e-03        -3.0105719617614598e-02        -3.4012664936651928e-02        -4.3899779152023338e-02        -6.2853647774760782e-05         9.5188639000916113e-04         1.1518203829862022e-03         4.4024547017901364e-05
13                                    -6.0548651429772019e-02        -8.7857881343174002e-03        -8.3411614449985655e-03        -2.4872595739591417e-02        -4.0965026034234728e-03        -5.6158173581043799e-04        -3.9736236404866298e-03        -1.9272943120111837e-04
14                                    -5.2386390245879419e-02        -1.1939482435086968e-02        -2.6294426526198483e-02        -2.1861170904196862e-02        -5.4636194488937116e-03        -3.5966009303509210e-03        -2.2855205888404292e-03        -2.3216942072509637e-04
15                                    -9.5175195734370610e-02        -1.1052821050177256e-01        -5.9014752092607300e-03        -1.2900699270865883e-02         8.0536256708155785e-03         3.3387601504791999e-03         4.2579630193933047e-03        -2.6052673504322509e-04
16                                    -9.4767957511476528e-02        -3.2109477346814158e-02         8.0118873422544562e-03        -7.9397312256652888e-04         1.2480564921626094e-02         2.2137452906795360e-03        -2.7106147634011635e-03         3.2122130368739962e-04
17                                    -2.0386001406139892e-01        -4.5615485889381906e-02         7.6734263466701411e-04         5.7860554091587191e-03         1.5614748234559094e-02        -3.1519329405471151e-03         1.7354073433052020e-03         4.2245410873423999e-04
18                                    -1.1656855327428717e-02         6.7543586725049357e-03        -3.9036756062452759e-03        -5.0794099604660600e-03        -1.5184932092358178e-03        -1.3399970380949028e-04        -2.5606627076768149e-04         5.5743024294876466e-06
19                                     4.2420118035205925e-03        -1.7071992721813579e-03         2.9281853022954003e-03        -5.2790105889985294e-03        -4.7634077530583490e-04         1.1868442673306264e-03         1.4684314138552345e-04        -9.3499757957993319e-05
20                                     4.9615640669333789e-03        -2.5445799837947934e-03        -5.3015567830193141e-03         1.7103310898655254e-04        -5.9929552846630556e-04         1.7271879167373301e-04         1.2708439304759890e-03        -1.0995292971276940e-04
21                                     3.1673020301489167e-03         6.1030980417946332e-04         8.5595259225841787e-04         9.9603469183896266e-04         1.9226587646198735e-04         1.9846643330702281e-05         4.1243974271180819e-05        -3.7925147241708111e-05
22                                    -2.3111063699525459e-03         1.5444830254080714e-04        -1.0072712010824308e-03        -6.1531771103928972e-04         5.2918743536662413e-05        -2.9495652957115827e-05         1.1949716469435894e-05        -1.1865830651418843e-05
23                                    -2.5725257503163047e-03         7.9534859920763314e-06        -7.2823859096914968e-04        -1.2921705850777493e-03         7.3669484942177454e-05         3.2097582699936528e-05         1.9559336615710614e-06        -1.7114956754082209e-05
24                                    -1.5363716586738643e-03        -4.6613221083418932e-04        -3.5313597572482009e-04        -2.9721554016680298e-04         4.6728291072712069e-04        -1.3362378610079918e-06        -2.3313779246694256e-06        -1.8534874451147847e-05
25                                     4.0837087084857665e-04         4.1678697890147856e-05         3.9833269924607754e-04        -2.9298761756466231e-05         1.4474743344415801e-04        -1.5218745893532163e-05         1.1353910962679623e-05        -5.6046328888403435e-06
26                                    -1.3059262026053435e-04         1.6020840867926177e-05        -2.8707176081611282e-05         3.4331327579601215e-04         2.8958938948512117e-04         9.9353179980209334e-06        -4.1348329103175780e-06        -1.2932199820318174e-05
27                                     1.1946255866046730e-03         2.6264721242231777e-04         3.4073474934651012e-04         4.7970976546970058e-04        -6.3528131278799724e-04        -6.2222438877504828e-05        -1.0083555578123125e-04         6.0901389595733325e-05
28                                     4.0208445233802254e-04         3.7519098245692047e-04         1.0642090530349751e-04        -2.4911130474949191e-04        -9.8829522226784398e-05         5.5049980498128186e-06         2.5465670051096070e-05        -1.1559865458177741e-05
29                                     3.8684045723284301e-04         6.4880812141405097e-04        -1.2839378142045940e-04        -9.8133507280009371e-05        -2.0487640612313918e-04         1.3206975951936544e-05         2.3472509136831485e-05        -1.4168917767788853e-05
30                                    -7.9029970773771918e-04        -8.1096214868976789e-04        -8.6965698640076609e-05        -2.6063741518864831e-04         1.1500249334530409e-03         1.1827832289446885e-04         1.9109597310529850e-04        -9.9155213963877671e-05
31                                    -2.5290394355519742e-04        -4.6493721220075717e-05        -1.3232564807938432e-04         3.9775300530173024e-05         2.2404066366137209e-04         2.1905902647895137e-05         2.5906148803024663e-05        -1.9973919998745947e-05
32                                    -2.0501985155956768e-04        -1.4623411856648361e-04         8.3242581857203614e-05        -1.5832113610614125e-04         4.1545348887214034e-04         2.9694296340954587e-05         6.0175211245079384e-05        -3.5787946862242897e-05
33                                     5.9959771798658837e-05        -1.0444695122573561e-04         6.4671188027630769e-05         1.4411746857656592e-05         1.5502619997798773e-04         1.2791427889725530e-05         2.2625803018335428e-05        -9.0531462373822123e-06
34                                     2.7469044237294406e-04         2.2876956266159500e-04        -3.1110713237776313e-06         5.2008831375698164e-05        -3.9540101782353950e-04        -1.0470361772920404e-05        -5.0991533918442810e-05         2.8166513310852849e-05
35                                     3.9618784065750974e-04         3.2365774606559383e-04        -3.4616210043665981e-05         1.1991391744031434e-04        -5.7439761659915068e-04        -3.9030022466190824e-05        -5.5160605962525458e-05         4.1570023013598619e-05
36                                    -8.2978983729239009e-05         1.0211784865091353e-05        -5.3246614045120813e-05        -9.0582946869488843e-05         1.1577789976584844e-04         2.1499949069287879e-05         3.3903306342140623e-05        -1.7712327862688966e-05
37                                     9.4245417296312837e-06         1.2789015276165575e-05         5.3724924798529113e-05        -9.0919106358442088e-06        -3.5791527987823916e-05        -4.4504620758564661e-06        -1.3999114976558140e-05         5.4061875840982921e-06
38                                     6.5098532289168694e-06         1.8938858498667548e-05        -8.3470499508591565e-06         5.3771089211744150e-05        -5.2179908920791160e-05        -1.3752982785574550e-05        -1.6628926724029496e-05         8.1639505584434028e-06
39                                     1.9153976680128572e-05        -5.1480693960892699e-06         3.0589019251331067e-06         2.5685739336981294e-05        -2.5974213202295762e-05        -5.2330582475692356e-06        -6.1191881385222447e-06         4.0213899307562198e-06
40                                     3.2311605813739461e-06         4.1258181811699726e-06         1.6802056784771363e-07         5.4397397951131156e-06        -1.0346806720981709e-05        -2.4704984102882151e-06        -3.6199038121128728e-06         1.2683923187994279e-06
41                                    -4.2346975257241017e-05        -1.7231235523279697e-05        -3.1298971127040780e-05        -4.3502407156754158e-05         9.2049701563012314e-05         1.5025084360081894e-05         2.5063456457683399e-05        -1.2150825955796092e-05
42                                     2.2900845688704260e-05        -5.1724691967313440e-06         1.9723759244904191e-05         1.0362060138277042e-05        -2.3159169191137137e-05        -2.7090071262368470e-06        -6.6143295020780897e-06         3.5989502756191344e-06
43                                    -4.2817780477987401e-05        -1.6354173783192538e-05        -1.9531994572135698e-05        -5.0653473396582532e-05         8.9092086186651478e-05         1.5948262254403432e-05         2.3990703477993786e-05        -1.1807039723891933e-05
44                                    -1.7715854941724870e-05        -2.6966608618992281e-06        -3.7841501729596250e-06        -2.0373263901746894e-05         2.8428325361063002e-05         4.6255147883039915e-06         6.9096827011369372e-06        -3.9487856993335981e-06
45                                     1.5140965694820127e-04        -6.2056355271242062e-05        -1.6685408287470401e-04        -7.0798363373306226e-05        -1.2281478274441817e-04         4.8071486182240620e-05         5.8945794093821189e-05        -9.5622960710688229e-06
46                                     1.2190883899552485e-05        -6.3591031701308131e-05        -1.1085265778255130e-04         1.2861524606500783e-04         8.1177839335711446e-05        -7.7882044482146181e-06         1.0967760303198673e-05        -3.5191824423936354e-06
47                                    -8.2318241439698211e-05        -1.0562038892574587e-04         1.1782538619294332e-04        -3.0117325739405199e-05         1.0520221403065411e-04         1.4157659256756553e-05         5.8636119709393723e-06        -5.5271052546403812e-06
48                                    -5.2701129892767252e-04         1.1569338351540828e-03        -3.9869971535701784e-04        -6.8106156774665530e-04        -4.0868467692785598e-05        -5.0712319139486497e-06         3.8105953966495942e-05        -3.3676994981019797e-05
49                                     1.6043591339805034e-04        -3.7335176425782669e-04        -2.9306377250151879e-04         4.5851221814352977e-04        -1.4961953778937115e-04        -1.0654210990361089e-04         1.1688255885993935e-04         2.3877930876452847e-05
50                                     5.9135327268841436e-04        -2.4662968848069699e-04         1.9457588850555583e-04        -6.1036725378759950e-05        -3.6174378498607330e-04         1.1723964472366326e-04        -4.7886389992100675e-05         3.2966728497530444e-05
51                                     3.0243506017261839e-03        -3.6177111162092085e-03         5.3400819568277905e-05         4.2320975456603571e-04         3.0660680597753575e-04         2.2223421689629091e-04         3.0746404264034771e-04        -8.7662774147177747e-06
52                                    -4.2316202649156972e-04        -2.9335048417081808e-04         7.7470819985227398e-04         4.6426258603746249e-04        -1.0687504479084987e-04        -8.2408019755224449e-05        -1.0987081153691443e-04         3.5944939470539523e-05
53                                     1.6296290534236115e-03        -6.6474017381792927e-04         5.5467015344066865e-04         1.0237189046911649e-03        -5.6861432124745203e-05        -1.2132984917844275e-04        -1.6620356266199262e-04         5.0612062968613053e-05
54                                     5.2465992272663443e-02        -2.1841200655312987e-01         6.6514910998562798e-02         7.5357564336128807e-02        -5.6957552313659551e-02         8.4444129758125454e-03         7.7368807839881017e-03        -1.0673167928804252e-03
55                                     2.1610084490728931e-01         3.9208590414938592e-02        -1.0228034006783800e-01        -3.7218311790743683e-02        -5.2531097386015087e-03         7.0255062628422141e-03         9.8900039038942802e-03        -5.5326271186073302e-04
56                                     3.7054323178283416e-01         4.1885303635842003e-02        -3.6082804530121755e-02        -1.1324157287506352e-01        -9.2854612652705851e-03         1.0446085269730208e-02         1.1370721696234843e-02        -7.8211006884359535e-04
57                                     4.1885303635842003e-02         7.8688038982102149e-01         4.1880978632736959e-02         8.1354428235401968e-02        -2.7007562472657604e-01        -6.5394094931523455e-02        -9.0714456722365139e-02        -1.2070299509261695e-03
58                                    -3.6082804530121755e-02         4.1880978632736959e-02         3.5405657565116611e-01         2.2639362193852261e-01        -4.4345735681225962e-02        -1.0767871873634255e-01        -5.4202640600245003e-02         2.6653037113593858e-03
59                                    -1.1324157287506352e-01         8.1354428235401968e-02         2.2639362193852261e-01         4.5715928844725495e-01        -6.4473250615044983e-02        -5.5264364138459643e-02        -1.3715437760511012e-01         2.8842618910292516e-03
60                                    -9.2854612652705851e-03        -2.7007562472657604e-01        -4.4345735681225962e-02        -6.4473250615044983e-02         6.6659571977020726e-01        -1.4116210225998394e-02         7.8569459061082220e-03        -1.7461557558159452e-02
61                                     1.0446085269730208e-02        -6.5394094931523455e-02        -1.0767871873634255e-01        -5.5264364138459643e-02        -1.4116210225998394e-02         3.8200434883124229e-01         2.9945544509127386e-01        -7.2345531878167356e-03
62                                     1.1370721696234843e-02        -9.0714456722365139e-02        -5.4202640600245003e-02        -1.3715437760511012e-01         7.8569459061082220e-03         2.9945544509127386e-01         5.1017094656606055e-01        -9.9665702050430113e-03
63                                    -7.8211006884359535e-04        -1.2070299509261695e-03         2.6653037113593858e-03         2.8842618910292516e-03        -1.7461557558159452e-02        -7.2345531878167356e-03        -9.9665702050430113e-03         3.0678411626316432e-01
64                                    -1.8820382497425738e-04         1.9526439052283719e-03         3.3995691966277200e-03        -4.5789843644098351e-03         1.2176862600231871e-02         6.2166563816399255e-03         3.9300240882773705e-03         6.3418595377958534e-02
65                                     8.4554599419108228e-04         2.0102241482587123e-03        -4.5459612588338895e-03         1.6660841806752031e-03         1.4022707798273290e-02         2.9859537269604376e-03         7.8807069799892299e-03         9.2177959773504486e-02
66                                     2.4932755648941274e-04         3.3547648503052131e-05        -4.7824272210974725e-04        -5.5345715771584368e-04         1.2539524545461074e-03        -4.7901107763166292e-04        -8.1577050862930399e-04         6.7460052314310438e-04
67                                     1.3500579912772561e-04        -6.9162004636959045e-04        -6.2153370659606200e-04         2.4304841072416035e-04        -1.1191425238114040e-03         1.6371961801375512e-03        -5.1292598796104059e-03        -2.1944897005921754e-04
68                                     5.3848845749978653e-05        -8.0859113659355526e-04         2.6545802394687583e-04        -5.5910598921858894e-04        -1.5990269686943764e-03        -5.1072757309742253e-03        -6.3566217424077670e-04        -4.8159026251684729e-05
69                                     1.4846983067170741e-03        -3.6033421655843555e-03         6.2394091947095068e-04         2.6057387355351690e-04        -1.0267396827750165e-03         1.0018069976859231e-04         1.1263809491786261e-04        -5.0613683447825052e-05
70                                    -4.6091088120355097e-04         1.6421221964360742e-03         4.3631063157469948e-03        -2.2867541387278957e-03         3.1832358467932223e-04        -2.9846375301735778e-04         5.7563687762929782e-04         6.6421187169282562e-05
71                                    -5.5606931074318440e-04         1.5351552446226050e-03        -2.3452627123761900e-03         3.5025606793618533e-03         3.6857093450291226e-04         5.6684583123307961e-04        -3.8894261674061580e-05         6.1887898120455012e-05
72                                     5.9078494843018796e-03        -7.4018399363402886e-03         2.0180768685655777e-04        -2.6250834176527911e-04         1.0554673519704906e-03        -9.7606381019747746e-04        -1.2388586740954312e-03        -8.3292981254227938e-06
73                                    -4.0865043268705926e-03         1.3724138056913811e-03         2.0634407624853550e-03        -9.3971317524493836e-04         9.1942702224449401e-05         6.5089610765474665e-04        -2.8771956554403020e-04         2.4179825766326967e-05
74                                     1.5448668110270847e-03         7.5601684950801600e-04        -9.8324127110375505e-04         1.9097311183654255e-03         2.2130212499974758e-04        -4.0446362643976831e-04         4.1966296141269577e-04         2.7894309081299523e-05
75                                     1.2019947822351066e-03        -5.5050810980162602e-04        -1.0307531952146224e-04        -2.0610793851418290e-04         8.3056051502816090e-05        -1.4983944920550045e-05        -1.1565419307497647e-05         1.9310140460760620e-05
76                                     1.9068885878021670e-04         4.4019467615297371e-04        -1.7393127955227773e-04         4.9992792779142274e-04        -5.7399495025105133e-05         3.2365174403859565e-05        -2.3284398512518032e-05        -9.9665676648156385e-06
77                                     4.1065775833662021e-04         6.9641322416458913e-04         5.0841573578356549e-04         3.2578575433002768e-04        -7.6183765838623216e-05        -1.5811260686373192e-05         2.0626849701510171e-05        -1.6031882858779474e-05
78                                    -1.2288924256064602e-04        -1.8577167308492678e-05        -4.1469531303710356e-05        -5.2801150677419894e-05         3.4853823410469013e-05         1.2991910336307338e-05         1.9688049963091720e-05        -7.8236488556334000e-06
79                                    -6.8365512171685624e-06         1.3653353717827584e-05         1.8036611380250538e-05         6.3155240060821198e-06        -3.0016194327285944e-05        -4.5059121438864420e-06        -8.7633689411901840e-06         3.6435991028682423e-06
80                                     3.0986379857224334e-05         5.4775478244971663e-06        -7.8641528160485197e-06         7.7134985386376103e-06        -3.6370047114546672e-05        -7.7907813442284923e-06        -1.0335804928266044e-05         4.8550060196054617e-06
81                                     1.7525046349128751e-05         5.9436263027558940e-06         4.4767402914937918e-06         6.4876570978940012e-06        -2.1759582506191028e-05        -3.0312856791656995e-06        -4.5618372198560298e-06         2.1832462653925482e-06
82                                    -3.7504682829406596e-05        -3.8418070192951105e-05        -1.2117286698119963e-05        -1.6160441310577696e-05         6.2268170966191908e-05         8.6382089197243220e-06         1.2109886233926941e-05        -6.2806470344677839e-06
83                                    -5.6392579858021569e-05        -6.1728348881843705e-05        -9.5236719179816795e-06        -2.9052274593365535e-05         9.3543488299967703e-05         1.1370995812918546e-05         1.9056060642971549e-05        -9.1531119405363474e-06
84                                    -1.2454084472946392e-05        -9.8000610919643843e-06        -3.8437699680503475e-06        -8.9603039119592215e-06         2.6129134240956780e-05         3.8014706256820153e-06         6.0001758791362910e-06        -2.9440878793337700e-06
85                                    -2.2758524452148947e-06        -3.1855622999966861e-06        -1.4507210247518954e-06        -1.6422416163854977e-06         6.9092208526166964e-06         7.1632596597423049e-07         1.7401539824876259e-06        -7.6033118423943566e-07
86                                    -6.3402320339285670e-06        -4.9820089924129280e-06        -1.5854259985533740e-06        -4.8176065661994133e-06         1.2552462644964410e-05         1.9898580187281266e-06         2.7359940999340508e-06        -1.4358531289728168e-06
87                                    -1.4867848446254143e-05        -1.2412165033387146e-05        -1.0241299411911879e-05        -1.4121202758604654e-05         3.6038001037696916e-05         5.7124195832607990e-06         9.6610069834562796e-06        -4.5251353333724330e-06
88                                     4.8997982806361859e-06         1.7380470280347047e-06         3.7869961637487060e-06         5.6865515280275339e-06        -1.1152580700945003e-05        -2.0419543328813717e-06        -3.1610784187780416e-06         1.5721238600038450e-06
89                                     6.4608647389981835e-06         2.3242321749359203e-06         5.4230571188119780e-06         6.0535364630105205e-06        -1.3110202309998433e-05        -2.0446718855793075e-06        -3.4834328436256001e-06         1.7260189798682922e-06
90                                     5.4865450684346163e-06         6.9920566707093072e-06         4.0251432801552468e-07         1.7124908226735946e-06        -1.0323331935044629e-05        -9.5586526389734280e-07        -1.7965156264188927e-06         8.8786420424173787e-07
91                                    -1.0363053386286977e-06        -3.0500674044208286e-06         3.2141592033503726e-07         2.1118091796700422e-06         7.1900790418603141e-07        -5.3848477855022970e-07        -3.8918048649438111e-07         1.6498476932246399e-07
92                                     4.0859683727417615e-07        -6.9407210539338813e-07        -1.0969633326556274e-07         1.0388932573704887e-06        -1.0697215723760479e-06        -3.1710022708906295e-07        -2.4959960318236921e-07         1.7694771492091034e-07
93                                     6.4782248253308729e-06         7.3489754773729886e-06        -8.5226866069258803e-08         2.6138522673193537e-06        -1.1243488956441932e-05        -1.2747978227005589e-06        -1.8491775826610586e-06         1.0000237925789628e-06
94                                     2.2609706137018693e-06         1.7875716754118006e-06         3.5017186382140231e-07         6.6971476961000202e-08        -2.0195964753474725e-06        -1.0578225434189903e-07        -2.4410259156386867e-07         1.3109568027167978e-07
95                                     4.4850580503805106e-08        -2.5723935477683450e-06         2.0879065614195705e-06         9.3324192795177870e-07        -9.1328746943824423e-08        -2.7252573212412516e-07        -7.8136922728432452e-07         2.2925814698692814e-07
96                                    -1.5604583309107703e-05        -1.2208735172108365e-05        -5.4641464409476120e-06        -1.8565566626115534e-05         3.6625189187570696e-05         6.4932783326969530e-06         9.4612027606877933e-06        -4.6372186458706313e-06
97                                     5.4591519648716113e-06         2.4560379224106865e-06         1.3444036956018522e-06         5.8275102930237149e-06        -8.3336708428918531e-06        -1.4187187465980380e-06        -2.0745677880601944e-06         1.0329947824315489e-06
98                                     6.6867796128499343e-06         2.5030095980331324e-06         3.2543415591243826e-06         9.0409986271769296e-06        -1.4846289593765092e-05        -2.6925803204574097e-06        -4.2193672065371176e-06         2.0394943877598722e-06
99                                     2.3444530262944387e-04        -8.1205204332295271e-05         1.0150066902331846e-04         1.0463529089457151e-04        -4.2733002079695180e-06        -1.3218851702579466e-05        -1.9745971144737644e-05         1.0930129547495363e-05
100                                    1.1770950569335657e-04         1.2889322852640606e-04         1.6764552163925871e-04        -7.4282393252190731e-05        -2.5237205987572623e-05         6.8974032691523731e-05        -2.2688150450262610e-05         1.0872140624618870e-07
101                                    1.4484058993590734e-04         8.0020732258355307e-05        -9.9326867655691697e-06         1.7694822073605480e-04         2.2469013804426004e-05         3.8073012543601072e-06         5.5888421897283918e-05         2.5086636795172376e-06
102                                    1.3313223750446863e-03         3.9820453047054666e-03        -1.7680492067278921e-02        -2.1927616608243737e-02        -6.0236293151047698e-02        -1.6410885343608572e-02        -2.1381571608984028e-02         1.3072738680995647e-03
103                                    2.1756284209460083e-03         1.5500602340409453e-03        -1.2951459503625709e-04        -6.3963329226814566e-03        -1.6256982234151746e-02        -1.5523414373589794e-01        -1.4645931384515465e-01        -2.2398990187252540e-04
104                                   -8.0121338216265813e-04         1.7910099506297239e-03        -7.3167619698807848e-03        -3.8891373941737778e-03        -2.1151375985090284e-02        -1.4648233470824509e-01        -2.1944024762108783e-01         2.1861021815854434e-05
                                                        64                          65                          66                          67                          68                          69                          70                          71

0                                     -5.9864063263039509e-02        -8.6534038864343354e-02         5.6185373096251292e-03         1.6358400327877630e-02         2.0337526110590601e-02        -4.2819888842778259e-03        -1.2152564064788155e-03        -2.0686809824173608e-03
1                                     -5.9674227933698309e-02        -3.2285662240129624e-02        -2.9030761747056780e-03        -3.2361449307882623e-03        -7.9972365916325602e-03        -4.6309812729349725e-04         4.9882864965439880e-03        -2.8207135661868464e-03
2                                     -3.2295870497167846e-02        -8.0022029284679524e-02        -3.4550769279520430e-03        -7.0580369222928777e-03        -5.7657867724854664e-03        -1.1493060490327302e-03        -2.8530346825519151e-03         3.6614043441019154e-03
3                                     -1.8014733716519012e-02        -2.2338613480676686e-02        -2.4956892783099874e-01         8.7991068449454563e-02         9.8231417772420573e-02         3.1691138964288230e-03         1.2158696704658994e-03         1.4939570456424175e-03
4                                     -1.0715383560464266e-03        -4.7717537110714171e-03         8.7645841494070037e-02        -8.3824165541434292e-02        -5.4877969391452848e-02        -1.7404215229907517e-02        -4.1222749018294223e-04        -5.8374640971286876e-03
5                                     -5.7255506971692072e-03        -4.1368757518068372e-03         9.7826911441386250e-02        -5.4875690596847090e-02        -9.8913336404556532e-02        -2.1544320810129906e-02        -4.9124879766863326e-03        -3.5271370424136209e-03
6                                      5.9946537599834399e-04         5.3542004420327818e-04        -1.7321097040852357e-02        -7.9092019710823580e-03        -1.0830690763708226e-02        -5.9627973552419125e-02        -1.4302263496256825e-02        -1.8863288931289132e-02
7                                      1.3566943050342668e-03        -5.2664836037241711e-03         1.1146331949060152e-02         6.3426088503662804e-03         3.8337006085312347e-03        -1.4001325783777286e-02        -1.5537720079265649e-01        -1.4826672530980861e-01
8                                     -5.2293402587982336e-03        -8.6044605920912020e-04         1.2743101472844940e-02         2.8973942446309971e-03         7.8807586207643165e-03        -1.8435449755856613e-02        -1.4827942798548582e-01        -2.2016276334311191e-01
9                                      5.9084101416811583e-04         7.7124394921166371e-04        -2.8322274497934209e-03        -1.6316244777717015e-03        -2.5188727476104233e-03         7.1144059159590767e-03        -3.0957542104907629e-03        -3.6416628965866560e-03
10                                    -6.1594734999780758e-04         3.3126240079535537e-05        -1.8898889394061776e-03         3.7659021395535434e-03        -3.5694863906254788e-03         1.6002828651259723e-02        -2.6227081049406860e-03        -8.0345309742997709e-03
11                                     3.8089521394649509e-05        -5.4693241865800722e-04        -2.8111296835378768e-03        -3.5456177752277900e-03         2.0304244504634442e-03         1.9905601990266544e-02        -8.9797963860244051e-03        -5.6194656945448215e-03
12                                    -9.6108369133987478e-05        -1.0981483069841312e-04        -8.8805873314639597e-04        -1.4937904124745621e-04        -2.6121443540432480e-04         2.3220302958863095e-03        -5.8687489672058692e-04        -5.0648252610464850e-04
13                                    -2.9624462546787289e-05         1.9305538605526791e-04         8.9051911997884477e-04         9.9123411000057865e-04        -1.3785740709562985e-04        -9.5851067546401088e-04        -1.2413557896247319e-03         2.1790858072213560e-03
14                                     1.9515452740170489e-04         3.7802863587536553e-05         1.0009970424794735e-03        -1.9431161003383352e-04         9.6455996333513327e-04        -9.3322822792369286e-04         2.2004910685265869e-03        -3.7249500492545179e-04
15                                     1.1548430046980882e-04         1.5051141963633741e-04        -2.8563542392947227e-04        -8.9692877023980343e-05        -1.0334968979977907e-04         4.4201791902922323e-04        -1.2103598386363859e-05         1.8053263880860168e-05
16                                    -4.2888299511372884e-04         2.6591164855187260e-04        -4.5266810056017302e-04        -2.5413986749994987e-04         6.1154287142551779e-05         3.2097368733440001e-04        -5.3652206715099754e-04        -7.7940677647152668e-05
17                                     2.6061600436038334e-04        -3.0251215710678104e-04        -5.5692809745843980e-04         8.1665626397174173e-05        -2.5788923695307931e-04         4.5153521073367517e-04        -9.3354996245546265e-05        -5.6724839458231334e-04
18                                     1.2103787760755495e-05         2.9557830488616003e-05         2.1918863398203331e-05        -2.0784883602698852e-05        -1.3501448260965942e-05         6.4177624389596700e-05        -5.0835065870784600e-05        -6.4293025602698688e-05
19                                    -1.0215284864720224e-04         1.6018354570398124e-04         6.4660038877053155e-05        -1.7267767239842387e-04         2.0623002407208721e-04        -3.8380672703761417e-05         9.8002511135840496e-05        -3.6830228041986632e-05
20                                     1.6782850011324719e-04        -3.4211472634071503e-05         1.0009716089317896e-04         2.0882374485891670e-04        -8.5279105931319849e-05        -5.6863151073764841e-05        -3.2711472552136384e-05         7.6358967832761148e-05
21                                    -6.0816501805144877e-06        -1.0501066329366578e-05        -5.7928291091366274e-05        -1.3513350147083356e-05        -7.0547384761179745e-08        -3.4307779029723287e-05         5.2000138514898123e-05         4.6088791428695593e-05
22                                     1.1626788301243503e-05        -6.6639699340980318e-06        -1.9491530751536789e-05        -8.5316138880072652e-06         3.6654927715817041e-07         2.6457092313994100e-05         8.3939160025762861e-06        -1.4420806265809448e-05
23                                    -5.5707887963304205e-06         7.8301400749384491e-06        -3.1539515019912240e-05        -1.2172426382585507e-06        -9.9973390127449083e-06         3.6595787207511563e-05        -1.7139681457496084e-05         3.3512077853549237e-06
24                                     1.2682011523812935e-06         4.2969687454392418e-06        -2.8817340319361944e-05         7.6574619918377959e-07        -5.4559143249166087e-06         1.2652386038598451e-05        -1.1333414387292636e-06         1.2255500804679028e-05
25                                    -1.0304581963672499e-06         3.4522712005002082e-06         2.9389465051807623e-06         2.7539818889729018e-05        -1.8603003942251241e-05        -4.5991988794388958e-06         1.0292874684157371e-05        -8.5151658769723639e-07
26                                     1.6086848306342606e-06         2.3478540033242579e-06         4.7157943513642726e-07        -8.7581004877539345e-06         1.3455050827883619e-05        -5.5338119962881870e-06         7.8610395049263194e-07         1.4831764158825400e-05
27                                    -1.2224629086935915e-06        -1.9887570178999028e-06         5.1601003382662365e-05        -5.0394367084848350e-06         1.5751302612218506e-06        -5.6581938849295066e-06        -2.7153477763423078e-05        -3.9835025171756187e-05
28                                    -2.1790536366659983e-06        -4.0068873351974273e-08        -2.7963304066867025e-06        -2.5344851963313137e-06         4.0799354298579692e-06        -4.1573097520615393e-06         2.0080662432284825e-05        -9.7150428854159734e-07
29                                     1.2212331100108076e-06        -4.2303562045664585e-06        -1.1975667961645095e-06         3.2057775132311603e-06         4.5334319432971620e-07        -8.2014606931490767e-06         8.2022702563911394e-06         1.3922758011435168e-05
30                                     2.7347372115766065e-07         1.7411684798510005e-06        -7.9693139778603362e-05         1.1011597362544399e-05        -7.1599008333006855e-08        -3.3698372730910293e-06         5.4296398691352803e-05         7.0029499085556319e-05
31                                     1.0515022065656238e-06        -9.0287834430320018e-07        -1.4375562441209777e-05         2.5864533453016761e-06        -3.2279158552255832e-07        -9.3748289579633826e-07         6.0896219415390873e-06         1.8552001779330370e-05
32                                    -1.1608087494710480e-06         1.3545913094012516e-06        -2.6511954121042466e-05         4.0205719107111503e-06        -1.1136996556598117e-07        -1.3742413879464617e-06         2.4221063437978771e-05         2.2223670467683123e-05
33                                    -6.6359530907202037e-07        -1.3145038882575162e-07        -4.3332909093415318e-06         1.5397558543579106e-06        -7.7506355586149311e-08        -1.0463448638264706e-06         6.1005653761526254e-06         6.5117971396424067e-06
34                                    -9.8291151284039113e-07         1.6109228340867486e-06         2.0827594830871447e-05        -4.0906393472811446e-06         1.0278209445473225e-06        -1.6512929389558701e-06        -1.6112253717143375e-05        -1.9205280955357662e-05
35                                     2.6908148037750827e-06        -1.1755621414985839e-06         3.0574265022867369e-05        -4.9811431020851763e-06         7.0039581511340571e-07        -2.3864411912636345e-06        -2.2934981521849421e-05        -2.8583489436822194e-05
36                                     3.2290414794062058e-07         8.9359592379871728e-09        -1.3777508549495918e-05         1.4008705568604558e-06         3.1774560802896239e-07        -2.1725910403295888e-06         1.0339394670096153e-05         1.2110473680517889e-05
37                                    -1.1705437894743643e-06         7.2330824645638641e-07         4.2064658093176859e-06        -5.4948859525954002e-07        -1.6274615155434702e-07         7.5253224384622759e-07        -2.7462581903329039e-06        -4.1023530774754216e-06
38                                     2.7246612144296749e-07        -7.0186508544956981e-07         6.2802041147047974e-06        -7.4451175082117460e-07        -3.0534697184867417e-07         1.2523492186611832e-06        -5.0150891683265737e-06        -5.3736001953659746e-06
39                                     1.6026182690016922e-07        -2.5052938146478915e-07         3.1690790109045488e-06        -3.2008564810025582e-07        -9.2944770624379301e-08         4.3955125065176302e-07        -2.3732533693872647e-06        -2.6992735686633432e-06
40                                     6.1307305207605528e-08         6.8127097460197837e-08         1.0300124545733684e-06        -1.2431562779224417e-07        -6.2031999963135044e-08         2.0758499454887726e-07        -7.8207064252839410e-07        -9.1097205330910476e-07
41                                     3.6853658164302038e-07        -1.4907619719798202e-07        -9.4331724959969066e-06         1.0827822277618774e-06         2.7135522565731128e-07        -1.5509188988644797e-06         7.1144459417889245e-06         8.5610022723892079e-06
42                                    -3.4358357530578208e-07         1.7593887859723539e-07         2.8593188066735019e-06        -3.2278989055963220e-07        -4.1424381795020432e-08         3.7829122792901206e-07        -2.0128686020560186e-06        -2.5149737855729023e-06
43                                     1.0188377269880793e-08         9.3050042458438632e-08        -9.1626240029197886e-06         1.0625655605859869e-06         2.7894427756524752e-07        -1.5394389903343783e-06         6.9386173111180287e-06         8.2923048967117408e-06
44                                     8.4631786581438042e-09         1.5203555303522777e-07        -3.0011685511508779e-06         3.7459782599638246e-07         4.9210006870233574e-08        -4.6438942941768194e-07         2.3617107865089945e-06         2.6841801320806596e-06
45                                     3.8550131305798376e-06         1.6161503538062819e-06        -1.1718351881768439e-05        -5.9919544342689000e-07         1.8751369896168156e-06        -7.4580168240956771e-06         5.3401853260589387e-06         8.0217379675484081e-06
46                                     1.8391049430489582e-06        -2.4619772072988200e-06        -4.5456682644578268e-06         5.7240497966209026e-07        -2.0458398666668592e-07        -9.1563509814852068e-07         1.4129209357999564e-06         4.4675934699164220e-06
47                                    -2.2987741514352757e-06         1.1472751574390540e-06        -7.0730673028641602e-06         4.9437972506236017e-07         4.7466399755921585e-08        -2.3991665511874485e-06         4.6544466859672537e-06         4.7807600746907865e-06
48                                     2.6076914839655161e-06        -1.6574194101118256e-06        -9.7354876582988478e-06         2.6185628986165067e-06         7.2714834958883374e-07         1.5507652282205827e-06         1.9119665368488236e-05         1.5541417192578206e-05
49                                     2.4456716693593982e-05        -1.4997163405327916e-05         1.9517326538253529e-05        -2.8023542075684727e-06         2.0033653738801187e-06         7.5191652956641398e-07        -1.2547284038242694e-05        -2.0535933018786159e-05
50                                    -9.3730615712935754e-06         1.6179245303786841e-05         3.2780561191101030e-05        -1.8146371214485995e-06         7.3264109718285057e-07         1.3507552988344546e-08        -2.8524649127656507e-05        -2.4091930989667354e-05
51                                     2.1130164892161051e-05         1.4835768755331680e-05         1.0097558026953796e-05         9.3249608131914029e-06         7.4989198270782289e-06        -1.7161817246543748e-05        -1.5135900502383215e-06         3.2451482291145976e-06
52                                    -7.1134763041771952e-06        -5.8589130219876959e-06         2.2391396309439573e-05         1.2390466627434834e-05        -1.0113181859953098e-05        -4.4966072992363601e-06        -1.1461298630285733e-05        -1.3755492121136715e-05
53                                    -9.3556388046688786e-06        -7.9540702517967221e-06         2.8619964764850750e-05        -1.0253730494641703e-05         9.6032779196276693e-06        -8.5767007436908776e-07        -1.4593435514981935e-05        -2.1325970550553327e-05
54                                     3.8889097456217545e-04         3.8739053418730744e-04         1.4136827831031230e-04         1.6106796649214026e-04         2.2829545958486820e-04        -7.9752622412247243e-04         4.0638574156463483e-04         4.8484445803146834e-04
55                                     9.5428600530835937e-04        -2.3511931936311787e-04         1.8715485796985489e-04        -2.1617418518885218e-05         1.3746750255233726e-04         1.2156692525407010e-03        -4.4087879465779157e-04        -4.1582136013443554e-04
56                                    -1.8820382497425738e-04         8.4554599419108228e-04         2.4932755648941274e-04         1.3500579912772561e-04         5.3848845749978653e-05         1.4846983067170741e-03        -4.6091088120355097e-04        -5.5606931074318440e-04
57                                     1.9526439052283719e-03         2.0102241482587123e-03         3.3547648503052131e-05        -6.9162004636959045e-04        -8.0859113659355526e-04        -3.6033421655843555e-03         1.6421221964360742e-03         1.5351552446226050e-03
58                                     3.3995691966277200e-03        -4.5459612588338895e-03        -4.7824272210974725e-04        -6.2153370659606200e-04         2.6545802394687583e-04         6.2394091947095068e-04         4.3631063157469948e-03        -2.3452627123761900e-03
59                                    -4.5789843644098351e-03         1.6660841806752031e-03        -5.5345715771584368e-04         2.4304841072416035e-04        -5.5910598921858894e-04         2.6057387355351690e-04        -2.2867541387278957e-03         3.5025606793618533e-03
60                                     1.2176862600231871e-02         1.4022707798273290e-02         1.2539524545461074e-03        -1.1191425238114040e-03        -1.5990269686943764e-03        -1.0267396827750165e-03         3.1832358467932223e-04         3.6857093450291226e-04
61                                     6.2166563816399255e-03         2.9859537269604376e-03        -4.7901107763166292e-04         1.6371961801375512e-03        -5.1072757309742253e-03         1.0018069976859231e-04        -2.9846375301735778e-04         5.6684583123307961e-04
62                                     3.9300240882773705e-03         7.8807069799892299e-03        -8.1577050862930399e-04        -5.1292598796104059e-03        -6.3566217424077670e-04         1.1263809491786261e-04         5.7563687762929782e-04        -3.8894261674061580e-05
63                                     6.3418595377958534e-02         9.2177959773504486e-02         6.7460052314310438e-04        -2.1944897005921754e-04        -4.8159026251684729e-05        -5.0613683447825052e-05         6.6421187169282562e-05         6.1887898120455012e-05
64                                     5.4187152089462183e-02         3.8453415211564222e-02         9.7408814662172140e-05        -1.7297442876491825e-03         2.6007688208345712e-03        -8.0195015192559814e-04         4.0059654418744134e-05        -4.1312570512219948e-04
65                                     3.8453415211564222e-02         7.7593661523375781e-02         3.4007788593826919e-04         2.5851431865214318e-03        -6.1949266046903376e-04        -1.0088602928694445e-03        -3.6941323052398046e-04        -1.6665878860574009e-04
66                                     9.7408814662172140e-05         3.4007788593826919e-04         2.6168479387006688e-01        -9.3693439171968734e-02        -1.0417229680680035e-01         1.4228958764711209e-03        -9.3330175589476962e-05         1.8913179650922353e-04
67                                    -1.7297442876491825e-03         2.5851431865214318e-03        -9.3693439171968734e-02         7.9686508668248709e-02         6.2476028877077316e-02         2.6648209949193500e-04        -2.5414298784168458e-03         2.6829887836903590e-03
68                                     2.6007688208345712e-03        -6.1949266046903376e-04        -1.0417229680680035e-01         6.2476028877077316e-02         9.7500416495297643e-02         6.3515818019873509e-04         2.6626830061138741e-03        -1.3746830008808187e-03
69                                    -8.0195015192559814e-04        -1.0088602928694445e-03         1.4228958764711209e-03         2.6648209949193500e-04         6.3515818019873509e-04         5.5037726434407422e-02         1.5351169504469972e-02         2.0466912003137907e-02
70                                     4.0059654418744134e-05        -3.6941323052398046e-04        -9.3330175589476962e-05        -2.5414298784168458e-03         2.6626830061138741e-03         1.5351169504469972e-02         1.5504521793714887e-01         1.6234115120823656e-01
71                                    -4.1312570512219948e-04        -1.6665878860574009e-04         1.8913179650922353e-04         2.6829887836903590e-03        -1.3746830008808187e-03         2.0466912003137907e-02         1.6234115120823656e-01         2.2598874162853919e-01
72                                     1.7751431061061669e-05         2.4121617878741825e-05         2.7624926812994750e-05         1.5031366405657394e-05         1.6413281394264972e-05        -2.7847011966256237e-04         3.0144573528859651e-04         4.0058846483576722e-04
73                                     1.0583805263939877e-05         1.8889495616504734e-06         5.7607033730350265e-05         6.8944275236768634e-05        -5.7465653271454489e-05        -1.6444083608006891e-04        -2.9651600034909080e-04        -3.3618107161461253e-05
74                                    -6.8608589079218623e-07         1.5394577764827770e-05         6.1327297141855111e-05        -6.1827991158277959e-05         4.3010698408447025e-05        -1.8797405999812646e-04        -1.3581545399822504e-05        -2.9804446468572915e-04
75                                    -2.8647179963202406e-06        -2.5998161983144574e-06         1.2784315427302904e-05        -2.8387388195515505e-06        -2.5000322146585427e-06         1.9842206804279777e-05        -1.2896121812465208e-05        -1.3796758176417733e-05
76                                    -5.5487842128388473e-07         2.7299768753502111e-06        -4.7844962512208144e-06        -5.7983705357056553e-06         7.8920714609296471e-06        -1.7341764768052975e-05        -4.8995736593818195e-07         2.0697614100044357e-05
77                                     4.0825465502190800e-06         1.2034901273384497e-06        -8.4265140513083801e-06         7.0360549382130280e-06        -7.4489230779580651e-07        -2.9538426330571697e-05         2.4267137292942521e-05         1.4272696900465438e-05
78                                     2.8152751490755709e-07        -7.3277314000876973e-08        -9.9252209715116818e-06        -9.2259454167215438e-07        -3.5538893773530424e-07        -8.1982381556260168e-07         4.6837230700589592e-06         5.8087110055104720e-06
79                                    -2.3148343529341600e-07         1.5276659731657549e-07         2.9138451908781078e-06         5.4175408401997254e-07        -7.3167044542519398e-07         2.3714051128678748e-07        -5.4705764358384779e-06         1.9318436861573467e-07
80                                     5.9546931375869294e-08        -6.2976706080854444e-08         3.6706280371228198e-06        -9.4331111800867597e-07         3.6330928573154349e-07         1.1518114987963657e-06        -7.5227637253039322e-07        -5.3651335767713958e-06
81                                    -5.1306007468347514e-08        -6.5402289906963475e-08         1.9207317985394046e-06        -2.1622510000587813e-07        -7.0931473247036058e-08         1.5804847405109502e-07        -1.0146208121386492e-06        -1.4146155551108543e-06
82                                     1.5976858244847123e-07         3.8815227620444669e-08        -5.0755138447400643e-06         9.9413272237710272e-07        -3.1065426858732160e-07        -5.3866631011907547e-07         3.0780662740837822e-06         4.8124751585592484e-06
83                                     7.7420471862210642e-08         2.1861270022031562e-07        -7.4661257915330595e-06         6.1543193438315120e-07         2.5410269523422151e-07        -7.5166244415535989e-07         5.4565041442890017e-06         6.2386590948211435e-06
84                                     3.9958364259969436e-08         2.9714141350323357e-08        -2.3213823581965507e-06         2.7929434856207609e-07         4.5548599002770255e-08        -4.1065470271427699e-07         1.7261430299478269e-06         2.1204289113790223e-06
85                                     7.7513326220410631e-08        -2.2473860138187326e-08        -6.2175816960637723e-07         7.8119967410366552e-08        -2.3983006392530823e-08        -1.0465741302359879e-07         4.8192246520870221e-07         4.8961549416103115e-07
86                                    -2.5047158364236810e-10         6.9395022468225911e-08        -1.1598567495009338e-06         9.7969616130381723e-08         6.5162971187319920e-09        -2.0909385748056530e-07         7.9269827589153080e-07         1.0327596287525525e-06
87                                     1.6897319365083306e-07        -3.2604779714950850e-08        -3.5200775765666680e-06         4.1771051502985576e-07         8.5819750598327931e-08        -5.8849052571538772e-07         2.6846173217241718e-06         3.2384218615797252e-06
88                                    -3.6635518265964623e-08        -3.3424600065025715e-10         1.2246111078909370e-06        -1.4521682838452962e-07        -4.9884719163800382e-08         2.1422265789932106e-07        -9.1433840105317476e-07        -1.1214673679379375e-06
89                                    -6.9433449490959167e-08         2.3775416373169960e-08         1.3729466593312534e-06        -1.4649730043711235e-07        -3.5571295313059016e-08         2.3342508578529569e-07        -9.8275668677833174e-07        -1.2239403614601663e-06
90                                     1.8679749698781477e-09         1.2038132053582345e-08         6.5335891438343339e-07        -7.7645871009998762e-08        -5.8990983808854413e-09         2.9929059052606654e-08        -5.1962208060454490e-07        -6.1484133818793824e-07
91                                     1.9842205502108322e-08        -2.6839879850846957e-08         6.9331555899911231e-08         4.1556149324935195e-09         6.5728064038948493e-09         5.9344115770353224e-08        -1.1540599721639091e-07        -1.1794513659770753e-07
92                                     1.8858022486609757e-08        -1.5290084858732709e-08         8.6965883904943940e-08         6.4743701587846386e-09         1.3194879603620975e-08         4.2022932976528559e-08        -1.2541584141639702e-07        -1.2816647023153690e-07
93                                     2.6892891362340634e-08        -7.3030175476027288e-09         7.4556349656157590e-07        -1.2079064770858565e-07         9.0048985570825786e-09         3.8306587609342358e-08        -5.3766202378035784e-07        -7.1760674279961500e-07
94                                    -1.5656026082479469e-08        -1.3365484539191842e-08         1.3751330163796216e-07        -1.4080572882813989e-08         9.6401670127486888e-09         1.4778578887713671e-08        -5.3076810183514683e-08        -1.1479576705495184e-07
95                                    -5.4714331417561070e-08         3.0907226220025860e-08         1.2371733335178153e-07         3.3873597035559763e-09         8.3973876719196255e-09         6.8909987616331883e-08        -1.6036207089106938e-07        -1.7620194641006069e-07
96                                     9.4638183983218089e-09         1.0440271766114375e-07        -3.5964266037111384e-06         4.2715786454914877e-07         9.0006896544002265e-08        -6.1422159946891244e-07         2.7602644201899545e-06         3.3091773076496365e-06
97                                    -1.7947096746845069e-09        -5.3687156549735824e-08         8.9441135227461905e-07        -1.0265208486254564e-07        -2.7057751433389357e-08         1.3064820840350747e-07        -5.9896480101979708e-07        -6.8432626468865551e-07
98                                    -2.6070601086933563e-08        -2.4384141633377460e-08         1.6084179332860306e-06        -1.9113197362851073e-07        -5.3790145528572650e-08         2.7361224881721969e-07        -1.2256919697756323e-06        -1.4160483955121305e-06
99                                     1.1421575339874116e-07         7.5979001378120747e-07         1.3092664589021744e-05        -6.4250827505339171e-07         4.5933903163707107e-07         7.3279496045238455e-07        -7.9252915752278051e-06        -8.5413839970761190e-06
100                                   -6.8697420545537443e-06         6.8532470182945692e-06         3.5402640725957300e-06        -3.2486479414975614e-06         2.5543933872585419e-06        -6.7656083224270863e-08        -7.9026863282423600e-06         2.1718739554778553e-06
101                                    4.9154284953180949e-06        -2.1583622964837363e-06         6.1143427288085252e-06         2.4106994659632710e-06        -1.5331195711863707e-06        -1.6635908493060904e-06        -7.4975738961303789e-07        -6.3957664818805243e-06
102                                   -6.1680037334166837e-04        -4.6205776127333721e-04         1.4514965208864557e-04         7.3668578551200510e-04         9.0345787841951473e-04         1.3207184089275302e-04        -4.9022981393455751e-05         4.1630128412771620e-06
103                                   -2.5319993023921084e-03         2.8138853000913406e-03        -1.2627950889027397e-04        -1.0876892720738449e-04        -4.8060189832568672e-04        -4.0066922057971790e-05        -7.6494467468623563e-04         5.2279006000530517e-04
104                                    2.7955996562459462e-03        -1.3641229051995192e-03        -1.6271439556046676e-04        -4.3885750905871501e-04        -2.7496056104515238e-04         1.7181748926539569e-05         5.2214562844638858e-04        -5.4342552378992945e-04
                                                        72                          73                          74                          75                          76                          77                          78                          79

0                                     -3.1157987342429576e-06         9.1199999970523302e-05         1.1069220147255665e-04         2.7878389209235201e-05         2.2018319803351381e-06        -8.4058644723830462e-06        -4.3299840025936241e-05         2.3983549922382924e-05
1                                      2.3217910504510779e-04         8.9439438938099323e-05         4.9019947140085626e-04         3.1924112772312404e-05        -1.6440112862389185e-05        -4.5749025634053892e-05         2.7408595509723072e-05        -2.4979856611263689e-05
2                                      3.1472896175197197e-04         4.1971396155448675e-04         3.7501710948345990e-04         4.4430222894881283e-05        -3.4700471863097088e-05        -5.2859457767501033e-05         3.0426020150196944e-05        -2.7651879025559268e-05
3                                     -8.9001489936890764e-05        -2.3788042895928237e-04        -3.9682730017265668e-04         2.9365474903253334e-05        -1.1101734408547733e-05         2.8355626249239134e-07        -6.3063389017933930e-05         4.0720586400659092e-05
4                                     -2.8080368022380875e-04        -2.7463767401086881e-04        -3.7685881243903336e-04        -2.4578438052028171e-05         1.5767536665401727e-05         2.6708844752641315e-05        -1.0045913876917178e-05         2.1586045330923470e-05
5                                     -3.8584091315312785e-04        -3.3042923602085621e-04        -5.2049467655179813e-04        -2.9679642461046367e-05         2.1131263502081813e-05         3.2651316161539043e-05        -1.4982422650639459e-05         1.6334740562205902e-05
6                                      1.8755340260861574e-03         6.4581191675510720e-04         1.1650250865068053e-03        -2.8414976471719878e-06         2.9005262155580939e-05         1.8831086684722846e-05         1.6112987601314121e-05        -3.8405304693225758e-05
7                                      2.3753237107359236e-04        -5.7763852957109845e-04         6.6189870285365934e-04        -1.3440975064978283e-05         9.7054897170921223e-05         2.0735385026721271e-05        -3.0227612521345921e-05         1.0443139049769855e-05
8                                      3.7988850811531446e-04         7.4169627255420026e-04        -2.8733992744151612e-04        -2.1804002858267954e-05        -1.7515767436499922e-05         1.0021858389179213e-04        -4.3531838583893285e-05         1.2715107689248042e-05
9                                     -2.1882382363955996e-03        -5.3141776609860747e-04        -1.3138325158052119e-03        -1.4283758767980948e-04        -1.2060340503153806e-04        -1.6376446367411961e-04        -1.8636278456771031e-05         4.1410714677997478e-05
10                                    -1.8074250935225824e-02         2.4235776241696193e-04         4.8490719728954655e-03        -1.6714688039261671e-04         1.9894616157008048e-04         1.2631432611496160e-04         1.2368492790711070e-04        -6.7229864896649352e-05
11                                    -2.1493621091182420e-02         5.8079176043929655e-03         1.1072166332234123e-03        -1.9944906028764741e-04         4.0226752712109023e-05         2.5235093878435433e-04         1.4881723208863817e-04         1.3268003484518367e-05
12                                    -1.4142454138330668e-01        -9.3704785406930835e-02        -1.1530323841645174e-01         4.6938320655122575e-04         2.4563244538665157e-06        -1.5867275614907066e-04        -5.6136933497308848e-04         8.2768129720399344e-07
13                                    -9.2498359160154281e-02        -1.5994872963852824e-01        -1.8598511390779887e-01        -5.3598783690856678e-04         1.3876853006397193e-04         3.1769619308715425e-04        -6.2579585409934096e-06        -1.3733299275534415e-04
14                                    -1.1440592167082553e-01        -1.8723557296994955e-01        -2.3406756679960311e-01        -6.2489333954155357e-04         1.9097163738196563e-04         4.1024798597437851e-04        -2.1651581631835685e-05         9.4508079295941731e-05
15                                     1.7200886718814284e-02        -8.7147971580762203e-03        -9.6261271747463736e-03        -6.7634822899481119e-04        -1.2782609424594818e-03        -1.3263750422326213e-03         4.8487910223426784e-04        -1.9388389757277137e-04
16                                     5.4540598755942402e-03        -9.3207131639680973e-03        -2.5297142173918985e-03         2.5949773269124798e-04        -2.6888934568019794e-03         9.1459107040318260e-04         8.2228304630917117e-04         3.5468205095492804e-04
17                                     7.2110940676166184e-03        -2.3306617134356417e-03        -1.0791223149204769e-02         4.8990621677847768e-04         8.9253996290845385e-04        -1.8748331385161059e-03         1.1905803855105776e-03        -3.1517682007226993e-04
18                                    -3.1481776149384043e-04        -3.6548951147095769e-04        -6.3245974206323219e-04         1.1131635353549125e-02        -1.0135565748791014e-02        -1.5016379791476235e-02        -4.6892855665416761e-03         4.3987602249177110e-04
19                                    -2.2933628069089817e-04        -7.3317706517591393e-04         9.0939983076901952e-04         5.0080592511263580e-03        -2.8744125773685729e-03        -9.1117336022596383e-03        -6.7850163977865516e-05         5.7614933742058897e-03
20                                    -1.5708305784449474e-04         7.9263866205760841e-04        -4.6848824686266007e-04         7.9990151340916457e-03        -1.0010669156929827e-02        -1.0977444304869511e-02        -8.3954612182338823e-04        -2.5082474842944829e-03
21                                     1.1439855306891102e-04        -5.4442099628719694e-05         4.5913832475007839e-05        -1.6618000368347502e-01        -7.4093360507867606e-02        -1.1863770335333082e-01        -5.8997147420271241e-03        -1.8350447657810437e-04
22                                    -5.8339881107194467e-05        -6.3223419648856573e-05        -8.8521718053863048e-05        -7.4968160194336803e-02        -9.4538023793357295e-02        -8.9001944060207838e-02         1.6093801763567013e-02         2.5368565006609290e-03
23                                    -7.8174530946185781e-05        -5.4267042507020894e-05        -1.7569929167498047e-04        -1.2015560752526790e-01        -8.8991183640336077e-02        -1.7757398532582447e-01         2.3389282523507533e-02        -1.9422680835041693e-03
24                                    -1.2098388294745413e-04        -1.2010896888357165e-04        -2.4302713971005417e-04        -1.3243317172957861e-02         3.7912394415533929e-03         4.6969723563250187e-03        -9.8200441675809103e-02         5.7673518340376512e-02
25                                    -1.2343502672040575e-04         6.8388680911712644e-05        -2.6650090083998580e-05        -1.2442548736794165e-02         5.7649577091521704e-03         1.1839654484913156e-03         5.7253624993221716e-02        -1.2252653905385061e-01
26                                    -1.7676461814948873e-04         1.6718971909170919e-05         1.1697434664213829e-05        -1.9541345238301231e-02         2.2426897215653803e-03         6.5291503264362227e-03         8.1345690382480240e-02        -1.2400920227076156e-01
27                                     2.2529022125605323e-04         7.5328566929667377e-05         1.8424727591106869e-04        -4.0617565164013242e-03         1.4218644420865333e-03         1.3479368671787256e-03         1.1357498568382654e-02         6.5679751910621038e-03
28                                     1.2502788692043731e-04         4.4704201352576821e-06         1.6109825187209028e-05         1.4704594252021265e-03         4.9810495730932235e-03        -2.9320226853877191e-03        -1.0210638729782631e-02        -1.8990220075206302e-03
29                                     1.3927780267759961e-04        -3.1590383792831148e-05         9.9843219376451859e-05         1.5691334151176940e-03        -2.8350220566061846e-03         2.7020736261059016e-03        -1.4773218400004867e-02        -9.3770401999756017e-03
30                                     6.4296875460495556e-06        -2.2563381529094219e-04        -2.9706240766546634e-04        -3.9187536453897255e-04         2.7483339982039504e-05         2.2442604224340551e-05         1.5924326830246719e-03         3.2536024598698275e-04
31                                    -1.4108920686260864e-04         1.3438907008270528e-05        -4.1274028277294418e-05        -8.2373215098138363e-04         8.1830500493883631e-04        -2.5019625759172063e-04         6.7564085440311133e-04        -1.4020150798909259e-03
32                                    -2.1148159321291674e-04        -1.7118480069538363e-05        -5.8905786423344962e-05        -1.3305515610600909e-03        -2.0274472469130386e-04         5.7824533827867842e-04         1.2826274419503896e-03         2.3346346277651172e-03
33                                    -1.6498851376620615e-04         2.9801390065439822e-05         1.5838627025071777e-05        -5.0897679171297997e-04         3.8172879171333824e-05         3.7689468580142093e-05         4.9462291184599922e-04         2.3267323408811215e-04
34                                     1.3239529218658634e-04         1.3370192648663734e-05         5.0777574155995255e-05         3.7657409343374996e-04        -2.1561704311098858e-04         1.8468964674314594e-04        -1.3340472022049977e-04        -5.4565775742357911e-04
35                                     1.8595124413247125e-04         3.5143876467035517e-05         6.4521950164493961e-05         5.4667027619947721e-04         1.8515027961353082e-04        -6.2789806305658171e-05        -1.4034710553663648e-04        -1.5103417081199636e-04
36                                     6.7661022966478086e-05        -5.3429519155988191e-05        -5.4869836442556039e-05         1.4455251879955915e-05        -4.3156137746234264e-06         1.0907586345996017e-05         3.4562416475299789e-05        -2.9269472620894678e-05
37                                    -2.4725880945805942e-05         1.6564339089037793e-05         1.6731358439537352e-05        -6.9290038298559740e-05        -1.9574689734077827e-04         1.5721380705325543e-04         1.9972042253540779e-05         1.3816090813906413e-04
38                                    -3.6924931438137429e-05         2.6808280262037907e-05         2.3161296214014658e-05        -8.4057950736924407e-05         1.6046452404552179e-04        -7.0175540012934880e-05         1.9108940732085418e-05        -3.0556845003092207e-05
39                                    -1.4191808735038180e-05         1.1859623662121921e-05         1.2841854680709426e-05         1.8581694485517444e-05         2.3739152997162354e-05        -2.4471398540305558e-05        -1.6750887687541824e-05        -2.2932949707984106e-06
40                                    -6.6264295587612239e-06         4.7746255159319780e-06         4.9242692889718627e-06         1.1637422134076118e-07         1.4374877765223707e-05        -1.0462715277251189e-05         1.4672854207085875e-06         9.1184364942963720e-06
41                                     3.5202019693405251e-05        -3.4131404228261624e-05        -3.6028818072819299e-05        -2.5481085532326050e-05         1.9443925957445508e-05        -7.1222314535020049e-06         2.8663211994540039e-05        -1.9232220308806864e-05
42                                    -1.3188975320101237e-05         1.1095210475718303e-05         1.1350698889481069e-05         1.4693543131435808e-05        -3.4260896855561734e-05         1.4946258052691725e-05        -1.4798578512962818e-05         1.4090372465537426e-05
43                                     3.4782475840096465e-05        -3.3444820032887718e-05        -3.5241930415626180e-05        -2.4644515514483352e-05        -5.0320385068410690e-07         6.4570448622322078e-06         2.5964168209290102e-05        -3.6948346004802066e-05
44                                     8.4803891666456323e-06        -9.7586206332857447e-06        -1.0468177382221984e-05        -1.1972963830111366e-05        -1.9184452116325045e-05         1.4788784565179945e-05         1.3090207704430452e-05        -5.7877357212145661e-06
45                                     3.4266230884126770e-04        -1.1968576047969554e-04        -1.1397898554299338e-04         4.0472417997939204e-04        -6.2596580765133963e-05        -8.1476418619509368e-05        -5.8238589348260657e-05        -2.2087065228907141e-04
46                                     4.4553180288295921e-05        -4.9464290878306995e-06        -3.6863986557960829e-05        -1.3077113696207711e-04         4.8467015794467088e-05        -3.6754151374368180e-07        -9.1742342516487629e-04        -6.0320956954178987e-04
47                                     7.9834363978414555e-05        -4.3004131709313700e-05        -3.3341465917967989e-05        -1.6638480817558708e-04        -2.0987850401685249e-06         4.0248047842189735e-05        -1.3745603453321339e-03        -6.5973332334487444e-04
48                                    -4.2919626802847221e-04         6.6727659266114072e-05         1.3854556163437736e-04        -5.5427417970288452e-04         4.9895167411682234e-04         6.7204742406612060e-04        -2.3379055234596835e-03        -1.6268593630374148e-03
49                                    -7.2582691218636155e-04         2.4929624500423411e-05         3.5691325851481707e-04         2.4375245689344112e-04        -6.8515289555291597e-04         5.2241265459426539e-04        -7.8920063032363822e-04         4.4116126806767932e-03
50                                    -8.4573276663975252e-04         5.0492322217803617e-04         5.6033740454158691e-05         3.6042532212140262e-04         4.9535006664869403e-04        -1.8744147023027030e-04        -1.6888687296969678e-03        -2.7669515329910264e-03
51                                    -1.0520234972146241e-03         4.1332502139201791e-05        -5.0525400968817009e-05        -9.1047027784994805e-04         2.1192505418236125e-03         2.8850246561248644e-03        -7.0796640447006105e-04        -5.3365664740330520e-04
52                                     1.6508163439189322e-03         1.7599318816245843e-05         4.0546313250633035e-05         1.5554606805799082e-03         2.2048212046946532e-03        -3.8248376112284752e-03        -3.0209152823266550e-04        -4.7834208132450852e-04
53                                     2.1074853101651098e-03        -5.7102598906791564e-04         2.1724503817243551e-04         2.0031876771019769e-03        -3.8001244529748939e-03        -6.5873261630050584e-04        -4.5736198884659476e-04         3.5643383408152408e-04
54                                     1.0986119517327310e-04         1.6716908934949518e-03         2.0894073554346155e-03        -1.2367004805771660e-03        -9.4586038870117539e-04        -1.3459126407660380e-03        -1.3253824157406015e-04         5.9198375806116801e-05
55                                     4.8693082854303384e-03         3.0639840245424771e-03        -4.0787915903040799e-03         8.8510128127854831e-04         5.8216611484077367e-04         1.4147130287063808e-04        -7.1389638028058978e-05         5.6827200617498433e-05
56                                     5.9078494843018796e-03        -4.0865043268705926e-03         1.5448668110270847e-03         1.2019947822351066e-03         1.9068885878021670e-04         4.1065775833662021e-04        -1.2288924256064602e-04        -6.8365512171685624e-06
57                                    -7.4018399363402886e-03         1.3724138056913811e-03         7.5601684950801600e-04        -5.5050810980162602e-04         4.4019467615297371e-04         6.9641322416458913e-04        -1.8577167308492678e-05         1.3653353717827584e-05
58                                     2.0180768685655777e-04         2.0634407624853550e-03        -9.8324127110375505e-04        -1.0307531952146224e-04        -1.7393127955227773e-04         5.0841573578356549e-04        -4.1469531303710356e-05         1.8036611380250538e-05
59                                    -2.6250834176527911e-04        -9.3971317524493836e-04         1.9097311183654255e-03        -2.0610793851418290e-04         4.9992792779142274e-04         3.2578575433002768e-04        -5.2801150677419894e-05         6.3155240060821198e-06
60                                     1.0554673519704906e-03         9.1942702224449401e-05         2.2130212499974758e-04         8.3056051502816090e-05        -5.7399495025105133e-05        -7.6183765838623216e-05         3.4853823410469013e-05        -3.0016194327285944e-05
61                                    -9.7606381019747746e-04         6.5089610765474665e-04        -4.0446362643976831e-04        -1.4983944920550045e-05         3.2365174403859565e-05        -1.5811260686373192e-05         1.2991910336307338e-05        -4.5059121438864420e-06
62                                    -1.2388586740954312e-03        -2.8771956554403020e-04         4.1966296141269577e-04        -1.1565419307497647e-05        -2.3284398512518032e-05         2.0626849701510171e-05         1.9688049963091720e-05        -8.7633689411901840e-06
63                                    -8.3292981254227938e-06         2.4179825766326967e-05         2.7894309081299523e-05         1.9310140460760620e-05        -9.9665676648156385e-06        -1.6031882858779474e-05        -7.8236488556334000e-06         3.6435991028682423e-06
64                                     1.7751431061061669e-05         1.0583805263939877e-05        -6.8608589079218623e-07        -2.8647179963202406e-06        -5.5487842128388473e-07         4.0825465502190800e-06         2.8152751490755709e-07        -2.3148343529341600e-07
65                                     2.4121617878741825e-05         1.8889495616504734e-06         1.5394577764827770e-05        -2.5998161983144574e-06         2.7299768753502111e-06         1.2034901273384497e-06        -7.3277314000876973e-08         1.5276659731657549e-07
66                                     2.7624926812994750e-05         5.7607033730350265e-05         6.1327297141855111e-05         1.2784315427302904e-05        -4.7844962512208144e-06        -8.4265140513083801e-06        -9.9252209715116818e-06         2.9138451908781078e-06
67                                     1.5031366405657394e-05         6.8944275236768634e-05        -6.1827991158277959e-05        -2.8387388195515505e-06        -5.7983705357056553e-06         7.0360549382130280e-06        -9.2259454167215438e-07         5.4175408401997254e-07
68                                     1.6413281394264972e-05        -5.7465653271454489e-05         4.3010698408447025e-05        -2.5000322146585427e-06         7.8920714609296471e-06        -7.4489230779580651e-07        -3.5538893773530424e-07        -7.3167044542519398e-07
69                                    -2.7847011966256237e-04        -1.6444083608006891e-04        -1.8797405999812646e-04         1.9842206804279777e-05        -1.7341764768052975e-05        -2.9538426330571697e-05        -8.1982381556260168e-07         2.3714051128678748e-07
70                                     3.0144573528859651e-04        -2.9651600034909080e-04        -1.3581545399822504e-05        -1.2896121812465208e-05        -4.8995736593818195e-07         2.4267137292942521e-05         4.6837230700589592e-06        -5.4705764358384779e-06
71                                     4.0058846483576722e-04        -3.3618107161461253e-05        -2.9804446468572915e-04        -1.3796758176417733e-05         2.0697614100044357e-05         1.4272696900465438e-05         5.8087110055104720e-06         1.9318436861573467e-07
72                                     1.3524842046248675e-01         9.9811044507467084e-02         1.2329956130722491e-01         1.0556023044667242e-04        -7.4378141535254367e-05        -1.1918846392253182e-04         2.9694707582574067e-06        -6.7456967436787269e-06
73                                     9.9811044507467084e-02         1.6427855724391865e-01         1.8727262234881581e-01        -2.4039185314159747e-05        -1.3946206954796892e-05         6.7051895252017747e-05        -2.6227750600650602e-05         1.7413864260168292e-05
74                                     1.2329956130722491e-01         1.8727262234881581e-01         2.3997321878474975e-01        -1.5999363386580667e-05         5.6847484970206144e-05        -6.9383323809886792e-07        -2.8872798236806004e-05         1.8016804245711028e-06
75                                     1.0556023044667242e-04        -2.4039185314159747e-05        -1.5999363386580667e-05         1.7401971978684780e-01         7.9364935909948336e-02         1.2756026775099150e-01         1.6278242352464663e-03        -1.4183804590055336e-04
76                                    -7.4378141535254367e-05        -1.3946206954796892e-05         5.6847484970206144e-05         7.9364935909948336e-02         8.9604056997029377e-02         9.9016364265031506e-02        -4.3226210170245016e-04        -3.2632574191787458e-03
77                                    -1.1918846392253182e-04         6.7051895252017747e-05        -6.9383323809886792e-07         1.2756026775099150e-01         9.9016364265031506e-02         1.8157589054366993e-01        -2.2004246975854472e-04         2.6386103757406812e-03
78                                     2.9694707582574067e-06        -2.6227750600650602e-05        -2.8872798236806004e-05         1.6278242352464663e-03        -4.3226210170245016e-04        -2.2004246975854472e-04         9.7247262964438891e-02        -6.2181532569672286e-02
79                                    -6.7456967436787269e-06         1.7413864260168292e-05         1.8016804245711028e-06        -1.4183804590055336e-04        -3.2632574191787458e-03         2.6386103757406812e-03        -6.2181532569672286e-02         1.1870734038634377e-01
80                                    -1.2322796236655597e-05         7.5063641943003877e-06         1.8031998120284520e-05         1.8124632069822181e-04         2.6077780635230439e-03        -1.1437967873530741e-03        -8.8013677632742926e-02         1.3597215427728221e-01
81                                     1.4698067554425067e-05         1.8182189633520092e-07         4.7333250866770434e-06         3.9895686626837591e-05        -6.2656873299014176e-06        -1.5068190630199071e-05        -2.0831605845571309e-04        -2.5280832932445191e-04
82                                     1.7573342787340535e-05        -7.3156029427403862e-06        -3.1150164895752900e-05        -2.8052465985517447e-05         8.4735158842020437e-05        -6.2932111069590591e-05         1.5083798846855621e-04        -3.0020752560204055e-04
83                                     2.1285775871399609e-05        -3.4217778993217820e-05        -2.3031386646183878e-05        -4.4273500423274136e-05        -6.2044012513325477e-05         3.2607859978042047e-05         2.2769355857206030e-04        -7.1392359164070105e-05
84                                     3.2220421630025271e-06        -7.0527353466657691e-06        -8.9866556416091719e-06        -4.5016343462164306e-05         9.5323510841528145e-06         5.5730457385140681e-06         2.4187783672957193e-05        -2.5531658196853371e-06
85                                     7.9133397117088809e-07        -1.7246265231676144e-06        -2.6702885177938167e-06        -1.0291396267828296e-05        -1.0387224814613646e-05         9.5817800539280219e-06         6.5959540501417586e-06         8.5225421839355085e-06
86                                     1.7257890997638992e-06        -3.9681460799302295e-06        -4.3674881215250322e-06        -1.6474342119558844e-05         1.1197029148449708e-05        -2.8207022684686618e-06         1.1777747887147549e-05        -4.4083662188934021e-06
87                                     1.2665416155103116e-05        -1.2688541503895148e-05        -1.3673822042036183e-05        -1.2815717294782817e-05         3.8634146609534554e-06        -2.2332594418892338e-06         5.9545634446384033e-06        -1.3047419799582888e-05
88                                    -5.2078915232426415e-06         4.3822276021910628e-06         4.5499742646186977e-06         2.8316053214610869e-06        -6.6234615519526878e-06         3.4627356826679765e-06        -1.9184295368867483e-06         9.0644869840048692e-06
89                                    -5.4158057676164225e-06         4.8619693274422600e-06         5.1706204049810166e-06         3.7760811697216457e-06        -5.1649852171644427e-06         2.8591195312361266e-06        -1.9559246928086763e-06         7.9210471390537223e-06
90                                     9.6471794963228897e-07         1.6881812170500666e-06         2.1277710371669884e-06         7.7695206280406429e-06        -1.6872178689129259e-06         2.2926844837452346e-06        -2.0996859633583801e-06        -7.6396844672043022e-06
91                                    -1.8965358728260901e-06         6.1610750670154809e-07         7.3982048810362081e-07        -1.4284081904216700e-06         1.5574450122005265e-06        -1.9952965978600387e-06         5.2443991633111615e-07         1.5072679392354258e-06
92                                    -7.9358920064646074e-07         4.7893880245728992e-07         7.5619300261239411e-07         2.8603345489576215e-06         2.2216756375527490e-06        -2.4521620895864390e-06        -1.0154786505023271e-06         4.5849021211787522e-07
93                                     9.7057219332217565e-07         1.7083885224375578e-06         2.5421000870944931e-06         8.3527512036892773e-06         2.6631447372731867e-06        -6.6525944333875871e-07        -1.6184258841891686e-06         7.7101020032813935e-06
94                                    -2.6751611790665634e-07         5.8836579427093319e-07         6.4988650422434735e-07         3.1922800250827667e-06        -2.0378229760719026e-06         9.2233481246924536e-07        -1.0633019295380490e-06         1.6535937410116812e-06
95                                    -1.9638842385746625e-06         1.3525928304457138e-06         6.6073260340202564e-07        -3.4986356920578847e-08        -3.9167994916004128e-06         1.3793287660978366e-06        -4.2908722218530399e-08         1.0156523002596948e-06
96                                     1.2758229875650252e-05        -1.3200317729628885e-05        -1.3791545010565863e-05        -1.3355831711521924e-05        -1.8085511345570020e-06         1.6697151520144853e-06         6.3859952776310701e-06        -1.2602093680735057e-05
97                                    -3.2967736212399994e-06         3.0810554597038390e-06         3.1561820554685348e-06         2.4479110861762350e-06         1.4548966759253133e-06        -1.4392423963404579e-06        -1.6341462883717750e-06         2.1796319149097970e-06
98                                    -6.6743238026754592e-06         5.8033799768247666e-06         5.9204851401478142e-06         4.8276017782396862e-06         6.0647930033611360e-06        -5.2619993513803073e-06        -2.9556155116059811e-06         1.6245405386968919e-06
99                                    -2.5097662603546446e-03         2.9282682287200008e-04         1.0689574738428144e-04         4.6337602420442079e-04        -4.8370894628284842e-04        -7.2864198216820227e-04         6.3475523204163884e-05         2.8680005252115105e-05
100                                    1.2017331767792726e-04         4.5102212371332911e-04        -5.0719049391524575e-05         3.2999357316105296e-04         1.3365273005798309e-04        -6.1646554614678975e-04         1.1759135414465564e-05        -7.7424780632498187e-04
101                                   -6.1631587074370683e-04         3.6866175401945446e-04         7.1753361248721005e-04         5.3900575945299524e-04        -6.7245478298456950e-04        -3.9584934066273065e-04         8.8290112392558541e-05         4.5533049857714863e-04
102                                   -4.1535199175668264e-04         8.4876093754649083e-05         6.3659558744588054e-05         1.2889740719816394e-05        -4.2916412082728929e-06        -8.7010834266856819e-06         1.6605414098567198e-07         3.6164750980289864e-08
103                                   -4.3620922876481540e-05         1.6716990337465291e-04         1.3593766139778575e-05         1.2528602815041810e-05        -3.0684426174083307e-05        -3.1951269889001887e-06        -4.9438255306665752e-06         2.1568579794965627e-06
104                                   -9.6577185179641702e-05         2.1814264125124812e-05         1.6699849658719944e-04         1.2417182326168737e-05         6.8320899048657431e-06        -2.8254740829965438e-05        -6.1293670211302625e-06         2.1919420599885573e-06
                                                        80                          81                          82                          83                          84                          85                          86                          87

0                                      2.7841075041774505e-05         1.7612035198616733e-05        -4.6113746118605380e-05        -6.8889097142408210e-05        -1.9883581607026916e-05        -5.1921743340588132e-06        -9.5818333511018725e-06        -2.8305432837361318e-05
1                                     -2.8457274208659592e-05        -1.6771170500582829e-05         4.8351088856622748e-05         7.0254848349416712e-05         2.0828236047555672e-05         5.5798533202833594e-06         9.9949953298330826e-06         2.9873932310927007e-05
2                                     -3.5746582046813802e-05        -2.0090267638196147e-05         5.6844808377090459e-05         8.5182407522018571e-05         2.5048355416210434e-05         6.4372045272914708e-06         1.2199019801079026e-05         3.5452163954416719e-05
3                                      4.9891125736436264e-05         2.7924840023351428e-05        -7.7962841896215228e-05        -1.1417419805679500e-04        -3.4947313814037218e-05        -9.1454003489831026e-06        -1.7121654432839643e-05        -5.0876756479206695e-05
4                                      1.3586534507479193e-05         1.1830827081813934e-05        -3.1177032179580970e-05        -4.7404413961363576e-05        -1.3422786578784826e-05        -3.5433743774742151e-06        -6.4133941702247798e-06        -1.8616108905382968e-05
5                                      2.7887958544609845e-05         1.6343569595580679e-05        -4.3568700437138974e-05        -6.4755944055096466e-05        -1.8554218365577345e-05        -4.7906363306688568e-06        -8.9255166958423535e-06        -2.5653232948475759e-05
6                                     -4.6663607978228590e-05        -2.7447777250901576e-05         7.5442021343586634e-05         1.1144650902816687e-04         3.3391028433953061e-05         8.6061335655159864e-06         1.6134844466243872e-05         4.7110229878578149e-05
7                                      1.5311511872277654e-05         6.7257140486685961e-06        -2.1497901048551026e-05        -3.0911528709042600e-05        -9.5952089162191416e-06        -2.6578496207254941e-06        -4.5805941456858130e-06        -1.4323346132752318e-05
8                                      1.4137077198223227e-05         6.7779009396646821e-06        -2.0570786197808137e-05        -3.0197020283441914e-05        -9.3805664098021546e-06        -2.3222183340760307e-06        -4.6714649955382863e-06        -1.4142969395641993e-05
9                                      7.0810665547781581e-05         3.4469558462001698e-05        -9.9397881539175150e-05        -1.4227970348500466e-04        -4.5691443611604353e-05        -1.1919107876458741e-05        -2.2244854623021696e-05        -6.3434643003078180e-05
10                                     6.9763454621415006e-06        -1.6280685996236229e-05         1.4868713715910842e-05         4.7442380720936599e-05         1.4749829426312968e-05         3.7697013853915087e-06         7.1524453237215582e-06         2.2511728096471056e-05
11                                    -5.1101165146491416e-05        -2.1232266370177376e-05         4.1657885872727087e-05         3.9691433358141198e-05         1.6857986769388024e-05         4.2893827463432328e-06         8.1602098496749022e-06         2.4528928500092231e-05
12                                     1.2879101567820597e-05         2.3352878064092257e-05        -3.2213925677564818e-05        -4.7513193003791094e-05        -1.4535242833101672e-05        -3.5326556379334091e-06        -6.4859635405729413e-06        -2.0891568749536224e-05
13                                     9.5441392971112421e-05        -1.5443536187588261e-05         3.2545292198862621e-05         3.4290227142606290e-05         1.2855944591024331e-05         2.9998751718392679e-06         6.3415605724952891e-06         1.5276719192795731e-05
14                                    -7.0175197345722186e-05        -1.9058207065717186e-05         3.0219154232558572e-05         4.6406211648735975e-05         1.6096499533740642e-05         4.3586078060066541e-06         7.3915594373801008e-06         2.0087123424872210e-05
15                                    -2.2529036450859882e-04        -1.6004623901902834e-04         3.4612347969136919e-04         4.8026963886561923e-04         1.5551125279477155e-04         3.9791705340822735e-05         7.3662052189217073e-05         2.1494738300327048e-04
16                                    -2.4772707149279150e-04         9.1522520745127489e-06        -1.0599620303709261e-05        -7.1179584774569185e-05        -1.6563253723448024e-05         8.7359941444884888e-06        -1.7682336751440661e-05        -2.0419382623163624e-05
17                                     1.8273825686048996e-04         5.2949161207560183e-06        -4.8220538456218018e-05        -3.4617385390465286e-05        -1.2120362705173309e-05        -1.2380413573470460e-05        -1.1932619567827801e-06        -5.0717741254909899e-05
18                                    -1.9591478357672450e-04         2.8794234940311681e-04        -3.2672291620390722e-04        -4.3170318264295162e-04        -1.2759227996696443e-04        -3.5990154941795233e-05        -6.9689795547400149e-05        -2.0249857538934632e-04
19                                    -2.5777549266878010e-03        -2.8498973383284565e-04         2.9638206144751134e-06         3.1563543580857042e-04        -9.4151338007410717e-05         9.8101264739897767e-06        -7.4131204872247814e-05        -2.2035140509394223e-04
20                                     3.6436623287616817e-03        -3.9362050307578531e-04         3.1063524996543894e-04         2.1547371250244546e-04        -1.4982334539688537e-04        -5.6967021294156344e-05        -7.2754169342395536e-05        -3.9208871145233115e-04
21                                    -9.5684377289391442e-04        -3.4800725873777318e-04         3.3340255947273063e-04         4.5956135463431956e-04        -1.5589145572032117e-04        -3.2805840226251458e-05        -8.4440264735547230e-05        -4.6065812032921449e-04
22                                    -9.1444592590646939e-04         3.2684028186038167e-04        -1.6017994030371338e-04        -2.1194190819713316e-04        -4.8796139362011865e-05        -5.7758244596970782e-05         1.5451479345012398e-05         9.5578007364117358e-05
23                                     2.3923497029685933e-03         4.6305472803488500e-04        -2.1628405050475751e-04        -2.8997800585981657e-04        -8.0620714473772975e-05         8.3111734819978903e-06        -4.4701817012965831e-05         1.2445504324690702e-04
24                                     8.1982257748502471e-02         2.1294804728032267e-03        -4.7999752248810944e-04        -5.1582916623079539e-04        -3.5921986765540258e-04        -7.8211459289439923e-05        -1.1079822240485627e-04         3.5478063294054510e-04
25                                    -1.2410228226320269e-01        -2.9702177017513435e-05        -8.4518169834415721e-04         5.0802094917781499e-04         1.4858628483616391e-04         1.1186008270147732e-04         5.8001197442782422e-05         1.2268484204762856e-04
26                                    -2.1636118635520685e-01         1.4310135824120284e-04         4.7509972256818008e-04        -5.0638791550160038e-04         2.2619120851122504e-04         3.2552487540674210e-05         1.6553429076714767e-04         2.4778570270232335e-04
27                                     1.0190082586886248e-02        -9.7505319548072608e-03        -1.8503182588630873e-03        -3.0963284809592193e-03         4.2701201348609391e-04         3.4303307438555085e-04         4.7786038380206292e-04        -3.3866530019284051e-04
28                                    -1.0359084282459831e-02         1.3060968288071252e-02         6.0114971059219754e-04         8.9732080743660167e-03        -9.0773887031952505e-04         2.1221475999054127e-04        -4.2708347747502260e-04        -1.5544089821887245e-04
29                                    -1.0172971488575794e-02         1.9246236483689280e-02         8.0329502072963091e-03         8.4493681871042996e-03        -1.3194716763460811e-03        -3.5866748591951812e-04        -1.4439172862915347e-04        -4.3302035583638423e-04
30                                     7.5511491294480253e-04        -2.5142159681724824e-01         1.1374615883876085e-01         1.5418335086144611e-01        -6.0594059908433019e-03        -9.6579019254013163e-04        -1.7717396362320718e-03        -1.8653974501407793e-04
31                                     2.3448604352219065e-03         1.1269825803990888e-01        -9.6229672756356480e-02        -1.2747079419885626e-01        -6.7225250398699789e-05         1.3954375763445032e-03        -6.0962040139362489e-04        -1.8469140179649648e-04
32                                     5.9713154081933494e-04         1.5247047668416036e-01        -1.2713267062426212e-01        -1.8618545020252525e-01        -6.3233807621883558e-04        -7.3221820327326517e-04         6.6827722285147176e-04        -3.5361687840895545e-05
33                                     4.0365694294230503e-04         1.3486737817074289e-02         1.1091443157223548e-02         1.7988773640479256e-02         3.4928485020712993e-03         9.0148750024472701e-04         1.9723522672812840e-03         1.3606762231109571e-03
34                                    -1.6376909847896047e-04        -1.2278354314445294e-03        -8.1555978101460497e-03        -9.0471505227782134e-04        -1.6525463836694964e-02        -4.2073347514977287e-03        -4.7907683473722915e-03         4.0043101896494911e-03
35                                    -6.5225607332018536e-04        -4.8094747274005784e-04        -1.3581063293904155e-04        -7.7977875311443200e-03        -2.5522595651172170e-02        -4.0419389361560643e-03        -8.9660810037431801e-03        -2.5561731229972967e-04
36                                    -5.5575955684845032e-05        -7.7736791381342960e-04         2.7870182729611195e-04         4.5064169534167302e-04        -4.9042592673512055e-02         1.8858530640459472e-03         1.7601649225109095e-03        -1.4990290274857307e-02
37                                    -3.2534302907089193e-05        -4.2865511577121814e-05        -4.3988369921670262e-04         4.1556482848365515e-04         3.2002623196757942e-03        -1.2405403156864074e-01        -1.3887693203708673e-01         3.7629683740522625e-04
38                                     1.1045747326579274e-04         1.1660957850804024e-05         4.3309810062527009e-04        -7.7384409415956652e-05         4.1123892737876654e-03        -1.3888227200534878e-01        -2.5248065433524747e-01        -1.8853261996866398e-02
39                                     1.3540358349974310e-05         3.6170656290964050e-04         8.7855051786378373e-05        -4.6862695014861472e-04        -2.6797265577986418e-03        -1.5318506049589748e-03         1.7594940628123494e-03        -1.5041372875659154e-01
40                                     1.3541852268688834e-05        -9.4705260771044944e-04         4.0162383440865837e-04        -6.8904580432908164e-04         7.2914524274093739e-03        -1.2310204057529535e-02         5.9376050451406606e-03         1.2853938631409188e-02
41                                    -4.6754645676289473e-05        -7.7921956974830598e-04         1.0573741171345565e-04        -1.6693638801897623e-04         1.2662291384886965e-02        -1.8857439099993968e-02         7.5376419052460737e-03        -1.4873843391946195e-01
42                                     6.8958117482168700e-07        -6.1809341540475942e-04        -2.6297009644342807e-04         3.6030939230319151e-04        -2.5998133882188198e-03         2.1636720695267352e-03        -6.1290962667127566e-04         8.5939886426217825e-03
43                                    -3.7292100007053279e-05        -1.5512551539912463e-04         6.0736280152999728e-04         5.3165446078103345e-04         9.0490953450990362e-03         8.5458623486985609e-03        -8.7968461199821393e-03         2.0128729175816935e-03
44                                    -3.6813080323066362e-06        -5.2316863671112747e-04        -2.1666394408335421e-04         3.3824844717166491e-04         1.2877546399327937e-02         1.5382502323773238e-02        -1.3572164972220642e-02         1.2821176035102726e-02
45                                    -3.2680984372684822e-04         2.9088459195996895e-03        -5.3697333498951318e-04        -1.0027375947876055e-03         1.6722973740636408e-03         9.2982581480247593e-04         1.5251953914507399e-03        -7.5547807567151633e-04
46                                    -6.7933308710895379e-04        -3.2612293905483827e-03         3.0824968741306200e-03        -5.1321580473242838e-03         1.3316283887698387e-04        -2.7502426962502024e-05         7.0832341655315749e-04         2.9596569630667403e-05
47                                    -1.2211690973540010e-03        -5.1148834253267250e-03        -4.9380236447569940e-03        -1.3921189521364282e-03         4.3683602200133523e-04         7.5856553583002087e-04         7.5060965789141426e-04        -1.8079194984397552e-04
48                                    -2.9006452092277778e-03        -6.2193021860980011e-03        -2.0162431064466944e-03        -3.6090465778176439e-03        -2.8424689220998465e-04        -1.9421925088668573e-04        -3.0545233816718268e-04        -5.2901217291825191e-04
49                                    -2.7275216646089721e-03        -9.8812674363427718e-04         2.2301981622832945e-03        -1.3920112842323454e-03         1.9884736236179036e-04        -2.0041889084551666e-04         3.5233879201341210e-04        -1.2133955860590006e-04
50                                     1.9793442719819622e-03        -2.0633289712666345e-03        -1.4433988692159629e-03         7.9633149170425907e-04         2.8298996075961508e-04         3.4803969839457911e-04         1.3852060242140187e-04         3.3524790077026892e-04
51                                    -7.4453278856532546e-04         4.9788211027454194e-04         1.1398367591347776e-04         1.2521665650564243e-04         2.2469752378361299e-04         5.7740228364478965e-05         1.2294705685896923e-04         4.1613356859598270e-04
52                                     3.8097905686688060e-04         9.4763676884938365e-04         8.4942183145043102e-04        -8.0742558824079086e-05         7.1855846240933592e-05        -3.0315341238991372e-05         4.6235254202219408e-05        -7.6084260265188834e-05
53                                    -2.2056557063309485e-04         1.3853626629277171e-03        -1.3907761407946432e-04         8.2712458771712534e-04         1.2380769051798221e-04         3.9123680826595863e-05         1.8607306086133131e-05         6.5167273221804320e-05
54                                     1.1808441159077605e-04         4.8768319237866168e-05        -1.0816410598171001e-04        -1.5135277053277034e-04        -6.0074661825403679e-05        -1.4743226212302970e-05        -2.9497904298755434e-05        -9.9639971988045714e-05
55                                    -1.2192700253842441e-05         1.2111989184856130e-05        -3.7010070263232908e-05        -3.8087087953798395e-05        -1.0522847307553071e-05        -4.2735865988361807e-06        -3.6964628998612100e-06        -1.3402725254765706e-05
56                                     3.0986379857224334e-05         1.7525046349128751e-05        -3.7504682829406596e-05        -5.6392579858021569e-05        -1.2454084472946392e-05        -2.2758524452148947e-06        -6.3402320339285670e-06        -1.4867848446254143e-05
57                                     5.4775478244971663e-06         5.9436263027558940e-06        -3.8418070192951105e-05        -6.1728348881843705e-05        -9.8000610919643843e-06        -3.1855622999966861e-06        -4.9820089924129280e-06        -1.2412165033387146e-05
58                                    -7.8641528160485197e-06         4.4767402914937918e-06        -1.2117286698119963e-05        -9.5236719179816795e-06        -3.8437699680503475e-06        -1.4507210247518954e-06        -1.5854259985533740e-06        -1.0241299411911879e-05
59                                     7.7134985386376103e-06         6.4876570978940012e-06        -1.6160441310577696e-05        -2.9052274593365535e-05        -8.9603039119592215e-06        -1.6422416163854977e-06        -4.8176065661994133e-06        -1.4121202758604654e-05
60                                    -3.6370047114546672e-05        -2.1759582506191028e-05         6.2268170966191908e-05         9.3543488299967703e-05         2.6129134240956780e-05         6.9092208526166964e-06         1.2552462644964410e-05         3.6038001037696916e-05
61                                    -7.7907813442284923e-06        -3.0312856791656995e-06         8.6382089197243220e-06         1.1370995812918546e-05         3.8014706256820153e-06         7.1632596597423049e-07         1.9898580187281266e-06         5.7124195832607990e-06
62                                    -1.0335804928266044e-05        -4.5618372198560298e-06         1.2109886233926941e-05         1.9056060642971549e-05         6.0001758791362910e-06         1.7401539824876259e-06         2.7359940999340508e-06         9.6610069834562796e-06
63                                     4.8550060196054617e-06         2.1832462653925482e-06        -6.2806470344677839e-06        -9.1531119405363474e-06        -2.9440878793337700e-06        -7.6033118423943566e-07        -1.4358531289728168e-06        -4.5251353333724330e-06
64                                     5.9546931375869294e-08        -5.1306007468347514e-08         1.5976858244847123e-07         7.7420471862210642e-08         3.9958364259969436e-08         7.7513326220410631e-08        -2.5047158364236810e-10         1.6897319365083306e-07
65                                    -6.2976706080854444e-08        -6.5402289906963475e-08         3.8815227620444669e-08         2.1861270022031562e-07         2.9714141350323357e-08        -2.2473860138187326e-08         6.9395022468225911e-08        -3.2604779714950850e-08
66                                     3.6706280371228198e-06         1.9207317985394046e-06        -5.0755138447400643e-06        -7.4661257915330595e-06        -2.3213823581965507e-06        -6.2175816960637723e-07        -1.1598567495009338e-06        -3.5200775765666680e-06
67                                    -9.4331111800867597e-07        -2.1622510000587813e-07         9.9413272237710272e-07         6.1543193438315120e-07         2.7929434856207609e-07         7.8119967410366552e-08         9.7969616130381723e-08         4.1771051502985576e-07
68                                     3.6330928573154349e-07        -7.0931473247036058e-08        -3.1065426858732160e-07         2.5410269523422151e-07         4.5548599002770255e-08        -2.3983006392530823e-08         6.5162971187319920e-09         8.5819750598327931e-08
69                                     1.1518114987963657e-06         1.5804847405109502e-07        -5.3866631011907547e-07        -7.5166244415535989e-07        -4.1065470271427699e-07        -1.0465741302359879e-07        -2.0909385748056530e-07        -5.8849052571538772e-07
70                                    -7.5227637253039322e-07        -1.0146208121386492e-06         3.0780662740837822e-06         5.4565041442890017e-06         1.7261430299478269e-06         4.8192246520870221e-07         7.9269827589153080e-07         2.6846173217241718e-06
71                                    -5.3651335767713958e-06        -1.4146155551108543e-06         4.8124751585592484e-06         6.2386590948211435e-06         2.1204289113790223e-06         4.8961549416103115e-07         1.0327596287525525e-06         3.2384218615797252e-06
72                                    -1.2322796236655597e-05         1.4698067554425067e-05         1.7573342787340535e-05         2.1285775871399609e-05         3.2220421630025271e-06         7.9133397117088809e-07         1.7257890997638992e-06         1.2665416155103116e-05
73                                     7.5063641943003877e-06         1.8182189633520092e-07        -7.3156029427403862e-06        -3.4217778993217820e-05        -7.0527353466657691e-06        -1.7246265231676144e-06        -3.9681460799302295e-06        -1.2688541503895148e-05
74                                     1.8031998120284520e-05         4.7333250866770434e-06        -3.1150164895752900e-05        -2.3031386646183878e-05        -8.9866556416091719e-06        -2.6702885177938167e-06        -4.3674881215250322e-06        -1.3673822042036183e-05
75                                     1.8124632069822181e-04         3.9895686626837591e-05        -2.8052465985517447e-05        -4.4273500423274136e-05        -4.5016343462164306e-05        -1.0291396267828296e-05        -1.6474342119558844e-05        -1.2815717294782817e-05
76                                     2.6077780635230439e-03        -6.2656873299014176e-06         8.4735158842020437e-05        -6.2044012513325477e-05         9.5323510841528145e-06        -1.0387224814613646e-05         1.1197029148449708e-05         3.8634146609534554e-06
77                                    -1.1437967873530741e-03        -1.5068190630199071e-05        -6.2932111069590591e-05         3.2607859978042047e-05         5.5730457385140681e-06         9.5817800539280219e-06        -2.8207022684686618e-06        -2.2332594418892338e-06
78                                    -8.8013677632742926e-02        -2.0831605845571309e-04         1.5083798846855621e-04         2.2769355857206030e-04         2.4187783672957193e-05         6.5959540501417586e-06         1.1777747887147549e-05         5.9545634446384033e-06
79                                     1.3597215427728221e-01        -2.5280832932445191e-04        -3.0020752560204055e-04        -7.1392359164070105e-05        -2.5531658196853371e-06         8.5225421839355085e-06        -4.4083662188934021e-06        -1.3047419799582888e-05
80                                     2.2168902587501155e-01        -3.7178211163604337e-04        -4.3668800476951613e-05        -3.5321145566796536e-04        -4.0314741562774187e-06        -3.6919102271924291e-06         6.3537985620053386e-06        -1.9216481380518702e-05
81                                    -3.7178211163604337e-04         2.5244271840217486e-01        -1.2038573856812791e-01        -1.6348321072847866e-01        -3.3514837210165931e-05         1.2383131623745140e-05        -6.3230057430092856e-06        -8.0382399987978547e-05
82                                    -4.3668800476951613e-05        -1.2038573856812791e-01         9.9275629341971844e-02         1.2367137156425381e-01         1.4447755638002843e-04        -1.3082630670116055e-04         1.7734669653163531e-04        -2.9586270762757780e-05
83                                    -3.5321145566796536e-04        -1.6348321072847866e-01         1.2367137156425381e-01         1.8619089970590191e-01         2.0492307223295359e-04         1.7738481314304774e-04         2.9138867445550778e-05         1.5638435683998462e-04
84                                    -4.0314741562774187e-06        -3.3514837210165931e-05         1.4447755638002843e-04         2.0492307223295359e-04         5.5992397860025127e-02        -3.7897806970497447e-03        -5.0659024667450113e-03         1.5175832757240684e-03
85                                    -3.6919102271924291e-06         1.2383131623745140e-05        -1.3082630670116055e-04         1.7738481314304774e-04        -3.7897806970497447e-03         1.2927668596479538e-01         1.4583134361327368e-01        -2.3397165266158520e-03
86                                     6.3537985620053386e-06        -6.3230057430092856e-06         1.7734669653163531e-04         2.9138867445550778e-05        -5.0659024667450113e-03         1.4583134361327368e-01         2.6404370661225163e-01         1.0611753648258524e-03
87                                    -1.9216481380518702e-05        -8.0382399987978547e-05        -2.9586270762757780e-05         1.5638435683998462e-04         1.5175832757240684e-03        -2.3397165266158520e-03         1.0611753648258524e-03         1.5665315647480976e-01
88                                     4.8567256513638443e-06         2.9364818293708874e-04        -1.5282646964901949e-04         3.4510658682814611e-04         8.1536311232421172e-04         1.4081916637483042e-03        -1.9420593626365886e-04        -1.6302794908720129e-02
89                                     5.8083718124787371e-06         1.9836998817285225e-04         2.4135598707100605e-05         1.2215301810506764e-04        -3.9424648294036978e-04         1.2753251975475034e-03         3.1229342091178107e-05         1.5453360453558168e-01
90                                     4.8388059834930506e-06        -1.5538722122691469e-03         8.1816871515290963e-04        -1.3221288267991655e-03        -1.7061677611775732e-03         3.6911732422502462e-03        -1.6022118686293658e-03        -1.7405273165247582e-03
91                                     9.8432941683028290e-07         9.0788157401174062e-04        -1.1609503984046890e-04         1.0504176747837485e-03        -2.2284104930327835e-04        -6.5045956116327984e-04         1.0609438667128304e-03         1.0807953940807739e-03
92                                     9.5939913597264752e-07        -1.0054700014877861e-03         4.5726211866844242e-04        -5.2154300021884064e-04         1.3044050847231651e-03        -1.6748453303593947e-03         8.8023623033296153e-04        -1.1209966796261930e-03
93                                    -4.5540566030831257e-06        -6.3599630154528299e-04        -9.3218950471756325e-04        -6.4147838908403161e-05        -1.8429947774828306e-03        -2.9300986239871115e-03         2.6017370314135460e-03         1.1438326593785431e-03
94                                     8.9258867573970989e-07        -7.0921349724932384e-04        -5.9718384753629694e-04        -2.8559068911432166e-05         1.3916607465978626e-03         9.0283670591933456e-04        -1.0490830821738037e-03        -2.7551661859011316e-03
95                                     2.2039985316026778e-06         7.9988263157313236e-05         3.1227484930414960e-04         2.0668234327175317e-04         3.9277313752270147e-04         1.6466605167242551e-03        -5.4053222946944934e-04         1.2285933267624696e-03
96                                    -1.9866192064719671e-05        -9.7306230017835528e-05         1.4041349791045358e-04         3.2753050414010372e-05         1.5825099762457758e-03         1.9141380818264340e-03        -1.6546237301202690e-03        -3.5443303690486797e-04
97                                     5.4780317270089094e-06         7.9416592403608685e-05        -7.3813529882119891e-05         6.9583556951280791e-05        -7.9190412595976168e-04        -1.8289161779592999e-04         6.1603601660032651e-04         1.6222857274767796e-03
98                                     1.2981656318552826e-05         3.0638577481132724e-04         3.5690131850403171e-04         3.6075152822893713e-05         5.4261064981068379e-04        -8.9174919357848728e-04         1.5617994667704422e-03        -5.2537405145696879e-04
99                                     1.1129518367763985e-04        -3.7816554594127566e-04        -1.5294281700321954e-04        -2.5353515663310388e-04        -2.5289787801826847e-05        -4.0883402015057523e-06        -5.7024342205106159e-06        -8.0260432304661487e-06
100                                    4.6389394337382692e-04        -2.0240182576200045e-05         8.1242691828177271e-05         4.2028875459886874e-05         4.2664703554411490e-06        -1.7679255000737084e-05         9.5504873969279135e-06         8.7394261287553616e-06
101                                   -3.7729921759251957e-04        -6.1820870363652814e-05         3.6373232859284940e-05         9.4710891599896472e-05         5.0171509846805885e-06         1.0685629965472986e-05        -7.8374628760752779e-06         2.1765684628870101e-05
102                                    4.8567066735143722e-08        -5.3394193432132613e-07         4.3171002108059038e-07         7.4380083782801107e-07         2.9327607817052558e-07         8.5071316386598506e-08         1.6383952573152236e-07         3.8270573227851184e-07
103                                    2.1554394079901324e-06         1.1086692640637278e-06        -4.2733619075765809e-06        -4.0312871767958958e-06        -1.4261286443883611e-06        -4.0167167017073034e-07        -6.9493287679944001e-07        -2.2348971835888565e-06
104                                    3.5419635874926533e-06         1.5170620208489050e-06        -3.5778168126950196e-06        -7.0173016713495937e-06        -2.0231735572237472e-06        -5.1602654172447262e-07        -9.9676567410361683e-07        -3.0776913373744305e-06
                                                        88                          89                          90                          91                          92                          93                          94                          95

0                                      9.2061864866074263e-06         1.0886696576542206e-05         6.8857043748183219e-06         5.8772520981692153e-08         9.0533736362889035e-07         7.6106077333955343e-06         1.5588082893951232e-06         6.5108756259301453e-07
1                                     -9.5483451480625242e-06        -1.1246564676265250e-05        -7.8201157868580996e-06        -3.0669192361817353e-08        -8.5624820613691622e-07        -8.4483820924179262e-06        -1.5253198529171936e-06        -8.2523388800359254e-07
2                                     -1.1416358255926532e-05        -1.3237193511592850e-05        -9.3747502144853749e-06        -1.7431964092392687e-07        -1.1102301126267831e-06        -1.0301497928050759e-05        -1.7780331250106730e-06        -8.1417367152980690e-07
3                                      1.6931989863486504e-05         1.9838819440015739e-05         1.1969540439894405e-05         9.2701977353466014e-07         1.7278497996483789e-06         1.3199848531480872e-05         2.4029554294370983e-06         1.9564494314785743e-06
4                                      5.8325324640640337e-06         6.9241913225085512e-06         5.2356794752595350e-06        -1.9268382989245548e-07         5.3749311149116099e-07         5.7033138029078219e-06         1.0628661456994475e-06         2.9584359044851128e-07
5                                      8.1131297276831010e-06         9.5796065751159287e-06         7.1799673640424639e-06        -1.7503196776570046e-07         7.6611401585703373e-07         7.8076339050398775e-06         1.4730599938246238e-06         3.9292303885069976e-07
6                                     -1.5383342806597580e-05        -1.8326438516299472e-05        -1.2333536732235844e-05        -3.1658695434848923e-07        -1.6368876473555795e-06        -1.3492971981365581e-05        -2.3825952882086087e-06        -1.3526788740222338e-06
7                                      4.6724993230497843e-06         5.2465876191290048e-06         3.3502394054396273e-06         4.0139712829522639e-07         5.0553054633544042e-07         3.5140870671364398e-06         5.5765654306431414e-07         6.9794852990721367e-07
8                                      4.7238469685107546e-06         5.2557116429726691e-06         3.0096188057804963e-06         4.8136543630299442e-07         5.3569822325040393e-07         3.4166116198645457e-06         5.5878695205772842e-07         7.5680388546189438e-07
9                                      2.0523641626411629e-05         2.4074473463204301e-05         1.7513105295656004e-05         4.5440635437947268e-07         1.7604547394297597e-06         1.9186311225736357e-05         2.9078366959488439e-06         1.6640175600895753e-06
10                                    -8.0289072568848110e-06        -9.1366193767463384e-06        -3.4333351570337714e-06        -1.3186960827537557e-06        -8.1194382065741863e-07        -3.1076043848206592e-06        -7.7498485933517900e-07        -2.1811749448292310e-06
11                                    -8.9492369479068014e-06        -1.0111657824069846e-05        -3.1749992542986030e-06        -1.6986309442025541e-06        -1.0034252803729111e-06        -4.4023586109043110e-06        -1.2338749608872322e-06        -1.8257860774482343e-06
12                                     7.9933254421324742e-06         8.4574566813781560e-06        -9.4795986619013176e-07         1.5536952089132172e-06         2.0197219201912416e-06        -6.9897789076066063e-07         1.6682415576043125e-06         2.2951401893261689e-06
13                                    -5.1843932187733161e-06        -6.3912442945347800e-06        -4.2434476394153524e-06        -1.8957527078926120e-07        -1.1050910133597706e-06        -4.6388735469881310e-06        -1.2246083256875262e-06        -6.1568652134630731e-07
14                                    -6.5764876621596377e-06        -8.4834450960592644e-06        -5.5656671720733470e-06        -2.5630136496801197e-07        -1.3067302189094845e-06        -6.0361118869990989e-06        -1.2631399570906400e-06        -9.8588901116926790e-07
15                                    -7.4571376588512668e-05        -8.8678824889093169e-05        -4.4049866894764074e-05        -6.6768559993332394e-06        -1.0489826892545925e-05        -4.9549171305999235e-05        -1.3057765424077961e-05        -1.2184994644454084e-05
16                                     1.3289306558079300e-05         7.5399254796783770e-06         1.5270084564777233e-06         9.6920002133299959e-06         4.0970610945644389e-06         9.7514852612673384e-06        -2.4264536588086969e-06        -1.6589019594977347e-06
17                                     1.5225632906914883e-05         2.3086160126203464e-05         6.0528727585174496e-06         2.9845498198191803e-06        -2.0040544741706863e-06         1.0418827635703102e-06        -1.3976318134584143e-06         1.0099955124773257e-05
18                                     5.6559034851565527e-05         8.1511116664292823e-05         9.1470670329940390e-05         1.0003047951808721e-06         2.6584358885500543e-07         9.8241941880547565e-05         3.3558576436912925e-06         2.0376567922833689e-06
19                                     1.1184086261899185e-04         9.5129368327587035e-05        -2.3860744329750564e-07         7.3570243124200556e-05         4.4757915566797133e-06         1.7250868885242739e-05        -1.7125649705434288e-05         5.6641222166213922e-05
20                                     1.6919629039647522e-04         1.7954551872262985e-04         2.1884181136924358e-05         9.3467580128626715e-05         1.2181604573833779e-05         1.5240606533579321e-05        -3.5700995278686527e-05         9.5675729820209564e-05
21                                     2.2597370382141730e-04         2.1547506499914473e-04        -5.6530576512384960e-05         1.4259310127857542e-04         1.5921219091132998e-05        -5.7714741738318915e-05        -4.2256412118197529e-05         1.3410332834847932e-04
22                                    -5.6396341047232407e-05        -4.9696521835431074e-05        -3.8739631354995312e-06        -3.8969028315290012e-05         5.7885063095486025e-06        -1.7884222283324292e-05         2.0370509464296504e-05        -2.5832951571202246e-05
23                                    -4.9686765881214092e-05        -5.6663429883791172e-05        -2.4272169733552640e-05        -4.1310489808628318e-05         8.7815298981298708e-06        -1.5142185178780904e-05         3.1862845618243892e-05        -3.6154792315431390e-05
24                                    -1.9073183760230997e-04        -1.7347668775634086e-04         1.2001820665981691e-04        -1.5197413651573660e-04         1.7799569162424477e-05         1.2251663278449722e-04         8.2320104928446030e-05        -1.2585180320769351e-04
25                                    -4.8331940713630252e-05        -4.4235706057168799e-05         6.0893535502765328e-05        -5.7598093041296259e-05        -2.4537253905262296e-05        -6.1456195625759152e-06         2.2234199235376397e-05        -3.5667967613626311e-05
26                                    -1.3606942673658162e-04        -1.1266038737611951e-04         2.1846436907689803e-05        -7.8132796413929152e-05        -4.4677915734966743e-06         7.0219082893811823e-05         1.5191150890154034e-05        -8.8635385358266396e-05
27                                     3.9206011069118567e-04         1.9321602567977278e-04        -6.2660797504073430e-04         5.3536078489933403e-04        -1.0994851603538322e-05        -6.5189347046649472e-04        -2.5859742721037542e-04         4.5529375859003850e-04
28                                     2.8139476191259353e-04         1.6096782502817889e-04        -2.6525290369293006e-04         2.4943908527477266e-04         3.7668443186984161e-05         4.3000338407566362e-05         1.9886459765521409e-05         8.8064035847143371e-05
29                                     2.1438345852677589e-04         1.8686441828025699e-04        -9.0612550610031533e-05         2.3098867927534493e-04         7.1397997586433634e-05        -3.2411949134289561e-04        -1.0221352357229476e-04         3.0864176173782144e-04
30                                    -4.7612856818888264e-05         8.8539737407329806e-05        -4.3214765092570214e-06        -2.7100055081700033e-04        -1.1329902180561859e-04         4.6201350588378326e-04         1.8577863705604745e-04        -2.0568807531146761e-04
31                                     3.9175975515185943e-04         2.1418752476568453e-04        -2.1310888806380668e-04         2.1346470417667694e-04         5.5884743847579334e-04        -8.6873816413800937e-05         5.2000771672292435e-05        -9.3909018176882781e-06
32                                     6.8286111992600811e-05         1.8949017781407754e-04        -3.0126224083573227e-04        -1.2151950449169440e-05         2.3603795851287370e-04        -4.1352848331647053e-04         2.6555988667012682e-04         6.4724191570473405e-04
33                                    -1.9984179478448709e-03        -2.0058315976490470e-04         2.6265426954634585e-03        -1.2460520175910199e-03        -1.6492065752806793e-03         2.7763886868615115e-03        -1.1146085287233891e-03        -1.8143724225698956e-03
34                                    -1.8445148478081019e-03        -2.7363630920812549e-03        -9.7904184527926883e-04        -1.0463843683445641e-05         9.5495463502397854e-04         2.2601306386983216e-03         6.6127866946461911e-04        -9.6481048410574722e-04
35                                     3.2666111692135070e-04         3.0826779438558063e-04         2.0455705356878890e-03        -1.4111848589874595e-03         6.2453916542509562e-04         2.0981049874166293e-04         1.3594229308332303e-03        -5.6445265069492417e-05
36                                     7.4730482111436802e-03         1.0140993521551879e-02         4.6903923241015848e-03        -1.2116822454803413e-03        -2.3998172061898554e-03         4.0260297765520765e-03        -1.8558958370426466e-03        -1.7551720958228056e-03
37                                    -4.1739539455174007e-03         3.2364940961540547e-04         2.2431137887943906e-02        -7.3654951172685218e-03        -5.9633518421627566e-03         2.5411368721508258e-03        -4.3414388186191538e-03        -1.0957929886816747e-04
38                                     7.9885285099492720e-03         1.1062855985166556e-02         1.3751416401897020e-02        -1.6986870979213489e-03        -7.2319932870106305e-03         2.6264302623938425e-02        -5.5970536658576020e-03        -9.6559196403283899e-03
39                                     1.0467233154440359e-02        -1.4964250500474457e-01        -5.3583167787478618e-02        -4.9785408836415829e-02        -3.8280243943342319e-02        -4.7623638112056525e-03         5.3737959209507746e-03         5.3138233090665923e-04
40                                    -4.8913604953905135e-02         1.4846515397368391e-02        -5.3296810382021331e-02        -2.5494853688215685e-01        -1.2315243006354760e-01        -3.0114477408906765e-03         2.8102237662665720e-03        -4.3750956003957286e-04
41                                     1.0973127634251317e-02        -2.2462728963858669e-01        -3.8770754842772828e-02        -1.2015353342078813e-01        -1.1402469068516234e-01        -8.9505896026345413e-03         2.7449123836789761e-02        -5.0543001684632176e-03
42                                     1.2986286664150786e-02        -9.7418831790464424e-03        -5.1060347500453077e-03        -1.9233502166712355e-03         5.4202733932508908e-03        -5.1851208273967747e-02        -1.2881192496352568e-02        -5.5454254447106763e-02
43                                    -2.4182125998826022e-03        -1.2016542372150600e-03        -7.7158498603015751e-03        -1.3681581799306649e-02         1.9179013232752919e-02        -1.1849423155071703e-02        -4.5019030503000920e-02        -2.0151666729099783e-02
44                                     1.5117836549795614e-02        -1.3107165853332360e-02        -7.2956537877562795e-03        -8.0813787375768921e-03         1.1731896283122262e-02        -5.9027800542036643e-02        -2.3141955362215052e-02        -3.2605741637983221e-01
45                                     3.5476758186845812e-04         6.3561864307611570e-04        -4.5873139706330756e-04         2.2043378993080818e-04        -7.2534862580133806e-05        -5.0953526818034325e-04        -1.1854112886627925e-04         1.8232891841332081e-04
46                                     4.1502144816095432e-05         9.6345614949932840e-05         6.0252337468234352e-06         1.1226460092575560e-04         4.6587490731461007e-05         5.5289750985907581e-05        -2.0378170354809908e-04        -5.2378280454317382e-05
47                                    -6.2159882784829069e-05        -1.0968153406760463e-04         3.7036563071208477e-05         1.0612172212464983e-04        -1.9448348024007011e-04        -3.2747021189707558e-05        -1.1278065347056377e-04         1.2600501978753630e-04
48                                     1.1624318579309725e-05         1.5142560571153107e-04         4.4907864634061417e-04        -3.7711331056401888e-05        -1.5908637561949391e-04         4.5480952210452409e-04        -1.4711524560370091e-04        -8.1598308915604116e-05
49                                    -3.3318721263332339e-05         7.4278758183606171e-05         1.4736384534199968e-04        -5.2060172669188341e-05         5.3415564001917783e-05        -8.8086734859444641e-05        -5.0204847489569688e-05         5.9424792660216983e-05
50                                    -6.6972434356480073e-05        -2.3321963760285583e-04         8.2769884662965937e-06         4.9904558641665020e-05        -2.1120895435054868e-06         1.7917385822641130e-04         2.2055620716533906e-05        -1.4880075992022631e-05
51                                    -1.5404777797349697e-04        -1.5421712532664213e-04        -1.3578513288960679e-04        -6.4563896498878699e-05        -1.1942150583796438e-05        -1.5040487090063845e-04         2.1602634913381480e-05        -5.9184520923381438e-05
52                                    -3.1678066778608268e-06         2.5463436453433802e-05         1.6521795705923162e-05        -2.2189944291283866e-05        -3.3427044224196371e-05        -3.4011302730146124e-05        -7.0971368300792562e-06         4.5318662477813054e-05
53                                    -9.7819096903758841e-06        -1.8779757255345443e-05        -3.3499177805897649e-05         3.7571247402108874e-05        -7.5405758630707421e-07        -7.3414887985517744e-06        -2.6284056495249757e-05        -2.2220596212062780e-05
54                                     3.8548053036607161e-05         4.3471404270981062e-05         9.4384545627880232e-06         1.1479954301858252e-05         5.7617524085027655e-06         1.1548532940313877e-05         1.9033935257677773e-06         1.2449737757909508e-05
55                                     3.6675712152944292e-06         5.9538638297000201e-06         5.0518747897531679e-06        -2.4338866936911361e-07         1.0379258553936883e-06         4.6290288956349956e-06         9.2022278847934883e-07        -3.0199292955912635e-07
56                                     4.8997982806361859e-06         6.4608647389981835e-06         5.4865450684346163e-06        -1.0363053386286977e-06         4.0859683727417615e-07         6.4782248253308729e-06         2.2609706137018693e-06         4.4850580503805106e-08
57                                     1.7380470280347047e-06         2.3242321749359203e-06         6.9920566707093072e-06        -3.0500674044208286e-06        -6.9407210539338813e-07         7.3489754773729886e-06         1.7875716754118006e-06        -2.5723935477683450e-06
58                                     3.7869961637487060e-06         5.4230571188119780e-06         4.0251432801552468e-07         3.2141592033503726e-07        -1.0969633326556274e-07        -8.5226866069258803e-08         3.5017186382140231e-07         2.0879065614195705e-06
59                                     5.6865515280275339e-06         6.0535364630105205e-06         1.7124908226735946e-06         2.1118091796700422e-06         1.0388932573704887e-06         2.6138522673193537e-06         6.6971476961000202e-08         9.3324192795177870e-07
60                                    -1.1152580700945003e-05        -1.3110202309998433e-05        -1.0323331935044629e-05         7.1900790418603141e-07        -1.0697215723760479e-06        -1.1243488956441932e-05        -2.0195964753474725e-06        -9.1328746943824423e-08
61                                    -2.0419543328813717e-06        -2.0446718855793075e-06        -9.5586526389734280e-07        -5.3848477855022970e-07        -3.1710022708906295e-07        -1.2747978227005589e-06        -1.0578225434189903e-07        -2.7252573212412516e-07
62                                    -3.1610784187780416e-06        -3.4834328436256001e-06        -1.7965156264188927e-06        -3.8918048649438111e-07        -2.4959960318236921e-07        -1.8491775826610586e-06        -2.4410259156386867e-07        -7.8136922728432452e-07
63                                     1.5721238600038450e-06         1.7260189798682922e-06         8.8786420424173787e-07         1.6498476932246399e-07         1.7694771492091034e-07         1.0000237925789628e-06         1.3109568027167978e-07         2.2925814698692814e-07
64                                    -3.6635518265964623e-08        -6.9433449490959167e-08         1.8679749698781477e-09         1.9842205502108322e-08         1.8858022486609757e-08         2.6892891362340634e-08        -1.5656026082479469e-08        -5.4714331417561070e-08
65                                    -3.3424600065025715e-10         2.3775416373169960e-08         1.2038132053582345e-08        -2.6839879850846957e-08        -1.5290084858732709e-08        -7.3030175476027288e-09        -1.3365484539191842e-08         3.0907226220025860e-08
66                                     1.2246111078909370e-06         1.3729466593312534e-06         6.5335891438343339e-07         6.9331555899911231e-08         8.6965883904943940e-08         7.4556349656157590e-07         1.3751330163796216e-07         1.2371733335178153e-07
67                                    -1.4521682838452962e-07        -1.4649730043711235e-07        -7.7645871009998762e-08         4.1556149324935195e-09         6.4743701587846386e-09        -1.2079064770858565e-07        -1.4080572882813989e-08         3.3873597035559763e-09
68                                    -4.9884719163800382e-08        -3.5571295313059016e-08        -5.8990983808854413e-09         6.5728064038948493e-09         1.3194879603620975e-08         9.0048985570825786e-09         9.6401670127486888e-09         8.3973876719196255e-09
69                                     2.1422265789932106e-07         2.3342508578529569e-07         2.9929059052606654e-08         5.9344115770353224e-08         4.2022932976528559e-08         3.8306587609342358e-08         1.4778578887713671e-08         6.8909987616331883e-08
70                                    -9.1433840105317476e-07        -9.8275668677833174e-07        -5.1962208060454490e-07        -1.1540599721639091e-07        -1.2541584141639702e-07        -5.3766202378035784e-07        -5.3076810183514683e-08        -1.6036207089106938e-07
71                                    -1.1214673679379375e-06        -1.2239403614601663e-06        -6.1484133818793824e-07        -1.1794513659770753e-07        -1.2816647023153690e-07        -7.1760674279961500e-07        -1.1479576705495184e-07        -1.7620194641006069e-07
72                                    -5.2078915232426415e-06        -5.4158057676164225e-06         9.6471794963228897e-07        -1.8965358728260901e-06        -7.9358920064646074e-07         9.7057219332217565e-07        -2.6751611790665634e-07        -1.9638842385746625e-06
73                                     4.3822276021910628e-06         4.8619693274422600e-06         1.6881812170500666e-06         6.1610750670154809e-07         4.7893880245728992e-07         1.7083885224375578e-06         5.8836579427093319e-07         1.3525928304457138e-06
74                                     4.5499742646186977e-06         5.1706204049810166e-06         2.1277710371669884e-06         7.3982048810362081e-07         7.5619300261239411e-07         2.5421000870944931e-06         6.4988650422434735e-07         6.6073260340202564e-07
75                                     2.8316053214610869e-06         3.7760811697216457e-06         7.7695206280406429e-06        -1.4284081904216700e-06         2.8603345489576215e-06         8.3527512036892773e-06         3.1922800250827667e-06        -3.4986356920578847e-08
76                                    -6.6234615519526878e-06        -5.1649852171644427e-06        -1.6872178689129259e-06         1.5574450122005265e-06         2.2216756375527490e-06         2.6631447372731867e-06        -2.0378229760719026e-06        -3.9167994916004128e-06
77                                     3.4627356826679765e-06         2.8591195312361266e-06         2.2926844837452346e-06        -1.9952965978600387e-06        -2.4521620895864390e-06        -6.6525944333875871e-07         9.2233481246924536e-07         1.3793287660978366e-06
78                                    -1.9184295368867483e-06        -1.9559246928086763e-06        -2.0996859633583801e-06         5.2443991633111615e-07        -1.0154786505023271e-06        -1.6184258841891686e-06        -1.0633019295380490e-06        -4.2908722218530399e-08
79                                     9.0644869840048692e-06         7.9210471390537223e-06        -7.6396844672043022e-06         1.5072679392354258e-06         4.5849021211787522e-07         7.7101020032813935e-06         1.6535937410116812e-06         1.0156523002596948e-06
80                                     4.8567256513638443e-06         5.8083718124787371e-06         4.8388059834930506e-06         9.8432941683028290e-07         9.5939913597264752e-07        -4.5540566030831257e-06         8.9258867573970989e-07         2.2039985316026778e-06
81                                     2.9364818293708874e-04         1.9836998817285225e-04        -1.5538722122691469e-03         9.0788157401174062e-04        -1.0054700014877861e-03        -6.3599630154528299e-04        -7.0921349724932384e-04         7.9988263157313236e-05
82                                    -1.5282646964901949e-04         2.4135598707100605e-05         8.1816871515290963e-04        -1.1609503984046890e-04         4.5726211866844242e-04        -9.3218950471756325e-04        -5.9718384753629694e-04         3.1227484930414960e-04
83                                     3.4510658682814611e-04         1.2215301810506764e-04        -1.3221288267991655e-03         1.0504176747837485e-03        -5.2154300021884064e-04        -6.4147838908403161e-05        -2.8559068911432166e-05         2.0668234327175317e-04
84                                     8.1536311232421172e-04        -3.9424648294036978e-04        -1.7061677611775732e-03        -2.2284104930327835e-04         1.3044050847231651e-03        -1.8429947774828306e-03         1.3916607465978626e-03         3.9277313752270147e-04
85                                     1.4081916637483042e-03         1.2753251975475034e-03         3.6911732422502462e-03        -6.5045956116327984e-04        -1.6748453303593947e-03        -2.9300986239871115e-03         9.0283670591933456e-04         1.6466605167242551e-03
86                                    -1.9420593626365886e-04         3.1229342091178107e-05        -1.6022118686293658e-03         1.0609438667128304e-03         8.8023623033296153e-04         2.6017370314135460e-03        -1.0490830821738037e-03        -5.4053222946944934e-04
87                                    -1.6302794908720129e-02         1.5453360453558168e-01        -1.7405273165247582e-03         1.0807953940807739e-03        -1.1209966796261930e-03         1.1438326593785431e-03        -2.7551661859011316e-03         1.2285933267624696e-03
88                                     5.0071700716960960e-02        -1.7569726499561962e-02        -1.5238204947716480e-02         5.6868362408931498e-03        -1.7654967815713577e-02         1.9495973534716313e-03        -2.3694668434663885e-03         9.2408875461926464e-05
89                                    -1.7569726499561962e-02         2.3182223256447093e-01        -5.5210751567293832e-03         3.0696369973560386e-03        -6.9555339050810152e-03        -1.5345242784672907e-03         3.1848396024377365e-03        -1.0383846588510630e-04
90                                    -1.5238204947716480e-02        -5.5210751567293832e-03         5.5651273056559813e-02         5.0954116539492250e-02         3.8205180694300012e-02         1.7782435158569744e-04         2.0564372530043023e-03        -3.2023133288743358e-04
91                                     5.6868362408931498e-03         3.0696369973560386e-03         5.0954116539492250e-02         2.7052900530185225e-01         1.2552262126844510e-01        -1.0905758569426289e-03         1.8340544310043259e-03        -1.3377754332024802e-04
92                                    -1.7654967815713577e-02        -6.9555339050810152e-03         3.8205180694300012e-02         1.2552262126844510e-01         1.1513332798205293e-01         1.6347582259807108e-03        -1.8001573403116035e-03         9.6550713457980693e-04
93                                     1.9495973534716313e-03        -1.5345242784672907e-03         1.7782435158569744e-04        -1.0905758569426289e-03         1.6347582259807108e-03         5.2543350858406113e-02         1.1652714858681110e-02         5.6253922549034219e-02
94                                    -2.3694668434663885e-03         3.1848396024377365e-03         2.0564372530043023e-03         1.8340544310043259e-03        -1.8001573403116035e-03         1.1652714858681110e-02         4.5392473938738340e-02         1.8781269714356501e-02
95                                     9.2408875461926464e-05        -1.0383846588510630e-04        -3.2023133288743358e-04        -1.3377754332024802e-04         9.6550713457980693e-04         5.6253922549034219e-02         1.8781269714356501e-02         3.4183000344171155e-01
96                                    -1.0825669322649179e-03         1.1399310100610512e-03         1.1652112286551683e-03         2.1533931147306815e-03        -1.7825575270833298e-03        -1.3449543824131749e-03        -8.9201521567845959e-04         5.6752386232555851e-04
97                                     2.0102807107010940e-03        -1.8024212130884672e-03        -2.4335688453405785e-03        -1.7630358396490062e-03         3.4814950764051342e-03         1.5100420523339432e-03         8.9432746109629861e-04         8.4730078547179746e-04
98                                     4.3699166365654494e-04         1.4036905325034480e-03         1.1814386531207102e-03         3.8305969105937232e-04        -7.2483330164087800e-04        -1.6853740693901862e-02        -1.9223995673087458e-02        -2.5574349700529563e-03
99                                    -1.6776244963980714e-06        -4.4201316539832695e-07         6.6988881947632018e-06        -9.3178633874326259e-06         1.2168296528676399e-06         8.7834789428058679e-06         5.8524559959828056e-06        -6.6690050735885084e-06
100                                   -2.6485184111358125e-06         7.9925930345400414e-07        -1.0896486619472950e-05        -3.6899998362178722e-06        -1.2508442582952725e-06         3.8096667843109084e-06        -1.4121024877490912e-06         2.8747216219606999e-06
101                                   -6.9661095315866805e-06        -1.0344163174814380e-05         2.9591147473951963e-06         6.3277343126269623e-07         1.9287590002733430e-07        -7.6158339788805503e-06         3.8743299467394592e-07        -4.0399294156627920e-06
102                                   -1.1970097037468144e-07        -1.3168897784219309e-07        -1.1355308777943446e-07         3.3855479245119236e-09         1.2408489240270916e-08        -1.2397364293730114e-07        -3.0596015048663121e-08        -3.0209405544905893e-09
103                                    7.6376348462442537e-07         8.4838535481002208e-07         3.8575987377439839e-07         4.9986250830300912e-08         3.5825507342773089e-08         4.7147272845420259e-07         9.9448516671208042e-08         1.1127423849456309e-07
104                                    1.0534608388545806e-06         1.1248949267753702e-06         5.8637919256234509e-07         1.1743132202373031e-07         1.0440505469928597e-07         6.3980250798164860e-07         7.9431827361018122e-08         1.3283264212921345e-07
                                                        96                          97                          98                          99                         100                         101                         102                         103

0                                     -2.8853655124233626e-05         7.1987059587870486e-06         1.2216938994748523e-05         4.1573645564621471e-05         1.0967036170170732e-05        -1.3115738525324295e-05         7.0845525366530875e-03        -3.0560665390714434e-03
1                                      2.9942593931634338e-05        -7.1377024474647140e-06        -1.2626070370480856e-05        -5.9067388185423972e-06         4.9037601027692633e-06         3.9779766221680816e-05         1.5725922843093369e-02        -2.5630482650794359e-03
2                                      3.6482110546710763e-05        -8.8408586665200352e-06        -1.5341760863719323e-05        -5.2085745886075506e-06         1.4389612041611810e-05         4.4306649950884527e-05         1.9600365692970124e-02        -8.1189598152897752e-03
3                                     -5.1885832278294319e-05         1.2944717364796482e-05         2.2453468315410221e-05         4.2353736045053566e-05        -2.4033998972515310e-05        -4.8060458452145818e-05        -3.5243080082236304e-03         2.2982693707189281e-03
4                                     -1.8797578404245760e-05         4.5829555583464661e-06         7.8631336997576681e-06        -1.3201371187707711e-05        -4.4764383173765578e-06        -4.4565756318985214e-05         1.5894624077536596e-03         4.7377700913229038e-03
5                                     -2.6195606145222840e-05         6.4380828843764811e-06         1.0961639515835755e-05        -1.5256009056827944e-05        -1.6882025648488188e-05        -5.4713717702781065e-05         1.4201414635063598e-03        -3.3689264388709738e-03
6                                      4.7984935198002867e-05        -1.1885843709556183e-05        -2.0603771978181374e-05         5.3621396264688821e-05         4.5903197878590098e-05         1.0005996268655233e-04        -9.8855305229612715e-04        -1.4062944362524735e-04
7                                     -1.4673952892608967e-05         3.3862547550466694e-06         6.3749028136822254e-06         2.7342885530752367e-05         2.7994803568167143e-05        -4.0667707875426945e-05         1.0475184251699729e-04        -3.1771844905022304e-04
8                                     -1.4382526222599724e-05         3.1761608985072910e-06         6.1371709657685849e-06         2.9592371065280279e-05        -4.2868564806868088e-05         9.0416792989625838e-06         1.2568427087763731e-04         6.2609038645817811e-04
9                                     -6.4802747534794571e-05         1.5969586019073886e-05         2.7386170128730234e-05        -3.6148856580891619e-04        -3.6983407560651165e-04        -5.8623861847434400e-04        -4.2869711592450387e-03        -7.7508484048352012e-04
10                                     2.2641304199452353e-05        -6.1600492274608751e-06        -1.0814798486187332e-05        -1.1022455007423361e-04        -1.2329939636555886e-04         2.9575382239190387e-04        -1.6913441754143159e-04         4.2166545955399483e-03
11                                     2.5443221679822584e-05        -6.8695477431166052e-06        -1.1766704975573410e-05        -7.9737967200970165e-05         3.0835662399984276e-04         1.2667293975024329e-04        -7.2504481323025331e-04        -2.5654619182790377e-03
12                                    -2.1225781593753322e-05         4.9139911002711058e-06         1.0431851429534182e-05        -1.4788083700371505e-03         6.6429682935562019e-04         7.9405625429057125e-04        -3.8040438203142449e-04        -7.0044961025715559e-05
13                                     1.6993907119759155e-05        -4.1937503370859655e-06        -7.2562178064275531e-06         3.5105990431689689e-05         3.0672284635755082e-04         3.4234620354015984e-05        -1.0312765463142139e-03        -3.4394945215117509e-04
14                                     1.9651837628816496e-05        -5.1201648562300763e-06        -8.9053929191276815e-06        -3.4981036162937926e-04         2.5336547008352026e-04         3.6835661522346031e-04        -1.2657861512892288e-03        -1.8750137876716915e-04
15                                     2.1930291218177661e-04        -6.0080851011314160e-05        -1.0065288750723910e-04         3.5673879538337407e-04         1.0993754008967564e-03         1.5119706237582981e-03         9.6689642429320525e-05        -6.4169015270497745e-05
16                                    -5.8225296089223390e-05         1.9022446219032930e-05         2.2799150139480655e-05        -2.1533038212902689e-05        -2.9596518336133175e-03         1.4603340870903850e-03        -1.8633475487310708e-04        -3.0186363266374689e-04
17                                    -2.6864498600676181e-05         4.7261228665586175e-06         1.6646622768595139e-05         1.0257051729605686e-04         1.4988070691759519e-03        -1.5724110765374614e-03        -1.9640425347102223e-04         1.9978533661305380e-04
18                                    -2.1004786797393306e-04         6.2276025970279758e-05         8.3391339335584359e-05         1.1901071439844722e-02         5.5316188860702400e-03         9.3413311141087758e-03         5.2354007238262880e-05         4.5321927129501950e-05
19                                    -2.7706616741996512e-04         8.2222710174737607e-05         1.4589449677791317e-04        -9.2243174865618838e-03        -2.6090297748140746e-03        -8.8982562745968941e-03         3.8192166835137810e-05         7.9754148246509763e-05
20                                    -3.7984578063874442e-04         9.4948160884226270e-05         2.1285913328789036e-04        -1.3162222054439739e-02        -8.0634889935433871e-03        -9.7196972097447001e-03         4.2692999301895427e-05        -9.3403634684052967e-05
21                                    -4.7933800196014824e-04         1.2681305444924560e-04         2.8303189299136195e-04        -2.2508155889492606e-03        -2.0059298860928168e-03        -3.5675487448094513e-03        -2.2450961950833886e-05        -2.9785521218382013e-05
22                                     1.1122315752906296e-04        -3.2455250837688809e-05        -5.0169875346922409e-05        -1.2802101987497271e-03         4.3411128799934699e-03        -3.3493381243527090e-03         7.1603052683646019e-06        -4.1420983353420346e-06
23                                     1.2722401950714777e-04        -3.6010340596914254e-05        -7.8387863024663296e-05        -2.4360170600808608e-03        -3.4776987277094946e-03         1.1687051978929199e-03         1.2975596344770322e-05        -7.8470628688033788e-07
24                                     3.7399448204540131e-04        -9.7805913367855445e-05        -2.3552380947384496e-04        -8.3453720941743998e-04        -7.5987694621321850e-06        -4.6837992894582618e-05         3.9734327996820225e-06        -1.6458200594079376e-05
25                                     1.7138299644801582e-04        -3.9218146201116056e-05        -1.1667700144173243e-04        -2.1220389659429685e-04        -4.4634572694583644e-04         5.3764484897525500e-04         6.9978162852858328e-06         9.5686139626230789e-06
26                                     2.2959568435453040e-04        -4.9638721556327486e-05        -1.2425965345466114e-04        -3.3287479696676552e-04         5.6856381817675140e-04        -2.2381119461125591e-05         1.0892616819793508e-05        -1.7131602014698355e-05
27                                    -3.8301231346351574e-04         3.6109387663637102e-05         4.0171597043806527e-04        -4.4868064124461635e-03         2.5376355509261310e-04        -3.9186504158174318e-04        -1.1533598279856998e-05         2.7226146072241928e-05
28                                    -3.0751146161509273e-04         7.7229161010385080e-05         8.1955957723242411e-05        -3.3088655427454018e-04         4.9003891965012543e-03        -2.4704282460899559e-03         2.3710634995556620e-06         9.8576836317076368e-06
29                                    -3.5158851014940504e-04         7.8259135596260901e-05         4.0498384518123325e-04        -1.1702714213501914e-03        -2.4923229780308490e-03         2.7440628124638690e-03         2.1649355882335830e-06        -3.5615597529314741e-06
30                                    -1.6979518208067718e-04         8.4823089620618853e-05         7.3868119355252574e-05        -9.0820447708864140e-04         6.8966013519816617e-05         1.1959955460662708e-05         1.1550087391169899e-05        -4.9375986286532867e-05
31                                     3.6263097059742000e-05         1.2360309203492803e-04        -2.5924290915227656e-05         9.1643653394297704e-04        -2.7512950941483468e-04         9.7205881656567715e-05         4.4965056213586270e-06        -1.6168817121175778e-05
32                                    -1.9764953831410170e-04         1.0452164687281331e-04         4.8286501158787044e-04         1.3417329902078159e-03         2.9541635752513724e-05        -1.5281526828897458e-04         7.9637203829977118e-06        -9.4688988488829532e-06
33                                     1.2570182221367495e-03         6.4688166189005066e-04        -1.7234070023206174e-03         1.3628128825009028e-04        -2.3303033024249910e-06         1.0825700520640850e-05         3.1867244964462511e-06        -2.1024273654919784e-06
34                                    -1.9682682718794109e-03         8.9146399024053302e-04         1.5965627262252305e-03         1.0035976245669907e-04        -3.1730985167758533e-04         2.3490882475424063e-04        -5.8086813807027872e-06         1.1949301975896081e-05
35                                     3.5354729501455712e-03        -1.6129371925285487e-03        -2.3032563946696009e-03         1.8540041776621188e-04         2.0196850335834162e-04        -8.3857243082732607e-05        -8.5449468272330703e-06         1.6314563469079179e-05
36                                    -1.5492186610435811e-02         6.7579098704509035e-03         1.1063746360678391e-02         2.2863534795157026e-05         4.4880587557572112e-05         6.3314824333432458e-05         1.4337319825218821e-06        -7.9848097655671647e-06
37                                    -1.6691680391711573e-02         5.5389488443396816e-03         1.1455634298180566e-02        -1.8785268889906421e-05         1.6895220780894723e-04        -1.6266763776079669e-04        -2.7056783172964041e-07         4.1216818072425238e-06
38                                    -7.8426706338663096e-03         5.0965477135482039e-03         1.7947248738659312e-03        -4.2981108579402048e-05        -1.5767884578850915e-04         2.8393334445320502e-05        -5.1854174278407659e-07         2.8420028524315589e-06
39                                     8.0333611523131475e-03        -1.5079218253475120e-02         8.1616763984276967e-03        -9.7488366261223796e-07        -1.2411790764916811e-05         3.2005418778234722e-06        -3.4567653797986957e-07         1.6317684146629034e-06
40                                     9.5769950672928497e-03        -1.6292844857608513e-02         8.4877097217275297e-03         1.1502953868058114e-05        -4.0589012011984452e-07        -5.3321655606234882e-06        -6.2152403831623981e-08         5.9390528559349730e-07
41                                     7.0809250677461395e-03        -8.4824076015277972e-03         1.3936728574139119e-03        -7.0577408295663991e-06         2.1330415106857671e-05         4.4485440737423593e-05         1.0337062472817802e-06        -5.7832759711452013e-06
42                                    -1.5871268833272639e-01        -1.4011892340735704e-01        -5.8595266571943194e-02        -1.5108788553143266e-06         1.5046785323256672e-05        -1.2722451736002349e-05        -2.8057879969470950e-07         1.9263221512114703e-06
43                                    -1.4031445045915680e-01        -1.9174344473389721e-01        -6.2562282878946857e-02        -1.0832071252279532e-05         2.7167532205522734e-05         3.8314522428633394e-05         1.0106434995091859e-06        -5.4207579645517194e-06
44                                    -5.5884651577924979e-02        -5.8710347684356706e-02        -7.3469618635436940e-02         6.7698512146407038e-06         1.0676593035237583e-05         1.2533642093220112e-05         3.8193099158498168e-07        -1.6151315950449067e-06
45                                    -6.9429849734202161e-04         4.2010270599745993e-04         5.3008101801476780e-04         2.7546368966674447e-03        -8.3418373522631262e-05         3.3342569578469119e-04        -5.5322941601559781e-06        -1.1406963564877043e-05
46                                    -1.2588675325430005e-04        -1.1127127522151086e-04        -1.6381831912672123e-04        -7.3336436535185936e-04        -2.5522659365009538e-03         2.1027299164163471e-03        -4.6144735019664163e-07        -8.8874472658655707e-06
47                                    -3.7473231772401725e-05         3.8444426723006214e-05         3.8241718069776385e-05        -7.0942578184257339e-04         2.1648876645931044e-03        -7.6179944064163219e-04        -6.3229629255572684e-07        -6.9395264689835299e-07
48                                    -5.1823767289183639e-04         1.4029621096804743e-04         6.5016252165206931e-05        -4.7400577713724995e-03         2.4737251766330376e-04        -4.4138230006632306e-04         1.9531537143181435e-05         4.1175162525758867e-06
49                                     3.5573573977159710e-04        -2.1982060050833156e-04        -1.2597513864423982e-04         1.7366639920384057e-02         3.3352841127254609e-03        -2.7118984731645986e-03         1.9565632256398562e-06         1.6309361735482045e-05
50                                    -1.1700619831893493e-05         1.4084678299489719e-05        -5.8265839849688708e-05         2.5491693740838803e-02        -3.8895209786319294e-03         1.7839790604049499e-03         3.5894264440484652e-06         8.2461602872511016e-06
51                                     4.4475620431579414e-04        -1.0079865771479613e-04        -1.9811651937161451e-04        -9.6571243704706544e-02         5.5421642633489407e-02         8.0113920614703904e-02        -2.6593266629242964e-05        -2.7788971860719619e-05
52                                     7.5480631555173747e-05        -2.3315138522929607e-05        -1.0447098724017381e-05         5.4856304262492377e-02        -1.1965162142547851e-01        -1.2334350691849150e-01        -2.1164139212655729e-05         2.3847804642603893e-05
53                                    -2.7077417029424846e-05         1.5347102463710531e-05        -8.8263473069754897e-06         7.8931077446434184e-02        -1.2261507174909549e-01        -2.1831000129786252e-01        -3.7602066174237222e-05         6.2177043083881119e-06
54                                    -1.0351865928357722e-04         2.7736341438909393e-05         5.1311148854734905e-05         4.6347443676607758e-04        -2.2765997300411509e-04         2.1290460624743949e-05         2.5315830142308617e-03        -1.3864539536353679e-05
55                                    -1.2725029430030777e-05         3.6126743245236474e-06         6.1047468809066132e-06         1.4243339455140741e-04        -5.7570015268586586e-05         1.7752888136677257e-04         8.4289443756624849e-04        -1.8051219960601313e-03
56                                    -1.5604583309107703e-05         5.4591519648716113e-06         6.6867796128499343e-06         2.3444530262944387e-04         1.1770950569335657e-04         1.4484058993590734e-04         1.3313223750446863e-03         2.1756284209460083e-03
57                                    -1.2208735172108365e-05         2.4560379224106865e-06         2.5030095980331324e-06        -8.1205204332295271e-05         1.2889322852640606e-04         8.0020732258355307e-05         3.9820453047054666e-03         1.5500602340409453e-03
58                                    -5.4641464409476120e-06         1.3444036956018522e-06         3.2543415591243826e-06         1.0150066902331846e-04         1.6764552163925871e-04        -9.9326867655691697e-06        -1.7680492067278921e-02        -1.2951459503625709e-04
59                                    -1.8565566626115534e-05         5.8275102930237149e-06         9.0409986271769296e-06         1.0463529089457151e-04        -7.4282393252190731e-05         1.7694822073605480e-04        -2.1927616608243737e-02        -6.3963329226814566e-03
60                                     3.6625189187570696e-05        -8.3336708428918531e-06        -1.4846289593765092e-05        -4.2733002079695180e-06        -2.5237205987572623e-05         2.2469013804426004e-05        -6.0236293151047698e-02        -1.6256982234151746e-02
61                                     6.4932783326969530e-06        -1.4187187465980380e-06        -2.6925803204574097e-06        -1.3218851702579466e-05         6.8974032691523731e-05         3.8073012543601072e-06        -1.6410885343608572e-02        -1.5523414373589794e-01
62                                     9.4612027606877933e-06        -2.0745677880601944e-06        -4.2193672065371176e-06        -1.9745971144737644e-05        -2.2688150450262610e-05         5.5888421897283918e-05        -2.1381571608984028e-02        -1.4645931384515465e-01
63                                    -4.6372186458706313e-06         1.0329947824315489e-06         2.0394943877598722e-06         1.0930129547495363e-05         1.0872140624618870e-07         2.5086636795172376e-06         1.3072738680995647e-03        -2.2398990187252540e-04
64                                     9.4638183983218089e-09        -1.7947096746845069e-09        -2.6070601086933563e-08         1.1421575339874116e-07        -6.8697420545537443e-06         4.9154284953180949e-06        -6.1680037334166837e-04        -2.5319993023921084e-03
65                                     1.0440271766114375e-07        -5.3687156549735824e-08        -2.4384141633377460e-08         7.5979001378120747e-07         6.8532470182945692e-06        -2.1583622964837363e-06        -4.6205776127333721e-04         2.8138853000913406e-03
66                                    -3.5964266037111384e-06         8.9441135227461905e-07         1.6084179332860306e-06         1.3092664589021744e-05         3.5402640725957300e-06         6.1143427288085252e-06         1.4514965208864557e-04        -1.2627950889027397e-04
67                                     4.2715786454914877e-07        -1.0265208486254564e-07        -1.9113197362851073e-07        -6.4250827505339171e-07        -3.2486479414975614e-06         2.4106994659632710e-06         7.3668578551200510e-04        -1.0876892720738449e-04
68                                     9.0006896544002265e-08        -2.7057751433389357e-08        -5.3790145528572650e-08         4.5933903163707107e-07         2.5543933872585419e-06        -1.5331195711863707e-06         9.0345787841951473e-04        -4.8060189832568672e-04
69                                    -6.1422159946891244e-07         1.3064820840350747e-07         2.7361224881721969e-07         7.3279496045238455e-07        -6.7656083224270863e-08        -1.6635908493060904e-06         1.3207184089275302e-04        -4.0066922057971790e-05
70                                     2.7602644201899545e-06        -5.9896480101979708e-07        -1.2256919697756323e-06        -7.9252915752278051e-06        -7.9026863282423600e-06        -7.4975738961303789e-07        -4.9022981393455751e-05        -7.6494467468623563e-04
71                                     3.3091773076496365e-06        -6.8432626468865551e-07        -1.4160483955121305e-06        -8.5413839970761190e-06         2.1718739554778553e-06        -6.3957664818805243e-06         4.1630128412771620e-06         5.2279006000530517e-04
72                                     1.2758229875650252e-05        -3.2967736212399994e-06        -6.6743238026754592e-06        -2.5097662603546446e-03         1.2017331767792726e-04        -6.1631587074370683e-04        -4.1535199175668264e-04        -4.3620922876481540e-05
73                                    -1.3200317729628885e-05         3.0810554597038390e-06         5.8033799768247666e-06         2.9282682287200008e-04         4.5102212371332911e-04         3.6866175401945446e-04         8.4876093754649083e-05         1.6716990337465291e-04
74                                    -1.3791545010565863e-05         3.1561820554685348e-06         5.9204851401478142e-06         1.0689574738428144e-04        -5.0719049391524575e-05         7.1753361248721005e-04         6.3659558744588054e-05         1.3593766139778575e-05
75                                    -1.3355831711521924e-05         2.4479110861762350e-06         4.8276017782396862e-06         4.6337602420442079e-04         3.2999357316105296e-04         5.3900575945299524e-04         1.2889740719816394e-05         1.2528602815041810e-05
76                                    -1.8085511345570020e-06         1.4548966759253133e-06         6.0647930033611360e-06        -4.8370894628284842e-04         1.3365273005798309e-04        -6.7245478298456950e-04        -4.2916412082728929e-06        -3.0684426174083307e-05
77                                     1.6697151520144853e-06        -1.4392423963404579e-06        -5.2619993513803073e-06        -7.2864198216820227e-04        -6.1646554614678975e-04        -3.9584934066273065e-04        -8.7010834266856819e-06        -3.1951269889001887e-06
78                                     6.3859952776310701e-06        -1.6341462883717750e-06        -2.9556155116059811e-06         6.3475523204163884e-05         1.1759135414465564e-05         8.8290112392558541e-05         1.6605414098567198e-07        -4.9438255306665752e-06
79                                    -1.2602093680735057e-05         2.1796319149097970e-06         1.6245405386968919e-06         2.8680005252115105e-05        -7.7424780632498187e-04         4.5533049857714863e-04         3.6164750980289864e-08         2.1568579794965627e-06
80                                    -1.9866192064719671e-05         5.4780317270089094e-06         1.2981656318552826e-05         1.1129518367763985e-04         4.6389394337382692e-04        -3.7729921759251957e-04         4.8567066735143722e-08         2.1554394079901324e-06
81                                    -9.7306230017835528e-05         7.9416592403608685e-05         3.0638577481132724e-04        -3.7816554594127566e-04        -2.0240182576200045e-05        -6.1820870363652814e-05        -5.3394193432132613e-07         1.1086692640637278e-06
82                                     1.4041349791045358e-04        -7.3813529882119891e-05         3.5690131850403171e-04        -1.5294281700321954e-04         8.1242691828177271e-05         3.6373232859284940e-05         4.3171002108059038e-07        -4.2733619075765809e-06
83                                     3.2753050414010372e-05         6.9583556951280791e-05         3.6075152822893713e-05        -2.5353515663310388e-04         4.2028875459886874e-05         9.4710891599896472e-05         7.4380083782801107e-07        -4.0312871767958958e-06
84                                     1.5825099762457758e-03        -7.9190412595976168e-04         5.4261064981068379e-04        -2.5289787801826847e-05         4.2664703554411490e-06         5.0171509846805885e-06         2.9327607817052558e-07        -1.4261286443883611e-06
85                                     1.9141380818264340e-03        -1.8289161779592999e-04        -8.9174919357848728e-04        -4.0883402015057523e-06        -1.7679255000737084e-05         1.0685629965472986e-05         8.5071316386598506e-08        -4.0167167017073034e-07
86                                    -1.6546237301202690e-03         6.1603601660032651e-04         1.5617994667704422e-03        -5.7024342205106159e-06         9.5504873969279135e-06        -7.8374628760752779e-06         1.6383952573152236e-07        -6.9493287679944001e-07
87                                    -3.5443303690486797e-04         1.6222857274767796e-03        -5.2537405145696879e-04        -8.0260432304661487e-06         8.7394261287553616e-06         2.1765684628870101e-05         3.8270573227851184e-07        -2.2348971835888565e-06
88                                    -1.0825669322649179e-03         2.0102807107010940e-03         4.3699166365654494e-04        -1.6776244963980714e-06        -2.6485184111358125e-06        -6.9661095315866805e-06        -1.1970097037468144e-07         7.6376348462442537e-07
89                                     1.1399310100610512e-03        -1.8024212130884672e-03         1.4036905325034480e-03        -4.4201316539832695e-07         7.9925930345400414e-07        -1.0344163174814380e-05        -1.3168897784219309e-07         8.4838535481002208e-07
90                                     1.1652112286551683e-03        -2.4335688453405785e-03         1.1814386531207102e-03         6.6988881947632018e-06        -1.0896486619472950e-05         2.9591147473951963e-06        -1.1355308777943446e-07         3.8575987377439839e-07
91                                     2.1533931147306815e-03        -1.7630358396490062e-03         3.8305969105937232e-04        -9.3178633874326259e-06        -3.6899998362178722e-06         6.3277343126269623e-07         3.3855479245119236e-09         4.9986250830300912e-08
92                                    -1.7825575270833298e-03         3.4814950764051342e-03        -7.2483330164087800e-04         1.2168296528676399e-06        -1.2508442582952725e-06         1.9287590002733430e-07         1.2408489240270916e-08         3.5825507342773089e-08
93                                    -1.3449543824131749e-03         1.5100420523339432e-03        -1.6853740693901862e-02         8.7834789428058679e-06         3.8096667843109084e-06        -7.6158339788805503e-06        -1.2397364293730114e-07         4.7147272845420259e-07
94                                    -8.9201521567845959e-04         8.9432746109629861e-04        -1.9223995673087458e-02         5.8524559959828056e-06        -1.4121024877490912e-06         3.8743299467394592e-07        -3.0596015048663121e-08         9.9448516671208042e-08
95                                     5.6752386232555851e-04         8.4730078547179746e-04        -2.5574349700529563e-03        -6.6690050735885084e-06         2.8747216219606999e-06        -4.0399294156627920e-06        -3.0209405544905893e-09         1.1127423849456309e-07
96                                     1.6558863184368414e-01         1.4715595393091824e-01         5.5466494164090330e-02        -7.9450750588078419e-06         1.7665957168431975e-05         1.6442679722795654e-05         4.0194169952535364e-07        -2.1572808128237810e-06
97                                     1.4715595393091824e-01         2.0085200678871279e-01         6.0218652463435704e-02         1.3500147008699962e-07        -7.4787023592053943e-06        -1.5698986509970391e-06        -1.3351045992152992e-07         4.5624792415417499e-07
98                                     5.5466494164090330e-02         6.0218652463435704e-02         7.1979371760532096e-02        -1.3923246902774903e-06        -8.1059871414057616e-06        -6.2278472176545417e-06        -1.6967989692662372e-07         9.0902156331420484e-07
99                                    -7.9450750588078419e-06         1.3500147008699962e-07        -1.3923246902774903e-06         9.8305039009209116e-02        -6.1253291064518330e-02        -8.7315910966600907e-02         4.3753968383345012e-06         5.2231428715123814e-06
100                                    1.7665957168431975e-05        -7.4787023592053943e-06        -8.1059871414057616e-06        -6.1253291064518330e-02         1.1581783983883712e-01         1.3579964178551568e-01         7.9873933139261430e-06        -1.0621018769460892e-05
101                                    1.6442679722795654e-05        -1.5698986509970391e-06        -6.2278472176545417e-06        -8.7315910966600907e-02         1.3579964178551568e-01         2.2396968598682068e-01         1.5544519337191889e-05         1.2126667812782218e-05
102                                    4.0194169952535364e-07        -1.3351045992152992e-07        -1.6967989692662372e-07         4.3753968383345012e-06         7.9873933139261430e-06         1.5544519337191889e-05         5.4509485094263330e-02         1.7019579815579000e-02
103                                   -2.1572808128237810e-06         4.5624792415417499e-07         9.0902156331420484e-07         5.2231428715123814e-06        -1.0621018769460892e-05         1.2126667812782218e-05         1.7019579815579000e-02         1.5490054923375193e-01
104                                   -3.2498438070711440e-06         7.7777000276886516e-07         1.4405956686170535e-06         8.5042533401600737e-06         1.4005499332241014e-05        -9.7638902736945352e-07         2.2466051659407307e-02         1.6131570719844038e-01
                                                       104

0                                     -3.6384346796510675e-03
1                                     -7.1739120072294021e-03
2                                     -5.1910430141093797e-03
3                                      2.2947011053716980e-03
4                                     -3.4131927878477252e-03
5                                      3.4651036200845191e-03
6                                     -1.8437241942258401e-04
7                                      6.4186793548301566e-04
8                                     -4.7582624758385657e-05
9                                     -1.4514337483068074e-03
10                                    -2.5553732247576982e-03
11                                     3.0493680494191357e-03
12                                    -1.0571568141686980e-04
13                                    -2.2644021061064232e-04
14                                    -4.7869321313204476e-04
15                                    -4.6304953377549266e-05
16                                     1.8497844072058950e-04
17                                    -2.3547962547389731e-04
18                                     5.1105819447257655e-05
19                                    -9.8857288885921470e-05
20                                     3.3099921272750662e-05
21                                    -4.4018408870704923e-05
22                                     3.0330618326986525e-06
23                                    -2.8966604225610741e-06
24                                    -9.3561219066501356e-06
25                                    -1.5237650571926642e-05
26                                     4.7360877703619454e-07
27                                     3.6288419294732902e-05
28                                    -1.5087243637508144e-05
29                                    -4.6910389432993906e-06
30                                    -6.6969917804045616e-05
31                                    -5.8137028641650835e-06
32                                    -2.7732766138704461e-05
33                                    -5.5860491033066906e-06
34                                     1.7835604317700869e-05
35                                     2.7057300164221538e-05
36                                    -1.1982220160902348e-05
37                                     2.3831711537775188e-06
38                                     6.4152301341276007e-06
39                                     2.9226751872898435e-06
40                                     1.0005278231842286e-06
41                                    -8.1840955353481006e-06
42                                     2.2364957113436251e-06
43                                    -8.1501541765897231e-06
44                                    -2.7459554965452131e-06
45                                    -8.2777868767122963e-06
46                                     1.8645411161654808e-06
47                                    -8.4985731141641439e-06
48                                    -1.4440899964247267e-05
49                                     1.0545380611026794e-05
50                                     3.3278447779058030e-05
51                                    -8.4515635531395766e-06
52                                     2.0757780317219983e-06
53                                     2.1523115249601451e-05
54                                     3.1519905836990825e-04
55                                     2.2083783002005736e-03
56                                    -8.0121338216265813e-04
57                                     1.7910099506297239e-03
58                                    -7.3167619698807848e-03
59                                    -3.8891373941737778e-03
60                                    -2.1151375985090284e-02
61                                    -1.4648233470824509e-01
62                                    -2.1944024762108783e-01
63                                     2.1861021815854434e-05
64                                     2.7955996562459462e-03
65                                    -1.3641229051995192e-03
66                                    -1.6271439556046676e-04
67                                    -4.3885750905871501e-04
68                                    -2.7496056104515238e-04
69                                     1.7181748926539569e-05
70                                     5.2214562844638858e-04
71                                    -5.4342552378992945e-04
72                                    -9.6577185179641702e-05
73                                     2.1814264125124812e-05
74                                     1.6699849658719944e-04
75                                     1.2417182326168737e-05
76                                     6.8320899048657431e-06
77                                    -2.8254740829965438e-05
78                                    -6.1293670211302625e-06
79                                     2.1919420599885573e-06
80                                     3.5419635874926533e-06
81                                     1.5170620208489050e-06
82                                    -3.5778168126950196e-06
83                                    -7.0173016713495937e-06
84                                    -2.0231735572237472e-06
85                                    -5.1602654172447262e-07
86                                    -9.9676567410361683e-07
87                                    -3.0776913373744305e-06
88                                     1.0534608388545806e-06
89                                     1.1248949267753702e-06
90                                     5.8637919256234509e-07
91                                     1.1743132202373031e-07
92                                     1.0440505469928597e-07
93                                     6.3980250798164860e-07
94                                     7.9431827361018122e-08
95                                     1.3283264212921345e-07
96                                    -3.2498438070711440e-06
97                                     7.7777000276886516e-07
98                                     1.4405956686170535e-06
99                                     8.5042533401600737e-06
100                                    1.4005499332241014e-05
101                                   -9.7638902736945352e-07
102                                    2.2466051659407307e-02
103                                    1.6131570719844038e-01
104                                    2.2554823767043861e-01
   &MODES [&Type "ArrayOfDoubles", &Dim (105,105)] "The modes of vibrations"
                                                         0                           1                           2                           3                           4                           5                           6                           7

0                                      0.0000000000000000e+00         0.0000000000000000e+00         0.0000000000000000e+00         0.0000000000000000e+00         0.0000000000000000e+00         0.0000000000000000e+00         2.3979299455285309e-03         2.3325450224589509e-04
1                                      0.0000000000000000e+00         0.0000000000000000e+00         0.0000000000000000e+00         0.0000000000000000e+00         0.0000000000000000e+00         0.0000000000000000e+00         7.9701515725098093e-02         1.8333764900247906e-02
2                                      0.0000000000000000e+00         0.0000000000000000e+00         0.0000000000000000e+00         0.0000000000000000e+00         0.0000000000000000e+00         0.0000000000000000e+00        -5.8681792827027880e-02        -1.1748606777089308e-02
3                                      0.0000000000000000e+00         0.0000000000000000e+00         0.0000000000000000e+00         0.0000000000000000e+00         0.0000000000000000e+00         0.0000000000000000e+00         2.0221475193824630e-03         3.1079880752071590e-03
4                                      0.0000000000000000e+00         0.0000000000000000e+00         0.0000000000000000e+00         0.0000000000000000e+00         0.0000000000000000e+00         0.0000000000000000e+00         1.5354414909797529e-02         6.2294281523539892e-02
5                                      0.0000000000000000e+00         0.0000000000000000e+00         0.0000000000000000e+00         0.0000000000000000e+00         0.0000000000000000e+00         0.0000000000000000e+00        -6.8217922993102677e-03        -4.7476444325819725e-02
6                                      0.0000000000000000e+00         0.0000000000000000e+00         0.0000000000000000e+00         0.0000000000000000e+00         0.0000000000000000e+00         0.0000000000000000e+00         8.5955311173442736e-04         3.7023830138500349e-03
7                                      0.0000000000000000e+00         0.0000000000000000e+00         0.0000000000000000e+00         0.0000000000000000e+00         0.0000000000000000e+00         0.0000000000000000e+00        -4.0006504878014347e-02         6.4316056900852556e-02
8                                      0.0000000000000000e+00         0.0000000000000000e+00         0.0000000000000000e+00         0.0000000000000000e+00         0.0000000000000000e+00         0.0000000000000000e+00         3.5361342631382874e-02        -5.0403453670404740e-02
9                                      0.0000000000000000e+00         0.0000000000000000e+00         0.0000000000000000e+00         0.0000000000000000e+00         0.0000000000000000e+00         0.0000000000000000e+00         5.7799073539426725e-05         1.3200625206721023e-03
10                                     0.0000000000000000e+00         0.0000000000000000e+00         0.0000000000000000e+00         0.0000000000000000e+00         0.0000000000000000e+00         0.0000000000000000e+00        -2.7852648259481277e-02         2.1674813318279230e-02
11                                     0.0000000000000000e+00         0.0000000000000000e+00         0.0000000000000000e+00         0.0000000000000000e+00         0.0000000000000000e+00         0.0000000000000000e+00         2.3243969150050985e-02        -1.7084125486324628e-02
12                                     0.0000000000000000e+00         0.0000000000000000e+00         0.0000000000000000e+00         0.0000000000000000e+00         0.0000000000000000e+00         0.0000000000000000e+00        -1.0596162312533231e-03         1.2048484126882851e-03
13                                     0.0000000000000000e+00         0.0000000000000000e+00         0.0000000000000000e+00         0.0000000000000000e+00         0.0000000000000000e+00         0.0000000000000000e+00        -6.5514799227922152e-02         1.3822617669045223e-02
14                                     0.0000000000000000e+00         0.0000000000000000e+00         0.0000000000000000e+00         0.0000000000000000e+00         0.0000000000000000e+00         0.0000000000000000e+00         5.0956672900885902e-02        -1.1987963550960119e-02
15                                     0.0000000000000000e+00         0.0000000000000000e+00         0.0000000000000000e+00         0.0000000000000000e+00         0.0000000000000000e+00         0.0000000000000000e+00        -1.1588674630036162e-03        -1.3754649324450852e-03
16                                     0.0000000000000000e+00         0.0000000000000000e+00         0.0000000000000000e+00         0.0000000000000000e+00         0.0000000000000000e+00         0.0000000000000000e+00        -2.5917242123174179e-02        -2.7300786065418445e-02
17                                     0.0000000000000000e+00         0.0000000000000000e+00         0.0000000000000000e+00         0.0000000000000000e+00         0.0000000000000000e+00         0.0000000000000000e+00         1.7800731554006674e-02         2.0564513679537388e-02
18                                     0.0000000000000000e+00         0.0000000000000000e+00         0.0000000000000000e+00         0.0000000000000000e+00         0.0000000000000000e+00         0.0000000000000000e+00        -1.8838087770095282e-03        -1.4455165683552615e-03
19                                     0.0000000000000000e+00         0.0000000000000000e+00         0.0000000000000000e+00         0.0000000000000000e+00         0.0000000000000000e+00         0.0000000000000000e+00        -4.0378026129471750e-02        -3.0645542237174313e-02
20                                     0.0000000000000000e+00         0.0000000000000000e+00         0.0000000000000000e+00         0.0000000000000000e+00         0.0000000000000000e+00         0.0000000000000000e+00         2.6988033487760237e-02         2.2606194457457540e-02
21                                     0.0000000000000000e+00         0.0000000000000000e+00         0.0000000000000000e+00         0.0000000000000000e+00         0.0000000000000000e+00         0.0000000000000000e+00        -2.7609573709104309e-03        -6.2139854771476536e-04
22                                     0.0000000000000000e+00         0.0000000000000000e+00         0.0000000000000000e+00         0.0000000000000000e+00         0.0000000000000000e+00         0.0000000000000000e+00        -5.9815944627023082e-02         1.1927737868389850e-02
23                                     0.0000000000000000e+00         0.0000000000000000e+00         0.0000000000000000e+00         0.0000000000000000e+00         0.0000000000000000e+00         0.0000000000000000e+00         3.9973741504971065e-02        -6.5410970213698521e-03
24                                     0.0000000000000000e+00         0.0000000000000000e+00         0.0000000000000000e+00         0.0000000000000000e+00         0.0000000000000000e+00         0.0000000000000000e+00        -2.8343320068096082e-03        -7.5276331143185466e-05
25                                     0.0000000000000000e+00         0.0000000000000000e+00         0.0000000000000000e+00         0.0000000000000000e+00         0.0000000000000000e+00         0.0000000000000000e+00        -6.0584806558843372e-02         2.8158740794796452e-02
26                                     0.0000000000000000e+00         0.0000000000000000e+00         0.0000000000000000e+00         0.0000000000000000e+00         0.0000000000000000e+00         0.0000000000000000e+00         4.0239823500272706e-02        -1.8530568251022887e-02
27                                     0.0000000000000000e+00         0.0000000000000000e+00         0.0000000000000000e+00         0.0000000000000000e+00         0.0000000000000000e+00         0.0000000000000000e+00        -1.6011454271890315e-03        -7.5583993869397347e-04
28                                     0.0000000000000000e+00         0.0000000000000000e+00         0.0000000000000000e+00         0.0000000000000000e+00         0.0000000000000000e+00         0.0000000000000000e+00        -3.9021145119388721e-02        -7.5476639337681976e-04
29                                     0.0000000000000000e+00         0.0000000000000000e+00         0.0000000000000000e+00         0.0000000000000000e+00         0.0000000000000000e+00         0.0000000000000000e+00         2.5496837457638512e-02         4.2449651130966844e-04
30                                     0.0000000000000000e+00         0.0000000000000000e+00         0.0000000000000000e+00         0.0000000000000000e+00         0.0000000000000000e+00         0.0000000000000000e+00        -8.9613935019152368e-04        -1.4263592205309393e-04
31                                     0.0000000000000000e+00         0.0000000000000000e+00         0.0000000000000000e+00         0.0000000000000000e+00         0.0000000000000000e+00         0.0000000000000000e+00        -2.3458046104146976e-02         9.9907000521185056e-03
32                                     0.0000000000000000e+00         0.0000000000000000e+00         0.0000000000000000e+00         0.0000000000000000e+00         0.0000000000000000e+00         0.0000000000000000e+00         1.4939703218611664e-02        -8.4121657491413333e-03
33                                     0.0000000000000000e+00         0.0000000000000000e+00         0.0000000000000000e+00         0.0000000000000000e+00         0.0000000000000000e+00         0.0000000000000000e+00         3.3714684135742153e-04        -4.5103004296464909e-04
34                                     0.0000000000000000e+00         0.0000000000000000e+00         0.0000000000000000e+00         0.0000000000000000e+00         0.0000000000000000e+00         0.0000000000000000e+00         4.3202576600837282e-03        -3.1491667113112000e-02
35                                     0.0000000000000000e+00         0.0000000000000000e+00         0.0000000000000000e+00         0.0000000000000000e+00         0.0000000000000000e+00         0.0000000000000000e+00        -3.5620131410843974e-03         1.8956615694736181e-02
36                                     0.0000000000000000e+00         0.0000000000000000e+00         0.0000000000000000e+00         0.0000000000000000e+00         0.0000000000000000e+00         0.0000000000000000e+00         1.4036501602052343e-03         1.7560475861323020e-04
37                                     0.0000000000000000e+00         0.0000000000000000e+00         0.0000000000000000e+00         0.0000000000000000e+00         0.0000000000000000e+00         0.0000000000000000e+00         3.7816114181059596e-02        -2.2014273269464191e-02
38                                     0.0000000000000000e+00         0.0000000000000000e+00         0.0000000000000000e+00         0.0000000000000000e+00         0.0000000000000000e+00         0.0000000000000000e+00        -2.5136541692754893e-02         1.2415549836238453e-02
39                                     0.0000000000000000e+00         0.0000000000000000e+00         0.0000000000000000e+00         0.0000000000000000e+00         0.0000000000000000e+00         0.0000000000000000e+00         2.3548538134325961e-02         3.9333833969020522e-02
40                                     0.0000000000000000e+00         0.0000000000000000e+00         0.0000000000000000e+00         0.0000000000000000e+00         0.0000000000000000e+00         0.0000000000000000e+00         6.4260745761685750e-02         3.7462346028434880e-02
41                                     0.0000000000000000e+00         0.0000000000000000e+00         0.0000000000000000e+00         0.0000000000000000e+00         0.0000000000000000e+00         0.0000000000000000e+00        -3.1461361919250162e-02        -9.1906054185993485e-02
42                                     0.0000000000000000e+00         0.0000000000000000e+00         0.0000000000000000e+00         0.0000000000000000e+00         0.0000000000000000e+00         0.0000000000000000e+00        -1.9231569544790536e-02        -3.3136693921126815e-02
43                                     0.0000000000000000e+00         0.0000000000000000e+00         0.0000000000000000e+00         0.0000000000000000e+00         0.0000000000000000e+00         0.0000000000000000e+00         5.6037152558597508e-02         1.0002542625460971e-01
44                                     0.0000000000000000e+00         0.0000000000000000e+00         0.0000000000000000e+00         0.0000000000000000e+00         0.0000000000000000e+00         0.0000000000000000e+00        -4.6349803511653534e-02         3.0068324561478145e-03
45                                     0.0000000000000000e+00         0.0000000000000000e+00         0.0000000000000000e+00         0.0000000000000000e+00         0.0000000000000000e+00         0.0000000000000000e+00         3.4608751876022496e-04        -1.5971487304748243e-03
46                                     0.0000000000000000e+00         0.0000000000000000e+00         0.0000000000000000e+00         0.0000000000000000e+00         0.0000000000000000e+00         0.0000000000000000e+00         4.3631456861155573e-03        -7.0746173657214820e-02
47                                     0.0000000000000000e+00         0.0000000000000000e+00         0.0000000000000000e+00         0.0000000000000000e+00         0.0000000000000000e+00         0.0000000000000000e+00        -3.5732003414531530e-03         4.6432967750835968e-02
48                                     0.0000000000000000e+00         0.0000000000000000e+00         0.0000000000000000e+00         0.0000000000000000e+00         0.0000000000000000e+00         0.0000000000000000e+00        -7.6839604393892267e-04        -1.7543065030762746e-03
49                                     0.0000000000000000e+00         0.0000000000000000e+00         0.0000000000000000e+00         0.0000000000000000e+00         0.0000000000000000e+00         0.0000000000000000e+00        -2.1668556157632003e-02        -5.0519200840150186e-02
50                                     0.0000000000000000e+00         0.0000000000000000e+00         0.0000000000000000e+00         0.0000000000000000e+00         0.0000000000000000e+00         0.0000000000000000e+00         1.3868932395063078e-02         3.4264373130268047e-02
51                                     0.0000000000000000e+00         0.0000000000000000e+00         0.0000000000000000e+00         0.0000000000000000e+00         0.0000000000000000e+00         0.0000000000000000e+00        -7.5975823362310635e-04        -2.3782709141803048e-03
52                                     0.0000000000000000e+00         0.0000000000000000e+00         0.0000000000000000e+00         0.0000000000000000e+00         0.0000000000000000e+00         0.0000000000000000e+00        -2.3731859144532106e-02        -6.5277917012686870e-02
53                                     0.0000000000000000e+00         0.0000000000000000e+00         0.0000000000000000e+00         0.0000000000000000e+00         0.0000000000000000e+00         0.0000000000000000e+00         1.5426587256615264e-02         4.5389723426638343e-02
54                                     0.0000000000000000e+00         0.0000000000000000e+00         0.0000000000000000e+00         0.0000000000000000e+00         0.0000000000000000e+00         0.0000000000000000e+00        -5.2044975352645063e-04        -2.8846894516699824e-03
55                                     0.0000000000000000e+00         0.0000000000000000e+00         0.0000000000000000e+00         0.0000000000000000e+00         0.0000000000000000e+00         0.0000000000000000e+00         3.3406390521969268e-02        -5.0644899935482275e-02
56                                     0.0000000000000000e+00         0.0000000000000000e+00         0.0000000000000000e+00         0.0000000000000000e+00         0.0000000000000000e+00         0.0000000000000000e+00        -2.8322486075879755e-02         4.0073067861806352e-02
57                                     0.0000000000000000e+00         0.0000000000000000e+00         0.0000000000000000e+00         0.0000000000000000e+00         0.0000000000000000e+00         0.0000000000000000e+00         4.0242938328534925e-04        -1.4144351914073601e-03
58                                     0.0000000000000000e+00         0.0000000000000000e+00         0.0000000000000000e+00         0.0000000000000000e+00         0.0000000000000000e+00         0.0000000000000000e+00         3.4983406943815902e-02        -2.0857559154001455e-02
59                                     0.0000000000000000e+00         0.0000000000000000e+00         0.0000000000000000e+00         0.0000000000000000e+00         0.0000000000000000e+00         0.0000000000000000e+00        -2.7313617575192062e-02         1.7371716154922660e-02
60                                     0.0000000000000000e+00         0.0000000000000000e+00         0.0000000000000000e+00         0.0000000000000000e+00         0.0000000000000000e+00         0.0000000000000000e+00         1.5441259951216582e-03        -2.0615409018754681e-03
61                                     0.0000000000000000e+00         0.0000000000000000e+00         0.0000000000000000e+00         0.0000000000000000e+00         0.0000000000000000e+00         0.0000000000000000e+00         9.0070685933352823e-02        -2.3785190193799197e-02
62                                     0.0000000000000000e+00         0.0000000000000000e+00         0.0000000000000000e+00         0.0000000000000000e+00         0.0000000000000000e+00         0.0000000000000000e+00        -6.9319062767336542e-02         2.1109542828093644e-02
63                                     0.0000000000000000e+00         0.0000000000000000e+00         0.0000000000000000e+00         0.0000000000000000e+00         0.0000000000000000e+00         0.0000000000000000e+00         3.3659786897659088e-03        -1.6294778757535572e-04
64                                     0.0000000000000000e+00         0.0000000000000000e+00         0.0000000000000000e+00         0.0000000000000000e+00         0.0000000000000000e+00         0.0000000000000000e+00         1.2218884987529403e-01         1.7984821127372250e-02
65                                     0.0000000000000000e+00         0.0000000000000000e+00         0.0000000000000000e+00         0.0000000000000000e+00         0.0000000000000000e+00         0.0000000000000000e+00        -9.1107840726652456e-02        -1.0421990934518599e-02
66                                     0.0000000000000000e+00         0.0000000000000000e+00         0.0000000000000000e+00         0.0000000000000000e+00         0.0000000000000000e+00         0.0000000000000000e+00         2.7088156199763310e-03         4.9004558193349729e-03
67                                     0.0000000000000000e+00         0.0000000000000000e+00         0.0000000000000000e+00         0.0000000000000000e+00         0.0000000000000000e+00         0.0000000000000000e+00         8.9063491470987299e-03         9.5464918884327843e-02
68                                     0.0000000000000000e+00         0.0000000000000000e+00         0.0000000000000000e+00         0.0000000000000000e+00         0.0000000000000000e+00         0.0000000000000000e+00         2.3354024792039327e-04        -7.3393356013068331e-02
69                                     0.0000000000000000e+00         0.0000000000000000e+00         0.0000000000000000e+00         0.0000000000000000e+00         0.0000000000000000e+00         0.0000000000000000e+00         6.4625897647395934e-04         5.9666274222678721e-03
70                                     0.0000000000000000e+00         0.0000000000000000e+00         0.0000000000000000e+00         0.0000000000000000e+00         0.0000000000000000e+00         0.0000000000000000e+00        -8.9301369708179687e-02         9.8445135289301100e-02
71                                     0.0000000000000000e+00         0.0000000000000000e+00         0.0000000000000000e+00         0.0000000000000000e+00         0.0000000000000000e+00         0.0000000000000000e+00         7.5044711405230433e-02        -7.8120672116970880e-02
72                                     0.0000000000000000e+00         0.0000000000000000e+00         0.0000000000000000e+00         0.0000000000000000e+00         0.0000000000000000e+00         0.0000000000000000e+00        -1.3195708819516987e-03         3.6956492448296505e-03
73                                     0.0000000000000000e+00         0.0000000000000000e+00         0.0000000000000000e+00         0.0000000000000000e+00         0.0000000000000000e+00         0.0000000000000000e+00        -1.1702943361664744e-01         4.4828318748796184e-02
74                                     0.0000000000000000e+00         0.0000000000000000e+00         0.0000000000000000e+00         0.0000000000000000e+00         0.0000000000000000e+00         0.0000000000000000e+00         9.3221163905234675e-02        -3.8841316326515378e-02
75                                     0.0000000000000000e+00         0.0000000000000000e+00         0.0000000000000000e+00         0.0000000000000000e+00         0.0000000000000000e+00         0.0000000000000000e+00        -3.2960824212074869e-03        -3.0070322467247413e-04
76                                     0.0000000000000000e+00         0.0000000000000000e+00         0.0000000000000000e+00         0.0000000000000000e+00         0.0000000000000000e+00         0.0000000000000000e+00        -7.2568512360029161e-02         3.7089892093198552e-02
77                                     0.0000000000000000e+00         0.0000000000000000e+00         0.0000000000000000e+00         0.0000000000000000e+00         0.0000000000000000e+00         0.0000000000000000e+00         4.8554022684488204e-02        -2.2779838790247472e-02
78                                     0.0000000000000000e+00         0.0000000000000000e+00         0.0000000000000000e+00         0.0000000000000000e+00         0.0000000000000000e+00         0.0000000000000000e+00        -3.7214069617966762e-03         1.0041033424940430e-03
79                                     0.0000000000000000e+00         0.0000000000000000e+00         0.0000000000000000e+00         0.0000000000000000e+00         0.0000000000000000e+00         0.0000000000000000e+00        -7.4915357093348289e-02         6.5296265322711045e-02
80                                     0.0000000000000000e+00         0.0000000000000000e+00         0.0000000000000000e+00         0.0000000000000000e+00         0.0000000000000000e+00         0.0000000000000000e+00         4.9717070668449735e-02        -4.3719745533568201e-02
81                                     0.0000000000000000e+00         0.0000000000000000e+00         0.0000000000000000e+00         0.0000000000000000e+00         0.0000000000000000e+00         0.0000000000000000e+00        -1.4730093323561655e-03        -2.1065697577423196e-04
82                                     0.0000000000000000e+00         0.0000000000000000e+00         0.0000000000000000e+00         0.0000000000000000e+00         0.0000000000000000e+00         0.0000000000000000e+00        -2.7639004308811888e-02         4.5211690449998829e-02
83                                     0.0000000000000000e+00         0.0000000000000000e+00         0.0000000000000000e+00         0.0000000000000000e+00         0.0000000000000000e+00         0.0000000000000000e+00         1.7207013470512875e-02        -3.3833759304329018e-02
84                                     0.0000000000000000e+00         0.0000000000000000e+00         0.0000000000000000e+00         0.0000000000000000e+00         0.0000000000000000e+00         0.0000000000000000e+00         1.5481477504490841e-03        -2.0406563023278998e-03
85                                     0.0000000000000000e+00         0.0000000000000000e+00         0.0000000000000000e+00         0.0000000000000000e+00         0.0000000000000000e+00         0.0000000000000000e+00         4.8106508277080053e-02        -9.0933762310718161e-02
86                                     0.0000000000000000e+00         0.0000000000000000e+00         0.0000000000000000e+00         0.0000000000000000e+00         0.0000000000000000e+00         0.0000000000000000e+00        -3.1710045662888514e-02         5.6442345776391588e-02
87                                     0.0000000000000000e+00         0.0000000000000000e+00         0.0000000000000000e+00         0.0000000000000000e+00         0.0000000000000000e+00         0.0000000000000000e+00         3.9012082548153838e-02         6.4176412807724334e-02
88                                     0.0000000000000000e+00         0.0000000000000000e+00         0.0000000000000000e+00         0.0000000000000000e+00         0.0000000000000000e+00         0.0000000000000000e+00         9.0673545211609322e-02         1.4577563216931712e-03
89                                     0.0000000000000000e+00         0.0000000000000000e+00         0.0000000000000000e+00         0.0000000000000000e+00         0.0000000000000000e+00         0.0000000000000000e+00        -4.0660475433191422e-02        -1.1570316825575079e-01
90                                     0.0000000000000000e+00         0.0000000000000000e+00         0.0000000000000000e+00         0.0000000000000000e+00         0.0000000000000000e+00         0.0000000000000000e+00         3.9438897383316532e-02         6.8579245787429285e-02
91                                     0.0000000000000000e+00         0.0000000000000000e+00         0.0000000000000000e+00         0.0000000000000000e+00         0.0000000000000000e+00         0.0000000000000000e+00         5.2700634827489885e-02         6.6970989393037542e-02
92                                     0.0000000000000000e+00         0.0000000000000000e+00         0.0000000000000000e+00         0.0000000000000000e+00         0.0000000000000000e+00         0.0000000000000000e+00        -1.7248206567440583e-02        -1.5784938915900745e-01
93                                     0.0000000000000000e+00         0.0000000000000000e+00         0.0000000000000000e+00         0.0000000000000000e+00         0.0000000000000000e+00         0.0000000000000000e+00        -3.4916580860494643e-02        -5.8654581596437549e-02
94                                     0.0000000000000000e+00         0.0000000000000000e+00         0.0000000000000000e+00         0.0000000000000000e+00         0.0000000000000000e+00         0.0000000000000000e+00         3.9002276434449319e-02         1.7258777082244775e-01
95                                     0.0000000000000000e+00         0.0000000000000000e+00         0.0000000000000000e+00         0.0000000000000000e+00         0.0000000000000000e+00         0.0000000000000000e+00        -4.2521274781606208e-02         3.4050717872528640e-03
96                                     0.0000000000000000e+00         0.0000000000000000e+00         0.0000000000000000e+00         0.0000000000000000e+00         0.0000000000000000e+00         0.0000000000000000e+00        -3.3894177670620397e-02        -5.9747274742458521e-02
97                                     0.0000000000000000e+00         0.0000000000000000e+00         0.0000000000000000e+00         0.0000000000000000e+00         0.0000000000000000e+00         0.0000000000000000e+00         7.6420300274866834e-02         1.0798028524146525e-01
98                                     0.0000000000000000e+00         0.0000000000000000e+00         0.0000000000000000e+00         0.0000000000000000e+00         0.0000000000000000e+00         0.0000000000000000e+00        -6.6214708463886440e-02         4.5546229918472375e-02
99                                     0.0000000000000000e+00         0.0000000000000000e+00         0.0000000000000000e+00         0.0000000000000000e+00         0.0000000000000000e+00         0.0000000000000000e+00         9.5923884841208045e-04        -4.0353082000397864e-03
100                                    0.0000000000000000e+00         0.0000000000000000e+00         0.0000000000000000e+00         0.0000000000000000e+00         0.0000000000000000e+00         0.0000000000000000e+00        -4.0700349612041520e-03        -1.0214275826975838e-01
101                                    0.0000000000000000e+00         0.0000000000000000e+00         0.0000000000000000e+00         0.0000000000000000e+00         0.0000000000000000e+00         0.0000000000000000e+00         2.8585470058760947e-03         6.9676512367909171e-02
102                                    0.0000000000000000e+00         0.0000000000000000e+00         0.0000000000000000e+00         0.0000000000000000e+00         0.0000000000000000e+00         0.0000000000000000e+00         1.7801159973264819e-03        -4.2893897833330462e-03
103                                    0.0000000000000000e+00         0.0000000000000000e+00         0.0000000000000000e+00         0.0000000000000000e+00         0.0000000000000000e+00         0.0000000000000000e+00         1.3990102143391422e-01        -5.6839106988322931e-02
104                                    0.0000000000000000e+00         0.0000000000000000e+00         0.0000000000000000e+00         0.0000000000000000e+00         0.0000000000000000e+00         0.0000000000000000e+00        -1.0944009836046462e-01         4.7953649499930702e-02
                                                         8                           9                          10                          11                          12                          13                          14                          15

0                                      4.2417653760872557e-03        -4.0403631487539639e-03        -6.6577922995616904e-04         1.1084952243026289e-02        -4.4587847270786641e-03        -7.6515219339868851e-02         4.2519445025828795e-03        -3.9313258035766525e-03
1                                      1.8929726278256367e-02         6.4813910299264005e-02         2.9277682301671031e-02         1.7271473649747720e-02        -4.4050557640860091e-02         2.4681955696871066e-02        -3.8782842567065120e-03        -6.9827278769758971e-02
2                                     -6.6572162101484991e-02         3.8189664280862255e-02        -2.8359979603720383e-02         2.4394152108573201e-02         3.2366610386418825e-02         2.7269030446215408e-02         4.5595124958564080e-03         5.5923139541361438e-02
3                                     -1.5928199797600441e-02         3.4547302266116957e-02        -3.2955144952973620e-03         3.6201209115980314e-02        -6.4994294040693944e-03        -4.7546392526175110e-02         6.6019211642820048e-03         6.4174014187234093e-04
4                                      2.4667959332053058e-02         6.5943314393022590e-02         2.5765960860019123e-02         1.4041589509368770e-02        -4.7920604578186268e-02         2.2260662917050932e-02         1.9703657480683555e-02         5.2915829978058118e-02
5                                     -6.8903547073706051e-02         3.2890634744375750e-02        -2.5233827350075438e-02         2.4080116516697492e-02         3.5751565555778173e-02         2.6478411100680017e-02        -1.4706338615720349e-02        -4.3439609104019415e-02
6                                     -2.6450306971514497e-02         5.1336411603660488e-02        -5.7146997912323732e-03         4.7940063326956224e-02        -5.0257050574779531e-03        -2.9289092869886721e-02         6.3975665476172132e-03         1.0463689508979012e-03
7                                      4.0456213194259476e-03         2.5958843371362603e-02        -5.0898420010675911e-03        -1.0818700054082851e-03         1.2240445533757941e-02        -2.6290274909548904e-03         3.7872919775214925e-03         6.7235784381201244e-02
8                                     -2.7711262936829264e-02         1.8585898331146457e-02         2.8657233941067409e-03         2.8074955112803762e-03        -1.0258258618910275e-02        -4.8220650162260903e-03        -3.6734305244101278e-03        -5.4218364349212067e-02
9                                     -1.4607384921646907e-02         2.5350232602155943e-02        -4.7847008428244806e-03         2.7242442778855815e-02        -1.3943200311213411e-03        -4.7470555812016507e-02         3.0290183437162001e-03        -1.5846795515750477e-03
10                                    -1.9284373272634613e-02        -1.3420099570129825e-02        -2.6956944091801049e-02        -1.4008447312078575e-02         5.7139857963796947e-02        -1.9766083840406394e-02        -1.9441800258507017e-02        -1.5199927405389212e-02
11                                     1.3588432822883773e-02         7.7900948753890581e-03         2.3562315298187919e-02        -1.8663499044005664e-02        -4.3933966483279560e-02        -2.8351587491341767e-02         1.2471809803623442e-02         1.3297060698156872e-02
12                                    -1.7945404407922555e-02         2.9190907825719491e-02        -5.2673480292839674e-03         2.6411275914422210e-02        -1.4742708032785780e-03        -4.5161252380364524e-02         2.0347233120233655e-03        -4.9421340804262541e-03
13                                    -3.0881065587861040e-02        -4.6391225978237874e-02        -3.5312942861369295e-02        -2.4853756171507039e-02         4.7201045709754620e-02        -2.7670160676857996e-02        -1.9828976092165846e-02        -1.0579487574742408e-01
14                                     4.6718233195647378e-02        -9.7320539964961955e-03         3.3100414100784521e-02        -3.2292345423284588e-02        -3.4936467171439237e-02        -3.7975276777345218e-02         1.2920144506279487e-02         8.6344741764198346e-02
15                                    -2.6600015002213955e-03        -8.0627812758904421e-05        -3.1784410256805455e-03         1.1347670047999227e-02        -1.6970832692508122e-03        -3.8506266281507703e-02         2.0965561727153401e-03        -4.6500649781228582e-04
16                                    -3.4160201619498239e-02        -6.0710814025685421e-02        -2.8125541369517386e-02        -2.8484969516205012e-02         1.4983581921874867e-02        -2.7015271038034354e-02         1.2294839559876378e-02        -1.5102160923668163e-04
17                                     6.0257538203340386e-02        -1.8350243205910419e-02         2.8336555971548046e-02        -3.6198181620193962e-02        -8.4894524118446588e-03        -3.4836403995705541e-02        -1.2317594526808227e-02         6.4108074415643074e-04
18                                    -1.2665176674769494e-03        -1.2276074016378551e-03        -2.0506924301350563e-03         9.1663877607004417e-03        -3.5619707579057813e-03        -8.5494329459435223e-03         1.0013730240924770e-04        -1.9615094008396569e-04
19                                    -1.7157432080415279e-02        -5.9801228262782474e-02        -2.7584575108158551e-03        -1.8684589107035871e-02        -5.1913554111654908e-02        -3.7937262615457875e-03         1.6486030555600287e-02        -3.8668966909748341e-03
20                                     5.6638483897114206e-02        -3.2756869242675637e-02         7.0961387162250750e-03        -1.9747804697298133e-02         4.1011619461151408e-02        -6.5039987107071862e-03        -1.1577702677210578e-02         2.1456111897968371e-03
21                                    -7.3950510692344989e-03         1.4152549221107386e-02        -7.9790737906319017e-03         3.4785777685429772e-02        -5.9449276629045152e-03         2.7789753673214623e-02         1.3460201827381895e-03         2.2991655652787935e-04
22                                     2.0511566513291411e-02        -3.1009293946697533e-02        -3.9422017204614725e-02        -2.2149536903633367e-02        -7.6102451490534712e-02         8.9743259795629499e-03         7.9713178457985548e-02        -1.4655404417694988e-02
23                                     2.7083578685558590e-02        -4.4247112273545428e-02         2.9177113337359319e-02        -1.0023894374414043e-03         5.6350272632728515e-02         1.3685056740716051e-03        -5.4016067055474695e-02         9.5073932340190622e-03
24                                    -8.2119233567180382e-03         1.9710298602402632e-02        -7.9165387017724534e-03         3.9548973661669505e-02        -5.0908741162819177e-03         3.4059577934029757e-02        -2.8986893644765963e-03         1.0486723993086958e-03
25                                     5.3313332342861848e-02         3.8793723699696845e-03        -2.0483719621397209e-02         6.4044826548361484e-03        -4.2853936200945374e-02         2.0115529254655939e-02        -4.9944563121163046e-03         7.4879001570958841e-04
26                                    -5.8592503186527889e-03        -4.7323823355431630e-02         9.5596224415677392e-03         2.7547984466112448e-02         3.0723528881286814e-02         2.1665042750619787e-02         5.7599974509967063e-03        -9.5174947970673158e-04
27                                    -2.7482007943426955e-03         8.7043866335017196e-03        -6.5042601272470243e-04         2.3527042981443180e-03        -5.0653916293571925e-04         3.2626231331482944e-02        -1.0426798152053093e-02         2.4888179962096191e-03
28                                     4.6939488122228569e-02         7.9501088803976480e-03         2.8446150513584637e-02         3.4962124233967329e-02         4.6987584472636939e-03         1.4845419502727598e-02        -8.6369346804227670e-02         1.4650351362870162e-02
29                                    -7.3908229474035974e-03        -3.9070692009133962e-02        -2.7464363742623680e-02         3.7468689478799305e-02        -3.4129425350688013e-03         2.6770275659588699e-02         6.3280206973247682e-02        -1.0823728512232490e-02
30                                    -7.5991915666371744e-04         8.0815562144380369e-03        -1.7402067473707095e-04        -6.6682452127841928e-03         3.3482891454876397e-03         3.4413952711745112e-02        -1.0506853196480894e-02         2.4227768279536871e-03
31                                     6.9825172039966882e-02         4.1403608210652532e-02         1.2876709248260362e-02         4.7187412181910124e-02         7.9061363495897069e-02         4.5686759322082276e-03        -6.7762210084832436e-02         1.1081998101360071e-02
32                                    -3.7996647463495133e-02        -3.3197665446509983e-02        -2.2835534545364279e-02         5.5280858819687972e-02        -5.7426381206235610e-02         2.5634980122998485e-02         4.7869057805343534e-02        -7.4060477777451233e-03
33                                     1.1018961267341875e-02        -1.6033812498035680e-02         4.7528011234197181e-03        -2.5267352174720707e-02         5.7531114045820527e-03         4.7481892656808598e-02        -1.7720848909866345e-03         5.6335643490260849e-04
34                                     4.3292508659707643e-02         2.8845932149082990e-02         1.7353126449926589e-02         4.4106540318293537e-02         4.7168460282801562e-02         8.1554265833466890e-03         5.2594022154099834e-02        -8.2899605029342818e-03
35                                    -2.3849478666341954e-02        -1.8598855226682344e-02        -2.6509293410174831e-02         5.8708691616835625e-02        -3.6941707507684350e-02         1.9464923679036156e-02        -3.3957271397453768e-02         5.9219926652526317e-03
36                                     2.1574622666854015e-02        -3.2066203598510153e-02        -6.7101591008568982e-04        -5.8816452507673101e-03         4.8697676862097016e-03         7.3426231437775158e-02         1.2526333082318666e-03         9.0311094017611658e-05
37                                     2.7283599969817274e-02         4.6751678345804598e-02        -6.1014206810680691e-02        -2.6555393450612640e-03         1.5517539310068686e-02        -6.3914921537413273e-03         5.8340038813953256e-02        -1.0523325598483339e-02
38                                    -4.2945879201368053e-02         1.2588950757506228e-02         3.3609385381865114e-02         2.5761253182263057e-02        -1.4807113868775444e-02        -5.2978313676175868e-03        -4.3769522194607023e-02         8.2874893342420319e-03
39                                    -3.0198396270809287e-02        -3.4337959778338374e-02        -9.7621023295999150e-03        -6.7529395491924632e-02        -3.1672308752612073e-02         8.3663060852176840e-02        -6.7027666064657057e-02         1.1626417398895613e-02
40                                    -4.2715351486754718e-02         3.1956564107241833e-02        -5.7727728256804944e-02        -5.8779483746401621e-02        -2.7810863401004287e-02        -4.8540147197618138e-03        -1.8227031951668610e-02         2.5110120053026099e-03
41                                     1.5899254199386335e-02         9.7805474413054885e-02        -5.7225684763263077e-02        -9.4377433762888430e-02        -2.1880583575097999e-02        -6.3304908342545598e-03        -3.9409658145449888e-02         6.2878873733425980e-03
42                                     3.5882025340846620e-02         9.1290878653536630e-03         3.2823462264421885e-02        -6.4848250376618496e-02         5.0329382767229335e-02         8.1483087534428442e-02         7.0894652628569421e-02        -1.2355216403682132e-02
43                                    -9.0102939109684838e-02         3.7743696323233617e-03         4.3476918969177929e-02        -3.8609017707430041e-02         1.1356106529854863e-02        -8.3646986090685597e-03         2.2388429059652250e-02        -4.0266918070150535e-03
44                                    -5.4914365559024854e-02         5.4993424842303198e-02         1.0311202350863326e-01        -6.0191127760505302e-02         4.3331547956728458e-02        -6.8722460667513521e-03         3.0618947430163281e-02        -5.0326708564972008e-03
45                                     1.6121895788576469e-02        -2.8747230226747179e-02         8.1905869643282524e-03        -3.2367263610856817e-02         4.1813973676137718e-03         4.3224938882113609e-02        -6.9921927118955427e-04         2.0842486564937119e-04
46                                     9.5953631806257201e-03        -7.9689655656200765e-03         6.2191733063969773e-02         4.3152102108934803e-02        -1.6389427913929621e-02         1.6661464676909873e-02         5.7251540171700872e-02        -7.4317394974848629e-03
47                                     1.2009112577441316e-02        -1.7470922462089641e-02        -5.2859327734576828e-02         4.5421877672276179e-02         8.5460104632968312e-03         1.8947746112509479e-02        -3.3799764489613325e-02         4.3218687179517783e-03
48                                     6.0014436292473196e-03        -1.1349280138767742e-02         5.2277200331150193e-03        -1.9357253778957060e-02         3.2293635561408886e-04         2.4835027233995024e-02        -6.9724930235272129e-03         1.4895639030743082e-03
49                                     8.9108025592660647e-03        -2.2557592815724281e-02         6.4782525079728800e-02         3.4094501810033838e-02        -3.6169069635390003e-02         1.6511200063903525e-02        -4.5751408667326320e-02         8.2394621501300572e-03
50                                     2.3592268318065424e-02        -2.8336840457540303e-02        -4.9720553332824741e-02         2.7058109138665777e-02         2.5208465641753160e-02         2.0813074265805493e-02         3.6902439622691137e-02        -6.9837389622103962e-03
51                                     4.3227029318253837e-03        -1.2273764999532968e-02         5.3606063507995443e-03        -2.2995833997701599e-02        -1.2820742973492954e-03         5.2049627141353841e-03        -7.2930262644301915e-03         1.4962021545674986e-03
52                                    -2.4173525190757585e-02        -5.8324712250926392e-02         5.8085549608088261e-02         8.7868024583950093e-03        -6.1201621167083074e-02         3.6497646222599542e-04        -5.1935186841003914e-02         9.5135309282573972e-03
53                                     5.6802993390404274e-02        -2.4987319150907517e-02        -3.8053281557567667e-02        -6.3990352151298505e-03         4.5466960370328768e-02        -1.0022902120768648e-03         3.7935216661607658e-02        -7.8334417738394422e-03
54                                     1.0501662443315442e-02        -2.3725349720589709e-02        -2.0541879959458842e-03         2.1691014913118177e-03        -6.7951362471663560e-04        -5.5569606033553071e-02         3.7126030558699784e-03         2.9241291832989239e-03
55                                    -3.5701385978923673e-02        -4.6194837941095870e-02        -2.9654161449259083e-02        -2.2757435659967469e-02         4.1126910234205949e-02        -2.4619072369436393e-02         1.8204256653559594e-02         1.0182863592157179e-01
56                                     4.7497095925594944e-02        -4.3452800390308697e-03         2.8312495797660330e-02        -3.2001713274486275e-02        -2.9761594858105901e-02        -3.3036009770878866e-02        -1.8408938249347358e-02        -8.0972795343747475e-02
57                                     4.6463241067015828e-03        -1.1008332969209483e-02        -2.4770281329361578e-03         7.1311673355829268e-03        -1.2326891075542829e-04        -6.4376803847851133e-02         2.8945920616162473e-03         5.4354202815871271e-04
58                                    -2.4359564213583297e-02        -1.4500462516016535e-02        -2.4716255347079739e-02        -1.2013703150713824e-02         5.7563617371716509e-02        -1.8002109762180848e-02        -8.8462457094208580e-03         3.8855072736074352e-02
59                                     1.5849582395952314e-02         1.2089632002357709e-02         2.1571070876090712e-02        -1.8569117433992813e-02        -4.4404688630936426e-02        -2.6657473604516521e-02         3.8363034696902109e-03        -3.0325923840667905e-02
60                                     1.5250251673097891e-02        -2.8429659998251644e-02        -1.8413373179274108e-04        -5.9754507894482188e-03        -6.8522596041272702e-04        -9.3116697671035892e-02         2.1104996950704548e-03        -2.7143714465135442e-03
61                                    -6.9975416055682296e-03         2.4278691626065763e-02         1.3694872557648127e-03         4.5328365274129442e-03         1.8211249077394832e-02         7.8515592459879602e-03        -1.9773584145255072e-02        -5.0473186035011650e-02
62                                    -2.3429851663599604e-02         2.8755021191159493e-02        -2.8405682477351257e-03         2.7548795173730099e-03        -1.5305872250803017e-02         4.0163722541899571e-03         1.4561590576834196e-02         4.1082416188033453e-02
63                                     1.1874795136824686e-02        -1.5919352987286042e-02         1.2601092813089728e-03         2.3126830369873956e-03        -5.7174939314320614e-03        -8.5614463997522663e-02         3.5251046838647802e-03        -6.8464602752014696e-03
64                                     3.6429630295631003e-02         9.6356737786709099e-02         5.5385908611294700e-02         2.8593528141850875e-02        -9.3843672086710933e-02         3.7022616100268441e-02        -3.3789459543361131e-03        -1.4777441822611651e-01
65                                    -9.9698880326970843e-02         4.8545259009174564e-02        -5.1920814243953360e-02         4.0416560277867657e-02         7.0697556188330984e-02         4.2988578265581140e-02         6.2193588901965280e-03         1.1852960090057450e-01
66                                    -2.3761411386125586e-02         5.2341566872744646e-02        -3.4392703602406914e-03         4.7592855325250143e-02        -9.4406356990083956e-03        -3.1118855179908166e-02         8.1119650196596234e-03         2.7118186405890219e-03
67                                     4.6647346518172594e-02         9.8267944349419142e-02         4.8923647632516207e-02         2.2104377003239806e-02        -1.0076445363720120e-01         3.6307939843503563e-02         4.5065545445306526e-02         1.0858211482540846e-01
68                                    -1.0372792921113343e-01         3.9022062939378155e-02        -4.6055867392103204e-02         3.9124675315453786e-02         7.6889340361926184e-02         4.6310333847311737e-02        -3.4292636628522451e-02        -8.8752075579771092e-02
69                                    -4.3562456694857088e-02         8.4533062923262847e-02        -8.1071453170716082e-03         7.4230404526070964e-02        -7.6595226819273811e-03         4.9026344928785274e-03         9.2548060318918598e-03         2.2765832789154341e-03
70                                     1.0026323406210425e-02         2.7260418504132283e-02        -5.0537698479171797e-03        -4.2673346482232626e-03         3.0382653043981279e-03        -5.6095257640907861e-03         1.5454301023224069e-02         1.1971482244032082e-01
71                                    -3.0550366626856180e-02         1.3713229246625217e-02         3.1156994345246216e-03         2.3091817948698973e-03        -2.5487399995395765e-03        -6.2455294841418946e-03        -1.3409684776035201e-02        -9.6568238028027151e-02
72                                    -2.8262761328808124e-02         4.9937331606653715e-02        -6.9675439890212066e-03         3.4462769772500311e-02        -1.3708527216374571e-03        -4.3447089629095985e-02         2.1616769504672717e-03        -6.9603934674616185e-03
73                                    -2.1631300724417737e-02        -4.9206879100704710e-02        -3.3474560722858655e-02        -2.9659338428353037e-02         2.0522347214071528e-02        -2.8605739887246916e-02        -1.5474382525699425e-02        -1.6819324024065080e-01
74                                     4.5589174209775603e-02        -2.0354166784174166e-02         3.2674990773023146e-02        -3.3820646087119668e-02        -1.3137580533944175e-02        -3.8073576087821234e-02         9.2182744591076636e-03         1.3864229298699815e-01
75                                    -1.3473744507783571e-02         2.5566136380235617e-02        -1.3293608733282279e-02         5.4599960741861707e-02        -8.1366738143017030e-03         5.1674895745295692e-02         4.7824629200929232e-03         6.2832392395472612e-05
76                                     2.8146158962357299e-02        -3.4165175008665408e-02        -8.6738531758701790e-02        -4.3970655416671799e-02        -9.7239376522800083e-02         1.0043291787914799e-03         1.7358349555795602e-01        -3.3333522257025114e-02
77                                     2.8339672964340711e-02        -5.3678285610538640e-02         6.4218814649946734e-02        -6.2571430636947289e-03         7.1818216941419044e-02        -1.7521678007890725e-02        -1.1655163581712898e-01         2.1473590939151327e-02
78                                    -1.2356066276181773e-02         3.1166498286209026e-02        -1.4019092513617984e-02         7.3908066209943293e-02        -7.3973096982709900e-03         4.2769685467238180e-02         2.2561632589043943e-03         4.3658517133307010e-05
79                                     8.4156890484255134e-02         2.6801248048880701e-02        -5.5530384933036338e-02         5.5855368000759581e-03        -4.2694308062409807e-02         2.4255506873565764e-02         2.9501576604760639e-02        -6.7857702565283203e-03
80                                    -2.9305121805378743e-02        -5.7430322286766006e-02         3.0734363904829542e-02         4.5656617552727485e-02         2.9436890525463357e-02         2.3036842698957841e-02        -1.5490913851658152e-02         3.7505422596351519e-03
81                                    -5.4906828453242058e-03         2.3032731795034282e-02        -5.3766035490905202e-03        -1.3042476870722382e-04         3.4593455350127029e-03         2.9731792360192896e-02        -1.2487756141427494e-02         2.9330962641315318e-03
82                                     9.6248703695147333e-02         6.5108982131278817e-02        -2.4131764746015295e-02         5.4841161905487268e-02         1.2004347410291283e-01        -2.0176836925307573e-03        -2.8673805542279645e-02         3.5217712675040562e-03
83                                    -6.2174090586480796e-02        -3.3234357473338590e-02        -2.3563961085121491e-03         5.8839836552749547e-02        -8.6791177653446100e-02         2.4612724074674467e-02         1.7496732171526874e-02        -1.3778762592818209e-03
84                                     4.8394684388752746e-02        -6.5526421948040939e-02        -1.7200165356467522e-02         7.3866406870304963e-02        -1.3798967309084286e-03         9.3855726949885643e-02         2.0969147726728784e-03         3.6841183642919372e-04
85                                     7.5837588643107468e-02         7.6092094688985812e-02        -1.6921862392255371e-01        -2.7055817487559742e-02        -2.8106962029660568e-02        -4.3710055001719332e-03         2.7001832223527610e-02        -5.6872253023343205e-03
86                                    -7.2995362522877777e-02        -7.5299975775321663e-03         1.0228440887828255e-01         4.4287840116739668e-02         1.2904582940884545e-02        -5.3393241922412285e-03        -2.3591276317003747e-02         5.1883224691964148e-03
87                                    -3.5298192979087435e-02        -7.2451769621509177e-02        -3.9021054371626299e-02         1.2812507245291249e-03        -6.7028701135357346e-02         7.9740897045191619e-02        -1.1427005511961744e-01         2.0248779228382741e-02
88                                    -3.1315706186474460e-02         5.5370629263464581e-02        -1.7552377564794427e-01        -1.1419818609041466e-01        -1.0492777033542464e-01        -4.2834164156546357e-03        -1.3310593394980219e-01         2.1896505703978851e-02
89                                     2.1246407811286391e-02         1.3066802400855712e-01        -4.7635452288765763e-02        -1.5541919613580171e-01        -2.7984906211917216e-03        -2.8330068177911420e-03        -1.5538638970279817e-02         1.7473097506584981e-03
90                                    -8.5673208087513344e-02        -2.3377856104840559e-02         5.1055819292586738e-04        -1.5702004298286756e-01        -5.7997822189447164e-02         9.1112834551407576e-02        -1.2330828965455178e-01         2.1114701364702171e-02
91                                    -5.8909047885080272e-02         1.7387241165781799e-02         9.3737350268674989e-03        -3.8740297296787532e-02         1.0028799051405161e-02        -4.4380140290301157e-03         3.0666732465124937e-02        -5.7139814050617297e-03
92                                     6.8783632914477477e-02         1.1971470465105986e-01        -1.8325353504436712e-01        -9.2860506327987674e-02        -7.9253135738078517e-02        -1.0556115583730655e-02        -1.0413798127485586e-01         1.7167104041755480e-02
93                                     3.8261390420975663e-02         5.8063779395011984e-02         6.4216179228469686e-02        -1.5966213154242045e-01         9.5474157307480351e-02         8.8576339011713898e-02         1.4370233632966267e-01        -2.5851558193067860e-02
94                                    -1.3775274441333157e-01        -3.2974638901663481e-02         1.7833415131348104e-01         1.3643312468932847e-02         7.3732660144844073e-02        -1.6057632205616700e-02         9.8952919866996100e-02        -1.6506763225189520e-02
95                                    -5.2573257440058856e-02         4.8292500912795050e-02         8.9501090132560551e-02        -4.5982244606959849e-02         3.1440699347374063e-02        -7.8691974234299782e-03         1.2777712623847231e-02        -1.8269605576469558e-03
96                                     7.7945162368812645e-02         1.7739939837235507e-03         3.2053352334160748e-02         6.4766342474717438e-03         7.0386950578466292e-02         7.6089845840567133e-02         1.0745528579405327e-01        -1.8194511038682255e-02
97                                    -1.1176138797821038e-01         9.1235979418666999e-03        -1.2898580001945736e-03        -9.0101368194165407e-02        -3.2725651814674829e-02        -2.7889311682151967e-03        -4.6909743398435025e-02         7.5495503576551567e-03
98                                    -9.7648012328195130e-02         5.8173464676341630e-02         2.2644810666563819e-01        -9.3111440062636441e-02         1.1465820269169423e-01        -8.0007239159009431e-03         1.3136689924026870e-01        -2.2523894872019532e-02
99                                     6.5935851995992008e-03        -2.0199802994909755e-02         1.1234277072442631e-02        -5.2817020545362706e-02         2.7928605287170821e-04        -5.3048542488461177e-03        -1.1942649338484219e-02         3.4232639634078511e-03
100                                   -5.3114825434638267e-02        -8.0543482500315400e-02         8.5188295874598446e-02         6.8013369682665146e-03        -6.1389606078724020e-02        -2.3818097801002235e-03        -6.8324606615821987e-02         1.9020918121402542e-02
101                                    7.7854461755506671e-02        -1.4210968982962702e-02        -5.3594297067575639e-02        -1.9895315315216280e-02         4.6467329626644668e-02        -2.7224161122918525e-03         4.6745511375750282e-02        -1.3383671227065342e-02
102                                    3.2562595127161059e-02        -6.1694622898906828e-02         2.3803771736036592e-03        -3.1912303272502829e-02         1.2720726056676226e-03        -1.3404119658497538e-01        -1.1493554596362252e-04        -4.0674727627376802e-03
103                                   -9.6599472366196391e-03         2.4832454200883317e-02         6.4275580493464149e-03         7.1588531597385962e-03         1.3196884017365008e-02         1.0997825622843927e-02        -2.8295800956609968e-02        -1.0228476698684828e-01
104                                   -2.3222017110709325e-02         3.2020614213611319e-02        -7.1965908348604985e-03         3.5178303330355826e-03        -1.1487313161013238e-02         5.6962020266681374e-03         2.1678544233895723e-02         8.2932743071250953e-02
                                                        16                          17                          18                          19                          20                          21                          22                          23

0                                      7.9632674533387567e-03         3.2671514797862872e-02         6.0635370457755950e-03        -1.8373009899430307e-02        -2.0445281855873082e-04        -2.2267926676255347e-03         2.6837807267219443e-04        -4.7121988081424357e-02
1                                     -3.0764028664012222e-02         2.3294317516435660e-02         1.8673067619582217e-02         2.9257228630529184e-02        -2.0870879857938562e-02        -2.6574459804079194e-02         1.8594711662579869e-02        -6.8906580566817626e-03
2                                      3.2182282471252724e-02         1.7827187797394936e-02        -2.7497283355068205e-02         2.1697252583745961e-02         1.7961618511326036e-02         2.2365310527623816e-02        -1.4736138868975356e-02        -1.1073593147992047e-02
3                                      1.4125888070410299e-02         6.1372054456699437e-02         1.1014827784510538e-03         1.6300837061492548e-03        -3.0061266951573025e-04        -2.0598390628412486e-03         2.0988901019691298e-05        -4.5801331355927052e-02
4                                     -3.9178321992480947e-02         2.3699294125175269e-02         2.9089605097064271e-02         3.1122388166853074e-02        -2.7017569601003228e-02        -2.6637416428953304e-02         1.8323117063396961e-02        -8.8930030843640644e-03
5                                      3.8306211077706771e-02         1.4540168916383781e-02        -3.5430550716094585e-02         1.8696150819316800e-02         2.2933220232404725e-02         2.2388816599174320e-02        -1.4497984602319656e-02        -1.3482036482444140e-02
6                                      1.9833323963300824e-02         7.3017769552429765e-02        -7.0906413969250700e-03         1.8805661195644231e-02         2.8817271090525909e-03         1.9103577428101657e-03        -2.0772637594553616e-03        -3.6247473951505148e-02
7                                      3.5358185218103556e-02        -1.7308229157403827e-02        -4.5985170869956966e-02        -2.4989043524403620e-02         4.7805132387244501e-02         5.6236972878516228e-02        -3.9164081096602271e-02        -6.4935891511498540e-03
8                                     -3.1972180890750102e-02        -1.3280221702038988e-03         4.2728195967568432e-02        -2.1290414881269225e-03        -3.8794708058770271e-02        -4.6465804816547759e-02         3.1449885282570068e-02        -9.2564218801725519e-03
9                                      1.0869081257333992e-02         2.5829027035560708e-02         3.4662353612915087e-03        -1.8197785403310133e-02        -7.3788126409385076e-04        -3.5771318085648981e-03         2.3414650616341974e-03         1.8850365313906166e-02
10                                     5.5751857116531495e-02        -4.7681331188399012e-02        -2.2138254246764348e-02        -4.3276524559777090e-02        -9.4400824507434155e-03        -7.4830798838967108e-02         6.3236105866211270e-02         2.0385679304203843e-02
11                                    -6.0172164974571229e-02        -3.1869384157548822e-02         3.7141443026328505e-02        -3.8463073111587164e-02         5.8989936303580669e-03         5.8992087011066091e-02        -5.1238819650780303e-02         2.3744025091570982e-02
12                                     4.3193771733352889e-03         9.5066048403527684e-03         1.0317216359438204e-02        -3.1633314165842620e-02        -2.4541797849860383e-03        -2.5665397659109171e-04        -9.4147843568338383e-04         4.4765590506253519e-02
13                                    -2.1522007201782496e-02        -2.4492873585886973e-02         4.8363224762680790e-02        -1.0354240583305622e-03        -3.3219284923570007e-02         1.0381471283241264e-02        -2.4247034989140284e-02        -1.3987750886899667e-02
14                                     2.9440306681950087e-03        -3.8714339334637651e-02        -3.1420703227788310e-02        -2.8640591640872369e-02         2.7381103273398967e-02        -8.1529258451344486e-03         1.9548899269673459e-02        -1.2539904612374574e-02
15                                    -5.8987360493438219e-04         5.1207645088675738e-03         1.3137422101770714e-03         2.9668333364773827e-03        -3.4391981980193639e-04         2.2185103651167280e-03        -1.0456148726504758e-03         2.5268223466965098e-02
16                                    -7.4144684988264528e-02        -5.5300760663325697e-04         4.7324451001826459e-02         1.9334396771938493e-02        -4.4196234227314012e-03         3.8357954758162137e-02        -3.1882615608333761e-02        -2.7597591986153174e-02
17                                     4.9669763732370406e-02        -3.3282183586101022e-02        -4.1051588537858862e-02        -2.8597522695426136e-03         4.9271393933444287e-03        -2.9651581847440558e-02         2.5537068703816151e-02        -3.1693111771565155e-02
18                                    -5.3087265259977251e-03        -1.2785842634458068e-02        -6.0369964052166833e-03         1.7638032716505065e-02         1.9697841717253887e-03         1.7228137392410827e-03         2.1146044038777003e-03         4.8717007925973589e-02
19                                    -6.2437023209194191e-02         4.3123759363342666e-02        -4.7862117033682289e-02         4.1242478418936426e-02         6.4243324673388447e-02         5.4200636128893982e-03         4.1004934665427643e-02        -9.3627496853132281e-03
20                                     6.0503801907389243e-02         2.4966407518855104e-02         1.0542624941194068e-02         7.0752553482763228e-02        -4.7094500420045558e-02        -1.3662569163464247e-03        -2.8223495022884380e-02        -1.2047534908755684e-02
21                                    -1.2511530490017360e-02        -4.9791242508655395e-02        -1.5485360666733421e-03         3.5658788287928015e-03         2.3862879683394906e-03         1.5979683600317474e-03         2.4638960276648337e-03         7.7712283278485311e-02
22                                     2.5882829420878557e-02         1.8723674986075599e-02        -1.7944780333991769e-02         4.8590386677768056e-02         7.6430590014771135e-02        -1.8642466398666090e-02         4.7153497349946435e-02        -4.1744928855589206e-03
23                                    -1.1438997257299231e-03         3.8327871420648925e-02        -9.2038533599459009e-03         6.5852320757381316e-02        -5.5362147838909075e-02         1.5374613555392757e-02        -3.2458725457238172e-02        -6.5682063738432645e-03
24                                    -1.4472340573402156e-02        -6.3862050548528976e-02         2.6684251454797312e-04        -7.5616962011080171e-03        -4.3953777660653125e-03         1.5297402306442183e-03        -2.2057846979533923e-03         7.2543487581318900e-02
25                                     6.3661143296966968e-02         1.0003530103386215e-02        -8.1449393763243644e-03        -3.5782126431967128e-03        -9.9467990397022199e-02        -4.8935331048621678e-03        -7.3162271955123606e-02         1.4920745832471521e-02
26                                    -3.3974921754249036e-02         3.4347849628321610e-02         5.7271153764811948e-03         1.0257376603808068e-02         6.6440956378901156e-02         4.4480070870955716e-03         4.8300728653926164e-02         2.9126413507581366e-02
27                                    -1.6052924226936206e-02        -7.3610145701903523e-02        -1.1083981727064042e-02         4.3512100159354777e-02        -3.3212223126429046e-03         4.3076162876777230e-03         3.6935449130853317e-03        -2.4057474481768093e-02
28                                     1.9295300317569288e-02         2.4173122111689083e-02         3.4314912872224282e-02        -1.9090883798351457e-02        -3.1515305002749690e-02         8.2872591890221017e-02         7.3792495426364985e-02         3.1497718049551163e-02
29                                    -6.1425356243348149e-03         2.5976317057704382e-02        -1.1301273508667631e-02        -2.7529962262264996e-02         2.2520079707477696e-02        -5.5008583537543600e-02        -5.0238806834542654e-02         5.0911245587500910e-02
30                                    -1.8629917201284270e-02        -7.0904545414313347e-02        -1.3268657113003714e-02         5.0742290013985600e-02         1.4634328308802606e-03        -1.5901081197701786e-03        -5.5140715227520575e-04        -3.5930608110296809e-02
31                                    -6.6470343394242695e-02         8.7729397606963206e-03         1.2077433538419778e-02        -1.9630888948219846e-02         7.8432042032137203e-02        -5.4606819544756095e-02        -2.1843099879987032e-02        -2.4244341227666267e-02
32                                     3.6146671505287421e-02        -2.8772579301763111e-02         1.8220505319619508e-03        -3.6627661279970303e-02        -5.0659883076402797e-02         3.3573135827772133e-02         1.5054841978154199e-02        -4.7235483497695754e-02
33                                    -4.3599182714783441e-03        -1.5252903736150703e-02        -5.2201581953291408e-03         2.7693082346613308e-02         6.8200063696966504e-04        -7.2819445728122486e-04        -2.1309577888058450e-03         1.0534500791037229e-02
34                                    -1.3502077480504433e-02        -2.2952496388225239e-02         1.4995652029492448e-02        -1.0093390240079667e-02         3.4848919087078663e-02        -4.2913372936365615e-02        -4.0418557395554222e-02        -4.5709616611711600e-02
35                                    -3.0401418358447807e-03        -2.6908180836339623e-02        -4.3784724823828815e-03        -2.9548454214485102e-02        -2.2249581185888267e-02         2.5490415754530499e-02         2.7795782058226876e-02        -6.9335203218644684e-02
36                                    -4.4142089095863049e-03         3.3794667945221887e-04         6.1273627079664675e-03        -3.2292489020931035e-02         2.9506429060340583e-05        -7.5917177421064698e-04         8.7283662312131224e-04        -5.2473968481704186e-02
37                                    -2.9985498492419736e-02        -2.6882101154531716e-02        -5.6346517283338789e-02         1.3741347728986488e-02        -4.8893881694800884e-02         3.4965738127660989e-02         3.1701093299345270e-02        -3.1536773036213051e-02
38                                     6.0832416886127550e-03        -5.0528965324653952e-02         2.1641283139191336e-02         4.5149306359479967e-02         2.9671161483269100e-02        -2.2575150246775335e-02        -2.0131993913144536e-02        -5.3045216594284787e-02
39                                     2.3829313859638636e-02         4.5192736182350098e-02         6.0381037391927621e-02        -7.0628491594696211e-02         4.4585623600226380e-02        -3.3459287485357071e-02        -2.7067589294816851e-02        -4.8611456111430765e-02
40                                     3.2304520900525153e-03         1.0260414392859697e-02        -4.9191691777372027e-03         5.2709757781035384e-04        -8.5282618437562997e-03         8.8972972587625203e-03         8.3323190857065646e-03         3.7333875779226649e-03
41                                     9.4213749790125114e-03         1.7306786744004227e-02         1.1811611549469752e-02         8.7307381339126224e-03         1.1783111034448934e-02        -6.9236927529102927e-03        -6.2070565983600506e-03         1.6372222379715334e-02
42                                    -1.4992766969027339e-02         4.5046983734417054e-02        -2.1927582907485001e-02        -8.7112707727048683e-02        -3.8430114932176601e-02         2.8012570191067759e-02         2.7523347356473597e-02        -4.7874740090823258e-02
43                                    -1.5829396756131910e-03         4.9071161827554041e-03        -1.3319751540431350e-02         6.9863800638772624e-03        -1.2399496813456652e-02         9.2746268724509650e-03         7.4820763607544279e-03         1.4621780779798194e-02
44                                    -3.6641674813749385e-04         9.7547716958052959e-03        -2.0960986606959895e-03         4.7669280490437458e-03         2.7326506507013449e-03        -4.6142365769908196e-03        -5.0579713249915515e-03         7.6745045524707536e-03
45                                     5.2249795427031275e-03         6.4444228487760807e-03        -3.8334456472542619e-03         3.9753519342401789e-02         2.0531930954109835e-04         1.2210772606966018e-03        -2.8274263714525220e-03         6.9590667790790678e-02
46                                     8.0015874706011611e-02        -1.8962966006504729e-02         8.3387738315951421e-02        -2.8208485491340689e-03         3.0515964280977997e-02        -2.5757386298110706e-02        -4.3986487782636634e-02        -1.6845264362444191e-03
47                                    -5.3013482746944354e-02         2.6823570868161360e-02        -4.4511505878120888e-02        -4.5575407216311106e-02        -1.8494925510418762e-02         1.5358450437796904e-02         2.9014687291817106e-02         5.8464952962063972e-03
48                                    -4.3118639229828195e-03        -3.3333252778478685e-02        -1.0370484406510304e-02         4.7430236400086860e-02        -2.2274212726725254e-03         3.7256590516657898e-03         3.0499430112768972e-03         1.0649862992743972e-02
49                                     5.4352559087665814e-02         2.3552963643450490e-02         3.6845314620366644e-02        -1.3849962651038805e-02        -7.7478029131191097e-03         5.9792215206336027e-02         7.3157034071176089e-02         4.0654046088053231e-02
50                                    -2.3637034202795993e-02         4.9255703430434811e-02        -1.3395960448828901e-02        -2.5036972009239974e-02         6.7221769084304687e-03        -3.9093600912771344e-02        -4.9893131054626144e-02         6.4346453715963578e-02
51                                    -6.8134704278309749e-03        -3.3655315599797064e-02        -1.9899656105230455e-02         5.8448087952123674e-02        -3.8529516224829609e-03        -8.9045357896611489e-04        -9.3928376242289279e-04         3.2892100231616431e-03
52                                    -2.9925324563579374e-02         5.3919525418895560e-02        -1.1062552204683684e-01         3.4376642198635744e-03        -3.2816136046044150e-02        -4.4800049047644140e-02        -2.9186605352055844e-02         2.5208317442513704e-02
53                                     4.1343864315300481e-02         4.1550579386389459e-02         6.2444206916638566e-02         6.1933702210416823e-02         1.9356571522066469e-02         3.3391390877848454e-02         1.8612294915225387e-02         3.0186635189097900e-02
54                                     4.9458359176959947e-03         2.5132519728280223e-02        -4.2038330454964813e-03         2.4656397475598103e-02         7.4597308961476226e-05         1.7142623026419842e-03        -3.6617796896927068e-04        -1.5645160685007622e-02
55                                    -3.6340778835632248e-02        -2.2006294957446146e-02         5.8151808586210232e-02        -3.2321941658792905e-04        -3.3247892167040841e-02         1.6720382036294147e-02        -2.0983930461241900e-02        -7.4513434022006634e-03
56                                     1.3779356321115552e-02        -4.5733019268895773e-02        -3.8784006913283819e-02        -3.0590657236137346e-02         2.6634907062485488e-02        -1.3221409823207266e-02         1.6575870795266193e-02        -7.5868423375481586e-03
57                                     8.2759811614391884e-03         1.9589546774435609e-02         7.1436912264885816e-04        -5.1196043263475903e-03        -1.0909770316500085e-04        -2.5566706163032285e-03         2.3340055355795166e-03        -5.7948006001034879e-03
58                                     4.9164747080686667e-02        -4.5794772058296955e-02        -1.0948857192451552e-02        -4.0680438807140923e-02        -1.3674822460947235e-02        -6.6321029798636480e-02         5.7084291867950963e-02         2.4566249967002161e-02
59                                    -5.5137311726881098e-02        -3.4633682469595660e-02         2.8084346805271419e-02        -4.1182200115359231e-02         9.3272546148912370e-03         5.2091910170811086e-02        -4.6225221395088445e-02         2.8174875302013007e-02
60                                     4.4081244743098451e-03         1.4595834296593255e-03         9.0559040012230807e-03        -4.2359564810905324e-02         1.8174570430545584e-03         9.0749452760500006e-04        -1.7109399671720049e-03        -1.0969359530250538e-02
61                                     4.2173234167806745e-02        -2.1307822771142425e-02        -5.1630629864782111e-02        -1.9386619390418077e-02         4.8651551725819163e-02         5.6289396768196949e-02        -3.7171629581565266e-02         2.3614140251882076e-02
62                                    -3.9367204086470022e-02        -5.9301248822381959e-03         4.4311274650728739e-02         4.0875185008932263e-03        -3.9874339890001560e-02        -4.5363913673087571e-02         3.0506854514954173e-02         2.9143519752411480e-02
63                                     2.6104249946767473e-03         1.9210250027704930e-02         1.0284095573123358e-02        -2.8184665279201420e-02        -1.0342032994685398e-03        -1.3396237136144731e-03        -6.7600734862238764e-04        -3.3870622048479120e-02
64                                    -8.4236125490643035e-02         5.4298635897847260e-02         5.3567375147103906e-02         5.3492429072196576e-02        -3.4858195849503164e-02        -3.6924068034767821e-03        -8.3457227334518460e-03        -2.6988680539008769e-02
65                                     8.4300214884854063e-02         3.2873218922610081e-02        -6.3287373646633546e-02         3.0728242520074021e-02         3.0037836997489263e-02         3.8660319072065302e-03         6.7076966226172529e-03        -3.3790526957120155e-02
66                                     1.4334277947890609e-02         7.5190516403656413e-02        -1.0851397512340682e-03         1.7973726042620975e-02        -1.0349084290987868e-03        -7.1780807839126051e-04        -9.3274275785316550e-04        -3.8531383679323482e-02
67                                    -1.0228513065734600e-01         4.8968858880082088e-02         7.5870920684924265e-02         5.8738329164602449e-02        -4.8849662758986265e-02        -4.1003140452080195e-03        -7.3835896588175555e-03        -2.3239113572014907e-03
68                                     9.4544235156977172e-02         1.8427139205903425e-02        -8.1119516124150401e-02         2.5777406042825950e-02         4.0846720829060046e-02         5.0296626618698279e-03         6.4453938269211919e-03        -3.7075410138163148e-03
69                                     3.0438948803083215e-02         1.2619218599937451e-01        -2.3587725736642893e-02         7.7759567410295452e-02         7.0343667087835616e-03         9.1221897430843104e-03        -6.8493299832351751e-03        -8.4877690739041362e-02
70                                     2.6533503656172509e-02        -2.0504166627236878e-02        -6.7374866944554870e-02        -3.7028424602871507e-02         1.0936381953236840e-01         2.0767845695084125e-01        -1.6182575707391780e-01        -3.9783723485549583e-03
71                                    -2.6168607005961048e-02        -5.2041092125033137e-03         6.1856065482437980e-02         6.6998838360254138e-04        -8.8807458540194284e-02        -1.6911942785105205e-01         1.3067801986423941e-01        -5.0473272747401767e-03
72                                     5.5691482262797600e-03         2.1174450446080880e-03         1.8529329268988003e-02        -5.8036501148315239e-02        -2.0378983013479676e-03         6.3101305562462124e-05         2.3703889181372504e-03         8.0619390082561193e-02
73                                    -4.8857373657505809e-02        -1.7559649205673589e-02         4.8778984715220727e-02         7.9192869476837416e-03         2.8724434636850156e-02         7.4515979256583112e-02         1.0885677955680207e-03        -2.6229161435156873e-02
74                                     2.4260828005879618e-02        -4.0974871213813477e-02        -3.6804188276078689e-02        -1.9654800787391791e-02        -2.3482923526761602e-02        -6.0738065638397502e-02        -3.1650430751653030e-03        -2.4559528164891119e-02
75                                    -1.9235214329118896e-02        -7.4605561464760453e-02         6.3634236832799370e-03        -2.6931226485973035e-02         5.3938710372861557e-03        -9.3480332270046574e-04         1.3184242443350829e-03         9.7089962526673734e-02
76                                     6.3110408198524190e-02         1.7441578059297327e-02         1.8033749719736072e-03         7.3304367523627151e-02         1.2645592110886303e-01        -6.8258163584578188e-02         2.4536067964791009e-02        -1.1286324882942209e-02
77                                    -1.7854686273228042e-02         6.4483858178458670e-02        -2.9364047001844286e-02         7.9871174394410896e-02        -8.9902301540537299e-02         4.9157915148462794e-02        -1.7118742692097767e-02        -2.0538661005286660e-02
78                                    -1.3981993717557907e-02        -5.6296149796242666e-02         1.5790977881096291e-02        -7.4007585193247821e-02        -5.7026370246974585e-03        -2.6934921943857341e-03        -9.7531001774122262e-03         1.5560637549613068e-01
79                                     1.0748226129328239e-01        -1.0944104386500822e-04        -2.3230363303563567e-02        -2.3209402423550702e-02        -1.9077124163260967e-01        -9.9700796265160110e-02        -2.5238113804853179e-01         3.3491972489644452e-02
80                                    -6.3952691658559685e-02         4.5789750977100717e-02         2.3992393457657725e-02        -9.4838406765219360e-03         1.2902345263383228e-01         6.8026767023166568e-02         1.6863697954167789e-01         5.9282558464251532e-02
81                                    -2.8203143275057369e-02        -9.9636628714184217e-02        -1.8184730771286517e-02         4.9982732690131468e-02        -3.5785651239402303e-04        -2.3062366364884615e-03         7.4215030424369362e-04        -9.5829692697240662e-02
82                                    -1.2796417425699894e-01        -5.7877023773848305e-03        -7.5452339273910971e-02        -2.9398005391334633e-02         5.7906534882702712e-03        -1.5695244260042519e-02         1.0711840081371540e-02        -7.8730581116623663e-02
83                                     6.9097126553790245e-02        -5.2224773194233000e-02         5.9041076153196925e-02        -3.0570962634046427e-02        -5.1303471190897989e-04         4.7556917209431743e-03        -6.8155124336252999e-03        -7.7474953745951369e-02
84                                    -1.1452960974811773e-02        -2.3042888118165118e-02         1.2721200678704874e-02        -6.9892061711418110e-02        -1.4460703989686169e-04        -1.8650550026551283e-03         2.7491744071131705e-03        -1.2524760023044543e-01
85                                    -2.4464737587635614e-02        -2.0588578572818192e-02        -6.1902598658964504e-02         8.6385955954807539e-03        -6.5828110997086950e-02         5.3717170639286792e-02         4.9729785511474806e-02        -3.0463935414437704e-02
86                                     2.3196354004587551e-03        -5.5093765852070667e-02         2.5701348784361599e-02         4.5778546425095074e-02         4.0505426568532898e-02        -3.4642557799491623e-02        -3.1555632683675179e-02        -5.8485364581043815e-02
87                                     2.5188063860121412e-02        -9.9895832754039546e-03         6.9075943541411736e-02        -2.1725577688979873e-02         6.0157152128800767e-02        -4.3359977247526049e-02        -3.5196289949057394e-02        -1.0244022205381122e-01
88                                     3.5157518780423606e-02         3.2884809900693333e-02         6.0459625401533004e-02         5.3120251666386375e-03         5.7477074805277410e-02        -4.1503243292740917e-02        -3.7725730187184538e-02         2.6935718975066213e-02
89                                     1.2127537155124511e-02         6.3998737950345053e-02         1.3002715331829154e-02        -3.0268479506011633e-02         7.5715013713334349e-03        -5.3553028626381598e-03        -5.4459670326702713e-03         6.0765410168614795e-02
90                                     6.0985858110907287e-02         1.1128810932469750e-01         1.2822010941533765e-01        -1.1890611970221300e-01         1.0156205125073374e-01        -7.8612161054994287e-02        -6.9268568410706069e-02         4.7040530181998528e-03
91                                    -9.2248277321905995e-03         7.1940317409729020e-03        -2.8643672688452512e-02        -6.0737511232256593e-03        -3.1604705249341052e-02         2.5872564943097979e-02         2.4140775626864459e-02         2.8815770266037285e-04
92                                     1.6149512868224254e-02        -5.4401557362991288e-03         2.5785622388623270e-02         4.2098140087949931e-02         2.9485393032031279e-02        -1.8678423257489252e-02        -1.7142922085506863e-02         8.0039776601033036e-04
93                                    -2.4451484578271412e-02         1.2131793468941225e-01        -6.0487016265603918e-02        -1.6441198139024221e-01        -9.5892036071658582e-02         7.6064267041370634e-02         7.3093490727905108e-02         8.7616633805198633e-03
94                                    -2.0858987994225007e-02        -2.7499939194724925e-02        -4.9925892313901349e-02         3.2990387517685460e-02        -4.0400406641439693e-02         2.8138522085683078e-02         2.3463822189558788e-02        -1.5447251183162681e-03
95                                     2.4729731444743134e-03        -2.4206441526306989e-03         6.9926486642793821e-03         1.7775196343010131e-02         1.4822827469322744e-02        -1.4402996497838402e-02        -1.4235362252938626e-02        -1.3837296876177589e-03
96                                    -3.6883684467644798e-02        -1.1062913309570923e-02        -5.1987917024364332e-02        -4.5297841988206022e-02        -5.4915081824820827e-02         3.6649488295339913e-02         3.4136009165724554e-02        -1.0197140961214667e-01
97                                     2.3382626849471247e-02         4.2959804149012210e-02         3.1123361705087633e-02        -1.8825697208973223e-02         2.3353664291438026e-02        -1.5316427896909296e-02        -1.3632363846055900e-02         4.7351253502699413e-02
98                                    -1.5276692873203117e-02         4.3062088764641571e-02        -5.0420256380637615e-02        -2.9038919085676993e-02        -5.5753560963392394e-02         4.2384481429142980e-02         3.7378337604862782e-02         4.6781652980521359e-02
99                                    -7.3187051881237405e-03        -4.5121071336827884e-02        -4.1255193803645521e-02         1.2339691333497708e-01        -1.1077137717358453e-02        -6.5336790780304360e-03        -9.2664752044295286e-03        -4.9766707316196597e-02
100                                   -6.6394038081205309e-02         6.0468332036108699e-02        -2.0295121368773700e-01        -1.0832395062259561e-03        -1.0954359053937278e-01        -1.6254212361567011e-01        -2.0158854805628645e-01         1.5354613571474085e-02
101                                    6.5889354265297864e-02         3.1491083284438788e-02         1.1471608385525907e-01         9.7444105561678471e-02         6.8017735249446709e-02         1.1077547680233545e-01         1.3185732512379861e-01         1.1472021075283709e-02
102                                   -5.3410083416959688e-03        -4.7034049931232502e-02         2.4998322841082894e-02        -1.0787552233719351e-01         2.8106914653852014e-03         5.2074405426688446e-03        -6.7784394759364368e-03         2.5685196818725175e-02
103                                    4.1918707318540228e-02        -1.8074208914539713e-02        -8.2925687629974015e-02        -2.3816327960228312e-02         1.1435302056051871e-01         2.0700662963122365e-01        -1.5809302581008308e-01         1.8754902579856656e-02
104                                   -3.8067394122712067e-02        -3.1588208622696707e-03         6.7867222059080981e-02         1.4371088618985778e-02        -9.2856207339085034e-02        -1.6714005614559080e-01         1.2836172965492332e-01         2.8725958623253375e-02
                                                        24                          25                          26                          27                          28                          29                          30                          31

0                                      1.9882920594859792e-02        -3.5009811130922897e-03         3.0386433379442027e-03         4.2669605890356073e-02         9.0777045977963003e-02         1.4909888535002496e-03         1.0224715695518689e-01        -1.7192662626842852e-03
1                                     -3.0271008438921634e-02        -2.7574708772093973e-03        -2.0529036076819634e-03         1.1352325838188656e-02        -8.3224240231208751e-03         9.9544097450644464e-02         2.5629829872696897e-02         1.4525180141049513e-02
2                                     -3.4679134516042903e-02         7.7162684431704241e-03        -1.3121393218013049e-03         1.4362297102956873e-02        -8.9601961416458271e-03        -8.1110897665298415e-02         3.4567160547329029e-02        -1.2033135335042746e-02
3                                      4.9410181950535925e-02        -7.9284994976069403e-03         4.8453076227039120e-03         2.1071029869025645e-02         8.1225225499688691e-02        -4.9004765059051641e-03        -9.6088543901820422e-02         3.3461523513419206e-03
4                                     -2.9774594530421014e-02         6.0364964909874501e-03        -9.1509151646825991e-04         1.4223853945907269e-02        -1.8803815179079650e-03        -9.8478015313222311e-02         3.7921999158339992e-02        -1.7887236732167411e-02
5                                     -3.4809476488050141e-02         7.6498811609233082e-04        -1.8349198189396277e-03         2.0062004924875709e-02         4.3226323855481549e-03         7.8700359886590396e-02         4.4820190378448713e-02         1.3994242839610174e-02
6                                      1.5611331962628422e-02        -4.1939572404056033e-03         1.8672842061346695e-03         1.2184268465576454e-02         2.3751276018661914e-02         2.7215085597057779e-03        -9.1140553540391800e-02         4.2194539526734434e-03
7                                      2.5721391184637444e-02         6.7006750124238613e-04         2.0031330776393145e-03         1.1204340276162928e-02         5.8467039418043272e-02         6.7677635204437717e-02         3.9178455349572379e-02         5.7504879762145600e-03
8                                      3.1444911722420844e-02        -5.8412671537623360e-03         3.4019914168379804e-03         1.2646620850297491e-02         7.1434080793759264e-02        -5.6950904222571506e-02         4.2656834340607581e-02        -7.6556558068758534e-03
9                                      3.2362429365911813e-02        -2.5197471824010289e-03         1.3793404804068960e-04        -3.9420565434093606e-02        -5.1784446934560059e-02         4.1616110333346466e-03        -6.2366665240974603e-02        -1.1080779755119304e-03
10                                     3.5991008236598523e-02        -1.5543716056469967e-02         5.9624820423587069e-04        -1.7333882564970409e-02         1.1559056981870104e-02         5.4853989608832705e-02         6.3157920914407367e-03        -2.0955503870704578e-02
11                                     5.3702237077440568e-02         7.1596774046059396e-03         3.1188649186634052e-03        -2.7862135718386149e-02         8.7614919330501594e-03        -4.3659838753264894e-02         7.0159534652606010e-03         1.2657844988436921e-02
12                                     4.7543836607279753e-02        -2.8446316723787306e-04         5.8366770788386124e-05        -6.0541546144265490e-02        -7.1564918605843575e-02         8.3409672226336478e-04        -4.0917813410447985e-02        -1.3643477304547910e-03
13                                    -1.9410728047684647e-02         7.7949495012106171e-02        -1.7470450580713802e-03         2.6235855760583453e-02         1.3016162204035114e-03        -4.1517956096916941e-02        -3.7932157075378274e-02         2.6800695529223439e-02
14                                    -4.3304650690160942e-02        -6.3070121834796322e-02        -1.0112243735223105e-03         2.3592153393929206e-02         1.2308963595297226e-03         3.2284339222039792e-02        -4.8856597586995898e-02        -1.2098185694491064e-02
15                                    -4.4194099095590751e-02         4.6229750408756784e-03        -3.6339125228445198e-03        -7.6435400498388170e-03        -5.2077191807168521e-02         1.1514893645979537e-03        -4.2315244089740807e-03        -9.3133943642009331e-05
16                                    -5.0323407605150722e-02        -1.5517973473143936e-02        -1.6206259299349269e-03         3.3413949296756486e-02         5.3906615118132295e-03         1.5775709048368478e-02        -3.3200620579998792e-02        -3.6900330047072112e-02
17                                    -6.0184014905483904e-02         1.9403631108458400e-02        -2.4094819003120638e-03         4.1635958849298361e-02         3.1808429358595042e-03        -1.4315789928266435e-02        -3.7085872936591546e-02         3.8293958037320538e-02
18                                    -4.4313647933749027e-02         5.8914802696618277e-03        -3.4024399804501535e-03        -1.2625857982674727e-02        -2.5932106982690686e-02         7.9232985151390955e-04        -2.1670138089905223e-03        -4.4301985527366115e-03
19                                     4.5552803717357013e-03        -4.9010680968000391e-03        -3.4319806728740662e-03        -3.6111818840334785e-02         6.0439603678799211e-03         1.6527385510110286e-02        -3.7041108878936042e-03        -1.3825574605023133e-01
20                                     6.1879111023158918e-03         8.1943557905662431e-03         5.8170388908800660e-03        -6.0194552626395281e-02         6.2804590204850238e-03        -9.5910574035032951e-03         7.7981210132558182e-03         8.9720309279154767e-02
21                                    -5.9769555046862058e-02         1.0173484262351153e-02        -8.0841217894214257e-04        -4.3342872591890090e-02         7.2017882392141214e-02        -9.7272733107256037e-04         4.5012063286814672e-03         1.4878528232316036e-03
22                                     2.5527414084427921e-02         2.5213408796475965e-02         4.3925376432830615e-03        -5.5405624711170512e-02         1.8023735349928707e-02        -9.9298887614607464e-03         6.6175017580461524e-03         6.2535518583011665e-02
23                                     1.6048461904333906e-02        -1.3278769677555440e-02         3.1405014920339214e-03        -7.7798600689172132e-02         3.2507823795084205e-02         9.0343835720676502e-03         3.7871222505411655e-03        -5.0210282751810310e-02
24                                    -6.0898290435881526e-02         7.4584051801734131e-03        -8.2363950328429611e-04        -2.3579310880420257e-02         7.6263961061127553e-02        -7.5971575339237193e-04        -4.8634034908573518e-04        -1.9384428088346647e-03
25                                     1.7851987240832829e-02        -2.2919133113438656e-02         4.9929592585563412e-03         2.1482181171793603e-02         1.1477100973987884e-02         8.4462256288221557e-03        -5.9835110274146907e-03        -5.7122858129544686e-02
26                                     3.6476777098837357e-02         7.1409890476564217e-03        -2.6197941042567434e-03         2.5528705864934206e-02         2.1229222948394504e-02        -5.7689626890347128e-03        -3.5602632103208447e-03         3.7188120414216895e-02
27                                     1.8736764911039901e-03         2.0914478635696838e-03         4.1776569032191332e-03        -3.3180313296528895e-02         4.1096552309047671e-02         3.7072641203619660e-04        -5.6467473641549889e-03        -2.2904747319601303e-03
28                                     2.0983651127204827e-03         7.9444079419285502e-04        -3.4420864220115347e-03         3.1586044956011722e-02         5.6027820984546400e-03         5.4582712674717069e-03        -3.5397402891992912e-03        -3.0534078736412854e-02
29                                     6.4928463367653743e-03        -5.7876406638690996e-03        -8.0979080476602250e-04         4.0699801749667718e-02         9.9046582023620752e-03        -4.6349788767266120e-03        -1.4504878151887417e-03         2.1911847268589101e-02
30                                     2.5422348672570420e-02        -2.0435121482321938e-03         6.7991203155484091e-03        -1.3695141698497702e-02         2.5380433872077824e-02         4.3573424500217337e-05        -3.3643400641194506e-03        -2.4885152774342896e-05
31                                    -1.3560185414681106e-02         8.7471033225153018e-03         6.5832701990244574e-02        -1.7008769351442708e-02        -5.7390822476062996e-03        -4.1422973191635017e-03        -2.0080328095979818e-03         2.8786878021774917e-02
32                                    -1.7335446862726079e-02         5.6190539847958756e-04        -4.2309728841351930e-02        -2.6288816215808784e-02        -2.6990277194207466e-03         3.0499362697254469e-03        -6.5319056916484436e-03        -1.7968650782648719e-02
33                                     4.9425192141735894e-02        -1.0438285188945830e-02        -3.4901552998381740e-04         5.7765857298897140e-02        -1.8902996710638619e-02        -1.4690606667278400e-04         5.6488238284664524e-03        -1.4417457426880128e-03
34                                    -6.5605590215435591e-03        -2.8946970624889263e-03        -1.9151591938453665e-02        -2.1833372014299721e-02        -9.5690875753368793e-03         2.7707253326894076e-03        -2.7514335474866703e-03        -2.7204435353572295e-02
35                                    -6.5126925992016020e-03         6.7195000963343994e-03         1.7553767084005478e-02        -2.8482512113298296e-02        -1.7477373845534688e-02        -1.1741023191080742e-03        -1.1313207639655754e-03         1.8243585925731661e-02
36                                     3.1386336463604184e-02        -5.3411355866813375e-03         1.9916210457342843e-03         2.0339711947863170e-02        -3.4967621823712373e-02         3.1146873619863127e-04         1.0550858851568578e-02        -1.1736710446633590e-03
37                                     3.5849701654719054e-02        -4.0174686633437130e-03         2.6157923567745982e-02         2.5546409632861946e-02        -3.5194385095171407e-02        -2.0294394487517018e-04         1.1535797487189562e-02         2.5475463396337542e-03
38                                     5.6481264275344473e-02        -1.1338131024591023e-02        -1.1077900887464243e-02         3.7973869116971301e-02        -5.4527606083458253e-02         8.8766385377985705e-04         1.7940302125097746e-02        -5.0479493090659694e-03
39                                    -1.2405044021075439e-02         1.1048507544000647e-03        -2.3077776016718239e-02        -2.6571121365686783e-02        -8.0375873080142796e-03         9.0877418242926950e-04         4.6786985090639388e-03        -6.4726941164002993e-03
40                                     1.5819616789901866e-03         4.5085033851212885e-04         3.4471758606442926e-03         2.7546046299496692e-03        -2.4860312348077142e-03        -4.2653944030351628e-04         1.1850119655844554e-03         4.4196668608066638e-03
41                                     2.7300843253560900e-03        -1.3906586172743730e-03        -9.7785935857176084e-03         9.9026364572850981e-03         1.1935273063348572e-03        -2.2464954464213467e-04        -1.1627380092899371e-03         9.4896901151155291e-04
42                                    -1.1128483691125310e-02         5.0818412658713320e-03         1.9955153603073345e-02        -2.3891994130224949e-02        -9.6000001045612442e-03        -2.1493354142495172e-04         5.2231676570025755e-03         4.8908057529153861e-03
43                                     2.6766354727853188e-03        -4.9936041529324751e-04         6.3653630560119344e-03         9.3937766583083449e-03         1.8466238098910786e-03        -2.7084232012406450e-04        -1.6217666578824839e-03         1.7110691037983397e-03
44                                     2.2339690152714453e-03        -1.4504394586497635e-03        -2.5998042664474256e-03         5.2362854935777015e-03        -1.7736338429900902e-03         3.2790805352432052e-04         3.3634307996424699e-04        -4.0887856384441050e-03
45                                     5.3076250562487964e-02        -1.3276500171688495e-02        -3.3640036782963123e-03         9.3886648404938072e-02        -1.7561945448657822e-02        -6.4730123376000037e-04        -1.4270825669509626e-03         4.8595387418540198e-04
46                                    -9.6039792029523879e-03        -6.7491614058460556e-03        -2.0832491781065020e-02         9.0742537861400116e-03        -7.4023511733379409e-03         5.7156495360998283e-03        -8.6905846508835982e-03        -3.0139897739824985e-02
47                                    -6.1013855371518204e-03         5.4086101899786972e-03         1.2124055513625784e-02         1.7064719990840433e-02        -1.3400539837181346e-02        -4.3764178192937020e-03        -9.6979680425089976e-03         2.4220455482107273e-02
48                                     1.8748314389409122e-02        -2.9559794326725346e-03         2.6072526348028290e-04         2.8855474452520499e-02        -1.4482079682627094e-02        -6.4265643263037653e-04        -1.0257081148512740e-02         5.4489575392819393e-03
49                                     8.1160055761244701e-03         9.0060237732852190e-03        -8.4562500529164371e-03         3.1897998976967906e-02        -5.6812510218787141e-03        -8.7213617964940118e-03         1.8397239053097321e-03         6.9076982006922291e-02
50                                     5.6246975218316297e-03        -1.2409040460821998e-02         1.0137696285317710e-04         5.2639590921619024e-02        -8.5134339333463489e-03         4.8206679027629875e-03        -4.3539157262930325e-03        -4.3773892676773722e-02
51                                    -2.6035162555153482e-03         1.9687412212951731e-03         9.1496765596570388e-04        -3.2771168225063760e-03        -2.1639880343866238e-02        -4.1776621809707444e-04        -1.3691217144130720e-02         5.0195901355108924e-03
52                                     5.4324750357550083e-03         4.2371724368388802e-03         6.4735007954593395e-04        -4.0924017877193956e-02         3.9863802802648490e-03        -9.9198566417052093e-03         1.0605076413007604e-02         4.4545337505651511e-02
53                                    -2.6310896233934875e-03         5.7108104485260002e-04        -3.7530766978409637e-04        -5.3186064310195583e-02         6.1087855408521489e-03         8.1856439958568252e-03         8.7529478015359128e-03        -3.5016423980998149e-02
54                                    -1.0004309175977318e-01         9.8487949975986158e-03        -5.9022053681700532e-03         2.5697928047389976e-02        -5.9931909001997609e-02         1.1632883084108838e-03         3.3625134338730385e-02         3.6489456625639887e-03
55                                    -1.7201191197918523e-02        -5.3992370487108421e-03         5.8814050264268834e-04         1.6292738622018653e-02         1.0316226607964413e-02         3.3347663642016724e-02        -4.4921285362937595e-02         5.7030776138679747e-02
56                                    -2.9995928338947885e-02         5.3342047850055046e-03        -2.0258529933421684e-03         2.8217672873987937e-02         1.1657378456597327e-02        -2.8243956446596108e-02        -6.0806974231496447e-02        -3.6381371083329818e-02
57                                    -3.8368789768639555e-02         5.0003509093237948e-03        -2.9777364112528954e-03         4.2371501543621267e-03        -4.3365338742601199e-02        -1.7526553568191743e-03         6.5895246044259642e-02        -2.9749330878939932e-03
58                                     3.6749546304880122e-02        -1.8935075839813308e-02         1.5329116022779962e-03        -2.4772619128094038e-02        -1.9605339651158414e-03        -4.9948292618403708e-02        -6.6740906991887049e-03        -2.0385199354817911e-02
59                                     5.0442930997342289e-02         8.9148830833546966e-03         1.6569005518980576e-03        -3.0488174429453237e-02        -4.2379651520794348e-03         4.1471228544516910e-02        -3.0290436677090212e-03         1.2801924888644572e-02
60                                     2.1634986957134537e-02        -1.1984087491692618e-03         1.1026490574540921e-03         4.7236769205832108e-03         1.9304295450791129e-02        -3.4611281029965951e-03         1.0210419823648269e-01        -5.5205331837882583e-03
61                                    -8.4179132847326046e-03         3.1147594111612777e-03        -1.6883189319707359e-03        -2.5502217157011127e-02        -5.7101689515622535e-02        -6.9285155406820759e-02         2.5670003035105093e-02        -2.0943841363697004e-02
62                                    -1.0126239876052753e-02         3.1425064504892446e-03        -2.6765355375455786e-03        -2.9970063298651047e-02        -6.7769704572753983e-02         5.8306578056820116e-02         3.9068896222042140e-02         1.0701698534073377e-02
63                                     1.2261916433671848e-02        -7.9424825620089091e-04         1.6721767673183660e-03         3.1865240871069067e-02         6.0139282012433556e-02         7.2463863788137205e-03         1.5325544135237870e-01        -2.4221613389442962e-03
64                                    -1.5262004130768982e-02         7.3246740331874239e-03        -3.0349461617897386e-04         2.7264808316765823e-02         3.7871331463103820e-02         2.3262078628532715e-01        -4.2532623020379662e-02         7.1626305630369841e-02
65                                    -2.2559993121108051e-02        -6.9375959327352870e-03         1.3268829508218838e-03         3.2972969342713467e-02         4.4544060762567332e-02        -1.9014088140745672e-01        -5.4284521661576428e-02        -5.0293660762220770e-02
66                                     3.2962180744410298e-02        -5.3398930499084368e-03         3.1220371786530388e-03         6.9799422799486088e-03         3.0746403674583228e-02        -9.2685511089287617e-03        -1.6219804323572456e-01         5.9594896090648698e-03
67                                    -4.0436723655814577e-02         3.1707562118056302e-02        -1.3605242492232793e-03        -8.8891081464278837e-04        -5.0796959385263435e-02        -2.3816802185926675e-01        -1.9967092243702359e-02        -3.9592172874592267e-03
68                                    -5.7677428862144185e-02        -1.6821932293551205e-02        -4.8756638199574176e-03         4.8929087878715428e-03        -5.2603060722511287e-02         1.9409084738684299e-01        -3.1169558334676422e-02         6.6268683651559291e-03
69                                    -6.6059093145884512e-02         2.8076077274718815e-03        -1.1221828629042862e-03         6.8911695955855015e-02         3.4597654702207388e-02         1.0196743710675644e-03        -5.5752141288128464e-02         9.6180899138901179e-03
70                                     3.9760753289406196e-02         3.6052087790543773e-02         3.1541021614172283e-03         4.7198290780067903e-03         5.5679813214802726e-02         6.3290961660882092e-02         4.0297426979315751e-02         5.6066304796430586e-02
71                                     2.9252434497983273e-02        -3.5043048634888697e-02         2.7849076846820715e-03         1.1078064338376371e-02         7.2052021140255745e-02        -5.3233198794777302e-02         3.9894910511994168e-02        -4.8842935290019672e-02
72                                     1.4349628206371548e-01        -1.8946785218780109e-02         4.3397319116156852e-03        -1.3248089171678032e-01        -9.2105540193228988e-02         2.4631151253628604e-03        -8.6790778382320253e-04        -9.2331221450417025e-03
73                                    -1.3208602140146375e-01        -6.8005054056458858e-01         1.5095973400245618e-02        -1.1000215438281894e-02         7.1628184967373540e-03        -1.0348542105082890e-01        -3.3572532163512248e-02         1.5344793542638535e-01
74                                    -1.1037946516186494e-02         5.6753856890556653e-01        -1.7437692575599691e-02         9.8449726800663731e-02         8.4200426341685085e-03         8.1952635785031938e-02        -7.8569978867642165e-02        -1.1058300396379785e-01
75                                    -5.4616189600030639e-02         7.3080603590050296e-03        -2.9102703919331430e-04         1.9629558139172445e-04         1.1614935109750860e-01        -3.2472927025777162e-03         1.1267521405668279e-03         1.2987181905471419e-02
76                                     2.9466490812738038e-02         4.7742485141739364e-02         1.7832678020551315e-02        -8.1277160896346665e-02        -4.6903599115323824e-03        -3.7295033720405130e-02         1.8543627883015387e-02         2.8765668404114692e-01
77                                     7.9963411952457958e-03        -2.4675194910982568e-02        -5.9222099636029009e-03        -1.0301847519894211e-01         4.0378334298591528e-03         2.8534555711715322e-02        -1.5201407457540343e-04        -2.0356237721118495e-01
78                                    -9.3877098098544123e-02         4.3494680468441575e-03        -6.7943999312260481e-03         6.6498743626853263e-02         7.6205142828768904e-02        -3.2536876579521349e-03        -6.3162980041294317e-03         6.8260817505287003e-03
79                                     4.6425165497612358e-03        -4.6273653838332970e-02         2.2661566248809027e-02         3.9657376944461378e-02         1.0760394986643268e-02         7.5383715142629906e-04        -3.5632002712263052e-03         1.7759053873856179e-02
80                                     2.9274556786095075e-02         2.1764325426099712e-02        -1.7881761986488665e-02         5.7638587156450254e-02         2.2277766840287962e-02        -1.6694362850089616e-03        -8.0994609884408701e-03        -1.0407041382369041e-02
81                                     5.1921118251567928e-03         4.2444947414924106e-03        -3.3827209087631760e-02        -7.2985881434039127e-02         3.4916075871817331e-02        -2.9702698650994738e-05        -1.2499319494026483e-02         2.7230843331498204e-03
82                                     1.3094200417635843e-02        -3.4062611067203616e-03        -7.6916308004451994e-01        -6.6053602229868350e-02         1.8153301670725600e-02        -1.5431508732688230e-02        -5.1592269198083183e-03         7.5066596623563978e-02
83                                    -6.1191314535830543e-02         1.6853031520478078e-02         5.1154008667676754e-01        -6.0776367578758525e-02        -8.4643981873135064e-03         1.1085041291330351e-02        -1.5205052652906460e-02        -4.7958356259909261e-02
84                                     6.4536587008868799e-03         2.0890695510957769e-03         6.2635217536739342e-03        -3.5740267004461507e-02        -3.3862297508240942e-02         8.3130549533614294e-04         5.1997879412567513e-03        -3.9075276018677503e-04
85                                     3.6633494811875882e-02        -1.8436741645896314e-03         1.3891761267220750e-02         2.6266885427085163e-02        -3.5441234582527764e-02        -2.1602379911600275e-03         1.2566236449814101e-02         2.2055642558972743e-02
86                                     5.5034517350471074e-02        -1.2406897082143917e-02        -2.9818796961140715e-03         3.4723663387173247e-02        -5.5359595433721910e-02         2.1833293643987064e-03         1.7482787500163337e-02        -1.7559282962838242e-02
87                                     6.3764555206528975e-02        -1.3099649433482463e-02        -3.3766418713834068e-02         3.4302859038400579e-02        -8.1851466583695839e-02         9.5816079733141845e-04         3.4416326827262360e-02        -3.8110474969724703e-03
88                                    -1.4095222296110045e-02        -1.3145003292368731e-03        -2.4262467758234953e-02        -4.7737310353616847e-03         1.4271489258356225e-02         1.2758836699656713e-03        -2.7232187903237213e-03        -1.4528876817741161e-02
89                                    -5.9700385865081432e-02         9.6986380198228646e-03        -4.9547849664972289e-03        -3.9818756456777092e-02         6.1372428322906875e-02        -5.4537124577848908e-05        -2.5018073153388561e-02        -3.4313270575408142e-03
90                                    -1.1039770536143700e-01         1.5533531065044766e-02        -2.3582872793348832e-02        -1.1251702001905650e-01         8.0676601190357841e-02         3.0016133853729750e-03        -2.8152302272816711e-02        -2.6648625346633519e-02
91                                     8.1740296916264538e-04         2.0962555181409138e-03         1.4694216840404563e-03         2.8272407451445292e-04        -2.0749703776799821e-03        -1.3448755965887274e-03        -1.8540035949428084e-04         1.2633658418294967e-02
92                                     4.6378369376600906e-02        -1.0682174050193716e-02        -6.9687709622982576e-03         5.1842607150103345e-02        -3.7341072599500522e-02         5.3268807528363026e-04         1.5240915695067385e-02        -5.3774658332037357e-03
93                                    -1.0610839283558721e-01         2.7363903163155706e-02         2.2845937215923269e-02        -1.0594345813258210e-01         7.7063146640707222e-02        -3.4229553861679202e-03        -2.4744575214559694e-02         3.3006861419347493e-02
94                                     4.7675323415178356e-02        -8.0452366788867427e-03         1.8542670024141068e-02         5.2040278814236347e-02        -3.7218139005257569e-02        -5.4761019483008969e-04         1.5624600872916086e-02         4.5226143072431236e-03
95                                     1.7193706676814913e-02        -5.1180097575632142e-03        -3.5416466469309319e-03         1.8123761427595170e-02        -1.5370964440999023e-02         9.2722434516807179e-04         4.7767524185112174e-03        -9.3554070247675522e-03
96                                     6.3876281858772879e-02        -8.8703019219600349e-03         4.2922831609316051e-02         3.7026520456388774e-02        -8.3694988546861054e-02         1.2180650455300465e-03         3.4004503629401370e-02        -6.5482878274440029e-03
97                                    -5.0786051548566115e-02         8.1684163343328665e-03        -2.2954469925233770e-02        -3.6888840222051182e-02         5.3987005221255983e-02        -7.0539716671882502e-04        -2.3026311535330395e-02         4.0295814309438977e-03
98                                    -3.4661435805720349e-02         9.0321146929399302e-03         2.2890704502499998e-02        -1.8010753872009944e-02         3.4897506984195234e-02        -1.9286485571406930e-03        -1.0621946358307802e-02         1.7346267491027936e-02
99                                     1.7652956794936638e-02         8.7223260171070509e-03         7.7733844236428477e-03        -1.1069871695095138e-01        -1.8736373483219839e-03         1.8687650233175112e-03        -1.2506834866895047e-02         4.0427915578326512e-03
100                                    5.5063598048308623e-03         1.2202446921282997e-03         5.5663786340397915e-03        -6.0763313488399862e-02         9.7924961955361683e-03        -1.2851250568140045e-02         1.2755863644618790e-02         1.1584016843337747e-01
101                                    8.0157720945478479e-03         5.8809972646528472e-03        -3.7793860471321144e-04        -9.0390696450834543e-02         1.2748671579505488e-02         1.1270469168711385e-02         8.1804604410812363e-03        -8.4032333259360978e-02
102                                    1.2145673504529192e-01        -8.7382763542213082e-03         5.5590056152580421e-03        -4.7159427636272892e-02         2.8170582536426313e-02        -2.5447930525242211e-03         6.6915035013574070e-02        -7.6591789290459773e-03
103                                   -9.4669370822124243e-03         2.9022322729031543e-02        -1.1123322178004352e-03        -2.3410682434789668e-02        -5.8687112059501993e-02        -7.8722899935918966e-02         3.1832158744827921e-02         1.8685799402236511e-02
104                                   -1.9123300830875840e-02        -1.7005219346682053e-02        -3.5558575629453678e-03        -2.5927576941136385e-02        -6.6410702400384519e-02         6.5775327895667812e-02         4.0364293611236550e-02        -2.1099096664738033e-02
                                                        32                          33                          34                          35                          36                          37                          38                          39

0                                     -8.4754372304899628e-03         1.2508492549531475e-02         4.1222792458612759e-04         1.3728941635361245e-03        -1.4633114939567452e-03        -9.8201214145510023e-04         3.8685394560759634e-04        -1.7144426531806112e-03
1                                     -3.8400968993553527e-03        -8.0153765594025723e-03         4.7463742101000687e-03         2.3124156041132396e-02        -4.4281103611893434e-02        -1.0604631140675334e-03        -6.2770564852176330e-03        -4.9689859808118020e-02
2                                     -5.2973729305649765e-03        -9.7194683114050964e-03        -4.2129302974288204e-03        -1.8753214125407574e-02         3.5744861549781570e-02        -7.3991769498245753e-04         5.4439991267563300e-03         4.0333007574395674e-02
3                                      1.9172310598139744e-02         1.5614947995791462e-02         3.7862628705503411e-04         6.3939039005316152e-04        -1.2026826502580861e-03        -1.3113279103410015e-03         4.3056872559123108e-04         2.1306450762202875e-03
4                                     -4.3475847887953119e-03         5.0569526308653500e-04         1.1784680530564326e-02         2.7167005879128934e-02        -2.6870407973730824e-02         1.0186801734433811e-03         6.2338331344077881e-03         5.9350729395133424e-02
5                                     -4.4464740006440193e-03         2.3396795056381519e-03        -9.5768539026184381e-03        -2.1656457743210830e-02         2.1900115942020848e-02         9.5751375159998018e-04        -5.4049433235261232e-03        -4.7746151948656286e-02
6                                      1.1120293397108657e-02        -1.6943050244525092e-02        -2.3851630484805579e-04         4.4823229025188000e-04        -1.7904448260208981e-03        -3.9287366641719088e-03         6.4899523598035286e-04        -6.9602641508975248e-04
7                                      3.6053645016446215e-03         4.8143144653953668e-02         9.8748957628998404e-03         2.7340898036374628e-02        -3.5383325290359674e-02         6.5955024574361944e-03        -3.1763674307235617e-03        -7.5333191375715524e-03
8                                      4.8105259822047780e-03         5.8718453446455779e-02        -5.9876527794203126e-03        -2.0799212834977009e-02         2.9707911949220386e-02         8.1679966114332411e-03        -2.4355305625054586e-04         6.7397882822108545e-03
9                                     -9.3072078020456871e-04        -2.9248066811083325e-02        -6.9452935543608903e-05        -1.0299249082475271e-03         2.3386878956358028e-03        -1.6034818299280375e-03         6.9342012133799806e-04         4.0782945034929050e-03
10                                     5.9261156144798299e-04         1.3724178828291366e-02         5.6039063967469761e-03        -1.5079320257492928e-02         6.3972906911943170e-02         2.8168306069500993e-03         1.2461177797059936e-02         1.0472171152021022e-01
11                                     1.8576194625590916e-04         1.6979308345448741e-02        -3.6656353860091777e-03         1.2423331460409432e-02        -5.1517745507637804e-02         2.1626525257161825e-03        -1.1259427715036316e-02        -8.4494033568025942e-02
12                                    -5.9742770484147566e-03        -7.3599475782314518e-03        -5.2467454324367805e-04        -6.8166831171637989e-04        -1.1776064302605159e-03         4.4867212081985625e-03        -1.3229261706279259e-03        -4.3213440137500770e-04
13                                     8.6276018570394155e-03        -1.9768732976027201e-02        -2.8094068938927554e-02        -2.6868073540070845e-02        -4.4027610838897585e-02        -3.0401709534244575e-03        -7.2684497956388610e-03        -1.5878801855502448e-02
14                                     1.0929715597541098e-02        -2.6865889259739480e-02         2.0538280290192178e-02         2.0651021582954027e-02         3.4785308823547252e-02        -2.3220743682023075e-03         5.9449647120454942e-03         1.3237067139005777e-02
15                                     6.5909345881904960e-03         2.8448442115425760e-02         3.5244034574074927e-03         4.5608592743722476e-03         3.7133580792969487e-03         5.3088161061839159e-03        -2.5441189586263545e-04        -4.0800007794148296e-04
16                                     6.5643329397412978e-03        -1.4699067965274362e-02         8.1016343149078740e-02         1.0259695584276619e-01         9.0591692351463651e-02         1.1414805917262215e-03         1.7218146858007741e-02        -1.5082355134613973e-02
17                                     6.3700515938351571e-03        -1.0450640173876844e-02        -6.6368685228618385e-02        -8.2951617729009913e-02        -7.3415811708911302e-02        -1.5730121770318392e-03        -1.4566284332971090e-02         1.2229836686317158e-02
18                                     1.9807498844676592e-02         8.5823598601521403e-02         7.6183533653666094e-04        -1.2034368150117979e-03        -7.1311902775377640e-04         6.0249051161151953e-03        -2.7093875824602980e-03         3.7089753915900745e-04
19                                     5.2294272876351839e-03         1.1457364383332379e-02        -8.5939916598173037e-03        -5.1260048098379016e-02        -2.7320678034463735e-02        -1.3471767009332111e-03        -5.7423989039121853e-02         3.3273107189305921e-03
20                                     1.5739269814876670e-02         1.3656027540189722e-02         6.5917531283163980e-03         3.5168742421369248e-02         1.8812671408507696e-02        -4.0143847929534568e-05         3.8815738813261690e-02        -2.1895247231425801e-03
21                                     7.8189342972317152e-02        -1.1613503086971157e-02        -1.9568625089311062e-03        -1.4839686958646489e-03        -1.4687380502463431e-03        -3.6404723229269023e-03         2.6686719810616005e-03         6.8229095191390510e-05
22                                     9.8079457747842153e-04        -2.6944938872544236e-02        -1.5459135880253433e-02        -4.2976173756410227e-03        -1.2371369724472156e-02         3.5413376913383094e-03         5.4349386818994511e-02        -1.0175686618054452e-03
23                                     4.5194772721425733e-03        -4.1131161400621619e-02         1.1557275164797851e-02         3.2842181752731725e-03         9.2715944147089106e-03         4.5991337504836076e-03        -3.6638091661372163e-02         5.0415250150306131e-04
24                                     6.4320196367548391e-02        -1.6861806478735024e-02        -2.3738230309125635e-03        -2.5713754665179075e-03        -2.0148405037017469e-03        -4.0436468339052839e-03        -7.7289051554319075e-04         2.3634074563057305e-04
25                                    -4.2862365256649458e-02        -7.2088730563946851e-02        -1.1684313823191152e-02        -1.7718242830733658e-02        -1.4934185502333878e-02         1.0904351365494900e-02        -2.4101270760618413e-02         4.0346495865759670e-03
26                                    -5.7954105500648133e-02        -1.1131197229738830e-01         5.8006264305431460e-03         8.5911516386527696e-03         7.6702770119172967e-03         1.7434388345238590e-02         1.6063416227242482e-02        -2.4875447269033521e-03
27                                    -4.8034387935304193e-02        -4.9659572597202752e-02        -1.4019529173695338e-03         3.3394234913235558e-05        -9.2669852429224053e-05         6.3976096647955696e-03         4.3784019547381788e-03        -7.5163959378623125e-04
28                                    -3.7738227101344235e-03        -2.3048580813646698e-02        -3.0283171542282862e-02         1.3263788936515392e-02         3.9514436061421814e-03         2.4395367749019642e-03         1.2616280070463706e-01        -1.5601776171021450e-02
29                                    -6.3784612955580973e-03        -3.9712541624107485e-02         1.8637190722463667e-02        -1.0854739697582480e-02        -4.2341260874173827e-03         1.1204274454294438e-03        -8.4221756714133122e-02         1.0639077257586825e-02
30                                    -5.2329424986727505e-02        -5.9686702530586819e-02         2.0066053159527478e-03        -1.2350161833379570e-03        -2.3787858867620377e-04        -2.1320717278380009e-03        -2.3680729542944986e-03        -3.5339030353561586e-06
31                                    -1.6845405637468110e-02         1.9508774224448071e-02         5.7705241844883938e-02        -3.0923955881931163e-02        -9.7326295638824421e-03         2.5425309740960134e-03        -2.2070602334469194e-02         3.2512424105496937e-03
32                                    -3.0632514378159923e-02         2.7101537636369168e-02        -3.7392371099667740e-02         2.1745356057718272e-02         7.2016772651492776e-03         4.8925385446943062e-03         1.4689109668779749e-02        -2.2167712706392755e-03
33                                     1.5949349511325973e-02        -7.4949265760509065e-03        -6.3634942384488474e-03         3.8973607539881969e-03         1.4747469431678987e-03        -2.3796229645434933e-02        -3.8122045345486078e-04        -2.3304912585278564e-05
34                                    -1.5105790071623437e-02         1.8414222503231222e-02        -1.4923691474186954e-01         8.5413309782560259e-02         2.6296697633548857e-02        -1.7597607147281642e-03        -1.2359513628836088e-02         9.3746724893300386e-04
35                                    -1.8084664288661928e-02         2.3778417527994228e-02         1.0094519606496347e-01        -5.6052773878674175e-02        -1.6785255284820139e-02        -6.1201925237685979e-03         8.3260504023683259e-03        -7.1681930692062232e-04
36                                     4.6777212972332297e-02         1.7232871744407669e-03        -7.1701209003249009e-04         5.3986648298029319e-04         4.0618869309441962e-04        -3.0500641463042114e-02         3.8824071729504967e-04         8.1378645673057462e-06
37                                     5.5184159452063376e-02        -3.7928319633488351e-03        -3.3964634081186632e-03         2.7303821723352775e-03         1.1251227130301062e-03        -1.8444161745795981e-02        -1.9649231022793819e-04         2.1013208679390811e-04
38                                     8.8069585802744627e-02        -5.6954898732196786e-03         9.1713660092971358e-04        -2.5823478717903661e-03        -1.2404487121741371e-03        -2.6308995058797455e-02         8.8996672668621897e-04         5.3597540562525049e-05
39                                     3.0265368415986971e-02        -5.4333896141498597e-03        -1.8069477588351989e-02         7.9749672677672887e-03         1.4450586448295686e-03         2.7476971518577971e-03        -2.6029127355074832e-03         6.2797042382250036e-04
40                                     7.2574181883190893e-03        -8.0717298056698610e-04         2.2301034181647590e-02        -1.2503815854764363e-02        -3.6479898367616607e-03        -6.7376736837096518e-03         1.4424240823855948e-03        -1.9648221106188094e-04
41                                    -6.6648324155872572e-03         5.0518018070383553e-03         7.3889480341063742e-03        -4.2252142204411251e-03        -1.2709919778119503e-03        -2.6115004044369752e-02        -2.2691988782937313e-04         1.4269225072841612e-04
42                                     2.9635782677130556e-02        -6.2092441606197198e-03         1.7580474803149108e-02        -9.1610253314237545e-03        -2.2648652455770513e-03        -1.3641119041403684e-03         2.7666269624641434e-03        -4.6835417572688349e-04
43                                    -1.0712868380504791e-02         4.9201267521642895e-03         2.4327224074803333e-03        -1.7884918110386270e-04         5.2939909679528485e-04        -2.2454052339739208e-02         1.0045607152151972e-03        -2.2459330960695927e-04
44                                     3.5208925044660552e-03         1.5249655971302453e-03        -2.3267098039628197e-02         1.3139584817097911e-02         3.9806711535313039e-03        -1.8398350448034374e-02        -7.4089025421049740e-04         1.9996646974765661e-04
45                                    -1.8752663445791400e-02         2.9305804707257729e-02         3.9409666266547816e-03        -8.5150469474697371e-04         3.1497391046017093e-04        -1.4912981325112306e-02         2.1428311872068186e-03        -4.3220901139356553e-04
46                                    -3.8004796296217933e-02         4.0112948584012362e-02         6.8316943082624523e-02        -5.2895276552291662e-02        -2.0872359249092871e-02         1.1670562835313775e-02         4.1532521693661700e-02        -4.6874033864316260e-03
47                                    -5.8767363373249393e-02         6.1306181370170250e-02        -4.3079512923454320e-02         3.7881598649283706e-02         1.5751094123333895e-02         1.6191069291603646e-02        -2.7338332943094318e-02         2.8169583719792964e-03
48                                    -6.7980959510401145e-02         5.5125416247479388e-02         2.4030092672881185e-03         3.0112465885224538e-03         2.1055436328064063e-03         1.2667023970915325e-02        -5.0095409134737045e-03         5.5146307572957027e-04
49                                     3.0626727463222963e-03         1.2824943102179444e-02         5.8624197443924988e-03         4.1014791062797790e-02         2.9284941581748571e-02        -2.1106330296287268e-03        -1.2672387691076184e-01         1.4081940431487585e-02
50                                    -2.1210927193587546e-03         2.7159324052016872e-02        -3.6008160299240708e-03        -2.6393821054211866e-02        -1.8833758659922956e-02        -7.3590652193988425e-04         8.4542581077899526e-02        -9.5454993702199994e-03
51                                    -7.1210620700214972e-02         8.9357546410705674e-02         1.8479748057730857e-03         1.2663870011377434e-03         4.1555736685142483e-04         2.4564049818381457e-02         1.0281257357917023e-03         4.1702208880589998e-05
52                                     4.7675592472194904e-02         2.2861192137497051e-02        -2.0544209326317953e-02         1.8904800166183299e-03        -6.9801988223613751e-03        -1.1149346584824036e-02         2.9562138353845533e-03        -2.4554724775882478e-04
53                                     6.4677215961412529e-02         4.0585699312687303e-02         1.4852731493609781e-02         1.2831462882030571e-03         6.7274730100495041e-03        -1.4256219896376248e-02        -2.7576741777170116e-03         1.2035616593733208e-04
54                                    -4.2027344103819104e-03        -2.1032470246066373e-02        -2.1781577044466551e-03        -1.9192869743010006e-03        -2.1220211040650630e-03         3.2194705013769529e-03        -1.5693109390346755e-03         1.9283946472292627e-03
55                                     1.2289489460054502e-02         7.2978293470585603e-03        -3.9618182014066486e-02        -4.1983172492133923e-02        -4.7103824415645576e-02        -8.7991233649700360e-04        -2.8530928676769730e-03         4.2175085299314276e-02
56                                     1.7516584192434393e-02         3.8155235587526530e-03         3.0561745991742807e-02         3.3338132131016184e-02         3.7150482979975426e-02         2.1613284272040652e-04         2.1933574003023372e-03        -3.3796922668095898e-02
57                                    -1.5168789913948433e-02        -3.5723023032043784e-02        -4.2406883225150669e-04        -4.8356230015908947e-04         5.6646806007060006e-04        -1.9625337972841036e-03        -3.1598717828090018e-04        -5.0266294544842310e-03
58                                     8.3785780597081180e-04         5.6402563974343456e-04         2.4940614503385399e-04        -9.9411707854959938e-03         2.2582130937967290e-02        -2.0407654162268745e-03        -1.1846336647734372e-02        -1.2680652406559015e-01
59                                    -1.9176503435875853e-04        -8.8446171639795638e-04         1.4748040159492522e-04         7.8460962688630658e-03        -1.8285663474051837e-02        -2.2634457092361279e-03         1.1051877642845017e-02         1.0188437230821405e-01
60                                    -1.6727948470637057e-02        -2.3940430822056182e-02         4.5812909410444255e-04         1.0592646528537184e-03        -9.3843989708273026e-04        -5.2186656819011943e-03         1.6689468282612215e-03         3.0636061935626608e-04
61                                    -1.1367623440168603e-02        -3.7818829645682853e-02         1.3125952831174586e-02         2.6548541196411903e-02        -2.1716009859858502e-02        -5.7400074027532241e-03         3.7343576629425765e-03         1.6267132614964555e-02
62                                    -1.5007342480950059e-02        -4.6806709738094712e-02        -1.1171000992565723e-02        -2.2157502802143236e-02         1.6931902970908384e-02        -7.3999579425748502e-03         1.3140978532214640e-04        -1.4189261001469156e-02
63                                    -2.0706561264943302e-02        -1.1313989581697820e-02        -3.6152369182867218e-03        -9.3556868723650190e-03         1.2662231422329716e-02        -4.3764368902193965e-03         1.7502477183227059e-03        -1.7710609883067350e-04
64                                     1.2713923919402138e-02         2.7752831590885485e-02        -9.2446123929879900e-02        -2.4445978433858759e-01         3.1177558330150779e-01         4.6650890845420035e-03         1.3572065099575880e-03        -6.0119056070965741e-03
65                                     1.6056227962199448e-02         2.8870817271929142e-02         7.4887209581235348e-02         1.9805323656454782e-01        -2.5236878908563082e-01         3.8973882381465792e-03        -3.4419376149583342e-03         5.5022123130591067e-03
66                                     2.1682554197212430e-02        -2.1265569204779355e-02        -4.2571931898654240e-03        -1.0879511151638611e-02         1.2411457811313012e-02        -6.4420884466404992e-03         9.4491487339875635e-04        -3.9066736826071247e-03
67                                    -2.9434745270709834e-03        -3.0191796464284465e-02        -8.4872542203209264e-02        -2.4383891737551275e-01         3.2799492961458726e-01        -2.5542587569124487e-03        -2.4429968981271614e-03        -8.0665717769907011e-02
68                                    -1.0132242683851412e-03        -4.1165533686854015e-02         6.7133534526557015e-02         1.9622641277162062e-01        -2.6619356937518351e-01        -5.4198359454787756e-03         3.1893402038035818e-03         6.4663052977559671e-02
69                                     6.9264853391738370e-03        -4.6991622410582023e-02        -4.8225676885803818e-03        -7.6612489245819039e-03         4.9946444944898938e-03        -1.0293418204950434e-02         9.2056271363853681e-04        -1.2329500371811944e-02
70                                     2.9583970362915333e-03         5.3853526951985406e-02        -7.6340176658077755e-02        -1.6896356516352662e-01         1.4657529526818464e-01         7.0064967575104711e-03        -3.3662299767803064e-02        -3.0043517573050910e-01
71                                     5.6428144737345597e-03         5.9218009558270591e-02         6.3943060103981084e-02         1.3809922071382241e-01        -1.1741886976159285e-01         9.0227053490902955e-03         2.4154506985879082e-02         2.4371269587159525e-01
72                                    -3.5476240248510267e-02         2.4203667184647071e-04        -1.5099808238716156e-03        -3.8203044754698081e-03        -2.2453000472943932e-03         1.2656296916469176e-02        -6.6315077662355360e-03         1.8722947391217749e-03
73                                     9.6992755096013804e-03        -1.7059863180249671e-02        -6.8883633012098849e-02        -7.2543128518587879e-02        -7.0604326707208606e-02        -4.6752078290614096e-03         7.6676528360628687e-03        -1.8326394697061595e-02
74                                     2.7837215764749939e-02        -3.4059466916870160e-02         5.4520676711059569e-02         5.9944986553661365e-02         5.7246238232387565e-02        -5.7442992127360220e-03        -2.9589273178668306e-03         1.3804380379659788e-02
75                                     4.8599060606132456e-02        -1.2513579667835303e-01         4.9007464743885314e-04         2.4328651915321610e-03         2.6097073941238357e-03         4.6413366691600176e-03         7.5181916770157434e-04        -1.8984583624233177e-04
76                                     1.9835223961382195e-02         1.1983611173589290e-02         1.0345447207376524e-01         1.5974819761903944e-01         1.3848411241777328e-01         2.5175549267085922e-03         6.7187049998449263e-03        -1.8053013442248862e-02
77                                     1.9687897337979137e-02         3.8478566238652701e-02        -6.5979008084174742e-02        -1.0422642752102505e-01        -9.0017982262481963e-02        -1.8026593147467684e-03        -4.7229029028651084e-03         1.1526907465565511e-02
78                                     9.5296715491466968e-02        -5.4811713606866376e-03         9.6703803344278276e-04        -1.4825669761989741e-03         7.5289390218596101e-05        -2.8508796671541030e-03        -8.8670437510675968e-03         6.9821889726247213e-04
79                                    -3.4051011025513271e-02        -7.9251076876519624e-02         1.2610467003880729e-01         6.3500857985043041e-02         9.0647381851568773e-02         1.1870790027709648e-02        -2.3978856638693943e-01         7.9055221313864815e-03
80                                    -4.9220730480301414e-02        -1.0397484171589462e-01        -8.8003512341105136e-02        -4.7208435133152905e-02        -6.4474776990920052e-02         1.8321749908887679e-02         1.6142869547665303e-01        -4.9282970332281528e-03
81                                    -1.1989783657226652e-01        -3.3728689088531515e-02         5.0611086817422832e-03         1.6997526743318792e-04         1.0573577606688160e-03         3.4364063814275050e-02        -3.9711154249415740e-03        -2.3951182513233185e-04
82                                    -4.6027605083753073e-02         3.1948748557090477e-02         1.1455190953517434e-01        -5.1016829002224762e-02        -1.1987886614511781e-02         2.8313601498012379e-02        -2.9761977140876455e-02         3.3032332770581651e-03
83                                    -8.8840778926129835e-02         5.0333297133536355e-02        -7.4402844880605071e-02         3.7666985965020175e-02         1.0273291307245415e-02         2.8338907532213992e-02         1.8387793555038657e-02        -2.5080953904694603e-03
84                                     6.0091632691922853e-03         1.4633679828899090e-02         7.5667393876077942e-03        -2.9115742980576316e-03        -8.8898097489574642e-05        -9.7048362369856089e-02         8.4641479560342275e-04         5.8915321656490296e-05
85                                     5.8761090269452136e-02        -4.1892971060314204e-03         1.1880821530857762e-01        -7.1320467949842842e-02        -2.4325982558654941e-02        -1.0382675307867214e-02        -1.4385274598607421e-02         3.5614756134799168e-03
86                                     8.6685326864451948e-02        -4.8172978020276239e-03        -7.6958436503817854e-02         4.4633997041340759e-02         1.5007127235437349e-02        -3.4847549815086913e-02         1.0011526415753716e-02        -2.0813064649190210e-03
87                                     1.9464083545451719e-01        -2.4704139769897000e-02         3.7157277186981807e-02        -3.1247285536649815e-02        -1.4414977529533487e-02         1.7769929168413504e-01        -1.0259259901752145e-02         2.3637893155107606e-03
88                                     2.9976037185384572e-03        -9.0972878723846393e-03        -8.6545141463898967e-02         4.9478781568216793e-02         1.4536293156862745e-02         4.4013504077433929e-01         1.5915176793123789e-03        -2.5349907015632914e-03
89                                    -1.3629611031191488e-01         1.9241896182902170e-02        -4.9007207332791423e-02         3.3960846548201834e-02         1.3340897120359834e-02        -1.1400052773680582e-01         5.6932016465932288e-03        -1.4632989496715806e-03
90                                    -1.3705170285181117e-01         5.2224112790553723e-03        -1.3833319686363521e-01         8.1271281835032114e-02         2.6207135377625240e-02         3.2433245255557824e-02         5.4279066229856133e-03        -1.9574352005957310e-03
91                                    -7.0916288657124574e-03         5.9821450739478994e-03         6.2782081911241044e-02        -3.4959234912387782e-02        -9.9082540643813978e-03        -2.4093806843494847e-01         3.0611269306307556e-04         1.0568806956662905e-03
92                                     9.0085676975530438e-02        -1.1637617686826878e-02        -1.5252586368795862e-02         5.5638356878451312e-03        -3.6213321120587624e-04         3.8465427991753282e-01        -1.6235140967172880e-03        -1.0296437573554171e-03
93                                    -1.2772376868180563e-01         3.4094608873911311e-03         1.4936900179956439e-01        -8.5185239307987937e-02        -2.7298311747543068e-02         6.4212636939204371e-02        -6.9771732286904985e-03         1.5914766293358494e-03
94                                     8.9796898199284117e-02        -1.3881889799713040e-02         2.5577994737468773e-02        -1.8403184931341954e-02        -8.5799038461690340e-03         4.4984328880697722e-01        -5.6628148054877698e-03        -2.1077265677209360e-04
95                                     2.6126234818018172e-02         9.5977623619931322e-04        -4.8494995424677265e-02         2.7991787236860011e-02         9.0611856458720705e-03        -5.8548778878678563e-02         1.4597928299960082e-03        -1.7800338265676498e-04
96                                     1.8918972276419999e-01        -2.4527796892845892e-02        -4.9285468126367013e-02         2.9344611499853426e-02         1.0060318253211405e-02         1.4305473855425230e-01         8.6065769141168164e-03        -2.1692014217718544e-03
97                                    -1.3262075275351984e-01         2.2376376509616096e-02         1.7847110101997070e-02        -7.4854606460276257e-03        -6.9745327957951926e-04        -2.9263520154669809e-01        -5.3464272944938338e-04         8.1787846844309146e-04
98                                    -4.7895586263568414e-02        -1.9547525348627580e-03         9.6584776601785591e-02        -6.0001991492546917e-02        -2.2353334258705365e-02         3.6248902899797708e-01        -1.0134112813285296e-02         1.4024572368799921e-03
99                                    -8.9031578724826352e-02         9.5586674220488096e-02         8.5227570989466709e-03         5.0630269571639566e-03         4.7462304768805938e-03         3.9117964348058559e-02         1.9964030855569304e-02        -1.2326429257100316e-03
100                                    4.5679389520559291e-02         2.2029812123248407e-02         6.6271420470164974e-02         5.4931204386857876e-02         5.0158183081608257e-02        -2.9292568162441928e-03         3.4412217727696504e-01        -3.5357181856064269e-02
101                                    5.7884085152771048e-02         4.5565286571886673e-02        -4.0969377254849344e-02        -3.2932234730258178e-02        -3.0009777445523026e-02        -1.3600073922624575e-02        -2.2577380190776108e-01         2.3402107324389267e-02
102                                   -1.5019538409538742e-02        -2.7730211784804684e-02        -1.7811741408434525e-03        -6.3007763753793041e-03         7.8484662323652591e-03        -1.1436651921676604e-02         4.9176124369659808e-03         8.8443645482000031e-03
103                                   -1.2652429383182574e-02        -3.6384892306996763e-02        -5.7101387657043645e-02        -1.5427240404604292e-01         2.0339252249442877e-01        -4.3741931456791816e-03         3.1791990896552144e-02         2.5996586346042677e-01
104                                   -1.4648264779491391e-02        -4.8629691723773565e-02         4.5580816261657255e-02         1.2415073310573370e-01        -1.6518688915718591e-01        -8.2237988340928998e-03        -2.2676656553349963e-02        -2.1123720348247543e-01
                                                        40                          41                          42                          43                          44                          45                          46                          47

0                                      2.2999170421212349e-02         1.2050925512430792e-03         8.8881493071790870e-04         1.4413277956182132e-02        -2.2716885240913042e-03         1.0062941438405969e-01        -7.2450491384561740e-04         3.8322396585167152e-02
1                                      6.1516055289876541e-03         2.5821974107960948e-04        -8.7276675822755103e-04         1.4600605228728533e-03        -3.5241688607203447e-02         2.7026835533063797e-02        -5.2431692629538190e-05         8.0918945794761447e-03
2                                      9.0974404299048132e-03         5.5042022722054623e-04         1.5083745516527409e-03         2.5332802030908915e-03         2.8048931807384908e-02         3.8648583091040377e-02        -1.9769675761281257e-04         1.1889499878852914e-02
3                                      2.3491717775222118e-02         1.0516309681175271e-03        -2.3896070668884516e-03         1.8322243615768202e-02         1.4059321376113992e-03        -9.1913046990571415e-02         7.7622352843283437e-05        -2.6347069184986804e-02
4                                     -1.1366908729151207e-02        -7.7922042086855004e-04        -7.3159424945907624e-04        -7.0823865708978069e-03         2.3208336451937359e-02         4.2406530079151614e-02        -4.5962684365936972e-05         1.3610683761193993e-02
5                                     -1.3233385181173209e-02        -3.3908668462687250e-04         2.6881454577947547e-03        -7.7045995061958104e-03        -1.9361523646541725e-02         4.7820275996008008e-02        -1.8006803143264275e-04         1.6233973858915035e-02
6                                      4.1009763107594299e-02         1.9220965752384882e-03        -1.3550829050266073e-03         1.8801307534784425e-02         3.0960645003446133e-03        -1.7779326550403547e-02        -1.3288291810583582e-04        -2.6935438515582350e-03
7                                     -6.8007366643275211e-02        -3.3015538675528855e-03         4.4137949615235503e-04        -2.9123299900580903e-02         7.3123012120317743e-02        -5.3571780690733296e-02         6.3466217900998818e-04        -2.4506245900903285e-02
8                                     -8.2307002680314809e-02        -3.8506702675645964e-03         1.0687476003445322e-03        -3.5238176954549685e-02        -5.8307206647354878e-02        -6.7766429519297219e-02         7.6351143237266071e-04        -2.9054577609969198e-02
9                                      7.7993230837248998e-04        -1.2200791917001337e-05         5.0860958118354870e-04        -1.2056273948737817e-02        -2.9624657338267329e-03         3.4955796656607266e-02         3.2279595537656471e-04         2.8893568545863418e-03
10                                    -2.5145120373342756e-02        -1.0676260955339953e-03         2.6601012253679281e-03        -1.4343825766587845e-02        -6.9041019843626705e-02        -1.0208169810217710e-02         2.3751625758222720e-04        -9.4358577365930597e-03
11                                    -3.1703454680693265e-02        -1.6296507282272704e-03        -1.8571302645348723e-03        -1.8358268529541064e-02         5.6052400167716100e-02        -1.0343748674180461e-02         6.5433268378642568e-04        -1.4964246865378596e-02
12                                    -6.7324781025911509e-02        -3.1990527863263907e-03         2.6690007980704482e-03        -4.5276998127279519e-02         1.5088779643700022e-04         8.8207317403853500e-02         5.1968777910132535e-04         1.3551929460700638e-02
13                                     8.9683006772835385e-03        -6.2162744251470275e-04        -1.0032947957574572e-02        -8.0041643186677218e-03         1.4372060687810304e-02         2.2755309449957788e-02         8.2567999640770803e-04        -1.0171442474974202e-02
14                                     7.0335525530213589e-03         1.1661895346332745e-03         9.6535107107305843e-03        -1.1241533724417782e-02        -1.2263181461320247e-02         3.3251933557847606e-02         2.5276244705174080e-04        -7.7362826219532941e-03
15                                    -5.8356296962160263e-02        -2.7359129111317825e-03         3.2146837076787969e-03        -1.8678033446446002e-02         4.7817891472733273e-04        -1.9606781651552514e-02        -3.1588353105454153e-04         1.5740078301531214e-02
16                                    -7.0871506748703056e-04         4.0696803251823403e-03         4.7673638683386761e-02         4.4291900652800330e-04         1.2559462307519217e-03         5.2885528907246366e-03        -1.8984381566195961e-03         6.1405296793036971e-03
17                                    -1.9364228040911020e-03        -3.3184929067638911e-03        -3.7859552086353672e-02        -4.2766447057838285e-03        -1.0709991617724628e-03         2.2460122770365863e-05         1.6126111642702627e-03        -1.0677562490116947e-02
18                                    -3.1295611600550034e-02        -1.8923351929232128e-03        -2.4949589405560933e-03         1.4975348651378315e-02         3.7605146093218209e-04        -2.6981040391166493e-02        -9.8775610342941673e-04         3.0512498523222489e-02
19                                     6.8841375310342125e-03        -5.1667724373889818e-03        -6.1606199697493230e-02         5.1311304368536525e-03         5.0945639668609286e-04        -3.1404145198325388e-03         2.3952449739827473e-03        -2.1357380288418257e-02
20                                     6.2983944152362609e-03         4.2068544629433975e-03         4.0803933878492904e-02         6.4990731197215592e-03        -4.4433391632867981e-04         2.4789318426465565e-03        -1.8845584767556739e-03         5.4275249178218077e-03
21                                     8.1774800273834870e-03         1.0640474453041098e-03         1.1236158573654945e-03         3.3999594581352752e-02        -2.7328910259943423e-04         2.2963250381064365e-02        -1.2082207823322358e-03        -3.6445191173152779e-02
22                                    -8.3766338845442014e-03         3.6945075077942460e-03         6.1902956696192779e-02         2.0740166071767960e-02        -1.0038752687272267e-03         2.2611634361152468e-02        -2.4475627910462818e-03        -2.6892846004814942e-02
23                                    -1.1608068683824574e-02        -1.7206404384238802e-03        -4.2732549526840434e-02         3.0663802861294113e-02         3.7101034425514041e-04         3.4891799491400546e-02         5.0487927005431221e-04        -4.4844525401496999e-02
24                                     1.9901385917142900e-02         1.1482151948993069e-03         2.0344022109668142e-03         1.6272725452144546e-02        -1.0310172593254240e-04         9.7548806237249385e-03        -2.4946292506403117e-04        -1.0094304959616374e-02
25                                    -5.4811963431408352e-02         8.4218799698031969e-04         8.1817999499101970e-02         3.1292909028072378e-02         6.6609563797978327e-04        -9.4880987720641682e-03        -4.5560427040047093e-03         4.3783330234377571e-04
26                                    -8.2537734221105899e-02        -4.2917614959035620e-03        -5.5224263037698208e-02         4.0898968665247323e-02         5.0452514831892582e-05        -1.0411186358371257e-02         4.4010397268721290e-04         3.4509321806872194e-03
27                                     1.6786336899365184e-03         3.8517271353803083e-04        -1.9192016196845519e-03        -3.1599162148857871e-02         2.1042271851039681e-04        -1.0770630086656220e-02         2.3526892642298613e-03         2.5987580546771492e-02
28                                    -2.0175241344474008e-02         5.7492770296480233e-03        -7.9206102311597679e-02         5.1395031767630887e-03         9.1560092866105000e-04        -3.5282495775835760e-04         9.1587016216066481e-03         2.7304649459995970e-03
29                                    -2.4642170246212139e-02        -5.1675328691435877e-03         5.2964245842155186e-02         1.6447428378583991e-02        -4.9564832095295313e-04        -7.2235239027180443e-03        -7.3170402446207624e-03        -6.4364242486691274e-03
30                                     1.4066422534967789e-02        -1.3939069303538216e-03         4.6412219734246725e-03        -9.9479876571769696e-02         3.1970469890683846e-04        -3.5787465994588090e-02         3.1413707669879862e-03         7.3248821384133481e-02
31                                     1.1923991798890327e-02        -6.2985965138407877e-03         2.0048686035748678e-02        -9.3438173347213365e-03        -2.1202771875716042e-04         4.8813335706628927e-03        -1.3739417603090746e-02        -1.9376189818358772e-02
32                                     1.6803942001019440e-02         5.7136955457380801e-03        -1.2696390592835791e-02        -2.1329183265666702e-02        -5.1755848252132762e-05         5.9380474272828767e-03         9.2888365750013416e-03        -2.4270063989883420e-02
33                                     2.2334482339906574e-02         2.5364231260515940e-03         1.1675757204325269e-03        -4.2608926182547628e-02        -1.6054248590873321e-04         8.3884630464313228e-03         3.9059986932658327e-03        -2.7612079368547201e-02
34                                     1.5851655975477193e-03         3.1974173889318412e-02        -1.8574535641829523e-03         1.2315702864628081e-03        -3.3870057910744450e-04         3.9319717722187337e-03         7.0346080781624076e-02        -1.4019307089884626e-02
35                                     6.9979495278832656e-03        -1.9899004689664119e-02         1.2721395997031418e-03        -4.2570435932668699e-03         1.7747929154779345e-04         5.7500786953749682e-03        -4.6562449368057347e-02        -1.5473204881793854e-02
36                                     1.2977658918383756e-02         3.0624047731722349e-03         3.9918027071474555e-04        -3.2872189262607987e-02        -3.2072473362983986e-04         3.3149011731443828e-02        -8.4473889596355101e-03        -1.0471456585977032e-01
37                                    -1.8691105100948863e-02         5.8353902684681748e-02        -8.6165303146931958e-03         2.1005336168449417e-02         1.6156109758758518e-05        -1.0111562831184338e-02        -1.4172653275510846e-01         2.8482901506139281e-02
38                                    -2.3417621321274836e-02        -3.6677700677811412e-02         3.8444502501752942e-03         3.8061524370478959e-02         1.8695592797602817e-04        -8.8546013538177270e-03         9.4956206972421839e-02         3.3568883251533961e-02
39                                    -2.3670127869850403e-02         9.5486464790671938e-02        -6.5782492631681257e-03         2.8054004012069558e-02         7.8487230484697933e-05        -9.6901343995735873e-03        -5.3508382196176381e-02         2.9274540016476832e-02
40                                    -1.0204707955801574e-02        -6.4808679345253417e-02         5.5322240792991988e-03         2.9381460778520680e-02         2.3456420113902570e-04        -1.6253628468420912e-02         8.2655608383761986e-02         5.8072086861132806e-02
41                                     9.5485112727727948e-03         1.2617809914047063e-02         1.5379237132853859e-03        -1.8581297367932539e-02        -1.7194283572372624e-04         1.9786786439762536e-02         2.9940925611054523e-02        -6.0222322071273392e-02
42                                    -1.4952928119541381e-02        -1.0106251583328543e-01         5.1213371124591211e-03         2.9940193326533124e-02         1.5766414582414908e-04        -6.6208082344592920e-03         5.5571643560813337e-02         2.3446111560885777e-02
43                                     1.6594403407502702e-02        -3.2950216425425755e-02         2.1046784085173493e-03        -2.9343758228904466e-02        -2.4480834306642233e-04         2.5350907169481188e-02        -1.3271112343477404e-03        -8.0495296914106992e-02
44                                    -1.0102435787610546e-02         5.0343771103119439e-02        -6.5533409422558024e-03         1.5328295244769042e-02         8.8180021956919274e-06        -9.9189306505950234e-03        -8.4736873131451521e-02         3.1853108535886944e-02
45                                     4.9119657640501906e-02         1.1964000652717520e-03         2.7915152641297717e-04        -3.5001780880334378e-02        -1.9608983273223884e-04         1.1790053030653679e-02         5.6657996081402589e-04        -6.5520731296956625e-03
46                                     2.1155680172617455e-02        -9.2237065991166763e-03        -1.2256415035368454e-02         4.9813720883955786e-03         9.8450671233054460e-04         6.4614676657472085e-03        -1.8932316837249094e-02         2.0252494871890393e-02
47                                     3.4909274172858863e-02         7.4632488576276135e-03         7.3780983406081541e-03         1.0155334839780004e-02        -8.5020114933161898e-04         5.2909296368020085e-03         1.4238628653937048e-02         1.3639874148657178e-02
48                                     5.0168229869149480e-03         9.8134218774030752e-04        -4.9898648771822251e-05         4.9539025411616311e-02        -1.8511254620636158e-04         3.1212205883441499e-03        -8.4322389230289882e-04        -1.2035509296890699e-03
49                                     1.7473843024438756e-02        -1.2593997873124485e-03         3.7609836588084256e-02        -1.3504746681934521e-02        -3.1719056046719462e-03        -1.4174391710113324e-02        -1.5363546379225719e-03         6.5808220845741349e-04
50                                     2.2339394234150725e-02         2.3652769480061748e-04        -2.4088900211591706e-02        -3.0150087792782925e-02         2.1582459405071852e-03        -3.3861014475292713e-03         2.6439220683439697e-03         4.7933204112811809e-02
51                                    -2.8143503098998719e-02         9.3103305161512629e-04        -4.1751851305815756e-03         1.2005875039466800e-01         1.9014861222512613e-04         9.0036571923674188e-03        -3.1234543866139942e-03        -1.2406008860595213e-02
52                                     2.3057171029069911e-02         1.3430089156484918e-03        -1.5233114069289836e-03        -5.2015563536063451e-02         4.1986659976796323e-03        -2.5998200677086816e-03        -9.2630302602885318e-04         7.3955907883459848e-02
53                                     3.3090732032187813e-02        -1.2833866954626444e-03         3.6071285402426499e-03        -5.8547728217719495e-02        -2.7418008328729607e-03        -3.1827996468270309e-02         3.0790866796629205e-03         2.8695887329398876e-02
54                                    -6.6989217738247037e-02        -3.3555708489016642e-03         9.1896485267893178e-04        -4.5788045865404317e-02        -3.1935027793631880e-04        -7.2095487172412820e-02         1.1734955876922105e-03        -4.0215328508068540e-02
55                                     2.1555746871978389e-03        -1.5251808293705853e-03        -1.5104237792159523e-02         5.0649876838289656e-03        -2.1602565746714569e-02         2.7149005506590339e-02        -1.6585459249292419e-04         2.5184799903128937e-02
56                                    -1.1923205263675261e-03         1.1920061550302261e-03         1.4320874680518920e-02         5.3475407475145056e-03         1.7271839627855851e-02         3.1848825600084840e-02        -1.1681391045906162e-03         3.3184665811395911e-02
57                                     4.5185886018230563e-03         2.0260092739198836e-04         3.2547070132680258e-04        -8.8730728016255811e-03         3.0493616655366063e-03        -2.9518909580480972e-02         5.1270986440383884e-04        -1.8600757566291700e-02
58                                     2.7210974100732675e-02         2.0018089295249712e-03         3.8680816191324248e-03         1.8857464075257482e-02         7.5382262894679836e-02        -1.0718080717134308e-02        -4.2181710681726673e-04         6.0798701132147529e-03
59                                     3.4617103918855287e-02         1.0288622173757296e-03        -5.5354990446948799e-03         2.2274667785871814e-02        -6.0621841228979040e-02        -1.5539636438134047e-02        -4.4875887581351915e-04         8.6006150055726698e-03
60                                     6.0372396609187778e-02         2.8790374919353120e-03        -1.2088843048138379e-03         2.8163823125931433e-02        -2.5958342619921940e-03        -2.6802965664709001e-03        -3.5957944656978322e-04         5.0892362058834305e-03
61                                     6.3492329628560745e-02         2.9854271966783187e-03        -1.4730407588182156e-03         3.1014443754454748e-02        -6.5421439485203847e-02        -5.9104534557607002e-02        -2.8769426089159594e-04        -1.1971615548032055e-02
62                                     8.1701472052885388e-02         3.8517715467325056e-03        -3.5943112146304612e-03         3.9769599857011825e-02         5.3637768835175063e-02        -7.2856740645174750e-02        -1.5775311472475664e-04        -1.6510348617517837e-02
63                                     6.1167756504905288e-02         3.0819566647125578e-03         7.8149544284269849e-04         3.1527039320150205e-02         1.0018896120601686e-02         1.1453730861132946e-01        -1.0360837861909040e-03         4.6913843663289455e-02
64                                    -4.3095789459166430e-02        -8.7333478860059490e-04         1.0305873091527811e-02        -1.9773163545206373e-02         2.7464207692819176e-01         8.1234788095366477e-03         8.8071474321234691e-05        -5.1149779286678437e-03
65                                    -5.1984121379792497e-02        -3.3677945454999333e-03        -6.2692937213436354e-03        -2.4174424287781108e-02        -2.2270688864473412e-01         1.4120828026582948e-02         4.6050924269276070e-04        -9.5641473759362566e-04
66                                     7.3986446937527012e-02         3.4791307723208461e-03        -3.3370207608991883e-03         4.0074464984929573e-02        -7.1524079364275080e-03        -1.1424553668304539e-01        -1.1558758895965542e-04        -2.9993840402221313e-02
67                                     3.0148651230233407e-02         3.0244203826567426e-03         1.2624632241269963e-02         1.0868676235648161e-02        -1.9447196017970056e-01         2.2204577120583324e-02        -8.2241476125039480e-04         1.3904525148408901e-02
68                                     4.2155511063971272e-02         7.2088386786847160e-04        -1.0819509526152769e-02         1.5024956067899617e-02         1.5699666246462143e-01         2.2915577241715314e-02         1.9484062978425995e-04         8.3130494973123418e-03
69                                     1.1872915515310026e-01         5.7764538852301157e-03        -1.1843488582238219e-03         6.2428042874162717e-02        -1.4173191330481670e-02         8.1022488292452288e-02        -1.5562401023543838e-03         4.9484293632384893e-02
70                                    -7.8530197732515072e-02        -2.8462367491165637e-03         2.2923208500494133e-03        -3.4453134070821019e-02        -3.4885033150527955e-01        -6.2914202628200383e-02         8.1959167585927549e-04        -2.6523781272744157e-02
71                                    -8.8550181120154683e-02        -4.9349297699669368e-03        -2.7198538329834443e-04        -3.9264924016758226e-02         2.8315848843618813e-01        -7.1307080875621626e-02         8.3731056368001636e-04        -3.4175667702648557e-02
72                                    -1.2861415925805805e-01        -5.7614956389442414e-03         1.8157103267241021e-03        -6.6763207033999364e-02        -1.6442014172076611e-03         1.5564570377169398e-01         8.3742162188423701e-04        -6.8223959284997087e-03
73                                     2.4687034066367540e-02        -3.7876676705578629e-04        -1.6120973380018222e-02         5.4985070749249683e-04         1.4790937398752285e-02         1.8312070391107590e-03         1.0986886525469087e-03        -8.8480744338118866e-03
74                                     2.9567038735555901e-02         2.4599808494074581e-03         1.5319911860655585e-02        -6.1623639187751208e-03        -1.1575533648074343e-02         1.3598932267142320e-02        -1.2779305242423925e-04         2.5480181437731739e-03
75                                    -2.6809471285343698e-02        -3.3246930044389064e-05        -2.1667443998584977e-02         7.2881464475343841e-02        -5.3828155312455922e-04         2.6599325906894546e-02        -1.3299286087837391e-03        -6.3075284841633772e-02
76                                     6.8627758418771600e-04        -8.6851625815377049e-03        -3.9090760486778625e-01        -1.0771485851512034e-02         1.4461609905447025e-04         2.6032094712671688e-02         1.8897731435128795e-02        -9.8482371313205006e-03
77                                     1.1036923807692596e-02         7.0027772713941580e-03         2.6497397258039818e-01         1.6514886958398166e-02        -1.0122578071443077e-04         2.9931482240743091e-02        -1.3003739229398749e-02        -3.3962743025544993e-02
78                                    -1.2828279196618381e-02        -1.8260166513708895e-03        -2.3245216570242717e-02         7.2402104216720164e-02         1.8213455960241153e-04        -2.9394221991255787e-02        -2.8736737053576484e-03         2.4630933676731723e-02
79                                    -6.5403817742000867e-02        -2.9299658495997229e-02        -4.6743281116316088e-01         3.0831941319582799e-02        -1.0631952932436380e-03        -1.2005735730269996e-02         6.7402477725664834e-03         3.7294838986963101e-03
80                                    -9.6472577686303462e-02         1.4973373623713543e-02         3.1253282262035986e-01         7.4409794333372345e-02         1.4004971945193330e-03        -2.7484110310546293e-02        -8.9451710616407255e-03         1.6144357200855355e-02
81                                     4.8450944339930350e-02        -7.7051744543470057e-03         6.6864301083105386e-03        -1.6259457168270963e-01         4.4470535567351125e-04        -5.8104315969466622e-02        -3.3941862185642093e-04         1.3110566627272746e-01
82                                     2.9674985875309302e-02        -4.5485880150150780e-02         1.8645636702734471e-02        -3.5890653669505383e-02        -8.6022593889784421e-05        -4.6781260951221353e-03        -5.0374667054509700e-02         5.6948842393226414e-03
83                                     4.3534880143387938e-02         2.7483973179562565e-02        -9.4608659288855906e-03        -7.1510275174661062e-02        -2.1287374687152461e-05        -1.1050456787328780e-02         3.1798942386780639e-02         1.9777234267004611e-02
84                                     1.3160408510581551e-02         1.3179252166594596e-02         1.7657014915187651e-03        -6.8164722866513608e-02        -3.6842783816417359e-04         4.7506431692259835e-02         7.9606130205686783e-04        -1.6976031091010962e-01
85                                    -3.1549947262313444e-02         3.9986433109832498e-01        -2.6248781427217534e-03         1.9860455502018263e-02         3.9953626006148207e-05        -7.9528017485321484e-03         1.7019885668321635e-01         2.7921411342811578e-02
86                                    -1.6448606830345755e-02        -2.5477509529466030e-01        -1.9636845628573963e-05         3.9587360243159286e-02         1.7221274183340987e-04        -9.7392863749916521e-03        -1.0439822488465195e-01         3.1753413346577677e-02
87                                    -4.9237116962107565e-02         2.8025442865576883e-01        -4.7755951871634719e-03         8.9162826115953081e-02         3.0919542163319598e-04        -2.1320008208480061e-02         1.4833738480888053e-01         8.4985826966890041e-02
88                                     6.8714498552947437e-02        -2.3833074888251904e-01         3.1039574943674641e-03        -4.4477767224981195e-02        -1.8925173180577659e-05        -1.4559138822862748e-02        -9.3929939661289055e-02         3.5930727571629524e-02
89                                     3.8090487968000568e-02        -1.5018007557299159e-01        -2.3179225739904618e-04        -7.4760645993024732e-02        -3.8713678808249146e-04         2.9755989451436326e-02        -1.4853139653583894e-01        -1.0866952939941431e-01
90                                     1.3361478034090881e-02        -1.2748205500071411e-01        -1.0706276034315508e-02        -2.3755524366287969e-02         1.2973455992097179e-04        -4.2252691742541516e-02        -2.2661760454303320e-01         1.0821467250088618e-01
91                                    -4.9814322178239889e-02         2.7337387203084370e-02         5.0953638935818850e-03         6.8367963045838837e-02         3.5299481634377559e-04        -2.3053497163056529e-02         1.3705126693107766e-01         8.7716779077002496e-02
92                                     6.5611336647836416e-02        -6.0968598786378031e-02         4.2253401232381351e-03        -6.6542285861167130e-02        -4.0337771388863740e-04         4.5454062412110238e-02         7.6497383774824807e-03        -1.4538110401518661e-01
93                                     8.6399806468303586e-03         1.2855637046494972e-01         1.3667265994733150e-02        -2.3460748033015576e-02         4.9460958972441635e-04        -3.0714237767138417e-02         2.5050232754713653e-01         8.9189595512275371e-02
94                                     7.6160464096008393e-02         5.4801635410401874e-02         2.9553985631301967e-03        -9.1507518303936233e-02        -4.6075025025299504e-04         5.2148384255763160e-02         1.6584627251540779e-02        -1.7065723618765496e-01
95                                    -1.7916072117319479e-02         3.9411986299720614e-03        -8.2474569173296569e-03         2.8909134810641546e-02        -3.8021688259962092e-05        -7.4352943065164774e-03        -1.2266195009314565e-01         2.6384500291419678e-02
96                                    -2.9720003694067774e-02        -2.9307534382940870e-01        -8.3193498514889410e-04         9.6138139372048709e-02         1.4294608941691086e-04        -2.2476816403855057e-02        -1.4986477305779480e-01         8.0670435423084316e-02
97                                     4.0538502573460086e-03         5.5026451708797296e-02         4.0568720646131130e-03        -5.2829561906512640e-02        -2.6293119453895959e-04         3.6107118503667469e-02         9.7825091819459573e-02        -1.1816142039548239e-01
98                                     5.7952377705712529e-02         2.6458995573443173e-01         2.5568243743657030e-03        -7.8349372958588223e-02         8.3182621341380166e-05         7.9203003130743320e-04         1.3649635604886123e-01        -9.4087786563847413e-03
99                                    -5.2093916184493223e-02         2.9347929859095349e-03        -6.6625077925855552e-03         2.3286378121089987e-01        -2.1673076882671250e-03         5.1500660814648429e-02        -5.3919793449643556e-03        -7.2774726308964519e-02
100                                    1.5481127600234807e-02         5.9348619788505584e-03         2.0739202161732605e-02        -8.7374603068169163e-03        -2.0760612399284412e-02        -7.2272888352773970e-02         1.8746185284018873e-02        -1.5597480130775238e-01
101                                    3.1022096961566915e-02        -3.3367910528542310e-03        -1.2750287955541185e-02        -3.6816099964259885e-02         1.3084457739330774e-02         3.4929975703471859e-02        -1.1235941663400539e-02         1.5883752177966046e-01
102                                    1.5374997073193697e-01         7.2194077606928158e-03        -6.3424812869608002e-03         9.0233761490576089e-02         1.2924461353556502e-02        -1.2504390820061542e-01        -1.1173412466784032e-03        -8.6084279299327177e-03
103                                    6.0358538400305639e-02         2.3365013638917496e-03        -7.0003593321197252e-03         2.7733791628464496e-02         3.0560945427425878e-01        -4.8129197403207438e-02         3.5030823655826784e-04        -1.4741867377913482e-02
104                                    7.9641170980332826e-02         4.1698890667267912e-03         1.2786644811291761e-03         3.8934595056495616e-02        -2.4666203213371996e-01        -6.7870375044118567e-02        -6.5284686986352160e-04        -1.1647915955493948e-02
                                                        48                          49                          50                          51                          52                          53                          54                          55

0                                      2.2895754397054404e-02        -2.2167979384439165e-02        -1.5094450318492417e-03        -1.9845889904601184e-02         4.1254725845220769e-04         1.9459519408556265e-03         2.6443204778537482e-02         8.6156321465077401e-02
1                                      5.5772770898581724e-03         1.2475892791157634e-04        -3.7797937701216609e-02        -1.4203042238650529e-02         4.2983345762103581e-04         7.2166616819746038e-02         1.4877491749619857e-02         4.6068933800870848e-02
2                                      7.7672876392110056e-03        -1.0879481361445826e-03         3.0392593942090616e-02        -1.8863158971078649e-02         8.7999760838772679e-04        -5.9300629614828550e-02         1.8989753440807545e-02         5.9775662486460927e-02
3                                     -1.9463415165883388e-02         4.2564133483062785e-03        -2.4178241171587010e-03        -1.1006422026797554e-02         1.0597488859941274e-03        -3.2545439822532804e-03         2.0968619221162308e-02         7.3601539802535323e-02
4                                      1.0436816020874306e-02        -6.7246710501008009e-03        -5.5808932870100657e-02         1.3987886968479638e-02         2.2936710860638887e-04        -6.3570451555262086e-02        -1.8187663910727857e-02        -6.0475507203453065e-02
5                                      9.8182926556734593e-03        -8.3889010014735928e-03         4.5252629375873168e-02         1.6788082273649717e-02        -2.0389816307959932e-03         5.2507786639050258e-02        -2.0731795933965222e-02        -6.9782984545493407e-02
6                                     -3.2218405998957365e-03        -3.3480256401203952e-03         2.7475365223273993e-03         7.2756740919993545e-03        -4.8682196436804459e-04         1.9461360992404110e-03        -1.4554739688818728e-02        -5.5818094039487835e-02
7                                     -1.0747419721715380e-02         1.7591431006427787e-02         6.7124687795790491e-02         9.1683955242251262e-03        -1.1850678804194283e-03         3.5062206608865491e-02        -9.6578976036270948e-03        -2.7785907013170744e-02
8                                     -1.7476030102628021e-02         2.1640458827540811e-02        -5.4133317950044064e-02         1.1941238254879890e-02         9.0011670123121888e-04        -2.7854792934119403e-02        -1.3081088908440064e-02        -3.7894445469337401e-02
9                                      6.1738936640330028e-03         1.7992333847547587e-02        -5.0357519746479574e-04        -2.0045689914590992e-02         5.8384054020032205e-04         5.4538271442362516e-05         2.0280084691734878e-03        -7.8779634118183572e-03
10                                    -8.8001007719600340e-03         2.0275576419946394e-02        -1.4761824684741650e-02        -2.1800462060729865e-02         1.1434040920429123e-03        -1.1066176165749676e-03         6.1553888879001999e-03         3.6353151606228172e-03
11                                    -3.6562999771471018e-04         2.6615423872666445e-02         1.1975480543428011e-02        -2.8469837789166171e-02         1.0070568441430791e-03         9.0447346088414339e-04         7.8458851388593376e-03         4.1771991652021726e-03
12                                     1.6918456918103033e-02         2.0071782834517566e-02         4.3085172062839750e-04        -6.8280477229313193e-03        -9.8628047158589457e-05         4.9656002329350187e-05        -2.7717993680496460e-03        -1.7809471496894266e-03
13                                     5.8768348816637117e-03         4.4581301888743756e-02         6.0211755455673996e-03        -6.6261323209674788e-02         9.6639175331958524e-04         1.6288820214886456e-03         1.4886575793111515e-02        -1.9023729077281351e-02
14                                    -5.5633870286950632e-03         5.5657126808481214e-02        -4.7447298073463847e-03        -8.2338432309654000e-02         5.2363477356183940e-03        -8.2731623229918600e-04         1.8219109179910417e-02        -2.3574320164827228e-02
15                                     2.2816313836879470e-03        -5.2129009602323424e-02        -1.8180663135386696e-04         6.5889696480130516e-02        -2.3567923352923546e-03        -2.7089091885325951e-04        -5.9607518236500052e-03         2.3485801914986289e-02
16                                    -3.0867920287685167e-02         5.3302839697684078e-03        -3.9629434324020291e-03        -2.5766669796434077e-03         1.2705718946095061e-02         3.5380147345112845e-04        -2.0472214740026606e-03        -1.6973924416219875e-03
17                                     2.2274715035021174e-02         6.5704485948275991e-03         3.2193675489557822e-03         1.4903042532518078e-03        -1.0357573124898061e-02        -3.2346587625006041e-04        -3.1843850315594075e-03        -3.5922485947108545e-04
18                                     9.2591892389456976e-03        -8.1476172131190946e-02        -1.5654261153161161e-04         2.6495426507050300e-02        -2.0205417876163357e-03        -2.4575500745521278e-04         1.0225697886381335e-02         1.8813221713518780e-02
19                                     5.2321142446513258e-02         2.2425035107006227e-03        -8.5133991476957501e-05        -1.5956205797189805e-02        -2.1522038824855285e-02        -1.1647544965536610e-04        -7.4994143350082428e-04        -4.9717169855155322e-03
20                                    -3.8246165641756487e-02        -2.5063628316252299e-03         8.8239716300291061e-05        -2.0618053068575552e-02         1.5490025439933205e-02         1.9853713410525401e-04        -5.3182212847410423e-04        -6.3845097895090354e-03
21                                    -1.1178607887106050e-02         4.1059381551354683e-02         2.1649728219930875e-04         3.2679702109984658e-02         3.0531157977522886e-03        -5.5302844315254484e-05        -1.4290234922018145e-02         1.0195211388673471e-02
22                                    -1.1867925148610717e-02         4.2065214629944031e-02         1.5540191986749322e-03         5.4802765356247660e-02         9.0744847055445346e-02         5.4493010092822466e-04        -1.8292650229023232e-02         1.5172875969638441e-02
23                                    -1.1336683811658962e-02         6.5884799940905875e-02        -7.6673778209758068e-04         7.6326181617558608e-02        -6.3707518731549631e-02        -6.4584172852316581e-04        -2.8715882860247996e-02         2.4064455872395779e-02
24                                    -2.3966262207844413e-03         2.2364891999132479e-02        -8.7892969241149151e-05        -1.9978473972626542e-02        -2.4028235617002342e-03         7.2305712751001414e-05         4.8718494113258607e-03        -1.0113720532750210e-02
25                                     1.8125774006331496e-03        -3.8956924284656962e-02        -1.9012065065444228e-03        -6.9395543857362343e-03        -8.1034632942802581e-02        -5.3447551930181311e-04         1.0426564142002211e-02        -5.6820539898735510e-04
26                                    -2.6899524696606374e-03        -5.8671534504182936e-02         1.0646494583426843e-03        -4.8962229339656977e-03         5.4564162849270625e-02         3.1463041745157454e-04         1.6189415070084125e-02        -2.0989117077792560e-03
27                                     6.7087084824487700e-03         6.7935795302853244e-03         2.3796715267694368e-05         1.5169591562881496e-02        -3.6713770122544341e-05        -1.0604978072214065e-04         3.3101653016368124e-02        -6.8197580124996979e-03
28                                    -1.6786931932385167e-02        -2.0011625373023999e-02         4.2853390544656493e-04        -1.3416384564224863e-02         1.4085578860800743e-02         1.4140644933400832e-04        -1.3269363030449075e-02         1.9005799433415053e-03
29                                     1.0240406445256893e-02        -2.8459923421698220e-02        -3.5263657914337044e-04        -2.0478546839526074e-02        -8.0047618848281526e-03         5.3858875335726935e-05        -1.7934493968400859e-02         2.4526301260239169e-03
30                                     2.3402055069019181e-02        -1.3102775839635554e-02        -4.3439050199102167e-05         1.0681855973404255e-02        -7.3766260837121282e-04        -1.5220668616912773e-04         4.1594451593315353e-02        -6.8844006498988202e-03
31                                    -4.1536751464353924e-03        -1.5165584979734810e-02        -1.0206713353963002e-04        -2.5518480283295571e-02        -4.0985376987653470e-03         1.9564197723733834e-04        -7.4063517162270734e-02         1.6564566956425147e-02
32                                    -6.3648091394775006e-03        -2.4109623148361802e-02         5.5235324865213088e-05        -3.7033399883614190e-02         5.0156745230015990e-03         3.6900127332997995e-04        -1.0819220150186425e-01         2.4329844647239800e-02
33                                    -5.5378826986808606e-03        -9.2693281165359357e-03         9.1107735205179570e-06        -1.4086349790203106e-02         8.8415619927214488e-04         2.1043586975451147e-04        -6.8558257207645787e-02         1.6067961853498656e-02
34                                     7.3543860311377565e-04        -8.1535470760575376e-03         4.4012326422266934e-05        -1.6303934622527712e-03         2.4214265739347816e-03         3.4512025317469906e-05         3.6303461205530064e-03        -1.6446432486066438e-03
35                                    -7.4458461250422091e-03        -9.6691372647096253e-03        -8.2348381239835455e-05        -3.6356107697229933e-03        -1.5085430258832107e-03         2.1388839551125857e-05         9.4151054724107819e-04        -1.4665135537630691e-03
36                                    -2.6906478343893786e-02        -4.9756509416826494e-02        -8.7382213326173713e-05         1.0550291374619252e-02        -5.2138418037166396e-04        -1.0497344999803477e-04         2.7654835193677906e-02        -4.3352936981837058e-03
37                                     1.2409636474742202e-02         1.4570830506540771e-02        -2.0381039544942323e-05        -3.3926217690128184e-03        -2.6498180965399275e-05         5.7146566433910841e-05        -1.1341483892128974e-02         2.1737238401870920e-03
38                                     4.6620868760032554e-03         1.3942249524047498e-02         2.4501574331503486e-05        -4.1959016160245484e-03         3.4082879954257001e-04         6.1128734201243708e-05        -1.3985879826345578e-02         2.7203970842664721e-03
39                                     9.0257951226958167e-03         1.2316139992241478e-02        -7.8058778246687919e-06         3.2381793343746568e-03        -3.2099356256459576e-04        -6.0335905094388988e-05         2.5506415500977722e-02        -7.1794984427632691e-03
40                                     1.1607426233596643e-02         3.2622157173903855e-02         7.2853826252575082e-05        -7.5585773092704872e-03         3.7269490217045956e-04         1.1185767423699804e-04        -3.2323501867625400e-02         6.2608283614988026e-03
41                                    -1.7095875540652988e-02        -2.5731177169111070e-02        -2.1556972086785363e-05         1.2254208096194243e-02        -5.5457544186678445e-04        -1.5072995065144404e-04         3.5214765506275399e-02        -6.1613962283035882e-03
42                                     3.2836000533108915e-03         8.2189692213942532e-03         8.0556589152923779e-06         4.5764746550438799e-03        -2.0822182030105928e-04        -8.1373174364225256e-05         3.0952228331315036e-02        -8.3074245313905330e-03
43                                    -2.0876131016483116e-02        -3.7427584248719496e-02        -5.4156007659959453e-05         1.4062632870362708e-02        -7.0104401466591091e-04        -1.7243155501018274e-04         4.3602442547954992e-02        -7.7137518926521835e-03
44                                     1.1586230279756691e-02         2.2563456306637725e-02         3.2451008275947119e-05        -1.9242822430637328e-03         1.8359768580036777e-04         3.8377611303742837e-05        -1.4882669680714951e-02         3.0866530448247745e-03
45                                    -1.3037663457995477e-03         5.1376554951993107e-02         1.2154290437366598e-04         1.6495303469797348e-03         2.1007817659270166e-04         1.8229376735668786e-04        -7.1625034811717517e-02         1.6247992419498123e-02
46                                    -1.8137616009940370e-02         5.1688581444680859e-02        -2.0347541495760307e-06         3.3052172448577152e-02        -3.7102164919892121e-03        -2.4944082230047383e-04         6.1986786977344922e-02        -1.4221363598790863e-02
47                                     1.8406773087378037e-02         8.0447497249552816e-02         2.3426894823923820e-04         5.0238404018363401e-02        -2.5269162171788777e-04        -3.3225742748408700e-04         8.8340023450742891e-02        -2.0183419691947747e-02
48                                    -1.9336542997082446e-04         1.0378072425264945e-02         3.8536585954565235e-05        -1.6519920141094342e-02         8.0928244420898463e-04         6.5498135312084768e-05        -2.8843552310596184e-03        -3.4592657977232785e-03
49                                     7.3726379234473630e-02         1.7368602615936837e-02         1.9934130817421389e-04         1.3879217959751411e-02         4.1694481363959771e-03        -5.8498540586923473e-05         1.1909234447028261e-02         3.0342182759832999e-04
50                                    -3.4167288348224426e-02         2.4338638582501026e-02        -8.5983460182446097e-05         1.8135519850575474e-02        -3.9338092996051288e-03        -1.2534749964869451e-04         1.7885747633152212e-02        -2.4172393997313208e-05
51                                    -1.3646036449410814e-02        -2.5745915299969908e-02        -1.6186492632656865e-04        -4.2796795085899550e-02         1.0789390199804913e-03         1.2626795332556636e-04         1.1789122479641803e-02        -1.1265167359933265e-02
52                                    -1.0511570799225266e-01        -3.6876527436917890e-02        -8.0763263420416853e-04        -3.9134374155036539e-02        -1.1080477848543044e-03         9.9773232464413640e-05         2.0739985392599063e-02        -1.3371370128098923e-02
53                                     9.6789046751833002e-02        -5.2411301195248991e-02         3.1090258722954879e-04        -5.8399239707052561e-02         1.9896490249015665e-03         1.0980846766747688e-04         3.1634450702698651e-02        -2.0067683600391326e-02
54                                    -1.9872312855868626e-02         4.2177985265023213e-02         3.1302597423836807e-04         8.9499746104908118e-03         4.7092562021699931e-04        -1.1573204108649408e-04        -6.0843463267026120e-03         2.7737072485336215e-03
55                                     1.6963226137705560e-02        -5.0422459985208841e-02         9.0000764294065668e-03         6.8938951104506013e-02        -5.6349765565933642e-03        -3.0314813211910997e-03        -1.3699790197581909e-02         2.0284599650585586e-02
56                                     7.9596908512859291e-03        -6.1086002482199704e-02        -7.2204106909309783e-03         8.5555490578090782e-02        -1.0086648859503741e-03         1.8625620117675547e-03        -1.7228769220716974e-02         2.5216449262096340e-02
57                                    -9.2352098219321797e-03         2.6081446728054528e-02        -9.0478291297185092e-04        -9.9630797004923929e-03         8.4005179363573935e-04         2.9407852863287307e-04        -1.1621559749785892e-03        -7.9099002437512198e-03
58                                     3.9588538376886060e-03        -2.4594025528699007e-02        -2.5144481792092770e-02         2.2399893145737725e-02         2.1389164027099460e-04         4.8674265709319816e-03        -5.2628308944933123e-03        -2.5243527883353576e-03
59                                    -1.5156384529298645e-03        -2.9432208308952015e-02         2.0156229488660207e-02         2.7462564694502239e-02        -2.5137269250280407e-03        -3.8135226475554994e-03        -6.6229150492551330e-03        -3.6701284738271940e-03
60                                     3.7011346005092524e-04        -1.0572269096728145e-02         2.6614766295073918e-03         8.0802751052108327e-03        -3.9971602089515344e-04        -1.3442037477213802e-03        -1.1972415806309242e-02        -4.5069797207951415e-02
61                                    -1.4455753263345557e-02        -5.2821385121956327e-03         7.0294719495322469e-02        -2.1877194450305314e-03        -1.8247220298157752e-04        -4.8322735724238411e-02         1.0016000770532035e-02         3.8735941438137182e-02
62                                    -1.1985014147920003e-02        -6.5832377235548779e-03        -5.6947760920757769e-02        -1.9779611289699696e-03         1.1352336420319086e-03         3.8354668591217382e-02         1.2177909908078023e-02         4.6596343307545952e-02
63                                     2.6943831582606211e-02        -3.2470082441620099e-02         8.5150696844043406e-03        -1.1281361827729127e-02         4.0139967041925862e-05        -1.7586401971485175e-02         1.5531836422777430e-02         5.0379911092938170e-02
64                                     3.4399438368493815e-03         1.3313011341062555e-02         2.0836656409566795e-01        -3.0856701133109649e-02         2.8892607145448936e-03        -4.2065981515370027e-01         3.3030526113124126e-02         1.0957150589782032e-01
65                                    -1.5156585286656362e-03         1.5391019285941349e-02        -1.6950579414948280e-01        -3.6379963182986925e-02         4.8084000306774990e-04         3.3911189727743168e-01         4.5212264034226943e-02         1.4460769789758468e-01
66                                    -2.4315740086885661e-02         2.7875421158904683e-04         1.2371843679782750e-02        -2.7050219116522231e-03         2.6568397476645230e-04         1.4783425600698235e-02         5.2703673871663560e-03         1.5122163740447314e-02
67                                    -5.4138099096582700e-03        -1.0923272433232862e-02         3.1959717771215651e-01         2.4010447786048404e-02        -8.0448670294173165e-03         3.7583846109012342e-01        -3.3618067428416637e-02        -1.2090684119165375e-01
68                                     1.4503113244238844e-02        -1.1175830844006753e-02        -2.5874993646424449e-01         2.9109560213245934e-02         3.4886524053035148e-03        -3.0173283078903762e-01        -4.5075549422155796e-02        -1.5556449753835261e-01
69                                     2.1413438124717042e-02        -6.4557626457333969e-02        -1.3715939326462732e-02         9.0818211935206436e-02        -5.0342540035949283e-03        -4.6437345075946148e-03        -1.1365694119289012e-01        -4.0078229171779778e-01
70                                    -1.9238420647004525e-02         2.3661362784503374e-02        -3.6622055598974412e-01         3.6179466581271321e-03         6.8106412022711140e-03        -2.1509112164858538e-01        -4.4429183924846313e-03        -7.2433091224288343e-03
71                                    -1.3542944914561431e-02         2.5548724168055766e-02         2.9638735224493384e-01         8.1248338019029136e-03        -5.0689806123372372e-03         1.7422590043295655e-01        -8.5234599909266798e-03        -2.4180064034423843e-02
72                                     1.5381532211885617e-02         8.5463143074474307e-02         2.5587461605324760e-04        -7.5978440225699481e-02         1.7075481880114479e-03        -5.2714557777147038e-06        -3.1313477120757231e-03        -1.1132517318747785e-02
73                                     1.5643701656846760e-02         2.7292041054969202e-02         5.1485068926976898e-03        -4.7946346841475952e-02         1.0535033338822943e-03         1.3986571505026084e-03         1.5450016470201895e-02        -1.6863736520689298e-02
74                                    -1.2240797253602845e-02         3.5354943500166991e-02        -3.9258255983378593e-03        -6.4094043843050730e-02         4.4800370622009216e-03        -5.8777989062120870e-04         1.9894473476511024e-02        -2.2560173745099926e-02
75                                    -2.1361882900142137e-02         5.7533856922531559e-02         8.5083541740136893e-05        -1.2653889577305266e-02        -2.7490418007230157e-02        -2.0285346985866859e-04         6.7827605891626445e-03        -1.6990935373595150e-02
76                                    -2.7683772339785719e-02         3.6468429536954013e-02        -5.5536084435901965e-03         5.8580861422028049e-02        -5.3308663510416054e-01        -4.6052828084508441e-03        -3.1640035075803159e-02         3.2788065111626657e-02
77                                     7.0828312923010232e-03         5.6155197616687018e-02         3.8613712052502011e-03         1.2458773841224943e-01         3.5912470840771088e-01         2.7187350189997804e-03        -4.2475226916762608e-02         4.1557789641188517e-02
78                                     8.4082836113176223e-03        -1.2514476367244304e-01        -2.1440830305721422e-04        -2.3827906402361784e-01         2.8626773415687663e-02         9.4457149116314570e-04         6.7761918044816682e-02        -8.1453357926273243e-02
79                                     2.8069699096823136e-02        -7.5665971916251684e-02         8.6423291078130977e-03        -2.9388037583337242e-02         4.5603841301521675e-01         3.2232469643669074e-03         2.3962481945278623e-02        -1.6225445350178048e-02
80                                    -1.6338273891186455e-02        -1.0941299078541185e-01        -6.3073355593205966e-03        -9.6214902601432797e-02        -3.0207941794700865e-01        -1.8610484101126740e-03         3.7609871014590519e-02        -2.5788981582899301e-02
81                                     4.1073686116136203e-02        -9.1196356310618994e-04        -9.4880975725608924e-06         1.5797095487640411e-02        -1.2436743926410273e-03        -2.1712657502624854e-04         3.9750467551530444e-02        -2.8645982783925905e-03
82                                     3.6296572882319749e-03        -9.1412515945616408e-03        -7.7768156328063211e-05        -2.5756737975276101e-02        -4.2994099442621933e-03         1.9194819192288974e-04        -8.3579486688679733e-02         2.0345267727333301e-02
83                                     6.9835485636963908e-03        -1.5662610256999800e-02         7.9130956805070242e-05        -3.5639534659656344e-02         4.7790178735427581e-03         3.4261112266470954e-04        -1.1840612124509577e-01         2.9521087913776757e-02
84                                    -4.3999038560115160e-02        -1.2383655587016347e-01        -3.0460900155954829e-04        -3.9349854841982728e-05        -3.0741480534299856e-04        -3.4743506216438690e-05         4.6400148529622584e-02        -9.6624673791225902e-03
85                                     5.5747392399716237e-03         1.0027520384438274e-02         9.6809581673259365e-05        -9.6813511912778767e-04         3.0283151997499255e-03         4.7166026966001801e-05        -2.9389111599174254e-03         3.7308459701025816e-04
86                                     8.4057049875076867e-03         1.4172341057817537e-02        -5.8919296207607964e-05        -5.7961898117971557e-03        -1.6209726503824328e-03         6.4926174481381988e-05        -1.6914979224956446e-02         3.2747607240131006e-03
87                                     1.4379289732114971e-02         6.3473504293954305e-02         2.3757555532282303e-04         2.1786116454091908e-02        -2.3434379346840136e-04        -2.4341506859324610e-04         1.9785436334787087e-02         1.2314271664161116e-03
88                                     1.4999462092666267e-02         1.0610766495526008e-02         4.7920836546126755e-06        -3.9069003715016731e-02         1.6943435413728266e-03         5.0764520159503183e-04        -1.4225964885030412e-01         3.1451245082156999e-02
89                                    -2.1517313835585496e-02        -6.9801682512811991e-02        -2.2491132299443114e-04        -4.7175474483358952e-03        -5.3575574425888473e-04         2.0306578225581929e-05         3.2709883264588215e-02        -1.1146341909645295e-02
90                                     3.9710632496664212e-02         3.1784437301536857e-02         5.9005225767483371e-05        -4.7971947226073619e-02         3.2740906548184303e-03         6.1023716480291146e-04        -1.9235999029526174e-01         4.6824225842163072e-02
91                                     1.6519387601889205e-02         5.7014763204263706e-02         1.4725511535605926e-04        -1.8458856922178133e-03         2.3147237527780970e-04         6.7461257282143828e-05        -3.5271462240241337e-02         8.4275267273761622e-03
92                                    -3.8557045083900961e-02        -7.6430888993506307e-02        -1.8071800911098805e-04         2.2721592851031522e-02        -1.7610025747212589e-03        -3.3895484668944445e-04         1.2825096906510497e-01        -3.1980531608615435e-02
93                                     1.4943554918337201e-02         1.7273518925523746e-02         7.2660757240438769e-05        -4.7638753242087488e-02         1.7693218825733483e-03         5.9278978116414447e-04        -1.9338660870347935e-01         4.7272549531799934e-02
94                                    -4.4916468738994610e-02        -9.5480346001014640e-02        -2.1087432630206314e-04         2.4240052720982810e-02        -1.3255945919388118e-03        -3.7663664084116390e-04         1.4441865219720668e-01        -3.5702734287882898e-02
95                                     1.1243015638775321e-02         2.5273237160496440e-02         3.1295160127762101e-05         6.5592537893895174e-03        -1.2140463475607942e-04        -6.5061774254695492e-05         1.7812401629974488e-02        -4.9093945588553605e-03
96                                     2.4731342312508252e-02         6.7859255808159311e-02         1.5852056258371940e-04         2.1226623060018147e-02        -1.0160135104541519e-03        -2.2446198086810526e-04         1.7724641010294646e-02         1.4322448548608410e-03
97                                    -3.3855976423075140e-02        -7.4473044851520259e-02        -1.6323478634709920e-04         1.2811788010845928e-02        -6.7603064535473828e-04        -2.0772241306202976e-04         9.5947223505374379e-02        -2.4955018910262777e-02
98                                    -6.3388880153403809e-03        -2.3691529014206958e-02        -4.1391762484225610e-05        -3.4795290612275938e-02         1.8574456001778322e-03         4.2282119946676026e-04        -1.0853895744101166e-01         2.2768292050196131e-02
99                                     1.3272748432758861e-02        -6.0039666666055660e-02        -1.4819450814409458e-04        -2.5782339087623701e-01         7.3464555096826077e-03         9.0973990040026011e-04         5.7178006277044981e-02        -9.6122986000947611e-02
100                                    5.9445171327974167e-01        -3.0204094256872396e-02         5.0919033953757400e-03        -7.4063925468660613e-02        -2.4123718430128396e-03        -5.2954404118438415e-05         2.9614771878891187e-02        -2.8145356658777290e-02
101                                   -3.6518348212230700e-01        -7.3484862812026888e-02        -3.7066895042928692e-03        -1.4452695647207811e-01         5.9942325339790384e-03         6.1282527106755978e-04         5.0008491979609986e-02        -5.3730921872864740e-02
102                                   -1.7920130072179328e-02        -6.2371011749917944e-02        -1.5044635919441525e-02         1.0901233262087560e-01        -5.1608559998684179e-03         1.5447783586798649e-02        -1.1693841019825063e-01        -4.0406023813969483e-01
103                                    3.8505449635200444e-04        -1.0000134541943188e-03        -3.7469080078103845e-01        -9.3603594433779667e-03         4.1553679989700049e-03         2.8522364180266618e-01         2.0815134804529560e-02         7.4470638809510450e-02
104                                   -2.1627721338878886e-02        -6.5128664469156685e-03         3.0307531306720414e-01        -8.3289947682742369e-03        -1.7644041936159967e-03        -2.3200493717189927e-01         1.7823259107611858e-02         6.7709334906232016e-02
                                                        56                          57                          58                          59                          60                          61                          62                          63

0                                      1.9837307669681541e-04         2.8529133300571055e-05        -8.0633172749780886e-06        -1.0413853517877417e-02        -1.9493706150738667e-05        -1.7212864757003992e-02         7.8226209315253239e-04         5.8646061371649787e-03
1                                      4.2478725524480406e-04         3.5001615190977575e-04        -5.2763075801807278e-05        -7.8020642231812175e-03         1.0959396790538028e-04         3.1691425260298577e-02         8.0084032216841254e-04        -3.1532595085042005e-02
2                                      5.6825101508579284e-04         4.6839408119660517e-04        -6.0636041986066317e-05        -1.0241709613738395e-02         1.3225386227535844e-04         3.8622941781646984e-02         1.0457070320135668e-03        -3.8755994720079248e-02
3                                      7.6953126757301610e-04         4.2874684052094693e-04        -5.4558322470392947e-05         3.0345851892945408e-03         7.1950731791070490e-05         2.6681778741184624e-02        -6.4130935465786607e-04         1.7386525828897423e-02
4                                     -7.9158114908755997e-04        -5.5784936374959015e-04         7.2624070841104482e-05        -8.3452231383372572e-03         6.1945481308248903e-05         2.1943355389143902e-02        -3.7942575776682500e-04         3.3149335003197229e-02
5                                     -9.3692952986938261e-04        -7.1159740944029364e-04         1.0227247484002087e-04        -1.0122334638058334e-02         7.1190621164537586e-05         2.8535567963786222e-02        -4.6041423905948019e-04         4.1847657208878085e-02
6                                     -2.4049606746494225e-04         1.1604238700237273e-04        -3.4865007714476965e-05         5.0748403121031573e-03        -1.3810286735251780e-04        -4.8055153894381177e-02         6.3801034867899079e-04        -6.3506085128787340e-03
7                                      1.4796539175045389e-04         1.1815659197367398e-04         7.4665896198792070e-06         1.3500817288430944e-02        -1.3839314936285615e-04        -4.2758971339770864e-02        -8.9253342132352114e-04         1.6972424168974279e-03
8                                      1.7329151901893680e-04         8.6273590961767022e-05         2.5036549970973119e-05         1.6863048902420807e-02        -1.8900995298017732e-04        -5.5465791395935840e-02        -1.0489702651125562e-03         1.7248378844607426e-03
9                                     -5.8208263515003114e-04        -6.4394477091869989e-04         1.3034112303266087e-04        -1.4122316774897052e-02        -1.4808977904992526e-05        -5.6554748128927745e-03        -6.3721989830397977e-04         1.8817328186582820e-02
10                                    -1.0408043419056883e-04        -3.3154676768416869e-05         3.4143400802759110e-06        -1.1385922330543523e-02         5.3904160100995095e-05         1.4144454022932037e-02         1.2894363468051962e-03         1.0472125458071956e-02
11                                    -1.7717756836182206e-04        -1.3340314921374667e-04         2.4256600501358142e-05        -1.4391489574957653e-02         5.4978564101223951e-05         1.7320663377783572e-02         1.5126869884744833e-03         1.3736893320417385e-02
12                                    -1.0419159223965774e-04        -6.5294680037961247e-04         1.7403810229196275e-04         2.7244723442069473e-02        -1.1198842909444938e-04        -1.8404531383980106e-02         2.5961233448073620e-03        -1.6573136205712526e-02
13                                    -4.0402278088863053e-04         5.1774342743629456e-04        -2.1548382205002000e-04        -6.6643800482213453e-02         7.4996897091939414e-05        -1.8783902895916679e-02         3.2720303658843931e-03        -1.6849793795335475e-04
14                                    -5.2607638930079591e-04         5.0532864595082049e-04        -2.4728868645044864e-04        -8.0238664239930008e-02         8.5835020603978261e-05        -2.3847851889411270e-02         4.4323219806173264e-03        -8.8896187783204020e-04
15                                     1.3453558056766499e-03         2.1893549004007380e-03        -3.0500616850297343e-04        -3.6004695789382812e-02         8.4325141676083954e-05        -4.6692663458654691e-03        -1.1664316149804784e-02         1.4114067505646484e-03
16                                    -2.8866769745247559e-04        -7.4324473109137678e-04         1.4161447853277282e-04         4.1712174093938133e-02        -5.9918363431248683e-05         9.5966832336419165e-04         3.7290761181895567e-03        -3.1311872974835709e-03
17                                    -1.0001918094322224e-04        -6.5481868312922597e-04         1.9305970242750005e-04         4.9101346131626269e-02        -1.2203560111472772e-04         4.8863052022829890e-04         3.3443719781555423e-03        -3.8697646957120686e-03
18                                    -1.3971635925245354e-03        -8.9143700878575936e-04        -2.1842575905090776e-05        -1.1989923494186412e-01         1.9039916903700234e-04        -2.3332381057842386e-02         1.5899538626179929e-02         6.3935124322210988e-03
19                                    -1.5173003755417217e-03        -1.1432581233256033e-03         1.6136665787598250e-04         2.1172818980994747e-02        -1.6406544333274535e-07         4.8934480045569016e-03         8.9708742045703921e-03        -4.8064664878715935e-04
20                                    -2.3356491418421955e-03        -1.6760834858138877e-03         2.7244411280803586e-04         2.5591439851541119e-02         2.4438659870168712e-05         6.6796008788275697e-03         1.4208393817933655e-02        -4.7273650205119182e-04
21                                     3.7070683821054744e-03         5.2272553816067029e-03        -1.7397837427069122e-03        -2.1634133053847676e-02         2.1547402979298208e-04        -4.1197398889943424e-03        -4.7705284873096498e-02         1.7058822721365252e-04
22                                     5.6342851534089498e-03        -1.4436551248905348e-03        -1.5438359548136397e-04        -1.7197644696128458e-02        -1.7314552106867535e-05        -3.2718762630355989e-03         2.1566894771277188e-02         1.0847150829077538e-03
23                                     8.6249345843439507e-03        -1.8275729807614998e-03        -5.9605959451138654e-04        -2.7651059328506922e-02         3.5851119581698518e-04        -5.3370085568604352e-03         3.1250471150510772e-02         1.7108767158466706e-03
24                                     1.5993893396962586e-03         3.7752658544274776e-04        -1.1022404455140881e-05         4.3780153741180675e-02         7.7900851143029720e-06         6.8901594663391477e-03         5.0843248405070054e-02        -6.7343970590983521e-04
25                                    -4.0013291043726152e-03         1.0505651191085417e-03        -5.8319396728566484e-04        -1.7083814934220620e-02         1.1435341972934814e-04        -3.1454797780957884e-03        -2.2107744539876965e-02         4.0837144395961867e-04
26                                    -5.8719133352620372e-03         1.8326491481271646e-03        -2.0261585002176937e-04        -2.2555065617382616e-02        -4.0602086736022555e-05        -4.1953415460292773e-03        -3.0797385707889573e-02         5.0810430217781153e-04
27                                    -6.7394739356721710e-03         1.3753649436329476e-03         2.1135473563498571e-03         2.3413527134603061e-03        -7.3587320526303905e-04         6.5963822251368558e-04        -1.8567733579034674e-02        -1.2356954449483132e-03
28                                     1.2344711771317457e-03        -2.1539208067897354e-03         6.4227594443875462e-04         9.1862391574001662e-04         9.0148318177907407e-05         8.3797752595680827e-05         1.7161202285761557e-02         7.1154840606372829e-05
29                                     1.5123524937549636e-03        -3.0893345394919719e-03        -2.3222513496040707e-04         1.4094371352764295e-03         1.2432294557519400e-04         1.5027022025222351e-04         2.4398924940964305e-02         6.1172346620573189e-05
30                                    -5.5914966449983105e-03        -3.6832587643693859e-03         2.4294758778925446e-03        -6.1579054648197226e-03        -4.2751885726380378e-04        -1.3663871615342423e-03         3.3350461140017759e-02         4.2369387160605138e-04
31                                    -4.6050910748044243e-03        -5.2919226448279379e-02         7.3990341213992557e-03        -1.4196809669369938e-03         1.3111155915877032e-03        -1.3716357763965411e-04        -5.4394000300203131e-03        -2.4366495563944501e-04
32                                    -7.2990341404650582e-03        -7.8663943390895136e-02         1.4188134264959944e-02        -2.5390621943941097e-03        -2.5521464355909912e-03        -2.7791446824235861e-04        -6.0208230554669121e-03        -3.3847304270160516e-04
33                                     2.1948522291818182e-02         7.4278680562774573e-03        -1.1280770526248809e-03         6.4848221039661164e-03         3.0682230403342696e-04         2.0187759427138718e-03        -1.6855221190986642e-03        -1.1922731065719698e-03
34                                     1.0566820839026603e-02         3.5359047251452315e-02         3.4950654465038334e-03        -1.5021472828880160e-04        -2.4047299964236918e-03         1.1981312476521537e-04        -5.6412588864553333e-03        -2.0011195253702958e-04
35                                     1.7326467284820610e-02         4.8075247698219213e-02        -1.4279638599355255e-02         5.7457194636912408e-04         3.0702225620324957e-03         3.6320491627934683e-04        -8.7390717182824710e-03        -4.1145670533243930e-04
36                                    -3.4415396298210402e-02         4.2461341240063115e-02        -9.6324466538101824e-03        -3.8871912977283818e-03        -6.5627181287740899e-04        -6.5976198774515653e-04         1.7101919057329344e-03         2.1063934722117714e-04
37                                     2.9098660680673200e-02         3.4327262268862305e-02        -2.1606944965992428e-02        -2.4578941126439493e-03        -6.8202824098433423e-02        -5.2568562956726954e-04         1.9832619526234316e-03         5.8495397031913465e-04
38                                     4.3381680716466982e-02         5.7926886644194556e-02         1.4524043573127764e-03        -4.0719802430043087e-03         4.3429721242676855e-02        -1.3117862170896138e-03         3.0301794569817164e-03         9.6601810263707258e-04
39                                     5.4555497929527755e-02        -3.5188972636023781e-02         9.6441776814420649e-02         1.0297868037742190e-03         9.5341030912145172e-03         3.1083211305103183e-05        -4.8709842540309929e-04         2.3297674368751038e-05
40                                     3.4518042538610669e-02        -1.3374106595902069e-03         1.9525314457566723e-02         6.4470456449810991e-03        -2.6291425382618055e-03         1.8085993052608508e-03        -6.4991656847504372e-03        -7.8764725978852038e-04
41                                    -8.6892103719856700e-02        -2.5088671162518832e-02        -4.7180913945692252e-02        -2.9677952050166088e-03        -3.9330726430372234e-02        -6.8933178879078069e-04         2.9418896285568191e-03         1.4875674054819655e-04
42                                     5.4126274578409149e-02        -6.7967374722006882e-02        -7.3289274561910908e-02         1.0659946494585033e-03        -1.1185678837361976e-02         4.4026599232675865e-05        -4.7074187914212764e-04         4.6755730246570382e-05
43                                    -9.6812337613739710e-02        -3.3467750896414069e-03         5.6342524983970674e-02        -5.5928822551996379e-03         3.5836504197789179e-02        -1.6126976163913156e-03         5.7330464646689104e-03         4.8004812007452780e-04
44                                    -3.1990946797327302e-03        -1.1684079997072277e-02         2.6706821446489753e-03         4.7574242815342886e-03         1.9119822734212324e-02         1.2584429426107104e-03        -4.6348125889832913e-03        -6.4135195656671903e-04
45                                     8.5572491113047860e-03        -1.0506546594331935e-02         1.1567567685681561e-03         2.5034853475136103e-02        -1.5634777383473046e-04         6.1072975686846907e-03        -1.7485316959627070e-02        -2.8966084199329653e-03
46                                    -6.5248200876129227e-03         1.4324941448123936e-02        -2.3714436863946065e-03         1.7784720858561635e-02         8.6590396588648040e-05         4.1500190522109712e-03        -5.0687615291434935e-03        -1.2576015881965701e-03
47                                    -9.1850477419285273e-03         2.1156449023730556e-02        -1.8617756829439002e-03         2.8043459692905524e-02        -2.1171541554051377e-04         6.5738124191980244e-03        -8.6836615772199130e-03        -2.0643581102067080e-03
48                                     3.0483688889648160e-04        -7.3731078231931788e-03         1.3106917686621815e-03        -8.1873977951571336e-03        -2.9240620296267661e-04        -2.0186945517280744e-03        -6.8852842329772731e-03         2.2782801771383805e-03
49                                     1.5793069428484548e-03        -2.0958009679011734e-03         2.5487302337322531e-04        -1.3797262370024476e-02        -1.5825046900261378e-03        -3.8412156255769958e-03         8.3380065931839414e-03         1.1447277173945399e-03
50                                     2.1040032111427505e-03        -3.8189173148008688e-03         9.3911951420941808e-04        -2.0698078127775046e-02         6.9432913885010582e-04        -5.8020088417574198e-03         1.2131826967032962e-02         1.8970778550585425e-03
51                                    -1.1863004729996257e-03        -2.8567869261118089e-05        -6.2649530575822345e-04        -1.5820584875626608e-02         1.3074900305927038e-04        -5.5009879419441587e-03         3.1396932450437382e-03         3.7972268560714502e-03
52                                    -3.9701961913598191e-03         3.3937786685738895e-03         1.0663498075563740e-04         5.1525684518442857e-03         1.4583433212330183e-04        -2.9116438743058404e-04        -3.6187458205332750e-02        -5.0566816805061175e-04
53                                    -5.7519948063712197e-03         4.9436993177345749e-03         1.1372997479231766e-04         5.5522852747299286e-03        -4.9390677202798051e-04        -1.1316190452278006e-03        -5.3766091982880737e-02        -5.4002626166238521e-04
54                                     8.4304260346173469e-04         3.1746522910517747e-05         6.0109577509796600e-05         3.3462579871491170e-02         3.3288428280825549e-05         3.3600211498095674e-02        -2.5027250846376115e-03        -2.0852719512635579e-02
55                                     1.0325498691926868e-03         4.4949800474439699e-04         4.6067653329269934e-05         5.3230352640184664e-02        -9.5373925412971686e-05         1.5479076861055448e-03        -8.7570330022137995e-03         1.8728428713421378e-03
56                                     1.2337488728857387e-03         5.5667808574429330e-04         4.8287436211557219e-05         6.7740229598642981e-02        -1.1168088806898962e-04         3.5845899967703707e-03        -1.1323493845423343e-02         1.3662185173892729e-03
57                                     1.9278909479611449e-04        -5.0123713169014465e-05         6.9791083191606120e-05         2.3858289507840684e-02        -5.4409174110554222e-05         6.1135772320326746e-03        -4.0155409067625042e-03         1.5770483157981359e-02
58                                    -1.9523323168535537e-04        -1.1111521816840554e-04        -3.4195559093870351e-06        -1.1282239825138709e-02         7.2214612799936537e-05         1.6659785734389927e-02        -5.2764918148926496e-04        -1.0632537333090931e-02
59                                    -1.4251103604297517e-04        -2.4454452598456356e-05        -9.2091775708747195e-06        -1.3018575102737961e-02         9.9762079142163917e-05         2.0990136043522505e-02        -5.0716187395150785e-04        -1.2438624200190620e-02
60                                    -2.1075200840159325e-04         8.0805719937743274e-05        -4.3743208470529526e-05        -4.3065517099286996e-03         8.7877991975639596e-05         3.0693317995023405e-02         9.6033310880674775e-04         3.6453676812682527e-04
61                                     3.9698031172380352e-04         1.0623351983478155e-04         3.8088535206893074e-06         1.5600082957328695e-02        -1.4890439977045046e-04        -4.7587763335949641e-02         4.7072534250312576e-04        -6.7323960377043560e-03
62                                     4.3272675648695476e-04         1.3675542438753617e-04         7.7797338038050982e-06         1.9176119798114115e-02        -1.8474005320855458e-04        -5.7603193729199628e-02         5.1262953922103947e-04        -8.2257435374176423e-03
63                                    -5.0059994935209803e-04        -8.2631410886263980e-04         1.5758130979744229e-04         2.3269991408679722e-02        -5.6817888568701821e-04        -1.8114222837569371e-01        -1.0500538584589422e-03         2.0781909982958133e-01
64                                     1.6273476149734564e-03         1.6886495489753801e-03        -3.0610890443288859e-04        -5.6400696953682113e-02         8.9566143874975177e-04         2.6420578759239027e-01         3.6965050656721744e-03        -3.2593852864187195e-01
65                                     1.8141683636990753e-03         1.9282348655897225e-03        -3.4413138568478664e-04        -6.8291362749421755e-02         1.0675999950461226e-03         3.1643584566121413e-01         4.4869766169371404e-03        -3.9183569085147885e-01
66                                    -2.1969275429809304e-04        -5.5372295394349015e-04         9.2489442950197153e-05        -8.1618830672091237e-03         5.1890638278976036e-04         2.1783554528032453e-01        -3.4532801677207539e-03         3.3051375450069431e-01
67                                    -1.8068339649754638e-03        -1.5198654866523473e-03         2.1481659375456136e-04        -1.8073806739598516e-02         4.5672124224019827e-04         1.9050960392506547e-01        -3.0079400203698770e-03         3.1742589849903208e-01
68                                    -2.1522780755057367e-03        -1.8770206853459487e-03         2.7785235369280978e-04        -2.2897893963304484e-02         5.7127907482728559e-04         2.4600553810118006e-01        -3.9715358091616778e-03         4.0828169526571134e-01
69                                    -3.3490436534064118e-03        -6.4483518278690482e-04        -1.9219001711879891e-04         6.7278163062121270e-03        -9.8732120543619213e-04        -4.0636570965990726e-01         1.0384635247882027e-02        -3.5520703349224636e-01
70                                     3.7404885037363331e-04         2.0023605509402121e-04         1.7325951782824874e-05         1.3450293002011110e-02        -8.6164537605644488e-05        -1.9793451439009100e-02        -1.8733624950446803e-03         2.8569307114853705e-02
71                                     3.2754124479955030e-04         1.2334855818546810e-04         3.4807665906462296e-05         1.7546954514701771e-02        -1.6434633513129761e-04        -4.3423972183516853e-02        -1.5696149590493538e-03         1.8299286815784320e-02
72                                    -1.9969085286015253e-03        -4.9373097915373469e-03         9.5769456098807970e-04         2.7403782884310479e-01        -4.1540632369290104e-04         4.2829598949784019e-02         2.2798756860908858e-02        -6.6588665751041540e-02
73                                     1.6548725926149305e-04         1.6588282670639315e-03        -4.5902730780970425e-04        -1.4603357532766548e-01         1.7751400492642579e-04        -3.9444448630936733e-02        -1.7101918203544461e-03         1.6093615839227502e-02
74                                     9.4162270629919724e-07         2.1291741204623347e-03        -5.4672656922040311e-04        -1.7650262685595985e-01         1.9692960813530691e-04        -4.8907885112575086e-02        -2.6852401941763636e-03         1.6077930623866751e-02
75                                    -7.1058854377507343e-03         1.3364107101229230e-02        -2.9082880342913404e-03         3.9854978949025434e-02        -7.8351960237250289e-04         1.3475575283728164e-02        -5.4167636027677113e-01        -1.1626288887201047e-02
76                                     1.1135979009078567e-02        -5.3301953164959373e-03         3.1950775334074673e-04        -5.2123079088676645e-02         1.7553587934654208e-03        -1.3068643562291735e-02         2.5987006623366926e-01         6.9133766194270892e-03
77                                     1.5876638414723431e-02        -7.2284520766535861e-03         1.1294504145579494e-04        -7.1795252322329417e-02         2.1125227325622393e-04        -1.7026524755820303e-02         3.4134000232127398e-01         9.1826103114399284e-03
78                                    -1.2535945066257267e-02         2.1145934070948121e-02        -6.2184317025554704e-03         2.3854756080975675e-01         2.2795983913062186e-03         4.4431105812501953e-02         5.1537811016498003e-01         1.7535193023014385e-03
79                                    -7.0978297874720511e-03         5.3101980721053533e-03        -7.5533829282481088e-04         1.9785521943035615e-02        -7.7974708478291258e-04         4.0362738367614205e-03         6.4954188006544150e-02         9.0205208171773954e-04
80                                    -1.1211929858278432e-02         9.3242372176377177e-03        -3.3442772812344195e-03         4.3893793972591716e-02         1.7535372587053140e-03         8.5877661104903167e-03         1.3411655531749098e-01         1.4988341418256293e-03
81                                    -5.7827715171380599e-02        -1.3504859729162025e-01         1.7639699130902825e-02        -2.5346309079094173e-02        -6.4759469723404549e-04        -6.0820186496163570e-03         4.1643215276438279e-02         2.4066016519397465e-03
82                                    -3.0525733445450769e-02        -1.1579350375219337e-01         6.1008103884692116e-03        -1.0662557190232954e-02         4.8875569708306784e-03        -2.4259399653335104e-03        -3.3730642344871322e-03         7.3046789857734214e-04
83                                    -4.9085625263380124e-02        -1.9536192089242851e-01         3.5138791815111751e-02        -1.8138649690027105e-02        -5.8303361772099214e-03        -4.0771308676210228e-03        -1.8067395540587278e-03         1.2550174685326393e-03
84                                     8.7572890528675007e-02         4.3529636589633375e-01        -8.6723180250139087e-02        -3.4486910270470857e-02         2.9302401283724355e-02        -8.2015380887897650e-03         1.6980410190304038e-02         5.8320359437789597e-03
85                                     3.4258266787540112e-02        -4.5923554469789523e-03        -1.4047948288267198e-01        -1.4680475447488926e-03         5.9737254315774257e-01        -2.3890645630311844e-03         2.2009983078354444e-04         7.5109610336477565e-04
86                                     4.4449502187794226e-02         9.9011590225035251e-02         7.4518687260396718e-02        -6.3274059581750544e-03        -3.8148367585352538e-01        -5.4876913958281975e-04         5.0366456010676273e-03         1.1670435367408722e-03
87                                    -4.0429076739349179e-01        -1.1903789186340941e-01        -2.1609351050359704e-01         2.5876774964749038e-04        -3.1468287728390615e-01         7.7656240879053957e-04         2.4124482561324124e-03        -9.1462968018665247e-04
88                                     2.9458099346600007e-02         2.0494625603507979e-01        -1.3445227564178017e-01         2.2541583784441870e-03         1.1030283348478977e-02         1.2996618958299141e-03        -6.2848246204543204e-03        -3.1581420008660590e-04
89                                     2.7185714141819339e-01         5.9659721522118410e-02         1.8389276011440436e-01        -3.3399810903494771e-03         2.1654374285019565e-01        -1.5023393679143282e-03         1.2675400541992910e-03         1.0251665200913902e-03
90                                    -1.6553534886823443e-01         2.5607246343660273e-01        -4.7952201888335139e-01        -1.5344080248228796e-02         1.8221614849629558e-01        -4.1544173719365949e-03         1.1624046768065367e-02         2.1528289172534111e-03
91                                    -6.1548553517432658e-02        -3.4998019151911440e-02        -4.0446220065031076e-02         9.7825598403745787e-03        -2.2123553980447960e-02         2.7867341110231220e-03        -9.1848740677901337e-03        -1.5041490459772383e-03
92                                     1.8233151547588344e-01        -8.1866764241467188e-02         3.0592779733418846e-01        -1.0500890861933902e-03        -7.9351208863897210e-02        -3.6043765908225835e-04         1.6027511150601373e-03         3.8443544077186961e-04
93                                    -1.7728052855627299e-01         4.0366061473377096e-01         3.4439378196684833e-01        -1.8464566319094745e-02        -1.7064444872297804e-01        -3.5658734010412143e-03         1.5753363150053774e-02         2.1708448683815606e-03
94                                     2.0780663214131767e-01        -1.7216678573741759e-01        -2.5866075708793718e-01        -2.9092610039381205e-03         6.2092502883071110e-02        -1.5475560443325724e-03         1.7821350206467990e-03         9.0826114724878006e-04
95                                     2.2061345404111730e-02        -8.5623193690566979e-02        -5.6258479597759745e-02         8.6344840973829363e-03         4.7934198008526253e-02         2.0581505825444961e-03        -7.8600682687836303e-03        -1.1276602535298355e-03
96                                    -4.0204822340646018e-01        -5.5180243306697276e-02         2.2268787246016672e-01         6.6839831696070351e-04         3.1133955941728431e-01        -9.9485616398860602e-04         1.4410549070166181e-03        -7.9009579402314280e-04
97                                     2.5593998399395079e-01        -9.8858476164461084e-02        -1.9398628331871789e-01        -3.8952944886443451e-03        -2.1115399234982052e-01        -7.4759371511484815e-04         4.2718944281132975e-03         1.0323294057992126e-03
98                                     1.2905323361262122e-01         2.0027442358123965e-01        -3.0175973447342255e-02        -3.0412031306057628e-04        -8.3135479968501846e-02         9.0625402657135536e-04        -3.5964589747648303e-03         1.1487846713526162e-04
99                                    -2.2643895052559582e-02         1.8063539000275589e-02        -4.0469986715856469e-03         3.0077185835685477e-01         2.5163634115877318e-04         5.5239997511442630e-02        -1.1096642369832245e-01        -2.5380927290093572e-02
100                                   -7.4545795786756328e-03         6.6352933471395519e-03        -1.1186927878596997e-05         6.6511686296353387e-02        -2.2475130981109109e-03         1.1177069155246900e-02        -5.9716317450733788e-02        -6.5603793987590612e-03
101                                   -1.4066353866285346e-02         1.1899603275452463e-02        -1.4179408623889497e-03         1.2397805697910762e-01         1.1426650762390222e-03         2.1752892408295789e-02        -9.9748142025805966e-02        -1.0887396577814078e-02
102                                   -3.5040116480555784e-03        -8.1576268194672287e-04        -2.5285972434188571e-04        -1.2939627317348373e-01         1.4305733276648558e-03         4.1277421097964390e-01         2.0829913263826470e-02        -2.8939291494463920e-01
103                                    5.1552881354576007e-04         1.8523377605575614e-05         4.1412189675626641e-05         2.6653058074171624e-02        -2.8687813972048921e-04        -8.2990656255714737e-02        -1.2883448551414946e-03         1.6677864413976201e-02
104                                    7.3673074216927515e-04         2.9342878644284350e-04         3.9566499006429129e-06         2.5947330926418009e-02        -2.5175253868295008e-04        -8.1735965889639869e-02        -7.1373450746065631e-05         6.1407030413617846e-03
                                                        64                          65                          66                          67                          68                          69                          70                          71

0                                     -1.4562710355312882e-05        -3.0440898580922442e-03         4.1338425168078435e-03         1.7779416058805010e-03         1.6648116287124908e-02        -1.0749410517695780e-03         6.1615090110153942e-03         5.9965793441980768e-02
1                                      1.2890182567900204e-05         6.7922853586527623e-04        -1.6989927830988257e-03        -1.1315692868767290e-03        -6.3293583417440829e-03         2.8805649116844913e-03        -3.2970722185291209e-03         5.0071691764697326e-03
2                                      1.2756446129781419e-05         6.8533167254567276e-04        -1.8790858280533203e-03        -1.3200004891433651e-03        -6.9821913094444254e-03         3.5058220452409967e-03        -3.8168777980918524e-03         8.9803864737961429e-03
3                                      3.9424137771847201e-06         4.4506693691134082e-03        -1.5000309482545252e-02        -8.3391128235237207e-03        -1.2030084679260793e-02        -3.2135543527876138e-03         4.1372874251218994e-02         3.2504571904539981e-02
4                                      1.7147354434065514e-09        -2.4359879552849958e-03         8.1525043040771208e-03         3.1815384196357513e-03        -8.0194747152959808e-03        -4.9363414809361198e-04        -1.4268728578909198e-02         1.4111495110969919e-02
5                                     -2.5983497106001297e-07        -2.7975364172361981e-03         9.2754859154797684e-03         3.4922467645547143e-03        -1.0498749068740994e-02        -7.3059103213009291e-04        -1.5549697464369041e-02         1.9064673647350476e-02
6                                      8.6981388267760556e-06        -5.3083374667223346e-04         4.2580596671326311e-03         3.7495066735280368e-03         7.1472706116533470e-04         6.5696609703574166e-03        -4.2845933669385605e-02        -1.4930967639957422e-02
7                                      2.9917777701186210e-06        -1.3282520118294554e-03         5.1777435847513674e-03        -1.4040422391136675e-03        -3.9664840577027252e-02         1.9982925278698577e-03        -9.8995523836040264e-04        -9.6273450604212416e-03
8                                      4.6322588361723507e-06        -1.7268598565890014e-03         6.6486306613270157e-03        -1.5280867575014460e-03        -4.8951988129329368e-02         2.8708026543615168e-03        -3.4637986981304147e-03        -1.2722543440930581e-02
9                                     -1.9997578866776506e-05        -1.5287180435258715e-02         5.1164073466179065e-02         2.3172007547881217e-02        -8.3248144366855484e-04         2.0722338572467520e-03        -1.0837153280439595e-01        -2.7638190970884283e-02
10                                     1.0488206887644042e-05         3.5806582104393279e-04        -2.7900279695374729e-03         4.7086316970927000e-03         7.2150447626346148e-02        -2.5989176826683971e-03        -1.2591080665573904e-02        -2.8751991340314659e-02
11                                     1.1912200361910569e-05        -9.6317927809034496e-05        -1.5365292628212652e-03         6.7731256508120358e-03         8.9249605083991199e-02        -3.1920113037965259e-03        -2.0171053897199354e-02        -3.6741509766567690e-02
12                                     2.2897738000831193e-05         3.3647714649674494e-03        -8.6864614775621941e-03        -6.0899923036361932e-03        -7.0949716383727060e-02         1.8909359027451993e-02         1.9432274867249303e-02         3.2119171303510281e-02
13                                    -1.8791091452971678e-05        -3.5171387337160887e-03         2.1180445458171882e-03        -6.0394329381618884e-03        -1.4802537729010716e-02        -1.0239074034137144e-02         3.1615514325998753e-02         2.6199312758294368e-03
14                                    -2.2761018408055199e-05        -3.7930948475334140e-03         1.0451811781138391e-03        -7.9914546429219486e-03        -2.1214589640203674e-02        -1.1226935508918496e-02         4.0358085179127742e-02         4.5188978868593984e-03
15                                    -7.5146656679096966e-05        -2.5099801790802911e-02         6.2903244311565354e-02         1.1243859242196577e-02        -5.7230977561762994e-03        -2.4909782929442428e-02        -6.1196026541886078e-03         1.0406329922693663e-02
16                                     4.4970450900753046e-05         1.5194308951904789e-02        -4.0461339545342853e-02        -1.0124403341637082e-02        -1.5341581709867736e-02         2.4964702515785035e-02         3.0214614974583980e-04         1.5355916422015862e-02
17                                     7.4563218742196974e-05         1.7305503075613217e-02        -4.6271164817655738e-02        -1.2073615304336189e-02        -2.0340615129088739e-02         2.8813814761439519e-02         1.4066418640244958e-03         1.9257000773755129e-02
18                                    -2.3595556243943305e-05        -1.8154343123077796e-03        -2.8977413730786078e-02        -2.0614274105657263e-02         1.7515436665368140e-03         6.4347737972424417e-03         7.2601020023217153e-02         2.5759967463113071e-03
19                                     1.1109341717629294e-05         1.2467250113972273e-03        -7.2102574870445040e-03         5.7769619838717329e-03         1.0974815307239864e-02         3.5117455638121832e-02        -4.0350412705641998e-02         2.4802626858937138e-02
20                                     2.8202458253867658e-05         2.3095571298699193e-03        -1.3810416295018163e-02         7.0356848209048731e-03         1.7600155816362609e-02         5.2433314800175185e-02        -5.4975860779018490e-02         3.7757269281998886e-02
21                                    -2.7743700077270087e-04         1.1223019560112782e-02        -1.2265978017089315e-02         8.8383385339441053e-03        -2.3661283416661180e-03        -2.9776211826604924e-02         2.0132133075207892e-02         1.2345833470673960e-02
22                                    -3.8338589930113926e-05         3.7813509268900562e-03         5.2540459633120323e-03         1.9639097267241366e-02        -4.4736334232631011e-03        -3.6523688972990992e-03         3.8874670532068893e-03        -3.1804906775873944e-03
23                                    -1.7384754067924538e-04         6.0506534660797022e-03         7.4119719318840958e-03         2.9405691968410540e-02        -6.9000621307643206e-03        -7.7094667289326216e-03         7.1707523368300082e-03        -4.0396831495731061e-03
24                                     1.7018491447189617e-04        -1.9988828564392056e-03         2.5096181932980605e-04        -2.0165303605428637e-02        -3.2939155944241134e-03        -3.2995721005100081e-03        -1.4309234622238886e-02        -2.3485317399375358e-02
25                                    -1.3986087151511583e-04        -7.3419788615895105e-03         1.5145979953634503e-02         7.7940959239025821e-03        -1.8910266463850836e-03         1.1723643528969476e-02         3.5699660577177876e-02        -1.1385762645474948e-02
26                                    -4.8895933016747790e-05        -1.1010865385051163e-02         2.2516229958922277e-02         1.0296459074600438e-02        -3.0147048739890053e-03         1.7342182094057308e-02         5.2128565812339024e-02        -1.8367637868338785e-02
27                                     7.1558979138103621e-04        -3.5201355359459334e-02         1.7606404109147565e-02        -7.8302942262653927e-02         7.9092439229483374e-03         6.1022954213962602e-02         5.3961481087357738e-03        -3.4875679689842030e-02
28                                     3.7012512540650015e-05         5.0936062987787835e-03        -2.0945171603380608e-02        -2.8583363864687929e-02         7.7224119476954837e-04        -4.3662346963142647e-02        -2.9883601876081446e-02         1.6097323605243147e-02
29                                    -1.0758178641894996e-05         5.4629356228305549e-03        -2.9862328664151609e-02        -4.7334981928375916e-02         1.5755482012313850e-03        -6.1388370093610527e-02        -4.4364008134186513e-02         2.1822214427884311e-02
30                                     2.7896889735367768e-04         1.1447723737288275e-02        -3.1194301902879602e-02        -8.2280054689031507e-03        -9.0428260712590984e-04        -5.8867031526462950e-02        -3.5531871140792308e-02         3.1606223580973217e-02
31                                    -1.5129157337043047e-03        -3.9430458369870223e-03         3.2696816081464845e-03        -7.8767018675014074e-03         4.1022344490333686e-04         3.0578013604264033e-03        -9.0957283454240197e-04        -1.9880077329200076e-03
32                                     1.2114735131472779e-03        -5.2196466337867892e-03         2.8904564092898741e-03        -1.2090937093736299e-02         5.2080720733334936e-04         7.5099865633481615e-04        -3.5692775385080915e-03        -1.0047223483382432e-03
33                                     1.4065943440636500e-04        -2.3248971485554184e-02         1.6796039382481240e-02        -5.0421626768470257e-02         6.5493741029371078e-03         2.4994540368821531e-03        -8.7829803732595094e-03         1.6915580670847231e-02
34                                     6.3679259428538158e-03        -2.1280650734123746e-02         1.0216372134710864e-02        -3.2249428510040555e-02         4.4568292729117104e-03         2.5464692170889494e-02         2.6120537734726577e-04        -1.5267504227768386e-03
35                                    -4.8054985600322671e-03        -3.3308175875467326e-02         1.7161503396809542e-02        -5.2710135739236184e-02         7.2386249333191901e-03         3.8612124998487575e-02        -6.1386371434139994e-05        -1.0620383914922355e-03
36                                    -4.6539276938071730e-04        -3.7915888853152585e-02        -1.8351596412277193e-02         2.2508352272953790e-02        -2.7730653519941447e-03        -1.0039328065593822e-02         7.9033976248717667e-03         8.7114390033273554e-03
37                                     1.3796094867919289e-02         6.3006390952317914e-02         2.1323712642382066e-02         6.6539288991490312e-03        -3.8015889389155844e-04        -5.5756317532408551e-04         5.7092369441091835e-03        -1.9681550501093677e-03
38                                    -7.1017619663940584e-03         9.7106415713227340e-02         3.2276064884273384e-02         1.0965357534772666e-02        -6.6442601025782538e-04        -1.2052933869079034e-03         9.0861555327925343e-03        -2.6357789490608807e-03
39                                     5.0831697346857781e-02         1.6781406862328808e-02         7.1340253850881103e-03        -6.8758285960995001e-03         8.4442994479946517e-04         3.4063660864236461e-03        -1.5337207063368205e-03        -1.8342755633416639e-03
40                                     5.0020075356626677e-02        -1.0601406330239657e-01        -4.1036130524973014e-02         2.9265919201450150e-02        -3.5949187937102493e-03        -9.2553408453914295e-03         2.6067569183613045e-03         1.4000259014172198e-03
41                                     8.2850323003213280e-02         9.4661532505907076e-03        -7.1857926655224513e-04        -5.2471997463654366e-03         1.5607281645426554e-04         1.5437798321163991e-03        -4.1067129534524977e-03        -2.7880433494961252e-03
42                                    -4.9989220429913939e-02         2.1894753817186655e-02         9.4011402397844168e-03        -9.3921076143245671e-03         1.1054359348379120e-03         4.0606468048774470e-03        -1.7473149505255465e-03        -1.9452147255520438e-03
43                                    -5.0923810427974885e-02         5.3376318515186698e-02         1.6041340026124298e-02        -1.4540306451557974e-02         1.3716134699662702e-03         4.5040468405818665e-03        -4.1678909113322385e-03        -3.0117564669135555e-03
44                                    -8.3820865417804299e-02        -8.8622000929960046e-02        -3.5781355212278106e-02         2.1659961142509867e-02        -2.8916673479349175e-03        -6.9488982041193024e-03         2.7790200575389558e-04        -5.6890191097586051e-05
45                                    -2.8129487045444921e-04        -1.8994714174988880e-02         6.6660259092155644e-02         2.9503394200471492e-02        -2.3906502600855957e-03         8.2878340836882083e-03         6.1497544578411632e-02        -9.6110986246146606e-03
46                                    -7.5723782798401665e-04        -1.2749202341095471e-02         3.0925692032542019e-02         3.6173827552135949e-03         1.9842673343392174e-03         5.3642003670580280e-04         2.0282791981748885e-02         9.6415870606196830e-03
47                                     8.1478409901490135e-04        -2.0407458559098011e-02         5.0235766955964843e-02         7.5978035978364914e-03         2.8436163551721558e-03         1.4708873987779622e-03         3.4354913085306492e-02         1.3808750860839481e-02
48                                     1.2873528889529399e-04         1.5840861977917425e-02        -3.5838893504007874e-02         5.1116444902155073e-03         7.2736143914533492e-03         6.3306704829400304e-02        -4.4532530115099181e-02        -6.7018661153937648e-03
49                                     5.1378811650285873e-04         3.2851019960503929e-02        -5.4600070838431498e-02        -3.5636408144375535e-04        -5.3176964996350246e-03        -2.8039013127200047e-02        -4.1396160470388223e-02        -1.0554157054065887e-02
50                                    -5.1562941460841081e-05         5.0300526945487714e-02        -8.3999799472523409e-02        -3.2068769638562191e-04        -7.5547366250153878e-03        -3.8627230291641307e-02        -6.4780474403463476e-02        -1.6279858853622264e-02
51                                    -1.7433505869994945e-05         2.8308439468936287e-02        -4.6260258736683706e-02         1.0277053022675916e-02        -5.8217592245564985e-03         5.2898408997517875e-03        -3.7713181555922723e-02        -1.4340207965053739e-02
52                                     1.9950152571728577e-05        -7.5029384568257159e-03         1.0615667107727891e-02        -1.9284892794835902e-03        -2.6392806110973194e-03         1.9573303343009416e-02         1.7856580378779772e-02        -1.3706501420828677e-02
53                                     7.0444518187475681e-05        -9.3721027446024858e-03         1.2460887782447782e-02        -2.0492516924408501e-03        -4.2763625364843376e-03         3.1394567290452063e-02         2.4477026043894297e-02        -2.1726285018168878e-02
54                                    -7.4492477433254155e-06        -6.2708785443554014e-04         7.2280503684683103e-03         9.7648327588669218e-03         7.7899522129067297e-02        -1.4481974209980233e-02        -2.6535114869147441e-03         8.3106914676688889e-02
55                                     4.2233281758202032e-07         4.6324908923971940e-04         6.2195445034285467e-03         2.0359060157394394e-03        -1.8554341566720783e-02        -5.4438313577978431e-03        -2.9506822126977180e-03        -3.4486313752311037e-02
56                                    -7.7703123428376919e-06         5.7749486765524042e-04         8.0257305130641693e-03         3.0236535124179183e-03        -1.9063702254630728e-02        -7.3897736997854948e-03        -3.9928824575755804e-03        -3.8817033795098363e-02
57                                     1.6040292523707377e-05         3.8352554771754971e-03        -2.9379213696764050e-03         8.9287330550347449e-04        -9.5085568043628277e-03        -1.2681084796524497e-03        -1.1045304164482442e-02        -1.3321853032816236e-01
58                                    -1.9463394947959465e-05        -6.4502463933602070e-03         1.6477209401289886e-02         1.1505660546836565e-02         7.6585160481908471e-02        -1.1832409314217597e-02        -9.4808813676029967e-03         4.9563487344138540e-02
59                                    -2.5350450654062352e-05        -7.8773489530364754e-03         2.0458584096723742e-02         1.4277412286823306e-02         9.4292849743181736e-02        -1.4681726289280555e-02        -1.2412146294629662e-02         5.4941081119435582e-02
60                                     1.5334156537884857e-05         4.5741932798046879e-03        -1.1253197309481090e-02        -4.9884068190132009e-03        -8.8445071227180490e-03         1.1705287654298166e-03         6.6865354584870413e-03        -8.9900619318966729e-02
61                                     1.0558732627795152e-05         2.3590231623807781e-03        -7.3858188934237384e-03        -5.8241290543060275e-03        -3.5858387730144499e-02         3.6750588145076676e-03         1.4521269759537353e-02         1.2365744750236886e-02
62                                     9.8784107105302937e-06         3.1466481269997468e-03        -9.6556503973381121e-03        -7.4503158892317393e-03        -4.4891604077283327e-02         4.6109181280703888e-03         1.8260099516838654e-02         1.0995930493995413e-02
63                                    -2.4725556871486787e-05        -3.7162653856206806e-03        -1.4093815409458247e-03        -5.2889818934260622e-03        -1.7834914147353702e-02         7.7908514167006971e-03         9.0512261522645576e-03         2.0110164422289192e-01
64                                     2.6407137300882492e-05         1.7145309084135058e-03         5.2847873525714998e-03         8.2990232356359474e-03         4.2505814963452321e-02        -9.8631327999955058e-03        -2.9451999148667292e-03        -1.8701395399010015e-01
65                                     2.8568324944581227e-05         1.8994944719106536e-03         6.5278399062772300e-03         9.9918482277347783e-03         5.1567250850355593e-02        -1.1811116705619804e-02        -3.1746003038113629e-03        -2.2081748637804141e-01
66                                     4.0779062591267744e-05         2.2121472185628564e-02        -7.7135160268733169e-02        -3.1298600473009835e-02         7.8917498218861945e-02        -1.3269461469506231e-02         1.6854774031536124e-01        -2.2594441500404912e-02
67                                     3.1837201750497046e-05         1.2816717420974396e-02        -4.5313196303423474e-02        -1.6471511181474534e-02         7.1862619538874517e-02        -9.3442483946241158e-03         9.4289928961635072e-02        -4.0599800787394343e-02
68                                     4.2081877852722974e-05         1.6934140176851162e-02        -5.9939700692781546e-02        -2.1990331924317156e-02         9.2792768671059442e-02        -1.2258538025919736e-02         1.2524048796926199e-01        -5.1293931914267718e-02
69                                    -1.3349148953187724e-05         1.6447980243087107e-02        -7.3938671533660114e-02        -4.9860382780299419e-03         3.9838962799663713e-01        -4.7251896678324606e-02         1.9333346265114759e-01        -5.1267680176174855e-02
70                                     2.7135503668818527e-06        -3.3203768724453138e-03         1.3478000102600508e-02        -1.2451852550921893e-04        -7.4311693718538074e-02         6.5330607600566715e-03        -2.2997360867844773e-02        -9.4688129709399344e-03
71                                     5.9517041551062942e-06        -3.1674021683136236e-03         1.2598777675864408e-02        -5.0376175786960846e-04        -7.2186198237067609e-02         5.7896943892650956e-03        -1.8609847581071350e-02        -1.3977615926953468e-02
72                                     3.7968531263805227e-04         1.4326711871434891e-01        -4.1082403215156432e-01        -1.2735128744340454e-01         8.1107276090203725e-02         8.0067011753736025e-02         3.7451589255433609e-01         3.2524747746597672e-02
73                                    -1.3740093748719221e-04        -4.6928101971854048e-02         1.2698732757044826e-01         3.0953139668868684e-02        -6.6230661578568537e-02        -3.1100737538252567e-02        -7.6555753417428193e-02         2.2659034393083342e-03
74                                    -1.4908662071036962e-04        -5.4501475294046406e-02         1.4527157844573521e-01         3.4326246044015907e-02        -8.0260512519069335e-02        -3.3819026789064559e-02        -8.0478259460681753e-02         6.5095550891524001e-03
75                                    -1.1293012132399800e-03         8.8299917880837742e-02        -4.7073630170582074e-02         2.2139876673482162e-01         1.7624273913351099e-02         1.5020743847538831e-01        -1.1572035640051190e-01         1.0378415484102939e-01
76                                     2.8196559352197605e-04        -3.2851895648081247e-02         2.2146194522021028e-02        -7.9860739648000140e-02        -1.4830611825075998e-02        -9.1253906897486969e-02         7.2892221947512922e-02        -4.6176861223738513e-02
77                                     3.7612783640386172e-04        -4.1959166534604110e-02         2.9871046579871930e-02        -1.0156289191411186e-01        -1.9543521006525736e-02        -1.2451605527322504e-01         9.8488962485135695e-02        -6.0289658870105560e-02
78                                    -7.0931312044659111e-04        -5.0945628117761495e-02         1.8237028019742191e-01         2.7995426351091401e-01         2.3219910192796640e-02         2.5613486550175524e-01         2.5466137576819468e-03         5.3593275913329769e-02
79                                    -8.2714156225992627e-05        -1.6948195327793181e-02         5.2976150611882655e-02         7.1766377047729854e-02         2.9662708784918917e-03         6.3894405913643107e-02         4.3866176315348303e-02         3.8487409370046525e-03
80                                    -5.9444098203500172e-04        -2.8461399416426603e-02         9.0386212422793571e-02         1.2383740321365787e-01         5.8532273027149190e-03         1.1086206957339026e-01         6.5682316357407802e-02         8.9003638484334222e-03
81                                    -1.9675479956284166e-03         1.6680465862590291e-01        -4.9138186408044945e-02         4.4654089719684265e-01        -4.6903843046714216e-02        -1.2194171392028541e-01         1.0267300470356108e-01        -3.4228625091247615e-03
82                                    -2.1376380467608910e-03         7.3559992958023346e-02        -1.9970522384635150e-03         2.1267040046812005e-01        -2.1914086352840177e-02        -2.4128571379558518e-02         6.9155449939770131e-02        -2.1506107191073338e-02
83                                    -5.5241679663736113e-04         1.1805409093612128e-01        -9.7113901076236100e-03         3.5897954480996680e-01        -3.7106029512146560e-02        -4.6766675619650082e-02         1.1237475292432579e-01        -3.2541199074055387e-02
84                                    -1.1617969714781290e-02        -2.3889827926442528e-01        -3.0491970379299538e-01         3.7457045405908718e-01        -5.0210343843468640e-02        -1.1358001490763663e-01        -1.7208805267844077e-02        -7.3908304103430245e-02
85                                    -1.8800715198355994e-01         7.5929719780302177e-02         2.7910442543280855e-02         8.5084336616101904e-04         3.6117128356707713e-04         1.6233275426915314e-03         6.1229478575868272e-03        -1.5883834626545410e-03
86                                     1.2182045182685820e-01         9.8404986492076144e-02         2.5839334412247866e-02         2.3578930086341623e-02        -2.2062656552426733e-03        -4.2054695748858228e-03         9.1221446277162145e-03        -5.4973959538550179e-03
87                                    -1.4747414652406451e-01        -6.3044720122144862e-02        -3.1230931670318603e-02        -9.5388999738643294e-03        -6.6595254461007572e-04         3.7915371952462512e-03        -1.4470144720944897e-02        -1.0777909845278105e-02
88                                    -3.2342306480230343e-01        -1.1910646676717955e-01        -3.6245416170108291e-02        -1.4614170402461780e-02         1.3658616330044439e-03        -1.4809573516291964e-03        -5.9499392369454750e-03         1.5188835750684844e-02
89                                     2.0509630970978548e-01         8.3061343720939942e-02         3.4274123228514419e-02        -1.0225584561274981e-02         2.1734531874345485e-03         3.1619861898949993e-03         4.7735998030377343e-03         4.8090787700773184e-03
90                                     9.4952400893315511e-02         2.4831434342166486e-01         9.8874949537501061e-02        -2.8764965512039348e-02         4.9113440854782120e-03         9.8155502491732178e-03         1.1890329782005330e-02        -1.1224836604403793e-03
91                                     2.5368311201043320e-01        -1.8597395734481922e-01        -6.7043443558500948e-02         1.8480606509256949e-02        -2.9296864345063527e-03        -8.3301919982818207e-03        -4.6500689993011135e-03         6.8026616362784802e-03
92                                    -2.9245145541530904e-01         2.7350421165667761e-02        -3.7332250042143166e-03         2.7130587353052897e-02        -3.3559361507619007e-03        -4.7650673175004144e-03         2.5413293697684239e-03        -1.1695862665227257e-02
93                                    -7.2356337781350435e-02         2.5180439659336856e-01         9.7560315044513263e-02        -2.4056870765618112e-02         4.4525025934615495e-03         8.9236381419148282e-03         1.1622789184608301e-02        -1.7239100978736143e-03
94                                     3.7929113604917764e-01         9.1148429645204296e-02         2.4024125538945534e-02         5.6405355177359309e-03        -5.8881078507602355e-04         2.9827665066431064e-03         1.0634094411525715e-03        -1.3758409943486892e-02
95                                    -1.1137578598075000e-01        -1.4629731924282757e-01        -5.7760716533902245e-02         2.5696873610795621e-02        -3.7552331287540861e-03        -8.8321219115412974e-03        -2.5906680246261938e-03         1.0544193615491541e-03
96                                     1.2645072327500864e-01        -5.5974364148227727e-02        -2.8451231019250785e-02        -8.9477969433157823e-03        -6.8520529227447734e-04         3.9096409522457630e-03        -1.3899247280298158e-02        -1.1230599515834081e-02
97                                    -3.2312524958741740e-01         1.3438270698116148e-01         5.1789328737752514e-02        -1.2313512879785616e-02         2.4216997658340444e-03         6.0460317885647451e-03         5.8809829202644548e-03        -1.9555316811901767e-03
98                                     2.0496926144304697e-01        -8.4348128557552401e-02        -2.8690829554979518e-02         7.1058909806995321e-03        -5.2412869723226358e-04        -7.2721761687758804e-03         1.0106537879947016e-03         1.6236423569129150e-02
99                                    -4.4847808320106663e-04        -2.6556938310146959e-02         1.7308794492393678e-01        -6.0081601432867393e-02        -6.3695357572889896e-02        -6.1792125172594559e-01         5.3026013209118289e-02         2.2720883555867235e-02
100                                    3.3505311004073719e-04        -1.6794668841591153e-02         4.8188412231331225e-02        -1.6291703585891847e-02        -1.2710913415817820e-02        -9.2435660212868115e-02         3.8580771960097286e-02        -9.1906838569089013e-03
101                                   -3.3477306648480043e-04        -3.0105677840561895e-02         9.5457764074419305e-02        -2.7388485041539172e-02        -2.5935022707157977e-02        -1.9557603244067628e-01         5.4804586458289881e-02        -1.0146863408097749e-02
102                                    5.4899063013954349e-05         1.2571942185325721e-02        -3.3249496078256661e-02        -3.9921899430819863e-02        -3.7935707864604007e-01         5.4557620154475406e-02         3.1249730512874187e-02         3.0354004431100279e-01
103                                    8.7459065335455505e-06         1.8156090336960118e-03        -6.2485959516864172e-03        -3.4127365232568666e-03        -7.7185862802039967e-03        -3.6808749575100271e-04         1.4321772927874810e-02        -1.5643940242676523e-02
104                                    5.7722681493128484e-06         2.7812515222436366e-03        -9.0419087179844058e-03        -6.1719486870989567e-03        -2.7832346233399925e-02         2.0366402819993051e-03         1.9084914765564721e-02        -4.5949313544380024e-03
                                                        72                          73                          74                          75                          76                          77                          78                          79

0                                      1.1365150766397344e-02         2.8044616456797490e-02        -2.8589318442678556e-03        -1.7742934361550472e-02        -6.7242686995766217e-03         7.7683584631069906e-03        -1.1709022281966713e-02        -7.4160260253876408e-03
1                                      1.4507005361213248e-02        -4.5135437627539882e-02        -1.1935630270607444e-03         3.8419166678127885e-02         4.9646026312684347e-02         9.5275559408324120e-03        -9.5958846188760900e-03        -4.9675609389356499e-03
2                                      1.8439838580504762e-02        -5.4408761884269373e-02        -1.5958063573160660e-03         4.6577823993928229e-02         6.0990906813148865e-02         1.2142688029535437e-02        -1.2425856652530457e-02        -6.5074901735411236e-03
3                                     -6.9164662736840689e-03         4.7697777874693620e-02        -3.8167712621846117e-03        -8.2028102768040810e-03        -3.9670707358730253e-02        -3.0238416872581761e-02         4.0027928713045051e-02         1.2653470624087761e-02
4                                      4.9916112509534889e-03         8.6198976150511468e-03        -1.0062412701450313e-03        -2.9053570143588319e-02        -6.6489759456832040e-02        -2.5956552568127199e-02         3.0763869543036702e-02         9.3607248102591557e-03
5                                      5.8435375215835994e-03         1.2960534695293456e-02        -1.4351528024817203e-03        -3.6294210596549956e-02        -8.4118993576981743e-02        -3.3586444732327227e-02         3.9997050863816150e-02         1.2191229574881203e-02
6                                      2.9626815302989135e-02        -1.0563488801400145e-01         2.2780894677162625e-03         2.0401284592131624e-02         9.6742952992006550e-03         1.1672452213779430e-02        -1.8261642289546024e-02        -8.6929888619031014e-03
7                                     -8.8005909231637300e-03         1.6222003206484599e-02         4.6667663192906383e-04         8.9849735879618281e-04         1.4048041136039200e-02         7.2058544108175955e-03        -7.8496908390583084e-03         3.1878347358666602e-03
8                                     -9.4642318506018043e-03         1.4761376178509403e-02         7.2357578510950265e-04         2.0883109946834202e-03         1.7950928362332190e-02         9.4957330978225549e-03        -1.0635372648871428e-02         3.5074688428565464e-03
9                                      2.2712320211804509e-02        -6.0800140728194944e-02         3.5861703012083179e-03        -3.7334549707868807e-02        -4.8298914040207842e-02        -6.7352783357422326e-03         4.6119699503724444e-03        -5.6256180853718769e-03
10                                     7.8751474416001391e-03        -5.3278119083873213e-02         3.2309022882644916e-03         1.5686223815300715e-02         2.6847826130310396e-02         9.6028393565472311e-03        -1.3770618769294980e-02        -1.9803752628955784e-02
11                                     1.0869903013879795e-02        -6.9083519946764552e-02         4.1247627960004432e-03         1.7760427887130663e-02         3.0520051899319649e-02         1.1205702173923233e-02        -1.6393351624116478e-02        -2.4708340978801684e-02
12                                    -1.5739554135207012e-02         8.1731498263993785e-02        -1.5463165710506400e-03        -9.5907502471311665e-03         4.9911820195205917e-02         3.7012463270105510e-02        -4.4478027223218093e-02         2.4022611515272699e-04
13                                    -7.7939227830207750e-03         8.7693524379369534e-03        -2.0166465084936651e-03         2.3359263284432705e-02        -1.6998306509546247e-03        -2.2268956580011812e-02         3.2185233369352646e-02         1.8127908262675123e-02
14                                    -1.0589672276494391e-02         1.4076219175593980e-02        -2.3647899555098747e-03         2.8132654122986423e-02        -1.5654621792967791e-04        -2.6060558082618795e-02         3.8000018113524305e-02         2.2335730506092843e-02
15                                    -2.0298961146110739e-02         4.2581733777800494e-02         3.6904328806496504e-03         1.0986628228114866e-02         3.1936208308175874e-02        -8.0265588878326889e-03         1.2103761142888698e-02        -1.5457111586881450e-02
16                                     2.1277413945858842e-03        -1.4782927839392961e-02         1.0438260455966502e-02        -6.4493230995217934e-02        -2.6826919092816863e-02         3.8562163104986280e-02        -6.2050022711776488e-02        -5.0591252481931227e-02
17                                     2.3203208781256085e-03        -1.6235911875106143e-02         1.2729707201712993e-02        -7.9426701054088111e-02        -3.2611604709770273e-02         4.8236814573807019e-02        -7.7629776319870378e-02        -6.3923760137328159e-02
18                                    -3.3177331211086479e-02        -6.7954940594789168e-02         2.7233471432520247e-02        -2.5798414639154825e-02        -2.2228001587359377e-02        -4.5278229230889411e-03        -7.2606227474875714e-03        -4.9525174363113614e-02
19                                    -3.3992095390858422e-02         3.8243151858789095e-03         3.0709763122174931e-02        -3.8804752992765257e-02         4.1627917140511873e-02        -2.8475893560070815e-04         1.1829851407077225e-02         2.9377457707908058e-02
20                                    -5.1680716852577142e-02        -1.3719763283439626e-05         4.7245245636325199e-02        -6.0237669343794924e-02         5.8910780893421097e-02        -3.5504757458924601e-05         1.5888719211236777e-02         3.9005421655137061e-02
21                                    -3.9399829595953111e-02        -4.3787168606683864e-02         3.8604004260186453e-02        -2.4081069344122082e-02        -1.0717062695615927e-02         2.1884747305937986e-02        -9.6831671466599267e-03         1.0163093313792849e-01
22                                    -7.2088594705268993e-03         1.1072079969881002e-02        -1.5273295360578920e-02         4.2836990327254104e-02        -1.7751782099214655e-02        -9.2128275639467329e-03         9.9474759958349834e-04        -4.0805634327859212e-02
23                                    -1.3006944735036078e-02         1.3586783766716602e-02        -2.0208094848098993e-02         6.2071091051159474e-02        -2.6841635289336134e-02        -1.2342325184865438e-02         9.9585019534278638e-04        -5.3866257763209323e-02
24                                     7.1655685741260924e-02         2.8345659502570394e-02        -3.9901297990225640e-02        -3.0591198767867818e-02         1.4368942664146111e-02         1.2617638555117278e-03        -9.6700028775384937e-03        -6.2047761270775020e-02
25                                     1.9022122339600142e-02        -1.3717180601826336e-02        -1.0149646891688501e-02        -1.6441415994418507e-02        -4.4550754547755958e-03         3.2211211344606305e-03        -4.4929326996843355e-03         4.0468514698761534e-03
26                                     3.2682818779832291e-02        -1.8604752562428495e-02        -1.7459007740681869e-02        -2.6361045837483676e-02        -5.5796823477624246e-03         4.8394831164177395e-03        -7.2615344793035448e-03         2.2897966297633753e-03
27                                     1.0207084204889653e-01         3.2957856913190725e-02        -3.7142491226386694e-02        -3.8077324248024957e-02         4.1786267044036374e-02        -1.3081239364062077e-02         2.3346370551297176e-02         1.5628947443637079e-02
28                                    -2.6386640212399289e-02        -5.6362532641505841e-03         3.8611792864445452e-02        -1.8009453574758711e-02         1.4923456089462637e-02         7.4015369521218720e-03        -8.1113008143603583e-04         2.3110813538862997e-02
29                                    -3.2981963746316546e-02        -6.3092247302631698e-03         5.5241660979727270e-02        -2.9376078834191875e-02         2.4917355491614206e-02         1.1065411855762075e-02         8.0593384297036148e-04         3.5199531607067465e-02
30                                    -7.8738669915375564e-02        -1.0509393893688932e-02         4.2956798071826147e-02         3.5771279427093169e-02        -1.4510721848827894e-02        -1.4064205821576452e-02         4.9027392184743486e-03        -4.6549289992450775e-02
31                                     6.4719908985836879e-03         4.3724013203164467e-03         4.1935460203843160e-03        -5.8329805370129972e-03         1.8300702209754386e-02        -2.6174866992767085e-02         2.5153021307781031e-02        -3.1821719512922703e-02
32                                     4.7838207966515878e-03         5.8937534314405307e-03         8.9886426332357310e-03        -6.4587412299181466e-03         2.6414546480955658e-02        -3.9703818984449017e-02         3.8102907542467472e-02        -5.0611788808409379e-02
33                                    -5.4404630124618630e-02        -1.1668049470221924e-02        -2.9236362648068843e-02         1.4235894215191202e-02        -4.1298418069973981e-03        -7.9355849135688255e-03         7.5879798357178377e-03         3.4738536622870970e-03
34                                    -3.5993811082787341e-03         5.6422299121369202e-03         1.7492657080880200e-02         5.2731704103338585e-02        -5.7093747480532878e-02         4.6667426606159801e-02        -4.9577831579191892e-02         3.7029351205420190e-02
35                                    -9.4402946352825090e-03         7.4757544520384495e-03         2.3694692794591830e-02         7.9930879679627184e-02        -8.5976787145102249e-02         7.0117819386235583e-02        -7.3438515126541856e-02         5.5532653072415228e-02
36                                    -5.2323356805573998e-02        -3.2387866584248345e-02        -1.4048492188820430e-01        -4.8103141535658971e-02         1.9633338883156354e-02        -3.9102733386050534e-03        -3.3157902154870912e-03         6.4169596142184954e-03
37                                     8.4205196537415726e-03        -1.0060647801516942e-03        -2.6765607761642758e-03        -1.5337455012032503e-02         1.2792799652940902e-02        -2.7297083851785079e-04         1.6644605137180045e-02        -8.3320045115006947e-03
38                                     1.0543043962601447e-02        -3.0474102059728937e-03        -1.0884214926791773e-02        -2.5928097222218598e-02         2.1287645347039322e-02        -1.7300193824257428e-02         1.1798727628324577e-02        -9.6277736518023370e-03
39                                     9.1981060038189323e-03         5.6334258917641522e-03         2.1209492915115098e-02         8.8975594689606474e-03        -4.7252241716795578e-03        -1.0271686635284907e-02        -1.2169566420792272e-02        -7.0780350527972693e-04
40                                    -7.4319574319900578e-03        -5.8113227946338325e-03        -1.6504283652993418e-02        -8.4962516177641018e-03         2.4201068037732992e-03         3.3813750997914345e-02         2.6773091107635531e-02         2.8699203917837246e-03
41                                     1.0776131663438715e-02         7.2050904696918435e-03         2.1871501037831635e-02         1.0412360088780343e-02        -4.0409933238217850e-03        -1.3356037101117702e-02        -1.2136895621085523e-02        -1.0074680561358051e-03
42                                     9.5785086253536572e-03         5.8193587286660643e-03         2.1489704793505444e-02         8.9563217489476918e-03        -5.8511618938359719e-03         2.0168701632473335e-02         1.3142763340170073e-02        -6.7303129779352775e-03
43                                     1.2099824770255346e-02         8.0663648498400659e-03         2.4092116764408655e-02         1.1793059559670303e-02        -6.7565839344920237e-03         3.3209603129329579e-02         2.5885038979845378e-02        -1.1758671299089854e-02
44                                    -1.2961090905015125e-03        -1.5043293485880861e-03        -3.5447983551893979e-03        -2.6603995372521364e-03         2.7349704584346169e-03        -3.0401077537376250e-02        -2.5326559911704228e-02         1.1103922480120740e-02
45                                     3.9110700935696276e-02        -3.0854039785609480e-03         7.3547638466670479e-02         8.2917623277546509e-03        -2.8898178544673626e-02         2.6498656966067142e-02        -3.2019325755608168e-02        -1.8825808704417746e-02
46                                    -2.3396990443766974e-02        -1.7930933234068001e-02        -7.4940611517820529e-04        -2.7113593225849202e-02         2.0874188243863816e-02        -1.8096743209195371e-02         1.8213770347053904e-02        -1.6927939590828479e-02
47                                    -3.2484700727906504e-02        -2.7074899184325145e-02         3.6402911415662903e-03        -4.0104310814817724e-02         2.9424089656958877e-02        -2.5412081727719429e-02         2.5322195337972031e-02        -2.6449713978602640e-02
48                                     1.1404205449478367e-02         1.9653714315141842e-02        -5.7468360479638993e-03         4.1046802617745208e-03         2.6620048006227543e-02        -7.8760640313855403e-03         3.4066945427017423e-02         1.2149716307838314e-01
49                                     2.7144053640019938e-02         2.8513601143166187e-02        -4.4287317304044199e-02         2.9585940991808612e-02        -1.2511271093431519e-02         4.8751655497140814e-03        -8.0370536396904609e-03        -1.5146372247423472e-03
50                                     4.1292654777589220e-02         4.3951640272374450e-02        -6.6712363200824687e-02         4.4672112220744568e-02        -1.7129462408042466e-02         6.1144256126850855e-03        -1.0258993402308493e-02         5.7341269789190552e-03
51                                     9.7456835832028972e-03         1.8304638728533985e-02        -2.9587721809834367e-02         2.9931882866971370e-02        -2.2150326896308296e-02         2.3591145360550014e-03        -1.5414758275126082e-02        -5.8945797573549931e-02
52                                     1.8898951642617557e-02         1.2499530580341995e-03        -1.1083382139036042e-02         1.0301493769627424e-02        -9.5697421306916667e-03        -2.3342779245446531e-03         1.5945233891725031e-03         5.5616218939545680e-04
53                                     2.8923192922929376e-02         3.3013242377461696e-03        -1.8589029055517976e-02         1.7605024515766579e-02        -1.5539156415569718e-02        -3.6213775044296732e-03         1.6699487173193707e-03        -2.8356091922215870e-03
54                                     5.8915899705435468e-02        -8.8097068396882743e-03        -2.3323126781647257e-02         4.3282332674976817e-02         1.0975301609388002e-02        -3.8604964780359218e-03         9.9456834208567074e-03         2.8010576806578476e-02
55                                    -2.0015511897932162e-03        -9.3690164298339106e-03        -4.8424751699588583e-03         3.6412304076386660e-02         1.2679083836981422e-02        -1.7945061076324847e-02         2.9300536304080051e-02         2.6735072368175534e-02
56                                     9.4594339529880010e-05        -1.2138336829332269e-02        -6.9524630581943182e-03         4.7235239120388843e-02         1.6367949919577435e-02        -2.2584928673759407e-02         3.7073689739912555e-02         3.4747928173600617e-02
57                                    -5.2941304666395884e-02         2.7800776163593159e-02         1.0395856360296990e-02        -4.1514000347530847e-02        -6.8776335539704442e-02        -3.0310979056704001e-02         3.5841759771808097e-02         3.6656900686690516e-05
58                                     1.4703688256033442e-02         4.1060281493077520e-02        -6.7633177551626421e-03        -2.8793465351422919e-02        -3.7998230012861629e-02        -7.7095606420463569e-04        -1.4950022779081755e-03         3.9353204639307748e-03
59                                     1.5771035960481343e-02         5.2354657179012012e-02        -7.9248949838048189e-03        -3.7618624819008573e-02        -5.0175633157254998e-02        -2.2726429122104912e-03        -2.8688634595909609e-04         4.8587787587703792e-03
60                                    -2.8649419188157450e-02        -1.9042128672943366e-02         6.7941908978132078e-03         2.6168061790129114e-02         5.0166378826299235e-02         1.8781704608555001e-02        -2.0881196891034636e-02         8.2890046124387776e-03
61                                    -3.8766268393520963e-03         1.2352397401926578e-02         3.5282519764790512e-04        -1.6077731352206939e-03         2.0041067052817673e-03         8.3299583323066101e-04        -8.1226582365004644e-04         4.9807132432057809e-04
62                                    -6.2404221825275363e-03         1.4427772941104585e-02         8.0463493486924976e-04        -7.6305533394710110e-04         4.9095637870047561e-03         1.9455560812278057e-03        -2.0156084024085417e-03         1.0301820962180291e-03
63                                     9.0197394647154233e-02        -8.4974452666591427e-02        -1.4745592267592851e-02         6.2582552041777331e-02         4.9361526071392103e-02        -2.4309345670910148e-03         5.8284051113301812e-03        -1.2072895215134750e-02
64                                    -9.6660531612278736e-02         1.2010411220584684e-01         1.5153950826635242e-02        -7.3600114945406511e-02        -2.2621604432480943e-02         2.7037033973008440e-02        -3.8034691947601063e-02         3.5965344702927751e-04
65                                    -1.1483293958920297e-01         1.4409306936866920e-01         1.7963345521479723e-02        -8.7701468437429098e-02        -2.5423277309863403e-02         3.3244554013500537e-02        -4.6653437692642998e-02        -1.5971384711087084e-04
66                                    -7.0091241253467246e-02         1.4340275490401314e-01         1.0380735844037865e-03         5.4245567648516443e-02         1.8154623930206837e-01         7.1310168038085583e-02        -8.1782382591301717e-02        -1.7906417687795360e-02
67                                    -5.1880319402958897e-02         9.1173199109768954e-02         3.8273271717011031e-03         2.4591095219729756e-02         1.2869445401150925e-01         6.5490780825664188e-02        -7.9288717314164633e-02        -1.7474445101806488e-02
68                                    -6.7595055592629599e-02         1.1997730756030324e-01         4.7188345313944422e-03         3.3181431532337130e-02         1.6788180991239504e-01         8.4380496053448203e-02        -1.0194612543687684e-01        -2.2379089943347322e-02
69                                    -9.2905034377750745e-02         2.0543049194171084e-01         1.1607414312556276e-03         3.4098450904659669e-02         1.5740380212336791e-01         4.3045064604195639e-02        -4.5108120576220087e-02        -2.9488545672127969e-02
70                                     2.2823546515911684e-04        -8.4568169278782246e-03         8.5612854400022155e-04        -9.1195312628178902e-04         4.3276925701159112e-03         6.5418799040857000e-03        -8.0145262105092967e-03         4.6128621018290163e-03
71                                    -4.0900849359401430e-03        -5.3200987831058351e-04         1.0178256277631650e-03         5.7141680243560705e-04         1.2734650458517162e-02         9.9746157420534109e-03        -1.1885427638524348e-02         4.2555351615286242e-03
72                                    -1.1468726175419774e-02        -1.8194606689342230e-01         1.9309336585964933e-02         6.1396227999946755e-02        -1.7316938218608835e-01        -1.6026938972935231e-01         2.0264610121229751e-01         4.1972650593368764e-02
73                                    -1.1942891773104817e-02         9.4954293038986087e-02        -8.1781578130876859e-03         8.9861708644957948e-04         6.9339380802561038e-02         3.9060551076359619e-02        -4.4534083107166014e-02         4.8060738648927452e-03
74                                    -1.4638541343218611e-02         1.1427865306611042e-01        -9.9227066458849114e-03         5.8345423230086700e-03         8.2141864165968512e-02         4.2577572661854073e-02        -4.7222742114687202e-02         9.8433025406365390e-03
75                                    -2.1509143199849198e-01         5.3009908940887904e-02         1.4496329380082973e-02         1.7741102406299541e-01        -2.7632365476100509e-02        -4.7629984529970110e-02         1.8309391339327987e-02        -1.8140401680671620e-01
76                                     7.2633952791902476e-02        -3.8539773701507060e-02        -2.5810156456272672e-03        -4.9561546695842222e-02        -1.2425019436495007e-02         2.3645800166863927e-02        -1.2341623987801524e-02         9.5101182861507538e-02
77                                     9.3748503187520482e-02        -5.1958557756030865e-02        -3.9032566146393628e-03        -6.2212058548328411e-02        -2.1311472771091848e-02         3.2193593091163437e-02        -1.8269800353315664e-02         1.2611710190199554e-01
78                                    -1.7612948497536399e-01         5.1881869224415310e-02        -1.1936177490226881e-02         2.2655793978095554e-01        -4.8734967622004854e-02        -5.1430029290113567e-02         4.2772997210778360e-02        -3.7547816841302387e-02
79                                    -3.2446351934293884e-02        -1.2352281236827509e-02        -3.9945071743273984e-03         3.4849725684191174e-02        -1.9559914857322204e-02        -6.5155961196749030e-03         4.6431790819405775e-03         1.1834365920988113e-02
80                                    -5.8870759666379072e-02        -1.5247528140560185e-02        -6.8536436509473104e-03         6.6421914583958561e-02        -3.2198882693949563e-02        -1.2467246887133888e-02         9.9524343702375277e-03         1.5530129759575640e-02
81                                    -8.4207042833514094e-03        -6.9385252950315404e-02        -9.9762302011214915e-02        -7.6369340710818356e-02        -4.7651880647066727e-02         1.3360458265774877e-01        -1.3311297195396304e-01         1.9886514055736051e-01
82                                     4.7783193175926740e-02        -2.3137820497830232e-02        -6.5961720228862611e-02        -6.4235569257568750e-02         4.5388056169341903e-03         5.7681851440861437e-02        -2.9148158587909725e-02         8.5087201430020160e-02
83                                     7.0339512614271321e-02        -4.0593941197839926e-02        -1.0889186519238961e-01        -1.0225124990946850e-01         3.7427725074290655e-03         6.7119518543657816e-02        -7.9812272223182809e-02         1.4860953144579028e-01
84                                     3.1162066379423936e-01         1.1566279214097319e-01         4.1109481513269547e-01        -1.6911983748298141e-02         9.1989980662568693e-02        -9.4228670602380674e-02         1.1274997247984198e-01        -8.5271153204206251e-02
85                                     6.3846266694305570e-03        -2.2625501035125491e-03        -8.2488654849838076e-03        -1.7336233603527429e-02         1.4113442111320720e-02        -1.8146102235061613e-02         1.3836390438168537e-03        -4.4716906529368777e-03
86                                     2.3047979111490029e-02         1.4817068461178346e-03         6.5399313364261314e-03        -2.6238536761673061e-02         2.3759596220309556e-02        -8.3176054936408422e-03         2.5311513092493656e-02        -1.4362094374900995e-02
87                                     4.4532503817046903e-02         2.9208106410566023e-02         1.0289268171029495e-01         4.5326119788879932e-02        -2.1589467708267574e-02         1.8503788713212337e-02         4.9481413063474627e-03        -4.3154234838775419e-03
88                                    -7.8693218381353569e-02        -3.1396294688897548e-02        -1.6660361611364949e-01        -2.0419866887274856e-02         9.5579087280195044e-03        -3.2304028337341661e-01        -2.8023691300318920e-01         3.2544082680491263e-02
89                                    -1.9751561802221138e-02        -1.1548344313862894e-02        -4.7579220440011463e-02        -1.6857593197132457e-02         9.0208504559742050e-03        -6.7610661479281131e-02        -5.2356657127925539e-02         3.4308904878386482e-03
90                                     1.5849169802869115e-02        -1.5252341075330930e-04         2.8002035310007750e-02        -2.2427871977438046e-02         1.6142784604225108e-02         2.0091305655943814e-01         1.9962396326032414e-01        -2.8828469319462414e-02
91                                    -3.9035272921733158e-02        -1.4229827191266149e-02        -7.6214099631631185e-02        -9.6361657622318509e-04        -3.4079117844629503e-03        -1.5823606616753833e-01        -1.5054255551852677e-01         2.4731581780073082e-02
92                                     5.8495767575221874e-02         2.2315884244209185e-02         1.1389822384364628e-01         9.1309443513494862e-03        -2.5112965912767685e-03         2.2887891291679155e-01         2.0390324634095985e-01        -2.6408892469904684e-02
93                                     2.0000723494053300e-02         3.2429660986057376e-03         4.1228242803655654e-02        -1.7719345797897273e-02         3.2700758540929090e-02        -2.6330591123146979e-01        -1.8104182826978232e-01         5.3052509910722488e-02
94                                     7.2137333517681368e-02         3.0921792491211054e-02         1.4724505530857881e-01         1.5526384458243662e-02         2.0406389604464392e-02        -3.1266026789693185e-01        -2.2984402966941264e-01         6.4219332565481610e-02
95                                    -9.9017148999381958e-03        -3.8256242348886070e-03        -2.1296207207117831e-02         1.1514900497302178e-03        -6.5556896035244743e-03         5.0458978729471811e-02         3.0996891634857780e-02        -5.6494398276894257e-03
96                                     4.7124020648430111e-02         3.0257546011945104e-02         1.0860062131589764e-01         4.5678296950223192e-02        -1.9527195979150917e-02        -1.9065108082025932e-02        -2.4282574383862564e-02         2.2717205023816290e-03
97                                     1.5542582319880312e-02         3.6063748035868237e-03         2.7981601452226265e-02        -6.9879581462503554e-03         1.2067071895882336e-02        -9.0985389296923277e-02        -6.1859744021323583e-02         1.6352219996727820e-02
98                                    -8.4009173152260017e-02        -3.9444878503558045e-02        -1.8602202065947296e-01        -3.1281603937616441e-02        -1.6077351519280102e-02         3.6926781779397855e-01         2.7997972373349100e-01        -8.2221109544059992e-02
99                                     1.4241577554205045e-02        -3.1482113151462487e-03        -3.2484914593229705e-02         3.8013234872269951e-02        -1.8009568559817560e-02         1.9590312312537932e-02        -3.2147528810114435e-02        -3.1909384304882006e-03
100                                    2.3436974242919559e-02        -2.4739090611247349e-03        -1.3864819514278892e-02         1.4108645750293159e-02        -1.0610512669939573e-02        -8.1841917017467126e-04         1.2404820128388136e-03         1.6288249451356158e-02
101                                    3.5896965759687177e-02        -2.5365435917945301e-03        -2.2783324036602437e-02         2.1583365469517651e-02        -1.4935181730332703e-02         3.8339862217038104e-03        -5.1390682795459629e-03         2.2954800004857188e-02
102                                    1.0937386120145921e-01        -1.1078051871086496e-01        -1.3254862638520958e-02         6.8351205743726426e-02         5.0035699792950132e-02        -1.7153599056171288e-02         2.4154025359164062e-02        -2.9410143813782662e-02
103                                   -1.4873172851765454e-02         2.1528213988841336e-02         1.9358967390446027e-03        -4.8857355012657568e-03         4.0237172385598034e-03         5.0525558379478919e-03        -6.0663859733396186e-03         3.6230035987310045e-03
104                                   -1.2796861058045271e-02         2.1203260583226788e-02         1.6313000803276246e-03        -2.5053706452492722e-03         7.6222285599449706e-03         5.5474735064655264e-03        -6.4735726707081187e-03         3.0035139475758687e-03
                                                        80                          81                          82                          83                          84                          85                          86                          87

0                                      1.7514538519644306e-02        -9.9716460417509606e-04        -3.9533880855008682e-02         1.8931754175542593e-02         9.4002237783899253e-02        -2.1809611786252105e-02         1.2971405728983313e-02         1.1661929533061590e-05
1                                      1.6528629606117604e-02        -1.5982740045094844e-03         7.4291833091866500e-03        -2.8706525738372577e-03        -6.7992291716937311e-02         7.6807504052557735e-03        -2.3137865381777046e-03         5.8204599708544587e-02
2                                      2.1246105247787313e-02        -2.0098814608397767e-03         7.2616612994966011e-03        -2.6429080633392820e-03        -7.9472697325776692e-02         8.4242902418256438e-03        -2.2221578898163762e-03         7.1919497484700723e-02
3                                      4.3619304732466009e-02        -7.7293836837414977e-03         5.2242249174583363e-03         1.5731136976465013e-02        -8.2177293376022004e-02         4.0895860878856501e-02        -2.3135372911561272e-02        -5.3057635967902868e-02
4                                     -4.0676759543576760e-03        -2.8846705951988163e-04         1.2702778363811828e-02        -3.0302400092940660e-03        -1.2231427805774037e-02         1.0869220045188831e-02        -7.7313555330905132e-03        -6.5227192004453413e-02
5                                     -2.8686110764005852e-03        -7.7104274461328086e-04         1.5955469704716594e-02        -2.9755730097080183e-03        -1.9207442687498313e-02         1.5439221602217789e-02        -1.0688663838403983e-02        -8.3223466597307102e-02
6                                     -7.8496322094881804e-02         1.3765157547975353e-02         4.8612127476296341e-02        -5.6815021015439442e-02         1.8447574833717267e-02        -6.4765394691552611e-02         3.5903761734248994e-02         5.5568774973572396e-03
7                                     -1.0416576808235324e-02         4.4841580746062147e-05        -4.9417882879528533e-03         5.0371443601514906e-03         2.8412394856869139e-02         1.1553081677791032e-04         1.8471383827839833e-04         4.1786579021410974e-02
8                                     -1.6705167911807355e-02         6.7878271722340204e-04        -3.7273755559353626e-03         3.4253438805192508e-03         3.6071325466243649e-02        -3.0773038010933557e-03         2.0003530993008352e-03         5.1940873003316630e-02
9                                      3.7487549495632037e-02        -4.8627121595699700e-03        -5.7227419529653704e-02         4.0444052091028228e-02         9.3123298305074320e-02         3.3806041778174638e-02        -2.0383896969742611e-02         4.7334825320414761e-02
10                                     4.9889931989045302e-02        -2.3294082425488242e-03        -2.6964299586694069e-02         8.9914017618710658e-03        -2.1034742132494660e-02         1.3658059088782976e-03        -5.8235875747749831e-04        -7.0458630202932637e-02
11                                     6.3551410791951576e-02        -3.1464851045685917e-03        -3.5922489891054898e-02         1.3012752740517336e-02        -2.1103890125964947e-02         3.2034868209604391e-03        -1.7148096255559864e-03        -8.4646317493378961e-02
12                                    -4.5679383673945945e-02         2.2373915950908039e-03        -2.9089309346902745e-03         6.7648464113525941e-03        -5.3198999614021025e-02         4.2352765760888665e-02        -2.0183526491572974e-02        -2.6711271644507630e-02
13                                     4.7268175900748525e-05        -2.5868247438095722e-03         2.6646406413931518e-02        -4.7837516123957965e-03         1.6785655695837277e-02        -1.5001603006089652e-02         5.8312006361388048e-03         1.2152114893797146e-02
14                                    -1.5664039575197200e-03        -3.1574366879384206e-03         3.2869876069641549e-02        -5.6353362231467974e-03         1.8478654075964475e-02        -1.6759363215979126e-02         6.3133658327949793e-03         1.3792507210852045e-02
15                                     9.1603808398092040e-02        -1.3740579534989150e-04         3.2098041940882178e-02        -5.6936960761558915e-02        -1.2999298095952560e-02        -1.5978929879266171e-01         8.0645196903137095e-02        -2.6200330144740755e-02
16                                    -1.8757579952116694e-03         1.2295635291148448e-02        -4.1892125609412474e-02        -2.6866033528209429e-02        -2.1783782630410364e-02        -1.5526252611328685e-02         1.1135460775746895e-02        -9.5129782515048951e-03
17                                     9.3102804771859164e-04         1.5589930720672621e-02        -5.2824083733700490e-02        -3.6213528463963633e-02        -2.8681374790429350e-02        -2.7250875497480717e-02         1.8331803058840638e-02        -1.3648042652058358e-02
18                                    -4.7012156064359482e-03         1.4135552571309449e-02         1.1815942917366368e-02        -5.3987533564996602e-02         3.1002352970528599e-02         8.5910116953180668e-02        -6.8824233004642119e-02        -9.8765628934814175e-04
19                                     3.2662405203293249e-02        -8.8001349391516256e-03         5.0529977872519428e-02        -1.6423519962094436e-02         1.4220574519839052e-02         1.1525782818413032e-02        -1.9245107641790483e-02         1.8161224169566424e-02
20                                     4.8077750713342068e-02        -1.1775119416163533e-02         7.4558311587416687e-02        -2.8478743165873479e-02         2.3036700714881241e-02         2.2157691958751467e-02        -3.2614541273153143e-02         2.6665090369401154e-02
21                                    -2.5081517687275654e-02        -4.0629903693886948e-03        -7.6923169377645956e-02        -1.0595081492474555e-02        -1.9351720003779965e-02         1.1943266303529097e-02         4.1771256163553074e-02         3.0349235788898914e-02
22                                    -3.4739528926764586e-03         7.9211041433868996e-03        -5.4841889445537435e-03        -7.5556908593795696e-03         1.4577015115613688e-03        -1.9310613289976355e-03         3.2112970281701533e-04        -1.7440801093021166e-02
23                                    -6.9440959925889008e-03         1.1498537621656302e-02        -1.2878496801446543e-02        -1.1644816853506844e-02         1.0798594132993946e-03        -1.6852191746494606e-03         2.7931904822889879e-03        -2.3937025126952376e-02
24                                     1.2653156708705992e-02        -1.2208303612977140e-02         8.0269898632578190e-02         8.0479645992597132e-02         9.9808187162394018e-04        -5.7717632533648582e-02        -5.3370433129776053e-02        -7.8689421405147651e-03
25                                    -8.5674001487893257e-03        -1.3617914491581248e-03        -9.5898244263678076e-03         1.1716837741861167e-02        -4.1750929509454544e-03        -1.0389229667356305e-02        -1.2805236904354944e-02         1.4561978450892679e-02
26                                    -1.1991915939494693e-02        -2.7254969280032814e-03        -9.2382713038389359e-03         2.2367090329098144e-02        -6.1678378315524560e-03        -1.8907244529629875e-02        -2.2393894015462254e-02         2.1199145799664233e-02
27                                     4.2753200812918037e-02         1.2430058364125069e-02         1.3019026531000840e-02        -1.0100940986089686e-01         2.3872189256564962e-02         6.1443714584211481e-02         1.8072557139753347e-02        -9.0851090062624811e-03
28                                     5.5976980848582254e-03        -1.0600900368603006e-02         3.0050491983743773e-02         2.6439442300437484e-02         1.0572178186179890e-04         3.5617136195202287e-03         1.9201285216956895e-02        -2.7349163229459024e-02
29                                     1.0965192025976711e-02        -1.4919437922096377e-02         4.5605108247347551e-02         3.3225182509594733e-02         1.5785551237309456e-03         9.1472626652225730e-03         2.9695774977713921e-02        -4.1368167172517629e-02
30                                    -3.0316376369114457e-02        -7.5316283438582824e-03        -1.5235908897217409e-02         3.5586641712484178e-02        -8.4821753545264514e-03         5.3676777606481083e-03         3.9593667964223853e-02         9.7782868959119407e-03
31                                    -1.6797068353924877e-02        -4.0516394453100679e-04        -2.1652923136636790e-02        -7.0614927895330448e-03        -2.2345926760236391e-03         7.3496733797685492e-03         1.5831408725081635e-02         5.4390005103071458e-03
32                                    -2.7024121026070203e-02        -1.2133608960888196e-03        -3.3275496235733899e-02        -8.2833795989883628e-03        -3.8749167740785954e-03         1.1301507322434661e-02         2.6131596886630016e-02         8.7402981013898796e-03
33                                    -8.1019288879513093e-03         4.3624161344860107e-02        -3.6258102536599737e-02        -1.3539750587975477e-02        -7.7903074227043782e-03        -9.2381327694132404e-02        -1.8158008690317101e-01         1.0148552949307051e-02
34                                     2.3322450144676793e-02         5.0487525935273634e-04         2.3911373716143828e-02         6.2802264509675670e-03         3.5177133363870046e-03         5.0876041864319685e-04        -2.0402598076068343e-03         3.8247445843954387e-04
35                                     3.4478456354674752e-02         3.9687001000450204e-03         3.3695884381093499e-02         8.7603006309722540e-03         4.7907524599144951e-03        -4.9577595032551033e-03        -1.4256017291371180e-02         1.2266266373339853e-03
36                                     8.8009147996751368e-03         4.5290571061803148e-02         2.6844707049001302e-02         2.4600008788248300e-02         2.8655440300125730e-03         4.2318814401631100e-02         8.4822899482894468e-02        -4.9001127365955544e-03
37                                    -4.3430874459191070e-03        -1.2938759897063333e-02        -3.4197730471837097e-03        -3.9452732394668309e-03         8.8919382418500180e-05         3.6159375924954404e-03         5.8674576751999771e-03        -5.7639757629969436e-04
38                                    -5.8218287944866833e-03        -1.9597129744116211e-02        -3.4534080110590858e-03        -4.9028732543928075e-03         3.4615308925740228e-04         7.8875210604400451e-03         1.3656105677588508e-02        -1.1781513509638711e-03
39                                    -2.6519142917491040e-03        -4.2595508170897772e-02        -3.6371113086838035e-03        -8.5149606611240620e-03         1.4488755314026104e-04        -3.0651241528178983e-03        -6.9036694654185573e-03         2.1958999139944937e-04
40                                     7.3712417208597995e-03         8.6509378593856948e-02         9.2384808607348136e-03         1.6860161441813785e-02         2.6369705795050704e-04         7.6267757821026436e-03         1.5080259239898452e-02        -3.5427471311013319e-04
41                                    -2.5926993924843601e-03        -2.8894422481294871e-02        -4.6747720246092866e-03        -6.4644069217643166e-03        -4.6279213742142072e-04        -6.3622066179648421e-03        -1.1321327430136724e-02         4.9958276674650194e-04
42                                    -3.9208174483540987e-03        -4.3883709264755683e-02        -4.8980458537887126e-03        -9.2950328616786086e-03         8.6352439077375305e-05        -3.1654713358248501e-03        -7.1391165274010682e-03         3.0674903131097870e-04
43                                    -6.6007693135697858e-03        -5.6272276645003928e-02        -8.9992016383578736e-03        -1.2507776216141672e-02        -5.8533125286564934e-04        -8.6542886577833135e-03        -1.5990083736049619e-02         6.3236276199327851e-04
44                                     6.6566659477208549e-03         6.0736147554277586e-02         7.2434902452920983e-03         1.2209240767287802e-02         9.5621843442617952e-05         3.8294055470815022e-03         8.1877859392138538e-03        -1.5772175898229717e-04
45                                     2.2475031339121744e-02        -3.0020721273537752e-02         4.9228444624512091e-02         3.8954433418562141e-03         1.2399115840101187e-02         4.7164246063953731e-02         6.0596936486725220e-02         4.2702098223032581e-03
46                                    -1.3658118157484892e-02         3.6754201386679079e-03        -8.3630294433227059e-03         9.8380617003216153e-03        -3.3674122368203318e-03        -1.2418438735987955e-02        -1.8310133142428197e-02         1.7853361842797642e-04
47                                    -1.9043607291224514e-02         3.4517363908889236e-03        -9.4126018830482088e-03         1.4974311780974638e-02        -4.2401036299140795e-03        -1.5642814110113527e-02        -2.3578785501280144e-02         5.2314332286516700e-04
48                                    -3.5002314753588601e-02        -5.4722326123445193e-03        -9.2492685044194486e-02         2.7788587499438154e-04        -2.8523545881469343e-02        -5.3388742442181586e-02         2.7249566192576076e-02        -4.1304363743396591e-02
49                                     1.9427224698598183e-02         1.1510082665361137e-02        -6.2559174151523775e-03        -4.8203260837695439e-02         8.2961431495129495e-03         1.6713983538002564e-02        -5.5398399821120587e-03         1.5588765719183028e-02
50                                     2.7106671279341545e-02         1.6803106759122225e-02        -1.5139109996020528e-02        -7.2280822364700847e-02         1.0708459082140027e-02         2.1571524865761787e-02        -6.5234391203812386e-03         2.0749796458242400e-02
51                                    -1.6980626817475190e-02        -6.8424512136967021e-03         3.9989168852775703e-02         9.0606492001030520e-02        -5.5727725418580794e-03         1.4901214458076868e-03         2.2372388961909441e-02         2.1325187239269596e-02
52                                    -2.3859940064919056e-02        -1.8548248574598927e-03        -2.2246433536254471e-02         3.2984255852642162e-02        -1.2104638816552689e-02        -1.5401423407073686e-02         1.6133121799057921e-02        -8.3814873187957935e-03
53                                    -3.6807752102305295e-02        -3.3737320977942015e-03        -3.0454009275467830e-02         5.5643327476156655e-02        -1.8536416614942083e-02        -2.3314425177810918e-02         2.5777591636130838e-02        -1.1180778769227732e-02
54                                    -5.4623807396575089e-02        -3.2301682240876511e-03         1.4984767401471871e-03         3.3080740994640360e-02         2.9983561435059907e-02         4.0670460469838306e-02        -1.9853221249197691e-02        -1.2308702752626837e-02
55                                     1.4907293662706459e-03        -7.3938931688078344e-03         5.4976373213622785e-03         2.6602910494324318e-02         1.5949772776617178e-02         2.5230119190569736e-02        -1.3117654034070537e-02         1.7711603463070518e-03
56                                    -5.4558706687030123e-04        -9.3338521597594523e-03         7.0184446193697157e-03         3.4520320217780953e-02         2.1301141507095035e-02         3.3200267150838195e-02        -1.7174554336121244e-02         1.6754744827310116e-03
57                                     6.3900434069416381e-02        -6.7347583703555756e-03        -1.7368625033482084e-02         1.7108519827186992e-02        -7.3540834886932735e-02         9.9271318736468793e-03         3.2531363493360022e-03         9.3439019723308273e-02
58                                    -4.7335982913956076e-02         5.6362135609464015e-03         2.2761007244856534e-02        -1.9716201740354301e-02        -2.6118135633435523e-02        -9.1523651275104857e-03         7.5660692429346992e-03         5.9095576884324486e-02
59                                    -5.5624679326826978e-02         6.6640995419590295e-03         2.7520870448430174e-02        -2.3564100179836941e-02        -3.6011255320206582e-02        -1.0817599562811097e-02         9.5118400447859255e-03         7.7667882017142614e-02
60                                    -9.2241380415878121e-02         9.6591364416263644e-03         6.3132011167381125e-02        -4.4005099561981488e-02        -3.3168636760212818e-02         1.3609969982572238e-02        -1.4908279335950221e-02        -5.7143435816105065e-02
61                                     6.0913209443806803e-03        -1.0772983429237295e-03        -1.3501435156304309e-02         9.1076759532464444e-03         4.7103972836335349e-02        -4.3211746814644210e-03         1.0530903642314206e-03        -3.1578696335483880e-02
62                                     3.0998113702441080e-03        -8.3572177768030968e-04        -1.3707825349128809e-02         9.1649435784914041e-03         5.6679453664094395e-02        -4.6424747648652264e-03         5.7049425257542374e-04        -4.1832734576452812e-02
63                                     9.8214922231858404e-02        -1.0374736295115702e-02        -2.9329279267939518e-02         2.6989171129809742e-02        -8.4947815486343392e-02         6.4523505670584678e-03         2.3564458503280519e-03         8.3080182299846622e-02
64                                    -9.0983385190887056e-02         1.0812845548534105e-02        -1.6330192732091318e-02        -8.2712956948857424e-03         2.0305082559199419e-01        -3.5561542711662411e-02         1.4831077409105499e-02        -5.3060541997956748e-02
65                                    -1.0752518157590447e-01         1.2850667315292790e-02        -2.1646021870982659e-02        -8.8085673644134246e-03         2.4651803931237612e-01        -4.3567445650443432e-02         1.8415432524098455e-02        -6.1423531431055223e-02
66                                     4.6169616540375692e-02        -6.4935921756286829e-03        -7.3256016839043203e-02         4.6383232615138013e-02         8.2310021055921931e-02        -8.7619007324930018e-04         3.1627520836928179e-03         1.0054462234208525e-01
67                                    -1.1186279901453803e-02         2.0036071482979613e-03        -5.4858503720110544e-02         2.1159625141238897e-02         1.4723066438916688e-01        -3.1020790765383398e-02         1.7941140192716358e-02         7.1204155263933269e-02
68                                    -1.1645943125384898e-02         2.1092964510501856e-03        -7.1409988371421665e-02         2.8423755012895596e-02         1.8598982181628348e-01        -3.8422560465391366e-02         2.2390641801534134e-02         9.2933998917608160e-02
69                                     2.3598999520076161e-01        -3.0094104492524431e-02        -1.5947839495089572e-01         1.3045297852023965e-01        -1.7296683287915875e-02         8.8898963821539209e-02        -4.6137522727972113e-02         6.3538847235289865e-03
70                                    -3.6653724624801647e-02         3.6301310213597482e-03         8.9266666519584679e-03        -8.4514742741717899e-03         3.9953725143072112e-02        -1.2214350609699805e-02         6.7798401620075719e-03         4.9200505517758363e-02
71                                    -3.3723544233285843e-02         2.9199476050012271e-03         3.3659234080836340e-03        -4.0441836608106534e-03         4.8770378744672910e-02        -1.0806803005212548e-02         6.0975612161372900e-03         6.1284388922620329e-02
72                                     5.2042409044062522e-02        -3.4143260535882793e-03         1.3717921055013640e-01        -7.6756576805199025e-02         1.4695596454908083e-01        -1.8892225452590913e-01         9.0704116690533604e-02         8.5002330675880339e-02
73                                    -2.8351234643994229e-02        -7.9629354153463549e-04        -1.5734131343855533e-02         1.9618525009419428e-02        -4.7166587228668150e-02         5.6764587864557479e-02        -2.9206642577757812e-02        -2.4288672390201813e-02
74                                    -3.7234415357210393e-02        -1.4666258224957222e-03        -1.2276188548385719e-02         2.2842247882128547e-02        -5.3836221263173133e-02         6.3232018658119768e-02        -3.2261232865947065e-02        -2.6746553343410261e-02
75                                     3.8498911464736787e-02         3.3987293421700662e-02         4.9347175823831115e-02        -1.0850398490949810e-01         4.2828818418453367e-02         5.6350586807944851e-02        -2.3869661142879833e-02        -4.6209654276779401e-02
76                                    -3.6454641443858529e-02        -8.9138853926993746e-03        -7.2857872076998134e-02         3.4994923333685243e-02        -2.8335297199960544e-02        -2.0318431730598753e-02         3.3140744653373494e-02         1.8548139769718842e-02
77                                    -5.0725504718912344e-02        -1.0580316122385428e-02        -1.0472676336027147e-01         4.4151706938416441e-02        -3.9896429369118525e-02        -2.8903060164479959e-02         4.8665859049396694e-02         2.4403175612203291e-02
78                                     1.2742151208444789e-02         5.2497043285945399e-02        -1.2126480962475346e-01        -2.1911449731313229e-01         1.9055633278995426e-02         8.4640726726589677e-02         6.3852387931321669e-02        -1.4138249789922995e-02
79                                    -1.1520805090376974e-02         1.1566078365927176e-02        -5.5503392794180734e-02        -4.7083350721169162e-02        -2.2605470629680257e-03         1.6663247666198852e-02         1.0618072581628295e-02         1.6418224718358881e-02
80                                    -1.6501408792726963e-02         2.0634377795803509e-02        -9.0409855040048698e-02        -8.3504216530901287e-02        -2.2015742396858471e-03         2.9935978138832819e-02         2.0006062006827478e-02         2.3391561793623766e-02
81                                     9.5113903479626491e-02        -3.3145527864280717e-02         1.2902231722335941e-01         4.0285267299500646e-02         8.6017219284177868e-03        -7.2402767867901244e-02        -1.3559561192919675e-01        -3.1366170267624102e-02
82                                     4.4734760833574569e-02        -9.9337294893869447e-03         4.8697748410770729e-02        -6.6582069859230583e-03         6.6922915414131933e-03        -2.8801702030850116e-02        -6.8862562970562757e-02        -1.5388781257654909e-02
83                                     7.5035617208380548e-02        -2.7565658899893500e-02         8.3624149780952381e-02        -8.1661582090599479e-03         1.0810342183233746e-02        -4.9029741934477664e-02        -1.1457211186547819e-01        -2.5589032930730456e-02
84                                    -5.4132819165516613e-02        -7.2458386949061274e-02        -8.9563025244467534e-02        -6.4659986810391729e-02        -8.7407634208137453e-03        -6.0547831106950230e-02        -1.1680771561149046e-01         6.3260320259900232e-03
85                                    -3.3493860039980759e-03        -1.3923841585613671e-02        -1.3855005884095067e-03        -2.9218781120038434e-03         3.8376690909287770e-04         6.8862285399214481e-03         1.2091620756183231e-02        -1.0647165671291241e-03
86                                    -8.2498286883025303e-03        -2.5750538486419453e-02        -6.9646744402347234e-03        -7.8163290049448175e-03         1.0704921867734211e-04         6.7612794183338669e-03         1.1512214079107875e-02        -1.2650173937639045e-03
87                                    -1.8372592206068485e-03        -5.0051128379666153e-03        -1.0994236910899059e-02        -7.5320116711630972e-03        -1.8392074782869403e-03        -2.1457218414787760e-02        -3.7684969667630637e-02         2.4433768489123546e-03
88                                    -1.6849813313962219e-02        -3.9998051116720085e-01        -7.0170639320669874e-03        -5.8471608837987049e-02         3.0373837042520324e-03         2.0636153824603511e-03        -9.7174975332637876e-04        -2.7675085192022490e-03
89                                    -6.2858711384480154e-03        -1.0793177526058664e-01        -1.9151547065330817e-03        -1.5729944292725246e-02         1.2616886717351182e-03         6.4232909032837220e-03         8.9576228645897923e-03        -1.2985056927055851e-03
90                                     7.7777700431723102e-03         2.8937290792810549e-01         5.5347641454323087e-03         4.5868296461381915e-02        -1.9377908394307456e-03         1.1541282321472675e-02         2.5306087930981970e-02         1.2985890914660385e-03
91                                    -3.1827425956818603e-03        -1.7741401379103927e-01         1.1602016945918908e-03        -2.4240388008816789e-02         1.4327745161741470e-03        -2.6357015973367355e-03        -6.0200876417283921e-03        -1.4066510216247125e-03
92                                     1.2077662055321131e-02         2.9632064718195400e-01         7.0973041053015032e-03         4.4493629929661146e-02        -1.6081955984109826e-03         6.8337604581404600e-03         1.5442016812335577e-02         1.9170865694558268e-03
93                                     2.0274211344078877e-02         2.5488798854959693e-01         1.6906424376069942e-02         4.6608696926163082e-02        -1.3947312836738277e-03         8.3789641633917836e-03         1.9786804729408795e-02         4.2680879849715879e-04
94                                     2.5368314994552672e-02         2.8144315472090109e-01         1.7691729600385491e-02         4.7825902352836278e-02        -1.3219005370423949e-03         4.1629679962329556e-03         1.0822434882984464e-02         1.4470036433725194e-03
95                                     1.3279729511824566e-04        -1.7764386814021111e-02         2.0332187823290855e-03        -1.6846020684401022e-03         4.5445173898898229e-04         1.3354792475588589e-03         2.6667938820951003e-03        -2.8115614101682237e-04
96                                    -3.1056583018561514e-04         4.5660783057423710e-03        -9.7451448682192316e-03        -5.4498354151315074e-03        -1.8983326921410081e-03        -2.1543521063478628e-02        -3.7619101360655702e-02         2.4547022006384477e-03
97                                     4.9645748847603512e-03         5.8583693194192321e-02         4.5468787105619520e-03         1.0354493232729040e-02         9.8643641171652186e-05         5.3920355310370901e-03         9.2191918374728791e-03        -2.6916856142687674e-04
98                                    -3.2794664120951625e-02        -3.5245074241008156e-01        -2.0096613984964477e-02        -5.8588808948456070e-02         2.6072361935658693e-03         6.4556398836965404e-03         6.2312223963682176e-03        -2.2812162856200445e-03
99                                     7.4361103535335565e-02         4.9879720885058189e-02        -6.3330665868665023e-02        -2.7356614974690635e-01         3.4465192086875457e-02         7.4517877630559781e-02        -6.9399842895647088e-02        -5.8952810069286040e-03
100                                   -9.1599168794023068e-03         8.6092744696706757e-03        -4.8077345363690960e-02        -3.4116420148005144e-02        -6.1193892290224575e-03        -7.0450302174775731e-03         3.1829199195453524e-03        -1.5068595554437417e-02
101                                   -8.9330195577412147e-03         1.7333593729207220e-02        -7.9123213346957030e-02        -7.3727666378448006e-02        -7.8782909492968300e-03        -9.7955390882442151e-04        -2.6943967587555006e-03        -2.3888098899395162e-02
102                                    2.6830931996464152e-01        -2.8839952605164153e-02        -1.4639524571344209e-01         1.0929426920485850e-01         3.5108942500187590e-02        -4.8802654921855856e-03         1.2105528801037831e-02         5.9635710349827467e-02
103                                   -2.5498625494330820e-02         2.2630875980929168e-03         2.3534237047070795e-03        -3.0975818193561466e-03         5.1710089204530026e-02        -4.6868282942936880e-03        -5.3733074473707131e-04        -4.7340968009586593e-02
104                                   -1.8732931205348441e-02         1.4761705747719685e-03        -3.9836657533579550e-03         1.4728092957627227e-03         6.5629115121509152e-02        -5.9346596450305881e-03        -1.4569793390350390e-04        -5.5644965824271725e-02
                                                        88                          89                          90                          91                          92                          93                          94                          95

0                                     -4.8470932501592946e-03        -4.9495707586683771e-02         2.6568300342786819e-02        -4.6412208033155742e-07         9.2051033324707021e-06         5.3850661314398113e-02        -2.6942684603087210e-02         3.0625508323598447e-04
1                                     -1.7947497534605394e-02         2.9000056883297279e-02        -1.4110841848716065e-02         2.9678956398525830e-07        -1.5074330098297051e-06         1.3435810053514192e-02        -8.9019778992823744e-03         9.2976493379250851e-05
2                                     -2.2415264122758759e-02         3.3433974922711017e-02        -1.6140088032327818e-02         2.5990064925232557e-07        -2.3230808332341958e-06         1.9248532508225551e-02        -1.2318652178366779e-02         1.2970161437455958e-04
3                                      2.2004399480853389e-02         3.9706625067439300e-02        -2.3014173675305890e-02        -5.8059471374502216e-08         4.8584684033014912e-06        -3.8745394226588202e-02        -4.2379382099830824e-02         4.7201088315558271e-04
4                                      2.2604041903576320e-02        -1.8934446708556831e-03        -6.9923151305142581e-04         1.0094691700223172e-06         1.5080668613093178e-06         1.6633442337715208e-02         2.0483511512717861e-02        -2.2113921542042992e-04
5                                      2.9021895622547065e-02        -3.7501322894306486e-04        -2.0193299529344079e-03        -6.4840928015038361e-07         1.8945100348505852e-06         1.8653206615453999e-02         2.3230487930197320e-02        -2.5031294712177005e-04
6                                     -8.7908952209215969e-03        -1.0342758635403902e-01         5.7512968979896543e-02         5.2633941900608508e-07        -6.1826922997117578e-06        -3.1936245639379825e-04        -8.6823741742362410e-04        -3.0947898683341576e-06
7                                     -1.2851257942529589e-02         2.0071698130784160e-02        -1.0237725755993533e-02         1.7566107090546786e-06        -5.9602033588662579e-06        -1.0216606633569467e-02        -2.2364304211231093e-02         2.0202257152174199e-04
8                                     -1.6313017289939107e-02         1.9677080369391892e-02        -9.8007655444153404e-03        -3.8523261048626341e-07        -7.5831724617287715e-06        -1.2646448402960912e-02        -2.7684926261676703e-02         2.4916576854605924e-04
9                                     -1.3278276848759580e-02         1.1834801364933448e-01        -6.5422396336584143e-02        -1.4436554927427331e-07         5.9557278443802587e-06        -2.9703707613833202e-04        -1.1218696077578191e-03         1.6648255717190397e-05
10                                     1.9689823523769426e-02        -3.9855669368590113e-02         2.1246993284540050e-02         8.7514263258744017e-07        -2.3782116427303500e-06         1.7924227660748784e-04         3.1674146802000545e-04        -5.3258592867529505e-06
11                                     2.3661233812071511e-02        -4.3202994504940521e-02         2.2994566668727342e-02        -2.5945205288982054e-07        -2.7182705257722133e-06         2.0624174015244603e-04         3.3177577983705314e-04        -5.7794431883535910e-06
12                                     7.7151911547702666e-03        -3.9659064779677226e-02         2.4111951633110806e-02        -1.3471080763476886e-07         4.8199060117586943e-06        -1.9388202729765273e-04        -2.3645695588257446e-05         1.0236851286774315e-05
13                                    -3.2837704386480152e-04         5.0412940072822347e-03        -1.8831911650109428e-03         7.7644861604755979e-07         1.8364191301931076e-07         7.5492421244293504e-05        -3.9280721898308740e-05         3.5768233112992048e-06
14                                    -1.7450135314954724e-05         4.4954002025117184e-03        -1.2226424372228139e-03        -5.3430126949605294e-07         5.3059211443713267e-07         8.2447444349539604e-05        -4.7143547374125829e-05         4.9464449510182789e-06
15                                     3.0424587955399998e-02         3.5436348715814414e-02        -3.0983347045642307e-02         1.0387308704398757e-06        -2.2777120388554430e-05        -5.1826292892650252e-05         1.7945218392979013e-04        -3.1287583986677850e-05
16                                    -8.9177223049462222e-03         2.0798281788046845e-02        -1.4527128270287177e-02         4.5714163792823369e-07         2.9185756892032821e-06        -2.3900524883230777e-04        -5.7488988988973882e-05         2.4009758778714771e-06
17                                    -1.0390013600309129e-02         2.7466925212164896e-02        -1.9879612255662437e-02        -4.1011834023985743e-07         2.2787766635577460e-06        -2.9938240617651766e-04        -6.2869242957626982e-05         1.0188383106529205e-06
18                                    -5.6909776467854514e-02         1.4997360352934355e-02         5.7027564105908708e-02        -7.5170456811817390e-07         2.4606582667580293e-05         9.7241541683259872e-06        -2.8119045718436984e-05         4.8633526569028906e-05
19                                     4.5543165798815004e-02         1.2597051764691642e-03         2.2749148348117958e-02        -1.2989350342978989e-06         3.1160681146103564e-05         4.8369711463264064e-06         8.4835368103807571e-06         3.9270570285372428e-05
20                                     6.3448309282271090e-02         3.4854353276815211e-03         3.6931518078036941e-02        -2.2448956776510915e-06         4.7696676428153689e-05         6.2237919350507657e-06         9.0553334515995086e-06         6.2114371589780114e-05
21                                     8.5854200275642306e-02        -3.2166643363911361e-02        -4.9379588529425394e-02        -2.8811391739697231e-06         5.0816046439177837e-05        -3.1548337391815869e-06         5.0739550823936582e-05        -2.1850580410811531e-05
22                                    -4.7286738168282466e-02         5.8153691874319379e-03         9.7905030645425713e-04         1.9970428374273677e-07        -2.0633598437892730e-05        -1.6078091860513954e-06         3.1968461227054816e-05        -7.4097251365390585e-05
23                                    -6.4769526555420634e-02         6.6343367029209109e-03        -1.4028324285751625e-03         1.6881671787263013e-06        -2.8372552432572864e-05        -4.1347722367344371e-06         4.9163178399895615e-05        -1.1136421387577355e-04
24                                    -1.0616914971261953e-02         5.3060042911612454e-02         8.7144110340368397e-02         4.6791254703549899e-06        -8.4086521549889303e-05         9.1560513551526711e-06         6.6947968818380522e-05        -2.3278825544841071e-04
25                                     4.0576119298801928e-02         1.0482630667317147e-02         2.2988953502450737e-02        -3.6396161359521426e-06         1.6729392766235045e-05        -1.5393856144205762e-05        -9.1920377266725280e-05         2.6744310214500873e-04
26                                     5.9710635161272653e-02         1.8818815766719982e-02         3.9659234191331112e-02        -7.2789146814714132e-08         1.8605786453309891e-05        -2.1602260892135573e-05        -1.3358814762540319e-04         3.8522283591809907e-04
27                                    -4.3217603936008472e-02        -5.1744325193484715e-02        -8.4292743537794840e-02        -1.2071299682837530e-06         1.1240267921873560e-04        -3.7722084028646811e-06        -5.4634174098286066e-06        -2.4044882697685160e-05
28                                    -7.4855861192869619e-02        -1.6612028399112588e-02        -3.7547433295981085e-02        -3.3562143868581948e-06         5.3980339729615115e-05         4.3092048705219081e-06         4.6945216773087133e-06         1.6493612613372763e-05
29                                    -1.1434009816945853e-01        -2.8007262889702098e-02        -6.1207367717003837e-02         6.0058748605271876e-06         9.0097462747821495e-05         6.2262885083122539e-06         6.0437955424328073e-06         2.3270305621429842e-05
30                                     3.6460698197558261e-02         1.9073945390241487e-02         3.1559663540060970e-02        -4.6687767535167898e-05        -1.2770929822789975e-04         4.1373157810339539e-06         8.3076466679442027e-06        -1.8134169847944432e-04
31                                     1.7016583235573000e-02         3.5995895099577859e-03         6.8107347168620764e-03         3.9761833476896124e-05         1.1545567273652423e-04         2.8719499244129678e-06         4.4274577859699502e-06        -1.5778891881062856e-04
32                                     2.7711560902155062e-02         6.5834489996052584e-03         1.2148813068828821e-02        -3.3241118235324406e-05         1.6662515483206102e-04         4.1317194683122329e-06         6.7242181042160539e-06        -2.3345059657080982e-04
33                                     5.5470151851794679e-03        -4.1978857449211593e-02        -6.1187797826540324e-02         2.6506097627753802e-05        -5.4765261442819033e-04         6.1855343372423853e-07        -2.0313897165028460e-05        -2.1184201478439794e-03
34                                     1.9479975370825507e-03         9.0554054868136665e-03         1.5565090609287041e-02         8.0098399350200794e-05        -5.2574655364146288e-05        -3.4112288634300063e-06        -6.0909760232310043e-06        -2.1029914123667994e-05
35                                     3.3286316265296908e-03         1.0949701090966104e-02         1.9484834836501777e-02        -5.6365324932663770e-05        -1.0383229294737495e-04        -5.0251087340250630e-06        -9.4756718244867670e-06        -1.2526797648595379e-04
36                                    -3.5927056879318455e-03         1.4938076502707578e-02         2.0756275284872099e-02         1.2184960736162000e-04        -3.3593565185767163e-03         1.2994267883748125e-06        -7.5714296977836458e-06        -1.0495821657397135e-03
37                                    -1.2782696553496336e-03        -3.7271688166771202e-04        -8.7965189358442278e-04         3.9153171708913241e-04         7.5875022854622669e-05         1.0374413780882345e-05         4.4077826424864349e-04         4.4424981484272964e-02
38                                    -2.2350070125153219e-03         2.4632794218872744e-04        -2.2059195472184801e-04        -1.9685439100880167e-04        -5.9838578348667052e-05         1.6484034322442217e-05         6.9006791028622622e-04         6.9449039271241617e-02
39                                    -2.2178729859368191e-04        -1.0748117743285090e-03        -1.4563963541492802e-03         1.5099186355119110e-02         1.7580955645352871e-02        -1.6457974808329503e-06        -2.6288260691464905e-05        -2.5673384830226381e-03
40                                     6.8831255425948613e-04         2.6458495882780266e-03         3.8239365925361321e-03        -3.7481701411436294e-02        -4.3997489651646945e-02         4.9054053663135526e-07        -5.0806352829468605e-05        -5.4669457877185657e-03
41                                     3.1343022881531187e-04        -1.6162834303518282e-03        -2.2961595504406829e-03         9.8422042786953240e-03         1.2660488889426304e-02        -8.6029989037349216e-07        -4.8122676880197079e-05        -5.0870435111623168e-03
42                                    -2.1140844320000709e-05        -1.1285639476092632e-03        -1.5222658087675090e-03        -1.8135902358512850e-02         1.8362337076573199e-02        -1.4468836662202219e-06        -2.6429638902215435e-05        -2.5943032080117468e-03
43                                     1.3723771908177515e-04        -2.5098769888143874e-03        -3.5875269740913147e-03        -2.6229756662665554e-02         2.7594082111001648e-02        -7.6502180832718871e-07        -2.1754080147563318e-05        -2.2742549085001448e-03
44                                     5.5348530827244613e-04         1.5804801640794217e-03         2.2759511894520136e-03         3.1703107616347072e-02        -3.1819573982730005e-02         7.4966640325299730e-07        -6.7571164894572857e-05        -7.3486982766303270e-03
45                                     1.4096142767544603e-02         1.0117890415965889e-02         1.8342116525249329e-02        -7.2581773816530127e-06         1.0549216960935145e-04        -2.5723402997117085e-06         1.3143011864688153e-06         9.8318034024056944e-05
46                                    -1.9317710781365353e-03        -6.1511744696469027e-03        -1.0085846095299323e-02         9.0720042794271482e-06         7.4607502811011783e-06         1.1828411560239765e-07         1.5536079153684561e-07        -2.1281922584911829e-05
47                                    -2.0496052722804594e-03        -8.5517824026762630e-03        -1.3931049670005559e-02        -5.7809681493955303e-06         1.9767902037721751e-05        -7.6037037513101533e-08         1.1396441782115368e-06        -3.6127545747682988e-05
48                                    -8.2722815494700355e-02         7.1177094382886580e-02         9.7263587609947716e-02        -2.2931796716547763e-06         4.8689633803107702e-05         1.4738600357716711e-05         1.4549900171761540e-05         2.3692743220688462e-04
49                                     3.9755888731190757e-02        -6.8582864435571742e-04         7.1066489852771812e-03        -2.8382306466783975e-07        -5.5997980362413674e-06        -4.2052377518485604e-06        -3.9037192550273647e-06        -6.8343566973053582e-05
50                                     5.4298826813229381e-02         3.5106745012183473e-03         1.6848698692591171e-02        -2.7957469080126111e-07        -6.1944986953660916e-06        -4.5575760754554301e-06        -5.2024175409367473e-06        -9.4647129348645595e-05
51                                     5.4485662757812886e-02        -6.2234007426662283e-02        -1.0239966968635759e-01         1.0215160237783626e-06        -2.9055165353299116e-05        -3.6249834735161334e-05        -6.3493622992414679e-05         1.5467200384258745e-04
52                                    -1.7430067592085988e-02        -5.4447854182913102e-03        -1.9396848572858592e-02        -1.8908074495172462e-06        -3.8733811240064555e-05         2.8580817265989500e-05         8.7311509331029492e-05        -3.1251717768282635e-04
53                                    -2.2510198331365899e-02        -1.2220244923884641e-02        -3.5752516932557099e-02         6.2873079331437430e-06        -5.9043342440458141e-05         4.0754122712876261e-05         1.2875763293587498e-04        -4.6047491466392527e-04
54                                     4.3238163912391603e-03        -9.0503094277800730e-03         1.3028955015528081e-03        -4.0878823102979892e-07         8.6620964925214750e-06         2.1574507123301711e-04         1.1034978771051186e-04         7.9037937362359433e-06
55                                     2.4485320047988352e-03        -1.1224658071639113e-02         6.8784890450320621e-03        -5.3439329786269359e-07         1.3895361514318680e-06         3.7690091978876738e-05         1.6875004518860777e-05         1.7825945119288165e-06
56                                     3.2890309646883492e-03        -1.4380002583089236e-02         8.5886248960190623e-03         5.7415142638655759e-07         8.3049588854157978e-07         5.8894597073486182e-05         2.3498690667058052e-05         2.3006369055605389e-06
57                                    -4.4778171961512375e-02        -8.7903572409416889e-02         5.6026021034963236e-02         5.6270111654165854e-08         9.2797636558368614e-07         7.2390292640336592e-04        -1.6918907589383667e-03         1.6376876348944842e-05
58                                    -2.1061460478854935e-02         1.3710524532673069e-03        -8.4330556863971271e-04        -3.4741107752149966e-07         7.9559250174814668e-07         1.4458727158343757e-04        -1.4949457207345216e-04         2.0709826054587493e-06
59                                    -2.8061497575664795e-02        -2.6665203737150762e-03         1.6814357687214183e-03         4.5422106034944962e-07         8.3369149385169365e-07         2.1324787525118662e-04        -2.6132572285344639e-04         4.0406709469185848e-06
60                                     3.1351031280141564e-02         1.0029872802790103e-01        -5.7620562956396115e-02         1.7189761893789887e-07        -2.6647841535176581e-06        -4.1748457934634286e-03         5.5478344169903127e-03        -5.5879637282139967e-05
61                                     1.0514516092935798e-02        -1.2811678610560685e-02         6.1045091394571638e-03        -6.6618593081577888e-07         5.3317814406179384e-06        -1.7111162820516983e-02         2.7071403901759956e-02        -2.2853885986112111e-04
62                                     1.4511201131287347e-02        -1.1021704630747966e-02         4.7996809023614171e-03         4.0103587595141786e-07         5.2950158415738838e-06        -2.1353599605669120e-02         3.3727993429642195e-02        -2.8520992343937057e-04
63                                    -3.0734548313575902e-02        -7.3472316795532020e-03         6.2651154785392359e-03         4.0604946542839608e-06        -6.5053665307392052e-05        -6.2758688696534881e-01         3.1941387440564695e-01        -3.5346577917809408e-03
64                                     1.6034123844742301e-02        -3.7542480199883078e-02         1.8520919969993395e-02         1.1978677941433767e-06        -1.8015109415649531e-05        -1.6043259685751016e-01         8.3653694929312183e-02        -9.2544116714934747e-04
65                                     1.8269889696239050e-02        -4.6759472609867576e-02         2.3225634372589902e-02         1.9435078565296542e-06        -2.6808989341499527e-05        -2.2904761916257352e-01         1.1904446100085828e-01        -1.3173765525623937e-03
66                                    -3.2722508847598739e-02         2.4658366166107459e-02        -1.1508056203646269e-02        -6.5808213221561190e-07         6.7731548258522961e-06         4.4893997040769268e-01         4.9509680534885886e-01        -5.4057592477835884e-03
67                                    -2.6294965512963484e-02        -2.0314750754609170e-02         1.2334859117351908e-02         1.9303965023724772e-06        -2.4885167269738332e-06        -2.0229882693653931e-01        -2.2522482847981359e-01         2.4605281385915354e-03
68                                    -3.4143445443285479e-02        -2.3944633322838603e-02         1.4626387366684488e-02        -5.0261119209834466e-07        -2.5002222164019149e-06        -2.2793957520129823e-01        -2.5399838002254299e-01         2.7749828933247471e-03
69                                     3.1694363889185808e-03         1.1071116720453057e-01        -5.9575378301331097e-02        -4.4928920631935842e-07         1.1665471899061202e-05         1.5624817038820394e-02         3.2887380592445718e-02        -2.9074291444456827e-04
70                                    -1.6344720690194353e-02         6.8160771919321111e-03        -2.8544273063323016e-03        -2.3733185170550948e-06         7.3825408202459158e-05         1.2234741997085856e-01         2.6005336711495253e-01        -2.3459145935187222e-03
71                                    -2.0036744878484187e-02         1.4045324280341193e-02        -6.5383377086844748e-03        -6.8056366190330051e-06         9.2649698417397822e-05         1.5199851229810071e-01         3.2305526803522100e-01        -2.9141668644187928e-03
72                                    -1.2659388634658826e-02         1.0554825753126124e-01        -7.3370399592899205e-02         2.3293812892971623e-06        -3.8245416295686756e-05        -6.8197987850002019e-05         1.0913286194996392e-03        -7.4494551372169732e-05
73                                     7.3341864516987265e-03        -4.1758810859182253e-02         3.0778190100435265e-02         1.7400426132073831e-06        -1.4203115152839598e-05        -3.7754770558611118e-04         2.8828674850164864e-04        -4.2674076672593586e-05
74                                     8.2989405801562124e-03        -4.8974638021135677e-02         3.4802231707917727e-02         1.2900578745342392e-06        -1.9370992138646638e-05        -4.4174248150476028e-04         3.8914458954360421e-04        -5.6685407473732080e-05
75                                    -1.3964017867877798e-01         1.0472816779924250e-02         7.9442456651419562e-03        -4.3145954351411248e-06         1.2563805614306995e-04         3.9833395763681304e-05        -5.5461711707644466e-04         1.1189495483924494e-03
76                                     5.9017698855540333e-02        -1.5392106401718337e-02        -2.8834383101185791e-02         7.6485236063678249e-06         7.1067247740086816e-05         3.2728153012401492e-05        -3.4350144718202434e-04         7.3555010460464544e-04
77                                     7.8551896972407775e-02        -2.1411287209037202e-02        -4.2761798139005165e-02        -1.0541208948497882e-05         1.1313135526699738e-04         4.2331419568270289e-05        -5.4473609547947327e-04         1.1666309273841006e-03
78                                    -4.9595082407118761e-02        -5.1522195730049250e-02        -9.5556141107736497e-02        -1.8793798821821324e-05         3.2570469082357652e-04        -1.3080534193666925e-04        -7.4414215519173440e-04         2.3745658990645077e-03
79                                     4.1607132225219647e-02        -9.8090829027134823e-03        -1.1671707075387073e-02         1.1199907879014631e-05        -4.4242981489655089e-04         1.7716836689159806e-04         1.0519170670327631e-03        -3.3456835758955386e-03
80                                     5.8610570561061830e-02        -1.7811946381444215e-02        -2.3545732912832348e-02         3.9669797597649882e-05        -6.3820082200003554e-04         2.5486612347505589e-04         1.5171038966152611e-03        -4.8348595345918642e-03
81                                    -1.0302581651368191e-01        -4.5036078542795621e-02        -7.8407558708600014e-02         5.0196978735656537e-04         1.1007828490859125e-03         1.5534330343384883e-05         4.8636321316297042e-05        -4.0268706266608981e-04
82                                    -5.3625669887136865e-02        -2.8684852205906244e-02        -4.8664337945894101e-02         2.0331084940943149e-04        -5.3419163187623422e-04        -6.7132170044429811e-06        -2.5311377175029774e-05         8.3759124547301694e-05
83                                    -8.8712316485211801e-02        -4.6621698252823383e-02        -7.9182109525687994e-02        -8.4163797504869733e-05        -7.3524822645197933e-04        -9.7336808780488085e-06        -3.6062507813384951e-05         8.0983497226830422e-05
84                                     3.0634755111751638e-03        -2.8809386894947945e-02        -4.2711779790105965e-02         1.1072505991185718e-04        -2.5853132187897117e-03         7.5685787057099720e-06         1.9557817121710247e-04         1.9003577464015885e-02
85                                    -1.8952799390607811e-03         9.6755079310034253e-04         1.0407497123812517e-03         7.4855740077758300e-05         1.0981271684904896e-02        -1.2433051207695310e-04        -5.0828769216012294e-03        -5.1090073690478710e-01
86                                    -2.7084394798897625e-03        -3.9646071250155305e-05        -6.6237094499871948e-04        -1.4747864155352198e-03         1.7066184715155377e-02        -1.9383657321900830e-04        -7.9453766672815847e-03        -7.9884621426445268e-01
87                                     3.2848348779580287e-03        -4.5928851160720371e-03        -6.1868718208168702e-03        -2.7722022451719763e-01        -2.9819275837143538e-01         2.1472701313898235e-05         2.5409481724105370e-04         2.3601698090862860e-02
88                                    -8.2463289853826963e-03        -2.6293597914817356e-03        -4.5603374982716967e-03         3.1187546639875881e-02         3.0312721881535467e-02        -3.7364684353750760e-06        -4.7584078326902341e-05        -4.3635133830919465e-03
89                                    -3.0667922661382521e-03         4.1687680334873768e-04         3.7625949376147766e-04        -3.5462403673782017e-01        -3.8087500586387724e-01         2.2128897343714331e-05         3.4626320214495445e-04         3.3709107482236253e-02
90                                     6.6216128593211306e-03         6.1705924693148759e-03         9.5481616051416637e-03         1.0329879014992342e-01         1.1099137120117397e-01        -2.1285751920034750e-06         1.4071191929037176e-04         1.5437754457347640e-02
91                                    -4.5579164000670467e-03        -2.0495567063116881e-03        -3.4439234080391400e-03         4.1245742259005613e-01         4.3708577487645689e-01        -8.9169734434426770e-06         4.1103773616991133e-04         4.5814016235863772e-02
92                                     7.2239720120597997e-03         4.5373937543168822e-03         7.2911357251265628e-03         2.3629788040809535e-01         2.5306704211845893e-01        -5.6715641522480566e-06         2.2663429396325725e-04         2.5423729089918874e-02
93                                     3.7539088298885197e-03         5.1335373754677373e-03         7.8198862223469150e-03        -9.9819940160406601e-02         9.3226113599380600e-02        -2.9579030372320692e-06         1.3261899924746904e-04         1.4604005022351724e-02
94                                     5.5295525304009064e-03         3.8531228796707460e-03         6.2118581436598546e-03        -3.7909424711126863e-02         3.7046284927930551e-02        -1.4438564413435289e-06         2.7225319039913487e-05         3.1423506764432269e-03
95                                    -4.3769679253252280e-04         3.2666091159374981e-04         3.7175925152010882e-04        -5.1084583610109902e-01         4.7063756454928779e-01        -1.5959325254625920e-05         4.8902701645018166e-04         5.4792578121074277e-02
96                                     3.3450304118929010e-03        -4.5743324816865322e-03        -6.1726302374826908e-03         3.0831208251310804e-01        -2.8753675439879600e-01         2.0683482228901079e-05         2.7145580357257500e-04         2.5452185166137595e-02
97                                     4.7148074342582041e-05         1.4747462742556964e-03         2.1980616783908295e-03         3.4694591152977577e-01        -3.2191787753065215e-01         1.9110956278503993e-05         3.3048261351272890e-04         3.2332378474686035e-02
98                                    -6.3853673489296832e-03        -1.4999269851610991e-03        -2.7837817904692733e-03         1.3910837180823254e-01        -1.3231085419645169e-01         6.2440632979299916e-06         1.1471854831241135e-04         1.1321871103791107e-02
99                                    -2.3039967941028881e-02         5.7452406470225773e-02         1.2639693055656095e-01         1.1687872940579366e-05        -3.1652710169965704e-04         2.6638610871385218e-04         7.3416479786327701e-04        -2.6578791198276341e-03
100                                   -3.5541436669250116e-02         2.0064677366954192e-02         2.4288656499308645e-02        -3.7208367454698166e-05         4.2038306249762164e-04        -3.5425099186753729e-04        -1.0500808962655348e-03         3.6649577769894241e-03
101                                   -5.5074756147865264e-02         3.4010253103853201e-02         4.7630735975928963e-02        -1.7322551894088184e-05         6.2153126007927478e-04        -5.2862197136916800e-04        -1.5437378265706478e-03         5.3785623320055306e-03
102                                   -3.2995407141627991e-02        -1.0733378279006567e-01         6.2365818261914938e-02         3.1693131334955146e-07        -8.7938175554874393e-06         3.1750273457285969e-02        -4.8116756672557798e-02         4.1189997464892105e-04
103                                    1.8219388385765610e-02         4.3289644053271462e-03        -4.1699509444619596e-03         1.5805591743384037e-06        -6.0147977316466923e-05         2.0546371314386155e-01        -3.1394356177339389e-01         2.6660568489318974e-03
104                                    2.1084193364978923e-02         3.5938315514069354e-04        -2.2616427847890115e-03         4.7539989740018173e-06        -7.5947301587272133e-05         2.5550760864626887e-01        -3.9039179909608479e-01         3.3161791483143177e-03
                                                        96                          97                          98                          99                         100                         101                         102                         103

0                                     -3.7246267143913513e-02        -4.1837109531329183e-05         4.9914351272951983e-04        -2.9451233125358474e-02        -3.8063747917513297e-07         2.1864773093765809e-05         4.1873904225710011e-06         1.3137543122989657e-05
1                                     -7.4592552227617593e-03        -6.8856092186411997e-06         1.4032056410457302e-04        -8.0105063105960529e-03        -2.7218738220729330e-07         2.0880131391515218e-05         2.1396885751854123e-06        -2.3477066220351572e-05
2                                     -1.1044547411468774e-02        -1.0127121555611320e-05         1.9720206087118055e-04        -1.1341172879649447e-02        -5.0504190378227526e-07         2.6343708042412754e-05         2.2821007192463387e-06        -2.6354144240383596e-05
3                                      5.1122151000175175e-03        -1.5004296286553901e-04         1.0948220790236577e-03        -3.8809574287605203e-02        -3.2057482529681391e-10         2.2085545225250676e-05         2.2743810646944549e-06         3.0941079654429910e-05
4                                      3.3463334777884514e-04         4.9238606981142139e-05        -4.3411015285557155e-04         1.6587032965934646e-02         5.8587535217083196e-07        -2.1432145773861902e-05        -2.0297054307351702e-06         1.5537121580563983e-05
5                                      6.6891474177705064e-04         5.8241978658698447e-05        -4.8579408181666922e-04         1.8587984294846854e-02        -6.2162264607666929e-07        -2.7310581940936389e-05        -3.7458113160984301e-06         2.0784677440324245e-05
6                                     -3.7768067721307332e-03         4.6973614039184339e-05        -2.1944417609310067e-04         6.6696268105336616e-03         1.6362137780346353e-07        -8.2800239092424892e-06         5.4321549420857152e-07        -3.6547490316353539e-05
7                                     -2.8196119134738434e-02         2.6351492626340876e-05        -9.4976015743404249e-04         3.7041967582739942e-02         1.3641282542194546e-06        -6.4995145301401198e-05        -5.5282699423522451e-06         1.4071076373549151e-05
8                                     -3.5038387690722241e-02         4.2631090786835554e-05        -1.1892431648913555e-03         4.6115448356905030e-02        -5.1693521262794092e-08        -8.1523798694877825e-05        -8.2543078568967923e-06         1.3509274720128825e-05
9                                     -1.9026544764503791e-03        -1.6559769358700141e-04         5.6408615391062496e-05         2.9356997337683863e-03         3.1602071103181332e-07         4.7724619880157898e-05        -2.5321598781514067e-06         8.5807097379282345e-06
10                                     1.0315893614613444e-03         4.6198439365965377e-05         2.2761836716266787e-06        -9.9998410687334935e-04         4.0592262559384471e-07         2.6328852738108535e-05         7.7143719844953042e-07        -1.7438709203329359e-05
11                                     1.1807835764531230e-03         6.6707554658820782e-05        -2.4534646862409448e-06        -1.0899097441901947e-03        -5.2235351445178599e-07         3.3729112598534170e-05         8.2189068755345605e-08        -2.3138891797359857e-05
12                                     1.1654733059879736e-04         4.4716464580104188e-04        -2.1852367614586405e-04        -1.7203317400767135e-04         1.2866404274833049e-07        -1.5234284475014052e-04        -1.0971577777138547e-06         5.3665934460924011e-04
13                                    -8.9338483591638160e-05         3.0623350687744989e-04        -1.1770627359177378e-04         1.4963923721233934e-04         4.1375305120307934e-07         5.2086466459259435e-06        -1.0140346447435805e-07         6.8803548503208116e-04
14                                    -1.0693903217513091e-04         4.3865497263922059e-04        -1.7655864105557025e-04         1.7107548817011926e-04        -5.0456433838960744e-07        -6.7372503995226541e-06        -9.5974758654055624e-07         8.4389627688546867e-04
15                                    -7.5541329235913693e-05         2.6759588785494552e-04        -3.7779351770191001e-06        -2.6018899457941650e-04         4.6088471935478679e-07         3.9209653438063375e-04         5.1994648710000162e-06        -1.2577587286210224e-04
16                                     2.4629046541160798e-06        -3.0703075396172895e-04         2.4001142387078284e-04         3.0240254680328044e-05         5.1457040195820052e-07         3.8917390813757283e-04        -3.2808587852148719e-08         4.0004503446372775e-07
17                                     4.7163566336978709e-08        -4.1981206403961642e-04         3.3278227572107282e-04         2.6931435439114131e-05         2.9380815688819027e-07         5.6226001582293397e-04         6.1580783513483202e-07        -3.9975722572958721e-06
18                                     2.3154324051446679e-05         2.1883654588745953e-03        -5.6588932087359460e-04         4.5980191485143290e-05         1.0760903472844889e-06         1.2750963038774402e-03         1.0248037674639944e-07         1.3590268716020225e-04
19                                    -2.2921480992834286e-05         1.3312891326655698e-03        -5.7697681193983599e-04        -2.1570119904830756e-05        -2.5822879941782226e-06        -1.2512159028040106e-03         7.6601410065212239e-06        -1.4713110929772530e-04
20                                    -2.8687550345608581e-05         2.1237082391402642e-03        -8.9352041025196399e-04        -2.9158312272402978e-05        -1.1955122996694795e-06        -1.7852283262951014e-03         1.1553840801428148e-05        -2.0792803117873336e-04
21                                    -1.0327801345694229e-04         3.7984674018427303e-03         1.3243720739357112e-02         3.2299490127783953e-04         3.6282280780347068e-05         5.0474602342040008e-02         9.7759271291362378e-05        -3.1907427648363934e-04
22                                    -7.8903216042263913e-05         4.2625362735096949e-03         1.1119942177562450e-02         2.8226757060307342e-04         2.1688935141393533e-05         3.2681209915165363e-02         4.3880107798982787e-05         8.5958441017422593e-05
23                                    -1.2447813127358632e-04         6.5621466922920930e-03         1.7401956077969984e-02         4.4229126432312956e-04         3.9018512102018653e-05         5.1843179164924834e-02         7.2731188223474925e-05         1.1116079343721766e-04
24                                    -1.6637099385161585e-04         1.1414865404843244e-02         2.6848995759837260e-02         5.7344798214194605e-04        -1.1626868419771154e-05        -1.3918421530691765e-02        -5.4266868318377526e-05         3.2453505045593184e-04
25                                     2.3724245928951923e-04        -1.5968702407030411e-02        -3.8692698518043085e-02        -8.4202866136773346e-04         1.6986665628573537e-05         1.4927331821216867e-02         2.1917222017224843e-05         7.1132219265098831e-05
26                                     3.4274323644842910e-04        -2.3061726618043232e-02        -5.5911990453357673e-02        -1.2170704656379997e-03         1.7540546715137068e-05         2.1328849816778211e-02         3.0575921181317401e-05         1.3396728015776469e-04
27                                    -7.7115099222620584e-06         6.5492505710058294e-04         2.2681358283071981e-03         7.3547367846443375e-05         5.1884500970523603e-06        -1.5381294967498607e-03         1.0138639496493562e-04         1.9497578695743573e-03
28                                    -7.9389792094703608e-06         8.2323668059025611e-04         1.2807670026160724e-03         2.3432483782044331e-05         1.9135610677758652e-05        -8.2870560085966855e-04         2.6790545626394709e-05        -9.2357779849052546e-05
29                                    -1.2091584259776039e-05         1.2503838492042231e-03         2.0383165889118838e-03         3.9489968863393093e-05        -6.8504924340043692e-06        -1.3370292259023097e-03         4.7654242936838399e-05        -1.8559773140950268e-05
30                                    -5.8835011912033737e-06         1.7031855774553120e-05         1.0997299196954770e-06        -2.1752171504860584e-05        -8.2243422525986196e-05         1.6389020683875229e-04        -1.5795553973927721e-04        -5.0057792000488752e-02
31                                    -2.9131625472841144e-06        -1.5088862424743624e-05        -1.1279673407929770e-04        -1.6332675173168404e-05         8.6802437711510903e-05         1.2912786509932579e-04         1.3793983534505789e-04         3.0891459886537468e-02
32                                    -4.7257939761538024e-06        -2.6723320846141242e-05        -1.6129724014922684e-04        -2.4969248230704876e-05        -1.0047420028953637e-05         2.0753355478866364e-04         1.9981382844776809e-04         4.2874653487319038e-02
33                                    -3.3592880862127461e-07         1.7177598689266930e-04        -1.6356085988728357e-04        -7.9671908537381887e-06        -1.4047710515173856e-05         1.5669133908285756e-04         3.9272547238430839e-04        -2.8575275710637657e-04
34                                     3.4583164874768869e-06        -6.1767426959048296e-05        -1.4079009246167730e-04         8.0334616586666504e-06        -4.5135815582887320e-04        -9.0419376988580940e-05        -1.8603363202660054e-04        -7.4412063122714653e-04
35                                     5.2268740442897303e-06        -7.8768893142004665e-05        -2.2135668575664556e-04         1.1133398003193960e-05         2.7420846337503947e-04        -1.2487792082365871e-04        -2.5459740085578456e-04        -1.1369766848439292e-03
36                                    -2.0419371413392717e-06         1.3180514014375711e-05        -2.7332673760211833e-05        -8.1562210615784845e-06        -6.9993263781377613e-06        -2.3587396261156656e-05         6.2774320533992025e-04        -2.5755477703633123e-04
37                                     1.9269247240551028e-05        -2.0485042544654504e-04         4.1383841739527739e-04         5.5486443501400918e-05         1.1481388318523400e-04        -1.1284515461869358e-05        -4.2890210499763430e-03         1.4131065685951349e-04
38                                     3.0219034789398992e-05        -3.1649839119823994e-04         6.4534486448817013e-04         8.5973941088546743e-05         1.8583031913554988e-04        -1.9097080803588820e-05        -6.6849873001047395e-03         2.1126353500779932e-04
39                                    -1.2698509009716214e-06         2.7083034029050375e-05        -1.1452420285434706e-05        -3.5851141046853061e-06        -3.3537410832227228e-02         8.0890190578319367e-05        -3.3286825894429085e-02         1.5508532220496980e-04
40                                    -4.6012336549053787e-06         5.6592394620476991e-05        -1.0100480368179901e-04        -1.7077639841835869e-05        -2.9319933645156237e-02         7.8733748411219940e-05        -2.9002303104336824e-02         3.4768806790487516e-05
41                                    -4.3888570170808458e-06         4.7884301221260965e-05        -7.9045836653985295e-05        -1.6550269497148057e-05        -5.0808738253279050e-02         1.2448326929912106e-04        -5.0548160252833568e-02         3.5671665911387656e-06
42                                    -1.2908113215298723e-06         2.8205545511397737e-05        -4.9732717773514356e-06        -4.1850967598229202e-06         3.4133836608963214e-02         2.9529921670443170e-05        -3.2878327798172548e-02        -6.9362412927150187e-05
43                                    -2.2007837339585083e-06         2.2777322308134384e-05        -2.5442129064163438e-05        -8.5621991574497298e-06         3.2717499797418663e-02         2.5618212685622363e-05        -3.1638384680118370e-02        -1.2744190739175451e-04
44                                    -6.1569408438988590e-06         7.8285712610568685e-05        -1.2313480810443301e-04        -2.4796599908630758e-05         4.9669257203196017e-02         5.1362919943478952e-05        -4.7797545055356910e-02        -4.1024656526172747e-05
45                                    -4.9241405436377057e-07         8.0981116520318665e-05        -2.0375292244653129e-04        -8.2140893624487674e-06         3.4908439808362070e-06        -1.0876401467494797e-04         6.6040622208753346e-06         1.1326049676071382e-03
46                                    -1.8674650307601572e-07        -4.0857542997235715e-05        -3.3743979771038530e-05        -2.3975914886240775e-06         4.8546955189309788e-05         3.7615583244721906e-05         1.8258483374632818e-05        -5.2995526155153426e-04
47                                    -3.2807359609380013e-07        -4.7154457627826824e-05        -6.8886287490685938e-05        -4.8237554318850767e-06        -3.1010279071145895e-05         4.8360790607184786e-05         2.6819105053920216e-05        -7.2404538390329087e-04
48                                    -8.4145132765400089e-06        -3.5154798667426119e-03         1.2982888706299133e-03         2.8322427219333814e-05        -1.9780156488741530e-08         2.7457358687279766e-05        -3.5800209884718698e-05         3.3731900035347407e-04
49                                    -9.7657496792533588e-07         1.5779764252915534e-04         2.7478739720444324e-04         1.4962326940731380e-05         1.6453661217775093e-05        -1.3519846224267250e-04         8.9972700779641302e-06        -5.1666436470607243e-04
50                                    -1.7016659498875321e-06         1.3135734971417803e-05         4.9344814373080748e-04         2.5311597465494890e-05        -1.4912149439426635e-05        -1.9490654050977239e-04         1.2135616029158926e-05        -7.5277864274818460e-04
51                                     7.6397599934617698e-05         2.8855851043319943e-02        -1.2079440947275248e-02        -3.2949526156258221e-04         3.3083440649232250e-07         2.2625147025070362e-04         1.9165964637056032e-05         4.4763938502775438e-05
52                                    -1.1690969507575895e-04        -4.0467139641634176e-02         1.6318054691603891e-02         4.4412784929444824e-04        -5.8121365415436403e-06        -1.0348166719015037e-03        -2.8606035284757341e-05         1.1425644333364109e-04
53                                    -1.7207502839976943e-04        -5.9424302779702606e-02         2.3931979104285465e-02         6.5034989389999433e-04         4.3189770959653568e-06        -1.5547809814856380e-03        -4.2458790482816505e-05         1.7484929216120740e-04
54                                    -1.6446483112988460e-04        -1.2160056015296313e-04         2.1248979725467038e-04        -1.6454892703463635e-04         5.0229365300762499e-07         2.7001267168108437e-04        -5.7882862245124690e-09         2.0148861548558895e-05
55                                    -9.7161058244114799e-05         4.9761623986727187e-06        -7.5213035567937077e-05         1.8540950725250579e-05        -5.9772828588837982e-07        -2.0248466612157303e-04        -8.5385028257365153e-07        -3.6709858689649362e-06
56                                    -1.2505429732436357e-04        -2.7572816440466111e-06        -9.1360406527581827e-05         1.8554190888511241e-05        -6.9268550212880627e-08        -2.5031581800364006e-04        -6.2603959649723447e-07        -8.4452102389124473e-07
57                                     3.0323604276317833e-03         2.3461005300881029e-05        -6.0960984387765873e-05         1.4638752864158757e-03         5.7732742103665420e-08        -1.0025038238589879e-04        -1.9885904637172401e-06         1.9158019730401380e-05
58                                     7.6858370836055737e-04        -2.9874827531679421e-05        -3.3648784776526784e-07        -4.3120064921113767e-05        -2.4531661992682487e-07        -4.0776612762252360e-05        -1.9463222173855630e-07        -7.2357763934531343e-06
59                                     1.0989379569320103e-03        -3.4485630606098270e-05        -4.9023638938438753e-06         1.1498418554724626e-05        -1.0650342799875612e-07        -6.4177668727458722e-05        -5.1052699485094265e-07        -4.4726202342158271e-06
60                                    -4.1804148716769558e-03        -3.4387676905518436e-06        -2.0918146480943174e-05        -1.2478390687036967e-03         1.0328337223604328e-07         2.2705568120596008e-05         2.2361952612907923e-06        -2.8974090215220301e-05
61                                    -3.7819486868340621e-02         2.3748013525212909e-05         7.2997511400983185e-05        -1.7204629166509944e-02        -8.3001988694126952e-07         2.8343075091080489e-06         4.5235979294433699e-06        -7.2670790109354515e-06
62                                    -4.6952577026041761e-02         2.3570775643615925e-05         9.1222437191241558e-05        -2.1326804066074258e-02        -2.8870466003654968e-07         3.8997151795938389e-06         5.7491546397542407e-06        -6.7235982702947117e-06
63                                     3.9764340070553084e-01         3.8666797042738433e-04        -5.3803531901377840e-03         3.2145537870789537e-01         6.8588526775784903e-06        -3.7705421458170103e-04        -5.5746891696837717e-05         7.1741373907004943e-05
64                                     1.0014438511052148e-01         1.1319520392456336e-04        -1.4250132477139619e-03         8.3145700298635411e-02         1.4795721350178851e-06        -9.8884813111163724e-05        -1.4102637417877576e-05         9.7415537836390751e-06
65                                     1.4325677471073672e-01         1.6066475550752102e-04        -2.0263407038516677e-03         1.1851480852613962e-01         2.1903758704795470e-06        -1.3977957703717505e-04        -2.0561651388732553e-05         1.7343092404797365e-05
66                                    -3.5833752312475063e-02         1.5007710176979082e-03        -1.1428517794346785e-02         4.1458047586284569e-01         2.1747594734620427e-06        -4.5124341754178261e-04        -4.0718352425765050e-05         3.2678993732392240e-05
67                                     1.3800518880431586e-02        -6.7657102468628052e-04         5.1539632663063157e-03        -1.8728301438811670e-01        -1.1720083521780194e-07         1.8766828648825941e-04         1.8458245882260775e-05        -7.1024935217684282e-06
68                                     1.5297167254786716e-02        -7.5646890980780781e-04         5.8046404732546662e-03        -2.1106891026326260e-01        -2.0122146634221937e-06         2.0796828723661435e-04         1.8850874855838510e-05        -6.3001713381629160e-06
69                                     4.2383190726982989e-02        -5.9399342917202695e-05         1.4957135537125544e-03        -5.6868192284736718e-02        -7.5775191890252794e-07         1.1749497825649057e-04         7.8772426739162345e-06         8.9280366516360463e-06
70                                     3.1837541089231219e-01        -4.5317643049854530e-04         1.0640486375807367e-02        -4.1223877829814820e-01        -6.1518876171080914e-06         5.3883298742699514e-04         6.3257568097180999e-05        -5.8483540983463791e-05
71                                     3.9561118011416369e-01        -5.4778590268076094e-04         1.3217052196685423e-02        -5.1234957343987753e-01        -1.0447832310531704e-05         6.6507407333577851e-04         7.6537882887653451e-05        -7.6751608020751502e-05
72                                     1.3895616933895459e-04        -1.8082372499288635e-03         7.1626558486865730e-04        -1.6342962090473826e-03        -5.8731923291785831e-07         1.3396526838402808e-04         1.0000274146360468e-05        -6.9707047679931902e-03
73                                    -4.5300011843997062e-04        -2.1909613408943010e-03         7.5935066612845697e-04        -5.5140331683940877e-04        -4.1164822088296394e-07        -1.7610895974548894e-04         6.4830743660630999e-06        -9.1279136699391090e-03
74                                    -5.3956372952240587e-04        -2.8639158979424585e-03         1.0095860229646493e-03        -7.2112580897438366e-04        -1.3406785677241812e-06        -1.8577856195152310e-04         6.6894310103386170e-06        -1.1175761336802679e-02
75                                     1.3882038015164300e-03        -6.2654849413741845e-02        -1.8462077750244121e-01        -4.6529477618883659e-03        -4.0410183833730428e-04        -5.5874526764836407e-01        -8.9443269176829197e-04         1.5198555208675507e-04
76                                     9.1162592536495458e-04        -4.3706551335229424e-02        -1.2592231345808469e-01        -3.2638398818545188e-03        -2.8137049730996976e-04        -3.7659455371875394e-01        -5.9648655061936783e-04         1.3369066620392650e-04
77                                     1.4380175851737410e-03        -6.8944161284161490e-02        -1.9895474150256415e-01        -5.1590568150616549e-03        -4.2440052336921029e-04        -5.9548076936923178e-01        -9.4188111140855327e-04         2.0560318269972417e-04
78                                     1.9342509140467953e-03        -1.3021171438388765e-01        -3.1465430276385581e-01        -6.8745416468814369e-03         1.1238569315550516e-04         1.2052836176341311e-01         2.3823524612305827e-04        -1.0300803386621333e-03
79                                    -2.6984348764590113e-03         1.8119886396435245e-01         4.3797629145332206e-01         9.5305559033969194e-03        -1.5516985008319305e-04        -1.6405999573547414e-01        -3.2039412902819936e-04         5.4174547965370992e-04
80                                    -3.8965138354165223e-03         2.6162129353661895e-01         6.3237208312625126e-01         1.3761611032206566e-02        -2.2501830698620738e-04        -2.3663115099549337e-01        -4.5882529288979916e-04         7.4534959086741703e-04
81                                    -2.7087632421483211e-05         7.1676823264620959e-04        -1.9425235001415868e-03        -1.8033293267362047e-04         9.4670522415654331e-04         8.4224096406648383e-04         1.9285654876818059e-03         6.5904909066309103e-01
82                                     1.7906751410013293e-05        -5.0351217976041165e-04         1.5430338272236604e-04         6.8469102554512027e-05        -4.6661939326738522e-04        -1.6179263977366095e-04        -2.2116665605641255e-04        -4.0642583739899868e-01
83                                     2.5047638176959821e-05        -7.2957896443681561e-04         1.1645541255218245e-04         9.2080279408431653e-05        -1.0600588272533747e-04        -1.9346073878307484e-04        -1.1927479674784702e-04        -5.6436148245375628e-01
84                                     4.7788163944440484e-06        -8.6009595019592093e-05         5.3878656871391015e-05         4.8344319277675212e-06         1.5558079220130686e-04         7.9598417326576717e-05        -4.7706808615853979e-03         3.0145827074978826e-04
85                                    -2.1766557135783707e-04         2.0792505271149146e-03        -4.5720064601919063e-03        -6.0927667384291155e-04         1.4756212087089083e-03         2.2109867765606687e-04         5.3932362505048820e-02        -1.9568976725273159e-04
86                                    -3.4047367262576324e-04         3.2552321993624066e-03        -7.1599961995028882e-03        -9.5516417521113043e-04        -3.8931248969190650e-03         3.5055632569473054e-04         8.4214263000983947e-02        -3.4214331297068392e-04
87                                     6.1811464529799099e-06        -7.9040388434488474e-05        -9.6503463763145014e-05         4.4227003305501625e-06         3.0011869480670861e-01        -6.8303365169857433e-04         3.0013558064127699e-01        -4.8967477833287423e-04
88                                    -8.8322929641672310e-07         1.6934421837702756e-05         3.0412622220831634e-05         1.6508466569222622e-06        -3.9065122268076041e-02         1.0162430235258225e-04        -4.2074766112825145e-02         3.2250459605904591e-04
89                                     1.6758163027516533e-05        -2.1104544748834622e-04         1.2548142719249605e-04         4.7476307867948160e-05         3.7788444206949207e-01        -8.8507860897920362e-04         3.8245594717762593e-01        -7.6601373224898111e-05
90                                     1.4050793473525169e-05        -1.9421002100361483e-04         2.9207395689154051e-04         5.3746406895465059e-05         9.0324726623064108e-02        -2.7061486126224313e-04         9.2657883902384969e-02        -1.7498394304765203e-03
91                                     4.5418311653358270e-05        -5.7528782377403397e-04         1.0313746639322820e-03         1.8142899719579626e-04         3.8129114228965594e-01        -9.9757052734969097e-04         3.8933731877407235e-01        -1.1993264618599621e-03
92                                     2.5665104325436533e-05        -3.2719041423107814e-04         5.8709215425554865e-04         1.0324217589468457e-04         2.1509133378909009e-01        -5.6549106670948797e-04         2.1510535496418229e-01        -1.9653731074222437e-03
93                                     1.3268588820092440e-05        -1.8748610131303815e-04         2.5857656484891097e-04         5.2277724130258809e-05        -8.1928821524284531e-02        -1.2099021285291440e-04         8.1465233964074749e-02        -2.4119356085935693e-04
94                                     3.5069579906664315e-06        -4.1519644474624458e-05         7.8444867864506818e-05         1.5037227682090424e-05        -3.0125593583364325e-02        -3.5866822586308441e-05         2.5785957340681159e-02        -4.9662711823881005e-04
95                                     5.4022024956694919e-05        -6.9958839120391845e-04         1.1663429550870684e-03         2.2570302071525954e-04        -4.4531990099177010e-01        -4.8491585523676985e-04         4.3916715253182048e-01        -9.9527608329062702e-04
96                                     7.4538712612538182e-06        -1.0475394803478798e-04        -1.3818863982858695e-04         1.2549854243244665e-05        -3.1548134003704970e-01        -2.2951658559886945e-04         3.0630760713189314e-01        -2.0420467571395306e-04
97                                     1.6165570935367802e-05        -2.1591496514088886e-04         5.8618010553239923e-05         5.0211521704790816e-05        -3.5182495062926100e-01        -2.8315600196125338e-04         3.4658745658131568e-01         2.0895560270597891e-04
98                                     6.9463704819968410e-06        -8.0294979484956414e-05         5.7446947014338048e-05         2.3921957491874033e-05        -1.3476188179816675e-01        -9.9415432611060130e-05         1.2996226436613575e-01         2.0286188698668008e-04
99                                    -9.8617197371090475e-04        -3.3283118092960373e-01         1.3534527468196106e-01         3.6974865644224570e-03        -3.4789385368640442e-06        -6.3543428801846671e-03        -2.6824588555379036e-04         5.8965508577681189e-04
100                                    1.3843986939191075e-03         4.6021734518002361e-01        -1.8671064380181879e-01        -4.9926807025216513e-03        -8.0593033912893824e-07         9.4493600718667196e-03         3.3357029881099661e-04        -7.9731754610626901e-04
101                                    2.0334061339504863e-03         6.7598726726656022e-01        -2.7424903280258006e-01        -7.3283735485212814e-03         5.5126792697564197e-06         1.3811197600949881e-02         4.8775117389252459e-04        -1.1704295451328997e-03
102                                    6.1499037553352474e-02         3.2272984292684039e-05        -1.1070109835243332e-04         2.6655780299136927e-02         7.7507101277340692e-07         5.2521990499458035e-06        -7.3529269520579090e-06         5.3085525682662896e-06
103                                    4.2103675627620812e-01        -8.8424001265069069e-05        -7.7118370741795477e-04         1.8809379860334299e-01         2.6549572826256048e-06         2.1513776725823927e-05        -5.3873625485005191e-05         5.0161319058560235e-05
104                                    5.2340997102811226e-01        -1.0910693588653688e-04        -9.5617818439346514e-04         2.3379084532386391e-01         4.8044163463531390e-06         2.5375399692206327e-05        -6.6329158955302515e-05         6.9515681777279178e-05
                                                       104

0                                      2.3401799699319231e-05
1                                     -1.7667126117665714e-04
2                                     -2.2164429576511130e-04
3                                      2.7565326595417074e-04
4                                      1.3451747365172823e-04
5                                      1.8258897598448582e-04
6                                     -3.6152049604790950e-04
7                                      4.2552743183326364e-05
8                                      3.4121139401023623e-05
9                                     -1.7714896489950480e-03
10                                    -4.0289215970848815e-04
11                                    -5.9067990975468726e-04
12                                     3.1165833266238206e-02
13                                     4.1514942514237194e-02
14                                     5.0941652053159862e-02
15                                     7.6673882769602412e-04
16                                    -7.2495656829357877e-04
17                                    -8.9543917798119710e-04
18                                     1.5193281342983358e-04
19                                     1.3551050700886169e-04
20                                     1.9070962211665955e-04
21                                    -8.2671215596514201e-05
22                                     1.9891440830165472e-05
23                                     1.9210123044488834e-05
24                                     5.7280026663772089e-05
25                                     2.3507258218141084e-05
26                                     3.7633608760308890e-05
27                                    -9.8361783362729152e-05
28                                    -1.3416432397477702e-05
29                                    -2.6016675559494711e-05
30                                     8.9333245756422581e-04
31                                    -4.9712099803880978e-04
32                                    -6.8478484271067481e-04
33                                     1.3369947743831794e-05
34                                    -1.1283128426723073e-05
35                                    -1.4877348507543863e-05
36                                     1.2334511267898874e-05
37                                    -6.6677534558147154e-06
38                                    -8.8980153249405880e-06
39                                    -5.3736237361109624e-06
40                                    -4.1212101085618373e-07
41                                     5.4341412155253640e-06
42                                    -1.5057244649176421e-06
43                                     6.5898507317083630e-06
44                                     4.0248321236458183e-06
45                                    -2.4143867340212007e-05
46                                     9.5799992945620029e-06
47                                     1.3844883080485654e-05
48                                     2.6501207245877275e-05
49                                     2.2810419132994110e-05
50                                     3.0574933375726117e-05
51                                    -8.3383877253846359e-05
52                                     8.7932291041473105e-06
53                                     7.7445927841526132e-05
54                                    -8.1564484868816155e-04
55                                    -7.3395120883870115e-04
56                                    -9.4849966103277897e-04
57                                     9.7281764360648674e-06
58                                    -5.8419254818279970e-04
59                                    -7.3734417026744600e-04
60                                    -1.6937998389372639e-04
61                                     1.1504307608842880e-04
62                                     1.3625981360338967e-04
63                                    -1.6975681652871426e-04
64                                    -2.6644135610190440e-05
65                                    -5.0929971393480078e-05
66                                    -3.7030196235514725e-04
67                                     2.0453177363801119e-04
68                                     2.4041156223767558e-04
69                                     7.2801204005480127e-04
70                                     7.1452052737852405e-04
71                                     8.8318722573392701e-04
72                                    -4.1121816039137499e-01
73                                    -5.4759998647287345e-01
74                                    -6.7020188280730120e-01
75                                    -9.8246555754295144e-05
76                                     4.2432982178503374e-05
77                                     1.0229408057150302e-04
78                                     8.4098533223696487e-05
79                                    -9.4470722556455879e-05
80                                    -1.3357866160575019e-04
81                                    -1.0997245268298214e-02
82                                     6.8018154955694016e-03
83                                     9.4450147202985377e-03
84                                     1.7211833365774221e-05
85                                     3.2011797562209671e-05
86                                     5.4195903336333407e-05
87                                     4.3413129148137584e-05
88                                    -1.4969061024993252e-05
89                                     4.1044885160280644e-06
90                                     2.0142936191986748e-05
91                                     1.1941991616524182e-05
92                                     2.6941152456028635e-05
93                                    -5.3279491668793338e-06
94                                     6.1488023992982219e-06
95                                     7.0815037295094846e-06
96                                     4.0978804394026309e-05
97                                     2.5024565136601524e-06
98                                    -7.9667182701420109e-06
99                                     2.9481533494313773e-03
100                                   -2.2780513650380325e-03
101                                   -3.4848442412961297e-03
102                                   -1.0557110472616087e-04
103                                   -8.9654866613151870e-04
104                                   -1.0843516223585177e-03
$End
$Calculation_Info
   &GeometryIndex 10
   &Mult [&Type "Integer"] 1
   &Charge [&Type "Integer"] 0
   &NumOfAtoms [&Type "Integer"] 35
   &NumOfElectrons [&Type "Integer"] 144
   &NumOfBasisFuncts [&Type "Integer"] 364
   &NumOfAuxCBasisFuncts [&Type "Integer"] 0
   &NumOfAuxJBasisFuncts [&Type "Integer"] 1183
   &NumOfAuxJKBasisFuncts [&Type "Integer"] 0
   &NumOfCABSBasisFuncts [&Type "Integer"] 0
$End
$Calculation_Timings
   &GeometryIndex 10
   &GTOINT [&Type "Double"]       4.3432000000000016e+01
   &SCF [&Type "Double"]       1.4170050000000001e+03
   &SCFGRAD [&Type "Double"]       9.0153000000000031e+02
   &GSTEP [&Type "Double"]       2.7700000000002867e-01
   &PROPINT [&Type "Double"]       6.4727400000000034e+02
   &RESPONSE [&Type "Double"]       9.2468200000000024e+02
   &PROP [&Type "Double"]       1.4344630000000002e+03
   &SUM [&Type "Double"]       5.3686630000000014e+03
$End
