*************************************************
******************* ORCA 6.1.1 ******************
*************************************************
$Calculation_Status
   &GeometryIndex 13
   &version [&Type "String"] "6.1.1"
   &progName [&Type "String"] "LeanSCF"
   &Status [&Type "String"] "NORMAL TERMINATION"
$End
$Geometry
   &GeometryIndex 1
   &NAtoms [&Type "Integer"] 33
   &NCorelessECP [&Type "Integer"] 0
   &NGhostAtoms [&Type "Integer"] 0
   &CartesianCoordinates [&Type "Coordinates", &Dim(33,4), &Units "Bohr"] 
              O     -9.162715105544    3.950094537736    3.257698882267
              C     -7.752223519185    2.178287314571    2.029565867831
              C     -8.876610568868    0.113761513262    0.847731143677
              C     -7.353302332314   -1.644628654352   -0.383425432573
              O     -8.555735071328   -3.635644109051   -1.514237551111
              C     -4.729228622751   -1.331501033961   -0.425566325359
              C     -3.626573423608    0.740016754044    0.761748604584
              C     -5.141755837786    2.506343771420    1.997440523555
              O     -1.068829101346    1.158024174867    0.784425318191
              C      0.513816535813   -0.568240648470   -0.406291118793
              C      3.215557989480    0.137572062549   -0.236215766740
              C      3.940267961839    2.663191040535   -0.662726955166
              C      6.470800227773    3.383932588013   -0.467896190759
              O      7.173967322205    5.832261767121   -0.887604365103
              C      8.294008001780    1.601353925885    0.159114940476
              O     10.785044991515    2.263324990597    0.359425910672
              C      7.595187277456   -0.898375804066    0.595641677412
              O      9.464882314358   -2.580421035869    1.206968081736
              C      5.077316176620   -1.640660229470    0.415928722076
              C     -0.314450428684   -2.641081244768   -1.626109338239
              O      1.235313973744   -4.345992162792   -2.858777695396
              C     -3.067781405808   -3.138079217990   -1.700564547916
              O     -3.898127069053   -5.006829391824   -2.801896938765
              H    -10.937356917909    3.487489580152    3.141102779804
              H    -10.910333834194   -0.154768570368    0.863982788429
              H     -7.278091232184   -4.721669718216   -2.314158623600
              H     -4.301016680805    4.129429547845    2.933232905073
              H      2.515603429476    4.057808927369   -1.156134448733
              H      5.693933814118    6.829659220605   -1.296541100483
              H     11.651862369145    0.699009696937    0.811259429292
              H      8.708613915563   -4.249049212122    1.360224871197
              H      4.548759776962   -3.589723763997    0.781779701603
              H      0.089006100908   -5.585085588804   -3.624683697474
$End
$SCF_Mulliken_Population_Analysis
   &GeometryIndex 1
   &NAtoms [&Type "Integer"] 33
   &ATNO [&Type "ArrayOfIntegers", &Dim (33,1)] 
                                                         0

0                                                        8
1                                                        6
2                                                        6
3                                                        6
4                                                        8
5                                                        6
6                                                        6
7                                                        6
8                                                        8
9                                                        6
10                                                       6
11                                                       6
12                                                       6
13                                                       8
14                                                       6
15                                                       8
16                                                       6
17                                                       8
18                                                       6
19                                                       6
20                                                       8
21                                                       6
22                                                       8
23                                                       1
24                                                       1
25                                                       1
26                                                       1
27                                                       1
28                                                       1
29                                                       1
30                                                       1
31                                                       1
32                                                       1
   &AtomicCharges [&Type "ArrayOfDoubles", &Dim (33,1)] 
                                                         0

0                                     -2.1349770786753730e-01
1                                      2.2047459851620843e-01
2                                     -1.2250877732964316e-01
3                                      1.0584550173500862e-01
4                                     -2.2147356494124182e-01
5                                     -5.0956108738787087e-02
6                                      2.1594329948091140e-01
7                                     -1.2861170963532231e-01
8                                     -2.5761129637124469e-01
9                                      8.5592542956609563e-02
10                                     2.6404062249404170e-02
11                                    -9.9684329769839763e-02
12                                     1.1450167310356374e-01
13                                    -2.2060527977865263e-01
14                                     6.1093101576846109e-02
15                                    -2.1048778389414480e-01
16                                     1.2562458494963380e-01
17                                    -2.3641660107823093e-01
18                                    -8.2928068750049100e-02
19                                     5.8936484362035024e-02
20                                    -2.2223241316362419e-01
21                                     1.6802584788585317e-01
22                                    -3.1039908262883742e-01
23                                     2.1972575113308845e-01
24                                    -1.5016188778484318e-02
25                                     1.9568699021779878e-01
26                                    -1.8083961650749547e-02
27                                    -1.7815815010763902e-02
28                                     2.1625844507536462e-01
29                                     2.0234392040319493e-01
30                                     2.2672260339953598e-01
31                                    -1.8001911015150585e-02
32                                     2.0315119335710352e-01
   &Method [&Type "String"] "SCF"
   &Level [&Type "String"] "Relaxed density"
   &Mult [&Type "Integer"] 1
   &State [&Type "Integer"] -1
   &Irrep [&Type "Integer"] 0
$End
$SCF_Loewdin_Population_Analysis
   &GeometryIndex 1
   &NAtoms [&Type "Integer"] 33
   &ATNO [&Type "ArrayOfIntegers", &Dim (33,1)] 
                                                         0

0                                                        8
1                                                        6
2                                                        6
3                                                        6
4                                                        8
5                                                        6
6                                                        6
7                                                        6
8                                                        8
9                                                        6
10                                                       6
11                                                       6
12                                                       6
13                                                       8
14                                                       6
15                                                       8
16                                                       6
17                                                       8
18                                                       6
19                                                       6
20                                                       8
21                                                       6
22                                                       8
23                                                       1
24                                                       1
25                                                       1
26                                                       1
27                                                       1
28                                                       1
29                                                       1
30                                                       1
31                                                       1
32                                                       1
   &AtomicCharges [&Type "ArrayOfDoubles", &Dim (33,1)] 
                                                         0

0                                     -5.7064426304330951e-02
1                                      7.7009155600136658e-02
2                                     -1.0443899297812731e-01
3                                      9.1732583090979425e-02
4                                     -6.9034505723015727e-02
5                                     -1.3885101093414054e-01
6                                      8.5296509162006373e-02
7                                     -1.0073571138042325e-01
8                                     -2.4510948473301042e-02
9                                      5.5138210577677427e-02
10                                    -4.7933249186375981e-02
11                                    -6.8785555760761952e-02
12                                     2.5941188449917441e-02
13                                    -7.1007570217952676e-02
14                                    -2.1471449167229650e-03
15                                    -7.4456159284178369e-02
16                                     1.9556870596479925e-02
17                                    -7.0307161220036107e-02
18                                    -6.6400071858824461e-02
19                                    -1.2822032270968009e-02
20                                    -7.7601907548055848e-02
21                                     5.8661628888241779e-02
22                                    -2.2490504308289161e-01
23                                     1.2047899307679844e-01
24                                     4.3469757548143528e-02
25                                     7.1601038477767776e-02
26                                     4.1779602014680339e-02
27                                     3.7427406196536173e-02
28                                     1.1577478130697849e-01
29                                     1.0204017211989513e-01
30                                     1.2479044125529293e-01
31                                     3.7022471951010494e-02
32                                     1.0328068082737885e-01
   &Method [&Type "String"] "SCF"
   &Level [&Type "String"] "Relaxed density"
   &Mult [&Type "Integer"] 1
   &State [&Type "Integer"] -1
   &Irrep [&Type "Integer"] 0
$End
$SCF_Mayer_Population_Analysis
   &GeometryIndex 1
   &NAtoms [&Type "Integer"] 33 "Total number of atoms"
   &NBondOrdersPrint [&Type "Integer"] 36 "The number of bond orders larger than threshold"
   &bondThresh [&Type "Double"]       1.0000000000000001e-01  "The threshold for printing"
   &components [&Type "ArrayOfIntegers", &Dim (36,4)] "The indices and atomic numbers of the bonding atoms"
                                                         0                           1                           2                           3

0                                                        0                           8                           1                           6
1                                                        0                           8                          23                           1
2                                                        1                           6                           2                           6
3                                                        1                           6                           7                           6
4                                                        2                           6                           3                           6
5                                                        2                           6                          24                           1
6                                                        3                           6                           4                           8
7                                                        3                           6                           5                           6
8                                                        4                           8                          25                           1
9                                                        5                           6                           6                           6
10                                                       5                           6                          21                           6
11                                                       6                           6                           7                           6
12                                                       6                           6                           8                           8
13                                                       7                           6                          26                           1
14                                                       8                           8                           9                           6
15                                                       9                           6                          10                           6
16                                                       9                           6                          19                           6
17                                                      10                           6                          11                           6
18                                                      10                           6                          18                           6
19                                                      11                           6                          12                           6
20                                                      11                           6                          27                           1
21                                                      12                           6                          13                           8
22                                                      12                           6                          14                           6
23                                                      13                           8                          28                           1
24                                                      14                           6                          15                           8
25                                                      14                           6                          16                           6
26                                                      15                           8                          29                           1
27                                                      16                           6                          17                           8
28                                                      16                           6                          18                           6
29                                                      17                           8                          30                           1
30                                                      18                           6                          31                           1
31                                                      19                           6                          20                           8
32                                                      19                           6                          21                           6
33                                                      20                           8                          32                           1
34                                                      21                           6                          22                           8
35                                                      22                           8                          25                           1
   &BondOrders [&Type "ArrayOfDoubles", &Dim (36,1)] "The bond orders"
                                                         0

0                                      1.2066772178112322e+00
1                                      9.4474581280470760e-01
2                                      1.2519331592003740e+00
3                                      1.2915821932307168e+00
4                                      1.3454640485696945e+00
5                                      1.0111886724155092e+00
6                                      1.2965835239669345e+00
7                                      1.2047269503270124e+00
8                                      8.9348477384580394e-01
9                                      1.2716194935854239e+00
10                                     1.0429046836226625e+00
11                                     1.3342374603537668e+00
12                                     1.0828116044333831e+00
13                                     1.0184341613643857e+00
14                                     1.0745191460950507e+00
15                                     9.7863563594820990e-01
16                                     1.5686559267132441e+00
17                                     1.2995168601704594e+00
18                                     1.3235689997825897e+00
19                                     1.3202976981711660e+00
20                                     1.0143658665073167e+00
21                                     1.2108205395849152e+00
22                                     1.3579104410600087e+00
23                                     9.4177296967315705e-01
24                                     1.2700095434095970e+00
25                                     1.3229700306521712e+00
26                                     9.3277290325045070e-01
27                                     1.1662416210526658e+00
28                                     1.3107925493167079e+00
29                                     9.3552012346510516e-01
30                                     1.0063369482983304e+00
31                                     1.2506880809410190e+00
32                                     1.0281847124846974e+00
33                                     9.1802375372832679e-01
34                                     1.8941920474589027e+00
35                                     1.2776522408451338e-01
   &ATNO [&Type "ArrayOfIntegers", &Dim (33,1)] "Atomic number of the elements"
                                                         0

0                                                        8
1                                                        6
2                                                        6
3                                                        6
4                                                        8
5                                                        6
6                                                        6
7                                                        6
8                                                        8
9                                                        6
10                                                       6
11                                                       6
12                                                       6
13                                                       8
14                                                       6
15                                                       8
16                                                       6
17                                                       8
18                                                       6
19                                                       6
20                                                       8
21                                                       6
22                                                       8
23                                                       1
24                                                       1
25                                                       1
26                                                       1
27                                                       1
28                                                       1
29                                                       1
30                                                       1
31                                                       1
32                                                       1
   &NA [&Type "ArrayOfDoubles", &Dim (33,1)] "Mulliken gross atomic population"
                                                         0

0                                      8.2134977078675337e+00
1                                      5.7795254014837596e+00
2                                      6.1225087773296298e+00
3                                      5.8941544982650065e+00
4                                      8.2214735649412365e+00
5                                      6.0509561087387640e+00
6                                      5.7840567005190682e+00
7                                      6.1286117096353143e+00
8                                      8.2576112963712571e+00
9                                      5.9144074570433594e+00
10                                     5.9735959377505852e+00
11                                     6.0996843297698362e+00
12                                     5.8854983268964478e+00
13                                     8.2206052797786828e+00
14                                     5.9389068984231361e+00
15                                     8.2104877838941022e+00
16                                     5.8743754150503698e+00
17                                     8.2364166010782185e+00
18                                     6.0829280687500376e+00
19                                     5.9410635156379481e+00
20                                     8.2222324131636544e+00
21                                     5.8319741521141548e+00
22                                     8.3103990826288481e+00
23                                     7.8027424886691266e-01
24                                     1.0150161887784830e+00
25                                     8.0431300978220088e-01
26                                     1.0180839616507489e+00
27                                     1.0178158150107643e+00
28                                     7.8374155492463471e-01
29                                     7.9765607959680651e-01
30                                     7.7327739660046346e-01
31                                     1.0180019110151513e+00
32                                     7.9684880664289548e-01
   &ZA [&Type "ArrayOfDoubles", &Dim (33,1)] "Total nuclear charge"
                                                         0

0                                      8.0000000000000000e+00
1                                      6.0000000000000000e+00
2                                      6.0000000000000000e+00
3                                      6.0000000000000000e+00
4                                      8.0000000000000000e+00
5                                      6.0000000000000000e+00
6                                      6.0000000000000000e+00
7                                      6.0000000000000000e+00
8                                      8.0000000000000000e+00
9                                      6.0000000000000000e+00
10                                     6.0000000000000000e+00
11                                     6.0000000000000000e+00
12                                     6.0000000000000000e+00
13                                     8.0000000000000000e+00
14                                     6.0000000000000000e+00
15                                     8.0000000000000000e+00
16                                     6.0000000000000000e+00
17                                     8.0000000000000000e+00
18                                     6.0000000000000000e+00
19                                     6.0000000000000000e+00
20                                     8.0000000000000000e+00
21                                     6.0000000000000000e+00
22                                     8.0000000000000000e+00
23                                     1.0000000000000000e+00
24                                     1.0000000000000000e+00
25                                     1.0000000000000000e+00
26                                     1.0000000000000000e+00
27                                     1.0000000000000000e+00
28                                     1.0000000000000000e+00
29                                     1.0000000000000000e+00
30                                     1.0000000000000000e+00
31                                     1.0000000000000000e+00
32                                     1.0000000000000000e+00
   &QA [&Type "ArrayOfDoubles", &Dim (33,1)] "Mulliken gross atomic charge"
                                                         0

0                                     -2.1349770786753375e-01
1                                      2.2047459851624041e-01
2                                     -1.2250877732962984e-01
3                                      1.0584550173499352e-01
4                                     -2.2147356494123649e-01
5                                     -5.0956108738763994e-02
6                                      2.1594329948093183e-01
7                                     -1.2861170963531432e-01
8                                     -2.5761129637125713e-01
9                                      8.5592542956640649e-02
10                                     2.6404062249414828e-02
11                                    -9.9684329769836211e-02
12                                     1.1450167310355219e-01
13                                    -2.2060527977868283e-01
14                                     6.1093101576863873e-02
15                                    -2.1048778389410217e-01
16                                     1.2562458494963025e-01
17                                    -2.3641660107821849e-01
18                                    -8.2928068750037554e-02
19                                     5.8936484362051900e-02
20                                    -2.2223241316365439e-01
21                                     1.6802584788584518e-01
22                                    -3.1039908262884808e-01
23                                     2.1972575113308734e-01
24                                    -1.5016188778482986e-02
25                                     1.9568699021779912e-01
26                                    -1.8083961650748881e-02
27                                    -1.7815815010764346e-02
28                                     2.1625844507536529e-01
29                                     2.0234392040319349e-01
30                                     2.2672260339953654e-01
31                                    -1.8001911015151251e-02
32                                     2.0315119335710452e-01
   &VA [&Type "ArrayOfDoubles", &Dim (33,1)] "Mayer's total valence"
                                                         0

0                                      2.2505223255354805e+00
1                                      3.8854877040694329e+00
2                                      3.7036841833012155e+00
3                                      4.0600624310060347e+00
4                                      2.2806845360990371e+00
5                                      3.5197818479951439e+00
6                                      3.8742090648836047e+00
7                                      3.7474247362143838e+00
8                                      2.2975491892195841e+00
9                                      3.8013147753486844e+00
10                                     3.7174558556079313e+00
11                                     3.7651180573269749e+00
12                                     4.0439153591206862e+00
13                                     2.2224846074077176e+00
14                                     4.0586997447817605e+00
15                                     2.2621736373826029e+00
16                                     3.9372267482417556e+00
17                                     2.2259577864590865e+00
18                                     3.7625843200785631e+00
19                                     3.9654672107698485e+00
20                                     2.2623213672108333e+00
21                                     4.0361029691571231e+00
22                                     2.2495544344045300e+00
23                                     9.8735386157019844e-01
24                                     1.0089668821497917e+00
25                                     1.0639497332314027e+00
26                                     1.0080611805810940e+00
27                                     1.0056559664456295e+00
28                                     9.9013414661373966e-01
29                                     1.0223917261106827e+00
30                                     9.8504052126208563e-01
31                                     1.0133089461928257e+00
32                                     1.0272451553750002e+00
   &BVA [&Type "ArrayOfDoubles", &Dim (33,1)] "Mayer's bonded valence"
                                                         0

0                                      2.2505223255354769e+00
1                                      3.8854877040694880e+00
2                                      3.7036841833012732e+00
3                                      4.0600624310060560e+00
4                                      2.2806845360990895e+00
5                                      3.5197818479952252e+00
6                                      3.8742090648836967e+00
7                                      3.7474247362144220e+00
8                                      2.2975491892195885e+00
9                                      3.8013147753487595e+00
10                                     3.7174558556079229e+00
11                                     3.7651180573269705e+00
12                                     4.0439153591206596e+00
13                                     2.2224846074076283e+00
14                                     4.0586997447818005e+00
15                                     2.2621736373826717e+00
16                                     3.9372267482417311e+00
17                                     2.2259577864591416e+00
18                                     3.7625843200785702e+00
19                                     3.9654672107699218e+00
20                                     2.2623213672108022e+00
21                                     4.0361029691571044e+00
22                                     2.2495544344045264e+00
23                                     9.8735386157019267e-01
24                                     1.0089668821498015e+00
25                                     1.0639497332314036e+00
26                                     1.0080611805810926e+00
27                                     1.0056559664456188e+00
28                                     9.9013414661373300e-01
29                                     1.0223917261106745e+00
30                                     9.8504052126209340e-01
31                                     1.0133089461928200e+00
32                                     1.0272451553750102e+00
   &FA [&Type "ArrayOfDoubles", &Dim (33,1)] "Mayer's free valence"
                                                         0

0                                      0.0000000000000000e+00
1                                      0.0000000000000000e+00
2                                      0.0000000000000000e+00
3                                      0.0000000000000000e+00
4                                      0.0000000000000000e+00
5                                      0.0000000000000000e+00
6                                      0.0000000000000000e+00
7                                      0.0000000000000000e+00
8                                      0.0000000000000000e+00
9                                      0.0000000000000000e+00
10                                     0.0000000000000000e+00
11                                     0.0000000000000000e+00
12                                     0.0000000000000000e+00
13                                     0.0000000000000000e+00
14                                     0.0000000000000000e+00
15                                     0.0000000000000000e+00
16                                     0.0000000000000000e+00
17                                     0.0000000000000000e+00
18                                     0.0000000000000000e+00
19                                     0.0000000000000000e+00
20                                     0.0000000000000000e+00
21                                     0.0000000000000000e+00
22                                     0.0000000000000000e+00
23                                     0.0000000000000000e+00
24                                     0.0000000000000000e+00
25                                     0.0000000000000000e+00
26                                     0.0000000000000000e+00
27                                     0.0000000000000000e+00
28                                     0.0000000000000000e+00
29                                     0.0000000000000000e+00
30                                     0.0000000000000000e+00
31                                     0.0000000000000000e+00
32                                     0.0000000000000000e+00
   &Method [&Type "String"] "SCF"
   &Level [&Type "String"] "Relaxed density"
   &Mult [&Type "Integer"] 1
   &State [&Type "Integer"] -1
   &Irrep [&Type "Integer"] 0
$End
$SCF_Energy
   &GeometryIndex 1
   &Method [&Type "String"] "SCF"
   &totalEnergy [&Type "ArrayOfDoubles", &Dim (1,1)] "Total energy of each state"
                                                         0

0                                     -1.1779629440037907e+03
   &Mult [&Type "ArrayOfIntegers", &Dim (1,1)] "Multiplicity of each state"
                                                         0

0                                                        1
$End
$DFT_Energy
   &GeometryIndex 1
   &nAlphaEl [&Type "Integer"] 82
   &nBetaEl [&Type "Integer"] 82
   &nTotalEl [&Type "Integer"] 164
   &finalEn [&Type "Double"]      -1.1779629440037907e+03  "No Van der Waals correction"
   &eExchange [&Type "Double"]      -1.1707812052167284e+02
   &eCorr [&Type "Double"]      -6.7951947398441241e+00
   &eXC [&Type "Double"]      -1.2387331526151696e+02
   &eCNL [&Type "Double"]       0.0000000000000000e+00
$End
$Solvation_Details
   &GeometryIndex 1
   &Solvent [&Type "String"] "WATER"
   &Epsilon [&Type "Double"]       8.0150999999999996e+01
   &Refrac [&Type "Double"]       1.3328000000000000e+00
   &RSolv [&Type "Double"]       1.3000000000000000e+00
   &SurfaceType [&Type "String"] "GAUSSIAN VDW"
   &CPCMDielEnergy [&Type "Double"]      -3.4734084999999998e-02
   &NPoints [&Type "Integer"] 2877
   &SurfaceArea [&Type "Double"]       1.1309796088820001e+03
$End
$SCF_Timings
   &GeometryIndex 1
   &TOTAL [&Type "Double"]       2.0035300000000001e+02
   &PREP [&Type "Double"]       5.4900000000000004e-01
   &FOCK [&Type "Double"]       1.8935899999999998e+02
   &DENS [&Type "Double"]       2.6899999999994861e-01
   &ETOT [&Type "Double"]       1.4200000000004209e-01
   &POP [&Type "Double"]       7.0999999999997954e-02
   &TRAFO [&Type "Double"]       6.7999999999990735e-02
   &DIIS [&Type "Double"]       4.4399999999999196e-01
   &SOSCF [&Type "Double"]       3.5099999999999909e-01
   &XC [&Type "Double"]       2.1689999999999955e+01
   &FOCKSTART [&Type "Double"]       1.3999999999935286e-02
   &SOLV [&Type "Double"]       1.9725999999999956e+01
   &SOLV_INIT [&Type "Double"]       3.7000000000000000e-01
   &INT_BF [&Type "Double"]       7.3439999999997063e+00
   &INT_DENS [&Type "Double"]       4.6129999999996372e+00
   &INT_DENSIO [&Type "Double"]       3.2171386730000004e+06
   &INT_FUNC [&Type "Double"]       6.5300000000009106e-01
   &INT_POT [&Type "Double"]       8.2460000000004214e+00
   &INT_POTIO [&Type "Double"]       2.4700000000008160e-01
   &SPLITRIJ [&Type "Double"]       1.6821999999999996e+01
   &COSX [&Type "Double"]       1.4040700000000001e+02
$End
$VdW_Correction
   &GeometryIndex 1
   &vdW [&Type "Double"]      -7.3889901810837336e-02
$End
$Single_Point_Data
   &GeometryIndex 1
   &FinalEnergy [&Type "Double"]      -1.1780368339056015e+03  "Final single point energy"
   &Converged [&Type "Boolean"] true
$End
$SCF_Nuc_Gradient
   &GeometryIndex 1
   &NAtoms [&Type "Integer"] 33
   &gradNorm [&Type "Double"]       1.0962971786671735e-01
   &grad [&Type "ArrayOfDoubles", &Dim (99,1)] 
                                                         0

0                                     -4.7145907123961987e-03
1                                      8.1856256061179113e-03
2                                      5.4622959946948454e-03
3                                      8.7195047257383890e-03
4                                     -1.3016060480745585e-02
5                                     -8.9625244765389207e-03
6                                     -1.9172590807721266e-03
7                                      6.7215813358627065e-03
8                                      4.2914760277819285e-03
9                                      3.3536807691212693e-02
10                                     1.5328089292145139e-02
11                                     6.4113943711955447e-03
12                                    -1.0905478854466600e-02
13                                    -1.3146955408991792e-02
14                                    -7.2119238536039170e-03
15                                    -3.3147558398097569e-02
16                                     1.9812894079152696e-02
17                                     1.5419515816021530e-02
18                                     2.2528243918025622e-04
19                                    -2.3079603651249118e-02
20                                    -1.3081065100958956e-02
21                                    -1.0794129340784881e-02
22                                    -5.8462349732968212e-03
23                                    -2.6514468635226440e-03
24                                     4.5609994547613610e-03
25                                     2.2444064579621951e-02
26                                     1.4283803705176406e-02
27                                    -2.2121138325129543e-02
28                                    -2.1404690651358627e-02
29                                    -1.2034172270503589e-02
30                                     1.0983536529794793e-03
31                                    -7.5378507009907737e-03
32                                    -3.0951496005788229e-03
33                                     3.3824951527846757e-03
34                                     1.0465431370233482e-02
35                                    -2.7675145353459685e-03
36                                     1.5761197930025846e-02
37                                    -1.9133607868678581e-02
38                                     5.6270217607624993e-03
39                                    -7.2547911143865072e-03
40                                     7.5381189563418528e-03
41                                    -2.2351823036590246e-03
42                                    -2.6425271366087695e-02
43                                    -2.9534502073093770e-03
44                                    -3.0074357238658515e-03
45                                     6.1736176395358559e-03
46                                     5.2737802820529986e-03
47                                    -3.4755478647823006e-04
48                                     9.2164129636898139e-03
49                                     1.7877856879307548e-02
50                                    -1.7987245222993891e-03
51                                     3.8693479153056143e-03
52                                    -6.4429634162664279e-03
53                                     1.8857885861053667e-03
54                                     7.7097488670378337e-03
55                                    -2.4980010661200475e-03
56                                     3.4130399890104205e-03
57                                     2.0199025614476007e-02
58                                     2.3123345779217146e-02
59                                     1.2118655490198509e-02
60                                     1.6311445567114769e-02
61                                    -1.5140823811457163e-02
62                                    -1.0997059339103145e-02
63                                    -4.9822933848135617e-03
64                                    -1.5589743314480084e-02
65                                    -1.1141058876838904e-02
66                                     3.3444192013667743e-03
67                                     2.3395233562505321e-02
68                                     1.5327730311516454e-02
69                                    -1.5729975526428120e-03
70                                    -1.6207161113100809e-03
71                                    -7.8338850949666869e-04
72                                     4.2625324783582969e-03
73                                     4.2788666791768594e-04
74                                    -1.1989603752945378e-04
75                                    -5.1011419007664111e-03
76                                    -2.1767900166324698e-03
77                                    -8.9949761423969597e-04
78                                    -1.5508570451142135e-03
79                                    -2.1370080976284918e-03
80                                    -1.0748930410632098e-03
81                                     1.4920907702371006e-03
82                                    -3.6337809610953648e-03
83                                     6.9807650278340546e-04
84                                     5.8383727735653558e-05
85                                     6.8113194084670715e-04
86                                    -9.6465597626020671e-05
87                                    -3.6361028370878816e-03
88                                    -5.2517639704607088e-03
89                                     7.5070411747700245e-04
90                                    -4.5159879488314023e-03
91                                    -1.9015378663660484e-03
92                                    -7.0154584837669900e-04
93                                    -3.5272621856725288e-04
94                                     3.9458638790123741e-03
95                                    -4.5525399109264824e-04
96                                    -9.2934160962162269e-04
97                                    -2.7093216346655040e-03
98                                    -2.2277498251420760e-03
   &Method [&Type "String"] "SCF"
   &Level [&Type "String"] "Relaxed density"
   &Mult [&Type "Integer"] 1
   &State [&Type "Integer"] 0
   &Irrep [&Type "Integer"] 0
$End
$Geometry
   &GeometryIndex 2
   &NAtoms [&Type "Integer"] 33
   &NCorelessECP [&Type "Integer"] 0
   &NGhostAtoms [&Type "Integer"] 0
   &CartesianCoordinates [&Type "Coordinates", &Dim(33,4), &Units "Bohr"] 
              O     -9.118966261322    4.059483822329    3.107917133543
              C     -7.733849919085    2.250147507583    1.940953552044
              C     -8.878218516968    0.145063379491    0.801831449022
              C     -7.370788378128   -1.666763460166   -0.378956742414
              O     -8.525545301852   -3.667933308936   -1.458272194880
              C     -4.717150206287   -1.385582948744   -0.426008921666
              C     -3.622082803858    0.742609431142    0.729422192325
              C     -5.109602380919    2.565412518386    1.914957155927
              O     -1.075323930924    1.116516082651    0.748177364604
              C      0.506582051066   -0.608687639937   -0.375827628349
              C      3.189627895912    0.122376842775   -0.206102710542
              C      3.877013238341    2.671519144197   -0.524645400562
              C      6.408968577102    3.415296444526   -0.345752379877
              O      7.138258831283    5.861380159049   -0.659384535382
              C      8.276560575337    1.613566269895    0.161199590628
              O     10.754719714419    2.310653242742    0.339311221232
              C      7.588602782705   -0.922761460119    0.486900232779
              O      9.518866806667   -2.558629298843    0.988840754994
              C      5.068462176235   -1.678933925991    0.316184616239
              C     -0.361818296828   -2.715528544975   -1.555813633840
              O      1.175841847139   -4.415656786153   -2.716538385035
              C     -3.083122002626   -3.240132703225   -1.642605464722
              O     -3.884567470374   -5.153446515242   -2.745345752526
              H    -10.897479824714    3.624926415735    3.004293828167
              H    -10.925776154206   -0.104209769025    0.819327379840
              H     -7.198701776940   -4.739244249606   -2.199343641025
              H     -4.249411801520    4.210533187928    2.810124509061
              H      2.426219499560    4.083958446584   -0.922621210255
              H      5.664203267453    6.892744239780   -0.996322089337
              H     11.696812373549    0.770619552115    0.691584154936
              H      8.851542678171   -4.260674600964    1.098560513151
              H      4.563599084284   -3.660125850487    0.585896185101
              H      0.046334654715   -5.678684597108   -3.447499091516
$End
$SCF_Energy
   &GeometryIndex 2
   &Method [&Type "String"] "SCF"
   &totalEnergy [&Type "ArrayOfDoubles", &Dim (1,1)] "Total energy of each state"
                                                         0

0                                     -1.1779718684222848e+03
   &Mult [&Type "ArrayOfIntegers", &Dim (1,1)] "Multiplicity of each state"
                                                         0

0                                                        1
$End
$DFT_Energy
   &GeometryIndex 2
   &nAlphaEl [&Type "Integer"] 82
   &nBetaEl [&Type "Integer"] 82
   &nTotalEl [&Type "Integer"] 164
   &finalEn [&Type "Double"]      -1.1779718684222848e+03  "No Van der Waals correction"
   &eExchange [&Type "Double"]      -1.1707639179700959e+02
   &eCorr [&Type "Double"]      -6.7958914646047361e+00
   &eXC [&Type "Double"]      -1.2387228326161433e+02
   &eCNL [&Type "Double"]       0.0000000000000000e+00
$End
$Solvation_Details
   &GeometryIndex 2
   &Solvent [&Type "String"] "WATER"
   &Epsilon [&Type "Double"]       8.0150999999999996e+01
   &Refrac [&Type "Double"]       1.3328000000000000e+00
   &RSolv [&Type "Double"]       1.3000000000000000e+00
   &SurfaceType [&Type "String"] "GAUSSIAN VDW"
   &CPCMDielEnergy [&Type "Double"]      -3.4483764000000000e-02
   &NPoints [&Type "Integer"] 2886
   &SurfaceArea [&Type "Double"]       1.1279156788920000e+03
$End
$SCF_Timings
   &GeometryIndex 2
   &TOTAL [&Type "Double"]       1.9316700000000000e+02
   &PREP [&Type "Double"]       5.5500000000000005e-01
   &FOCK [&Type "Double"]       1.8455300000000005e+02
   &DENS [&Type "Double"]       2.4900000000002365e-01
   &ETOT [&Type "Double"]       1.4999999999997016e-01
   &TRAFO [&Type "Double"]       7.3000000000021714e-02
   &DIIS [&Type "Double"]       3.8499999999999801e-01
   &SOSCF [&Type "Double"]       4.0500000000000114e-01
   &XC [&Type "Double"]       2.0444000000000013e+01
   &FOCKSTART [&Type "Double"]       1.3000000000015666e-02
   &SOLV [&Type "Double"]       1.8691999999999968e+01
   &SOLV_INIT [&Type "Double"]       3.6600000000000005e-01
   &INT_BF [&Type "Double"]       7.5849999999998161e+00
   &INT_DENS [&Type "Double"]       4.5509999999997603e+00
   &INT_DENSIO [&Type "Double"]       3.1933278010000018e+06
   &INT_FUNC [&Type "Double"]       6.8200000000009453e-01
   &INT_POT [&Type "Double"]       6.7530000000003554e+00
   &INT_POTIO [&Type "Double"]       2.4299999999993105e-01
   &SPLITRIJ [&Type "Double"]       1.6226000000000028e+01
   &COSX [&Type "Double"]       1.3611899999999997e+02
$End
$VdW_Correction
   &GeometryIndex 2
   &vdW [&Type "Double"]      -7.3985826474210578e-02
$End
$Single_Point_Data
   &GeometryIndex 2
   &FinalEnergy [&Type "Double"]      -1.1780458542487590e+03  "Final single point energy"
   &Converged [&Type "Boolean"] true
$End
$SCF_Nuc_Gradient
   &GeometryIndex 2
   &NAtoms [&Type "Integer"] 33
   &gradNorm [&Type "Double"]       5.5104725540245370e-02
   &grad [&Type "ArrayOfDoubles", &Dim (99,1)] 
                                                         0

0                                     -2.7372981437205962e-03
1                                      4.8900820485043243e-03
2                                      3.0192766249011733e-03
3                                      3.9909309609778175e-03
4                                     -5.1087994993943304e-03
5                                     -3.3161712588485460e-03
6                                     -2.4545724454019704e-03
7                                      2.1277551295928684e-03
8                                      1.4142572047742853e-03
9                                      1.7929735690223086e-02
10                                     3.5987473356326946e-03
11                                     6.0750890203612731e-04
12                                    -5.1168580054227024e-03
13                                    -5.3722659159895214e-03
14                                    -2.8453143672664606e-03
15                                    -1.8736516362677279e-02
16                                     1.0562274339345099e-02
17                                     7.2151755474679276e-03
18                                     2.4632070683282292e-03
19                                    -1.0643799466173293e-02
20                                    -5.9068282198419184e-03
21                                    -4.4555667108141109e-03
22                                    -2.6673417673028135e-03
23                                    -1.0940861982695871e-03
24                                     4.3176105390564691e-03
25                                     1.2196715165104831e-02
26                                     7.9809322653460781e-03
27                                    -1.3811533109596529e-02
28                                    -1.1253517477174192e-02
29                                    -5.5600913412650471e-03
30                                     7.7688224115683691e-04
31                                    -3.3421696731192152e-03
32                                    -1.1704381336391477e-03
33                                     9.9742828663078428e-04
34                                     3.1142226556270807e-03
35                                    -1.7549305617886148e-03
36                                     8.2171953856965997e-03
37                                    -8.0195670183155869e-03
38                                     2.0696665510176876e-03
39                                    -3.1769331737391115e-03
40                                     4.0730530364618406e-03
41                                    -8.9004120773711391e-04
42                                    -1.4162369574573711e-02
43                                    -1.4490066481697612e-03
44                                    -1.3679631737202674e-03
45                                     6.9737331292179655e-03
46                                     2.6577242781377470e-03
47                                     3.3571912591294761e-04
48                                     4.6710825631781517e-03
49                                     7.4873925899726504e-03
50                                    -7.6135539235601803e-04
51                                     2.4917910159121121e-03
52                                    -3.7980834855315527e-03
53                                     1.1012556374239656e-03
54                                     1.8375414164766414e-03
55                                     7.5939129981066511e-04
56                                     1.9654989620179640e-03
57                                     1.2510803768988625e-02
58                                     1.0307523307811473e-02
59                                     3.3097100788558311e-03
60                                     4.0255669552358118e-03
61                                    -5.8017558189835897e-03
62                                    -3.7930032159385922e-03
63                                    -2.8680907793839810e-04
64                                    -1.2705533164590740e-02
65                                    -6.4302313500603850e-03
66                                     1.6742601993949267e-03
67                                     9.2945036606892177e-03
68                                     4.9875070820120217e-03
69                                     4.3835330081509380e-04
70                                    -9.9321171574577789e-04
71                                    -5.5763718254217749e-04
72                                     2.6913964258888927e-04
73                                    -4.2082654810894355e-04
74                                    -2.5762544591621187e-04
75                                    -3.8780221265918647e-03
76                                     1.8429471782329240e-03
77                                     1.5989621434375095e-03
78                                    -2.3459237831978215e-04
79                                     3.5416364994881900e-04
80                                     3.0329864351277846e-04
81                                    -7.3805446060414947e-04
82                                    -8.1927471271971944e-04
83                                    -1.2645538149616857e-04
84                                     3.6870144351109854e-04
85                                    -5.1244177530001211e-04
86                                     1.3131228747914524e-04
87                                    -2.0402988615956671e-03
88                                    -2.0010142502267813e-03
89                                     1.3071785980684649e-04
90                                    -2.1406422032912943e-03
91                                     8.5692876022513205e-04
92                                    -6.4856964484456857e-04
93                                    -1.1421376725807291e-03
94                                    -9.0683177034886736e-05
95                                     1.2310069422841866e-04
96                                     1.1582408264927272e-03
97                                     8.7586766344583387e-04
98                                     1.8684241530933748e-04
   &Method [&Type "String"] "SCF"
   &Level [&Type "String"] "Relaxed density"
   &Mult [&Type "Integer"] 1
   &State [&Type "Integer"] 0
   &Irrep [&Type "Integer"] 0
$End
$Geometry
   &GeometryIndex 3
   &NAtoms [&Type "Integer"] 33
   &NCorelessECP [&Type "Integer"] 0
   &NGhostAtoms [&Type "Integer"] 0
   &CartesianCoordinates [&Type "Coordinates", &Dim(33,4), &Units "Bohr"] 
              O     -9.097800542864    4.198469994333    2.872848221317
              C     -7.724203298758    2.345063116091    1.799040985715
              C     -8.876247095965    0.189164351558    0.737021695190
              C     -7.383007485117   -1.684137159961   -0.361451393938
              O     -8.480427649425   -3.721681626688   -1.376147321798
              C     -4.704390838869   -1.423283569553   -0.406658017419
              C     -3.623272050833    0.765509802423    0.679954990164
              C     -5.090428041157    2.653153360856    1.780121960926
              O     -1.083308653004    1.087489035805    0.692065952391
              C      0.511397343651   -0.654206531216   -0.333643659749
              C      3.178483235089    0.098658126611   -0.178149457831
              C      3.819175128360    2.673416874993   -0.322206541831
              C      6.343588847777    3.443356091709   -0.160386301727
              O      7.080873980251    5.893927186679   -0.307495616984
              C      8.259517992364    1.628271527063    0.158960259497
              O     10.711170939620    2.367881451968    0.317538207013
              C      7.600300901540   -0.944387671888    0.311424990356
              O      9.592590031095   -2.538204941284    0.639387375763
              C      5.086187919328   -1.720777917658    0.148887333807
              C     -0.405478479857   -2.807952228911   -1.437271344142
              O      1.111028065161   -4.550808222950   -2.502483606880
              C     -3.102123433945   -3.321700737948   -1.531109492187
              O     -3.886719436189   -5.315676519095   -2.542931115824
              H    -10.882721222824    3.787428727571    2.782890709069
              H    -10.928369554622   -0.039479873055    0.754859555654
              H     -7.113759339372   -4.797345410462   -2.063729891446
              H     -4.218977705742    4.326295166578    2.608531501916
              H      2.344139613398    4.097114214125   -0.567163811883
              H      5.606479079547    6.959418212142   -0.526447475984
              H     11.731923082234    0.854583525285    0.525418586812
              H      9.021150683555   -4.277524871933    0.660560358769
              H      4.620043934939   -3.725103679206    0.272894076948
              H     -0.017004921979   -5.847118776596   -3.180689660024
$End
$SCF_Energy
   &GeometryIndex 3
   &Method [&Type "String"] "SCF"
   &totalEnergy [&Type "ArrayOfDoubles", &Dim (1,1)] "Total energy of each state"
                                                         0

0                                     -1.1779751359767970e+03
   &Mult [&Type "ArrayOfIntegers", &Dim (1,1)] "Multiplicity of each state"
                                                         0

0                                                        1
$End
$DFT_Energy
   &GeometryIndex 3
   &nAlphaEl [&Type "Integer"] 82
   &nBetaEl [&Type "Integer"] 82
   &nTotalEl [&Type "Integer"] 164
   &finalEn [&Type "Double"]      -1.1779751359767970e+03  "No Van der Waals correction"
   &eExchange [&Type "Double"]      -1.1708672240950628e+02
   &eCorr [&Type "Double"]      -6.7977087718315099e+00
   &eXC [&Type "Double"]      -1.2388443118133779e+02
   &eCNL [&Type "Double"]       0.0000000000000000e+00
$End
$Solvation_Details
   &GeometryIndex 3
   &Solvent [&Type "String"] "WATER"
   &Epsilon [&Type "Double"]       8.0150999999999996e+01
   &Refrac [&Type "Double"]       1.3328000000000000e+00
   &RSolv [&Type "Double"]       1.3000000000000000e+00
   &SurfaceType [&Type "String"] "GAUSSIAN VDW"
   &CPCMDielEnergy [&Type "Double"]      -3.4314892999999999e-02
   &NPoints [&Type "Integer"] 2898
   &SurfaceArea [&Type "Double"]       1.1260684869550000e+03
$End
$SCF_Timings
   &GeometryIndex 3
   &TOTAL [&Type "Double"]       1.9596200000000002e+02
   &PREP [&Type "Double"]       5.2100000000000002e-01
   &FOCK [&Type "Double"]       1.8709200000000001e+02
   &DENS [&Type "Double"]       2.6800000000002910e-01
   &ETOT [&Type "Double"]       1.4099999999996271e-01
   &TRAFO [&Type "Double"]       6.8000000000019156e-02
   &DIIS [&Type "Double"]       3.7099999999999156e-01
   &SOSCF [&Type "Double"]       3.9800000000003166e-01
   &XC [&Type "Double"]       2.0609999999999999e+01
   &FOCKSTART [&Type "Double"]       1.4000000000013446e-02
   &SOLV [&Type "Double"]       1.8931000000000001e+01
   &SOLV_INIT [&Type "Double"]       3.5699999999999998e-01
   &INT_BF [&Type "Double"]       7.6310000000000677e+00
   &INT_DENS [&Type "Double"]       4.4629999999996137e+00
   &INT_DENSIO [&Type "Double"]       3.2197262649999978e+06
   &INT_FUNC [&Type "Double"]       7.0200000000004081e-01
   &INT_POT [&Type "Double"]       6.8990000000000506e+00
   &INT_POTIO [&Type "Double"]       2.4799999999996913e-01
   &SPLITRIJ [&Type "Double"]       1.6342000000000027e+01
   &COSX [&Type "Double"]       1.3841100000000000e+02
$End
$VdW_Correction
   &GeometryIndex 3
   &vdW [&Type "Double"]      -7.4114863593236838e-02
$End
$Single_Point_Data
   &GeometryIndex 3
   &FinalEnergy [&Type "Double"]      -1.1780492508403902e+03  "Final single point energy"
   &Converged [&Type "Boolean"] true
$End
$SCF_Nuc_Gradient
   &GeometryIndex 3
   &NAtoms [&Type "Integer"] 33
   &gradNorm [&Type "Double"]       1.4308466085020092e-02
   &grad [&Type "ArrayOfDoubles", &Dim (99,1)] 
                                                         0

0                                      5.0358977549144757e-04
1                                      9.2753943128617204e-04
2                                      3.7898168534573516e-04
3                                     -4.9402704514760090e-04
4                                      5.0481792488658731e-04
5                                      3.3420032621861841e-04
6                                     -2.0450556719414747e-03
7                                      3.0907359672792200e-04
8                                      2.5151840175672690e-04
9                                      3.5716245269505108e-03
10                                    -2.2243722344829349e-03
11                                    -1.1877667513247670e-03
12                                     2.3028833800898022e-04
13                                     4.7730904830944703e-04
14                                     4.0656513703649165e-04
15                                    -2.4588505494036752e-03
16                                     2.2685273226291463e-04
17                                     7.2464925962812180e-04
18                                     1.4924299796813187e-03
19                                    -8.3865450511262478e-04
20                                    -2.5539016182563132e-04
21                                     6.5979877342911379e-04
22                                     1.2505252146125765e-04
23                                     1.7907052748217635e-05
24                                     2.6699989081719936e-03
25                                     1.1708638767404522e-03
26                                     1.8072975028406914e-03
27                                    -5.2674783243078453e-03
28                                    -1.7166954758880909e-03
29                                     4.3596307719386890e-04
30                                     1.7843662128194228e-03
31                                     6.4754278510174368e-04
32                                    -4.8487654239848883e-04
33                                    -6.9072708352606554e-04
34                                    -1.2652839441215297e-03
35                                    -1.3908042121988237e-03
36                                     1.1420841365824322e-03
37                                     5.7472074575694115e-04
38                                     3.9199847222183781e-05
39                                     4.6947304540896151e-04
40                                    -1.9256202962689969e-04
41                                    -3.1899161348795423e-05
42                                    -1.9970972736038104e-03
43                                    -1.1507367633662005e-04
44                                    -2.0253997221836328e-04
45                                     2.8215879261784503e-03
46                                     5.1729247174814872e-04
47                                     3.6833232457217016e-04
48                                     5.7001152185657731e-04
49                                    -4.7785738457099857e-04
50                                    -2.0244491788344075e-04
51                                     1.0218859211070354e-03
52                                     4.1166576390931029e-04
53                                     3.1587964533399645e-04
54                                    -1.6110916439193185e-03
55                                     8.5927049214199911e-04
56                                     1.4140784722975676e-03
57                                     2.6765961714325819e-03
58                                    -1.6343477963960738e-04
59                                    -1.2659187969408490e-03
60                                    -2.7806268925504771e-03
61                                     2.9665962446721581e-03
62                                     1.9411280493272845e-03
63                                     4.1940812888226740e-04
64                                    -4.7481633468901526e-03
65                                    -5.0834669437492680e-03
66                                     1.3551885175692360e-03
67                                     9.0394778057070952e-04
68                                     1.7405519885394963e-03
69                                     2.1251687746167059e-04
70                                    -4.7471605880651155e-04
71                                    -2.1531473721720103e-04
72                                    -3.2598125902280449e-04
73                                    -6.2866138181255963e-04
74                                    -2.9960623720637098e-04
75                                    -1.9850017008417988e-03
76                                     1.9475062065163631e-03
77                                     7.6259836044093488e-04
78                                    -2.7058731400064446e-05
79                                     3.6630459325116496e-04
80                                     1.8708547750544654e-04
81                                    -6.7858622282945076e-04
82                                     1.3240082216520513e-04
83                                    -1.2102320017718418e-04
84                                    -2.8522349655446002e-04
85                                    -3.1250786832331430e-04
86                                     1.0854601490020136e-05
87                                    -5.9765344433449375e-04
88                                    -1.2498623901838673e-04
89                                    -9.9500341101298743e-05
90                                    -6.5941903248803631e-04
91                                     4.4264563755683645e-04
92                                    -1.6441839134551206e-04
93                                    -7.5304296248182990e-04
94                                    -7.0001848385341627e-04
95                                    -7.6557098017781817e-05
96                                     1.0560727073699958e-03
97                                     4.7158474822351796e-04
98                                    -5.5263789510670276e-05
   &Method [&Type "String"] "SCF"
   &Level [&Type "String"] "Relaxed density"
   &Mult [&Type "Integer"] 1
   &State [&Type "Integer"] 0
   &Irrep [&Type "Integer"] 0
$End
$Geometry
   &GeometryIndex 4
   &NAtoms [&Type "Integer"] 33
   &NCorelessECP [&Type "Integer"] 0
   &NGhostAtoms [&Type "Integer"] 0
   &CartesianCoordinates [&Type "Coordinates", &Dim(33,4), &Units "Bohr"] 
              O     -9.106561506467    4.355650156239    2.565732536490
              C     -7.728331533245    2.445011239947    1.614711112484
              C     -8.879968054287    0.246562177411    0.638448445713
              C     -7.389712105448   -1.692916523858   -0.335276419168
              O     -8.458828660803   -3.783275983756   -1.260738626349
              C     -4.701096440880   -1.452283015491   -0.343483312538
              C     -3.625567444578    0.781826694879    0.652626002449
              C     -5.090503224685    2.734243338640    1.633106537721
              O     -1.084406616911    1.070046040438    0.675422709741
              C      0.524970065542   -0.706462568686   -0.261653933817
              C      3.183407470322    0.066099413656   -0.134584678835
              C      3.782417417650    2.655146630603   -0.075946395261
              C      6.297169158014    3.451988882769    0.058315897125
              O      7.006563006619    5.913340111147    0.100769057118
              C      8.253026172486    1.647726688272    0.143013025082
              O     10.687672502691    2.422331753888    0.266870099148
              C      7.634203570025   -0.942022757592    0.096255960238
              O      9.667416050076   -2.511719966705    0.203276845542
              C      5.128534358184   -1.744866329632   -0.038396673212
              C     -0.413450830183   -2.903742296283   -1.279112046294
              O      1.085398337456   -4.704246622397   -2.274606500870
              C     -3.107191281977   -3.406511460039   -1.344728315501
              O     -3.898563063491   -5.411187005865   -2.349015316601
              H    -10.894841910600    3.963208309549    2.461769745465
              H    -10.934608537350    0.041906373103    0.633709629393
              H     -7.070183093844   -4.905690749688   -1.841159642067
              H     -4.217392999063    4.438980549572    2.390420147365
              H      2.283447545162    4.072012298945   -0.137728533295
              H      5.518287945541    6.980095478049    0.031900548691
              H     11.756536894533    0.928655384442    0.305587957578
              H      9.147537932890   -4.264145480638    0.099841293901
              H      4.702378156763   -3.759343569890   -0.073173403691
              H     -0.057948252755   -6.026606163646   -2.877731702081
$End
$SCF_Energy
   &GeometryIndex 4
   &Method [&Type "String"] "SCF"
   &totalEnergy [&Type "ArrayOfDoubles", &Dim (1,1)] "Total energy of each state"
                                                         0

0                                     -1.1779759742602087e+03
   &Mult [&Type "ArrayOfIntegers", &Dim (1,1)] "Multiplicity of each state"
                                                         0

0                                                        1
$End
$DFT_Energy
   &GeometryIndex 4
   &nAlphaEl [&Type "Integer"] 82
   &nBetaEl [&Type "Integer"] 82
   &nTotalEl [&Type "Integer"] 164
   &finalEn [&Type "Double"]      -1.1779759742602087e+03  "No Van der Waals correction"
   &eExchange [&Type "Double"]      -1.1708893481226563e+02
   &eCorr [&Type "Double"]      -6.7985465527163047e+00
   &eXC [&Type "Double"]      -1.2388748136498194e+02
   &eCNL [&Type "Double"]       0.0000000000000000e+00
$End
$Solvation_Details
   &GeometryIndex 4
   &Solvent [&Type "String"] "WATER"
   &Epsilon [&Type "Double"]       8.0150999999999996e+01
   &Refrac [&Type "Double"]       1.3328000000000000e+00
   &RSolv [&Type "Double"]       1.3000000000000000e+00
   &SurfaceType [&Type "String"] "GAUSSIAN VDW"
   &CPCMDielEnergy [&Type "Double"]      -3.4045842000000000e-02
   &NPoints [&Type "Integer"] 2892
   &SurfaceArea [&Type "Double"]       1.1188240272040000e+03
$End
$SCF_Timings
   &GeometryIndex 4
   &TOTAL [&Type "Double"]       1.7543500000000000e+02
   &PREP [&Type "Double"]       5.3300000000000003e-01
   &FOCK [&Type "Double"]       1.6509999999999999e+02
   &DENS [&Type "Double"]       2.3400000000000887e-01
   &ETOT [&Type "Double"]       1.1799999999997723e-01
   &TRAFO [&Type "Double"]       6.9000000000002615e-02
   &DIIS [&Type "Double"]       3.6700000000000088e-01
   &SOSCF [&Type "Double"]       3.1399999999998585e-01
   &XC [&Type "Double"]       1.7914000000000001e+01
   &FOCKSTART [&Type "Double"]       1.1999999999982580e-02
   &SOLV [&Type "Double"]       1.6249000000000002e+01
   &SOLV_INIT [&Type "Double"]       3.6299999999999999e-01
   &INT_BF [&Type "Double"]       6.3230000000002455e+00
   &INT_DENS [&Type "Double"]       3.9799999999997482e+00
   &INT_DENSIO [&Type "Double"]       2.3533546080000019e+06
   &INT_FUNC [&Type "Double"]       5.2299999999986113e-01
   &INT_POT [&Type "Double"]       6.3579999999999437e+00
   &INT_POTIO [&Type "Double"]       2.0900000000001739e-01
   &SPLITRIJ [&Type "Double"]       1.4221000000000002e+01
   &COSX [&Type "Double"]       1.2556600000000003e+02
$End
$VdW_Correction
   &GeometryIndex 4
   &vdW [&Type "Double"]      -7.4194133877807350e-02
$End
$Single_Point_Data
   &GeometryIndex 4
   &FinalEnergy [&Type "Double"]      -1.1780501683940865e+03  "Final single point energy"
   &Converged [&Type "Boolean"] true
$End
$SCF_Nuc_Gradient
   &GeometryIndex 4
   &NAtoms [&Type "Integer"] 33
   &gradNorm [&Type "Double"]       1.3206186573032345e-02
   &grad [&Type "ArrayOfDoubles", &Dim (99,1)] 
                                                         0

0                                      9.0113101311742848e-04
1                                     -5.6131932669112989e-04
2                                     -4.1095741682451684e-04
3                                     -1.4052548903912723e-03
4                                      1.5678143321768529e-03
5                                      8.5431208167369632e-04
6                                     -7.0465598104925203e-04
7                                      3.7592119305598714e-05
8                                      1.0958189035585966e-04
9                                     -1.4442728903004620e-03
10                                    -1.2458588709709879e-03
11                                    -8.0632749662681749e-04
12                                     1.6764985977073129e-03
13                                     1.1761399214945398e-03
14                                    -3.4703297041621575e-06
15                                     3.3030705251707471e-03
16                                    -2.1801628841689271e-03
17                                    -2.4969292532198220e-03
18                                    -1.6898597603069661e-04
19                                     2.2484680715674932e-03
20                                     9.5433950144945023e-04
21                                     1.5082819603137844e-03
22                                     4.5145002343806068e-04
23                                     2.5349047491895615e-04
24                                     1.3299907855419107e-03
25                                    -1.6275765915390772e-03
26                                    -1.5980949402842739e-04
27                                    -1.7739524367150913e-03
28                                     9.3246427304494845e-04
29                                     1.8217978364467595e-03
30                                     2.8867321984408327e-03
31                                     1.6783629551967477e-03
32                                    -5.0215431056912434e-04
33                                    -1.1094344961034381e-03
34                                    -2.1611769887939004e-03
35                                    -1.1931783623455811e-03
36                                    -9.3233697086804825e-04
37                                     2.3120180844578564e-03
38                                     8.1201040235952832e-05
39                                     1.1037582874096569e-03
40                                    -1.0099928265070166e-03
41                                    -3.9575966475859175e-06
42                                     1.7623848757939839e-03
43                                     3.3321537598717850e-04
44                                     4.9698311371689070e-05
45                                     8.1436924655362366e-05
46                                    -1.9678476453242687e-04
47                                     3.5492035175515961e-05
48                                    -5.1569751705528787e-04
49                                    -2.1981366211115856e-03
50                                    -2.2376432979114640e-04
51                                     1.2227955469806026e-04
52                                     1.0534536240321643e-03
53                                     4.5562762487355652e-05
54                                    -2.4312081758802616e-03
55                                     4.6535069551832491e-04
56                                     1.2846014740456259e-03
57                                    -1.2269126860839517e-03
58                                    -7.6696126792337969e-04
59                                    -3.2540744528391633e-03
60                                    -1.9907439877946522e-03
61                                     3.0855314423315792e-03
62                                     1.6376365556468975e-03
63                                    -5.3899093146016880e-04
64                                    -3.6416238153088110e-03
65                                     3.8156072752514991e-03
66                                     5.1630675178509784e-04
67                                     8.3539607568978015e-04
68                                    -2.9696340629656788e-03
69                                     5.5784929214129652e-05
70                                    -1.2117193185264677e-04
71                                    -1.2720487602386785e-05
72                                    -2.3900261971965796e-04
73                                    -5.1100321186892486e-04
74                                    -2.3103304116647844e-04
75                                    -9.5990787444279126e-04
76                                     1.8524110294633310e-04
77                                     1.3456480729051568e-03
78                                     4.8325805161950563e-05
79                                     1.2437393463846281e-04
80                                     6.6266457720007586e-05
81                                    -4.8086232689953574e-04
82                                     3.3783067627955737e-04
83                                     2.6339775635351451e-05
84                                    -2.5535318607887225e-04
85                                    -5.1112396564787594e-05
86                                    -2.4134911361624317e-05
87                                    -5.6141318536380653e-06
88                                     2.7143970304050879e-04
89                                     2.2984340211269654e-05
90                                     3.2070245781387304e-04
91                                     6.7721439241227453e-05
92                                    -9.1085690907807880e-05
93                                    -4.3872680321400812e-04
94                                    -6.2247500322678445e-04
95                                    -1.6069727547312723e-04
96                                     1.0052293518843221e-03
97                                    -2.6850736023393233e-04
98                                     1.3936856608813287e-04
   &Method [&Type "String"] "SCF"
   &Level [&Type "String"] "Relaxed density"
   &Mult [&Type "Integer"] 1
   &State [&Type "Integer"] 0
   &Irrep [&Type "Integer"] 0
$End
$Geometry
   &GeometryIndex 5
   &NAtoms [&Type "Integer"] 33
   &NCorelessECP [&Type "Integer"] 0
   &NGhostAtoms [&Type "Integer"] 0
   &CartesianCoordinates [&Type "Coordinates", &Dim(33,4), &Units "Bohr"] 
              O     -9.105480758834    4.515497091882    2.214991558207
              C     -7.725517919783    2.549053410501    1.392308603054
              C     -8.881002416500    0.299566325308    0.545857935718
              C     -7.399455099926   -1.700422445941   -0.299664136538
              O     -8.449115791416   -3.839860789493   -1.131095882257
              C     -4.705053075553   -1.466662478290   -0.296552384426
              C     -3.627106385759    0.817627697071    0.561230321804
              C     -5.086943325922    2.834064582625    1.408059712489
              O     -1.083244240215    1.074089110580    0.584032301632
              C      0.543624867138   -0.757738743889   -0.221111018979
              C      3.193708218374    0.031169635300   -0.115488982539
              C      3.759899935980    2.610822847999    0.213841048526
              C      6.261828022528    3.436564499005    0.335858961497
              O      6.938411523107    5.890018986043    0.631097766717
              C      8.249696163774    1.674386215398    0.136727992487
              O     10.666032902985    2.486192416315    0.245123294953
              C      7.668690180651   -0.906387642444   -0.173755940373
              O      9.729332358420   -2.435320899138   -0.321718924880
              C      5.175465712873   -1.739957383443   -0.302372759749
              C     -0.418131227615   -3.016193547903   -1.093175473375
              O      1.050897374847   -4.918087587210   -1.954444233861
              C     -3.117777089716   -3.480840117652   -1.149900350053
              O     -3.916275526142   -5.596649161046   -1.907141306356
              H    -10.895885224461    4.131247792108    2.122898581577
              H    -10.937208801380    0.115128288235    0.539507378243
              H     -7.044256076965   -4.973877467224   -1.675658302907
              H     -4.210085847919    4.577798548511    2.063983459280
              H      2.244388217810    3.998800327900    0.375101373063
              H      5.437705802599    6.934423846853    0.745080710361
              H     11.773657890423    1.030048243878    0.074437275647
              H      9.246040825719   -4.180469917005   -0.590457019874
              H      4.790233465146   -3.745233528838   -0.541870592443
              H     -0.127263626881   -6.248987128611   -2.471288914982
$End
$SCF_Energy
   &GeometryIndex 5
   &Method [&Type "String"] "SCF"
   &totalEnergy [&Type "ArrayOfDoubles", &Dim (1,1)] "Total energy of each state"
                                                         0

0                                     -1.1779765960840991e+03
   &Mult [&Type "ArrayOfIntegers", &Dim (1,1)] "Multiplicity of each state"
                                                         0

0                                                        1
$End
$DFT_Energy
   &GeometryIndex 5
   &nAlphaEl [&Type "Integer"] 82
   &nBetaEl [&Type "Integer"] 82
   &nTotalEl [&Type "Integer"] 164
   &finalEn [&Type "Double"]      -1.1779765960840991e+03  "No Van der Waals correction"
   &eExchange [&Type "Double"]      -1.1708871558538239e+02
   &eCorr [&Type "Double"]      -6.7991155342122074e+00
   &eXC [&Type "Double"]      -1.2388783111959459e+02
   &eCNL [&Type "Double"]       0.0000000000000000e+00
$End
$Solvation_Details
   &GeometryIndex 5
   &Solvent [&Type "String"] "WATER"
   &Epsilon [&Type "Double"]       8.0150999999999996e+01
   &Refrac [&Type "Double"]       1.3328000000000000e+00
   &RSolv [&Type "Double"]       1.3000000000000000e+00
   &SurfaceType [&Type "String"] "GAUSSIAN VDW"
   &CPCMDielEnergy [&Type "Double"]      -3.3652119000000001e-02
   &NPoints [&Type "Integer"] 2908
   &SurfaceArea [&Type "Double"]       1.1189416361220001e+03
$End
$SCF_Timings
   &GeometryIndex 5
   &TOTAL [&Type "Double"]       1.9808900000000000e+02
   &PREP [&Type "Double"]       5.4300000000000004e-01
   &FOCK [&Type "Double"]       1.8904400000000007e+02
   &DENS [&Type "Double"]       2.5700000000003342e-01
   &ETOT [&Type "Double"]       1.3799999999995549e-01
   &TRAFO [&Type "Double"]       6.9000000000016826e-02
   &DIIS [&Type "Double"]       3.9599999999998658e-01
   &SOSCF [&Type "Double"]       3.9900000000002223e-01
   &XC [&Type "Double"]       2.0446999999999971e+01
   &FOCKSTART [&Type "Double"]       1.1000000000016885e-02
   &SOLV [&Type "Double"]       1.9119000000000000e+01
   &SOLV_INIT [&Type "Double"]       3.7200000000000000e-01
   &INT_BF [&Type "Double"]       7.3139999999993783e+00
   &INT_DENS [&Type "Double"]       4.5790000000003133e+00
   &INT_DENSIO [&Type "Double"]       3.2718974089999991e+06
   &INT_FUNC [&Type "Double"]       6.5200000000005787e-01
   &INT_POT [&Type "Double"]       7.0440000000004943e+00
   &INT_POTIO [&Type "Double"]       2.3099999999989507e-01
   &SPLITRIJ [&Type "Double"]       1.6484999999999982e+01
   &COSX [&Type "Double"]       1.4034000000000003e+02
$End
$VdW_Correction
   &GeometryIndex 5
   &vdW [&Type "Double"]      -7.4234459303643058e-02
$End
$Single_Point_Data
   &GeometryIndex 5
   &FinalEnergy [&Type "Double"]      -1.1780508305434028e+03  "Final single point energy"
   &Converged [&Type "Boolean"] true
$End
$SCF_Nuc_Gradient
   &GeometryIndex 5
   &NAtoms [&Type "Integer"] 33
   &gradNorm [&Type "Double"]       1.6813695857846110e-02
   &grad [&Type "ArrayOfDoubles", &Dim (99,1)] 
                                                         0

0                                      4.7502358283288784e-04
1                                     -1.4907065037766112e-03
2                                     -6.9564748655953049e-04
3                                     -1.3353530749410927e-03
4                                      1.4749539835880550e-03
5                                      6.8690080942812408e-04
6                                      9.7836618111979802e-04
7                                     -1.3518815937128587e-04
8                                     -4.1323789522650393e-05
9                                     -4.8415363626116096e-03
10                                     7.4266260100823737e-04
11                                     8.7611457401268861e-04
12                                     2.0901012432954827e-03
13                                     1.1485103928447234e-04
14                                     6.9326433052406414e-04
15                                     6.6289273550038247e-03
16                                    -3.9006445799022716e-03
17                                    -7.8035443778355954e-04
18                                    -2.3446593597846437e-03
19                                     3.6123547104457967e-03
20                                     1.3378450808894480e-03
21                                     1.2829264633067643e-03
22                                     2.6672055338063512e-04
23                                    -5.5982711382262905e-05
24                                    -6.3394859367470926e-05
25                                    -2.9440066309192946e-03
26                                    -7.9111837322700870e-04
27                                     2.2738153725748739e-03
28                                     2.3822917165675925e-03
29                                     3.1927327755467052e-03
30                                     2.6321804283580773e-03
31                                     1.8749288481288064e-03
32                                    -1.1548580282433117e-03
33                                    -8.0309865544382457e-04
34                                    -1.4288170960272953e-03
35                                    -7.8140604999588352e-04
36                                    -2.2789034916043003e-03
37                                     2.3723167389305606e-03
38                                     4.9708080611358106e-04
39                                     8.0029168345794363e-04
40                                    -9.2675780275907585e-04
41                                    -6.4692293379423535e-05
42                                     3.8562311192547175e-03
43                                     5.7012251416371773e-04
44                                     1.3697709531614949e-04
45                                    -2.5121938856792962e-03
46                                    -6.6379802608467961e-04
47                                    -3.1359361152676849e-04
48                                    -1.1577947842834110e-03
49                                    -2.7992344613281847e-03
50                                    -4.2245996374797891e-04
51                                    -8.2185362563470506e-04
52                                     9.3609690226421557e-04
53                                     3.1587344051957838e-04
54                                    -1.1834060316448631e-03
55                                    -4.8710153572805001e-04
56                                     7.2499006996597768e-04
57                                    -3.7459227464244952e-03
58                                    -1.8599573920327558e-03
59                                    -5.3853233348905352e-04
60                                     2.0418342850433849e-04
61                                     5.1811975395450564e-04
62                                     8.6877341999978239e-05
63                                    -1.8444141103016955e-03
64                                     4.7393936674695117e-03
65                                    -2.3399085382118838e-03
66                                    -4.3907067404164830e-04
67                                    -3.2838936168354416e-03
68                                     1.8973120999275818e-03
69                                     4.6848174547280163e-05
70                                     3.1211222751880232e-04
71                                     2.6014580613021202e-05
72                                    -8.7618339143472447e-05
73                                    -2.2249757947953312e-04
74                                    -5.8452117764720205e-05
75                                     2.5601304506893673e-05
76                                    -8.8195833160987851e-05
77                                    -1.8164685625178514e-03
78                                     1.6105302297766500e-04
79                                    -8.0985567412523106e-05
80                                    -7.2694125868242416e-05
81                                    -1.9417941737018577e-04
82                                     2.5070823799802313e-04
83                                     1.2818833242564910e-04
84                                     7.6621564194590715e-05
85                                     3.8006507466074901e-05
86                                    -3.5825613918750461e-05
87                                     5.5016646965121130e-04
88                                     3.6238140304468969e-04
89                                     9.9271089524514435e-05
90                                     9.0498604157298170e-04
91                                    -1.6515294014106288e-05
92                                    -1.5779838502716725e-04
93                                    -6.6115909234701039e-06
94                                    -6.3372977524407898e-06
95                                    -7.6755057310657135e-05
96                                     6.7268771128293939e-04
97                                    -2.3338402353317048e-04
98                                    -5.0157096692408454e-04
   &Method [&Type "String"] "SCF"
   &Level [&Type "String"] "Relaxed density"
   &Mult [&Type "Integer"] 1
   &State [&Type "Integer"] 0
   &Irrep [&Type "Integer"] 0
$End
$Geometry
   &GeometryIndex 6
   &NAtoms [&Type "Integer"] 33
   &NCorelessECP [&Type "Integer"] 0
   &NGhostAtoms [&Type "Integer"] 0
   &CartesianCoordinates [&Type "Coordinates", &Dim(33,4), &Units "Bohr"] 
              O     -9.105718842528    4.554874991768    2.115983582057
              C     -7.725897639192    2.573259077576    1.320609117939
              C     -8.883027934702    0.308029979307    0.525353826442
              C     -7.401365205284   -1.709330378290   -0.277228429468
              O     -8.458392908131   -3.875595148886   -1.033633614361
              C     -4.711285897311   -1.467456866116   -0.291775221106
              C     -3.627642962384    0.829195187934    0.511910382417
              C     -5.089440863326    2.860039447158    1.322243288115
              O     -1.083453445058    1.093489362578    0.521760340008
              C      0.546593748212   -0.756348123065   -0.248858200459
              C      3.196641214449    0.031293504983   -0.128995581026
              C      3.765287995754    2.600838068090    0.286839194092
              C      6.266323906900    3.427073768607    0.418980603189
              O      6.928653392987    5.874881793018    0.795619835107
              C      8.255869261595    1.680511305864    0.149684492509
              O     10.675419912139    2.489100811071    0.276879084166
              C      7.679064512126   -0.886108431944   -0.246677064582
              O      9.734372871639   -2.416713353937   -0.456087051049
              C      5.187812477704   -1.721572649284   -0.393799933756
              C     -0.411335154767   -3.034105853028   -1.065089419557
              O      1.047302152617   -4.969840675136   -1.874033445668
              C     -3.115610610645   -3.493806831375   -1.115528584404
              O     -3.919165465709   -5.606904377688   -1.867567837243
              H    -10.895769898770    4.164362146185    2.041795315892
              H    -10.938531843724    0.122177067075    0.536932033866
              H     -7.051994357692   -5.037717550340   -1.511338153091
              H     -4.213809944399    4.617726272097    1.941402541910
              H      2.250488475313    3.979966824105    0.502960003201
              H      5.421942923163    6.904151046144    0.956043830735
              H     11.777537702151    1.036790953689    0.046665611969
              H      9.235101758767   -4.149955076499   -0.771562036158
              H      4.810256054393   -3.718532208304   -0.698625957359
              H     -0.146414358901   -6.303963055971   -2.346420502666
$End
$SCF_Energy
   &GeometryIndex 6
   &Method [&Type "String"] "SCF"
   &totalEnergy [&Type "ArrayOfDoubles", &Dim (1,1)] "Total energy of each state"
                                                         0

0                                     -1.1779769866070023e+03
   &Mult [&Type "ArrayOfIntegers", &Dim (1,1)] "Multiplicity of each state"
                                                         0

0                                                        1
$End
$DFT_Energy
   &GeometryIndex 6
   &nAlphaEl [&Type "Integer"] 82
   &nBetaEl [&Type "Integer"] 82
   &nTotalEl [&Type "Integer"] 164
   &finalEn [&Type "Double"]      -1.1779769866070023e+03  "No Van der Waals correction"
   &eExchange [&Type "Double"]      -1.1708755845506705e+02
   &eCorr [&Type "Double"]      -6.7990398410951416e+00
   &eXC [&Type "Double"]      -1.2388659829616219e+02
   &eCNL [&Type "Double"]       0.0000000000000000e+00
$End
$Solvation_Details
   &GeometryIndex 6
   &Solvent [&Type "String"] "WATER"
   &Epsilon [&Type "Double"]       8.0150999999999996e+01
   &Refrac [&Type "Double"]       1.3328000000000000e+00
   &RSolv [&Type "Double"]       1.3000000000000000e+00
   &SurfaceType [&Type "String"] "GAUSSIAN VDW"
   &CPCMDielEnergy [&Type "Double"]      -3.3407421999999999e-02
   &NPoints [&Type "Integer"] 2900
   &SurfaceArea [&Type "Double"]       1.1169917386919999e+03
$End
$SCF_Timings
   &GeometryIndex 6
   &TOTAL [&Type "Double"]       1.6819900000000001e+02
   &PREP [&Type "Double"]       5.2900000000000003e-01
   &FOCK [&Type "Double"]       1.5874200000000002e+02
   &DENS [&Type "Double"]       2.3199999999999932e-01
   &ETOT [&Type "Double"]       1.1999999999998678e-01
   &TRAFO [&Type "Double"]       7.2000000000002728e-02
   &DIIS [&Type "Double"]       3.9799999999999613e-01
   &SOSCF [&Type "Double"]       3.0200000000002092e-01
   &XC [&Type "Double"]       1.7309000000000015e+01
   &FOCKSTART [&Type "Double"]       1.1999999999987354e-02
   &SOLV [&Type "Double"]       1.5893000000000008e+01
   &SOLV_INIT [&Type "Double"]       3.6599999999999999e-01
   &INT_BF [&Type "Double"]       6.3149999999994684e+00
   &INT_DENS [&Type "Double"]       3.6960000000004456e+00
   &INT_DENSIO [&Type "Double"]       2.2630515059999991e+06
   &INT_FUNC [&Type "Double"]       5.9499999999962583e-01
   &INT_POT [&Type "Double"]       5.9140000000001116e+00
   &INT_POTIO [&Type "Double"]       2.4100000000006361e-01
   &SPLITRIJ [&Type "Double"]       1.3814999999999987e+01
   &COSX [&Type "Double"]       1.1966000000000001e+02
$End
$VdW_Correction
   &GeometryIndex 6
   &vdW [&Type "Double"]      -7.4226498862950074e-02
$End
$Single_Point_Data
   &GeometryIndex 6
   &FinalEnergy [&Type "Double"]      -1.1780512131058654e+03  "Final single point energy"
   &Converged [&Type "Boolean"] true
$End
$SCF_Nuc_Gradient
   &GeometryIndex 6
   &NAtoms [&Type "Integer"] 33
   &gradNorm [&Type "Double"]       7.7498645473209234e-03
   &grad [&Type "ArrayOfDoubles", &Dim (99,1)] 
                                                         0

0                                     -4.8034396476319299e-05
1                                     -7.0136051019981430e-04
2                                     -1.9642323423460463e-04
3                                     -2.6488699466483930e-04
4                                      3.0008402523747037e-04
5                                      3.1760126670102095e-05
6                                      9.2423111298474371e-04
7                                     -8.4472303442636849e-05
8                                      2.1696233152264385e-05
9                                     -2.7454211411864411e-03
10                                     1.1913978712448678e-03
11                                     3.5518700699567382e-04
12                                     4.1927463881873817e-04
13                                     1.4137330284599636e-04
14                                    -5.7062728860020776e-05
15                                     3.1613204212637800e-03
16                                    -9.5152962893870570e-04
17                                     4.2313336157432307e-05
18                                    -1.9505237867561735e-03
19                                     1.4533639407016477e-03
20                                     2.8678435455070796e-04
21                                     2.4809715621768470e-04
22                                    -2.0511408200194717e-04
23                                    -5.5846981911295186e-05
24                                    -6.0683672528416191e-06
25                                    -1.2470735045828703e-03
26                                     2.3659864490589521e-04
27                                     1.2612886606467896e-03
28                                     1.0319362325718966e-03
29                                     1.1323541256162456e-03
30                                     1.3925561668414323e-03
31                                     6.4759929797992427e-04
32                                    -6.6311029040289646e-04
33                                    -3.5775724923495689e-04
34                                     1.0834255240554425e-04
35                                    -2.3442883357834498e-04
36                                    -8.5039136358095130e-04
37                                     6.8796888691695737e-04
38                                     1.6258511780998405e-04
39                                     9.0439354483944876e-05
40                                    -1.9097997126980718e-04
41                                     1.9348620126632396e-05
42                                     1.3692392514557108e-03
43                                     8.8250844185661673e-05
44                                     2.2300893619841719e-05
45                                    -1.4415270432978854e-03
46                                    -3.4898941643562737e-04
47                                    -1.9940677934538484e-04
48                                    -3.6994400077059976e-04
49                                    -9.6122414554906065e-04
50                                    -2.9574383339581032e-04
51                                    -6.5269632847524150e-04
52                                     3.0195104501869874e-04
53                                     3.9061869125189586e-04
54                                     6.7476795364233312e-05
55                                    -6.4914425671600809e-04
56                                     2.2682340442743861e-04
57                                    -1.7832353370936700e-03
58                                    -3.7575455018952269e-04
59                                    -3.6024224913982399e-04
60                                     8.4751534057043445e-04
61                                    -9.2170513676262226e-04
62                                    -2.4838930636097273e-04
63                                    -6.4120571975172518e-04
64                                     2.4971371182817056e-03
65                                    -3.7420202757203224e-04
66                                    -7.7060320405466381e-04
67                                    -1.2729848008317915e-03
68                                    -1.6360654536405015e-05
69                                    -6.7552600679908069e-05
70                                     2.3305876268539169e-04
71                                     2.9642860217923110e-05
72                                     6.6489557053374057e-05
73                                    -8.9062324603566169e-06
74                                    -3.2587936528804362e-05
75                                     4.4773255833980338e-04
76                                    -9.0032121658329258e-04
77                                    -2.3959154137234028e-05
78                                     1.2190071545023016e-04
79                                    -1.2181252594980639e-04
80                                    -7.4869202338738555e-05
81                                     8.7537178660672586e-05
82                                    -8.3484408105074463e-05
83                                     1.6744060990426205e-05
84                                     5.3845837988519122e-05
85                                     2.4645968197982296e-05
86                                     3.5366079312057376e-05
87                                     3.7238225112830553e-04
88                                     1.3707383873150152e-04
89                                     3.2898452797814254e-05
90                                     4.9065725527441990e-04
91                                    -9.9131553244762743e-05
92                                    -1.7830856010747664e-04
93                                     3.9428597419693566e-05
94                                     2.8348574412259751e-04
95                                     6.0691380171004349e-05
96                                     4.8843480885906788e-04
97                                    -3.6811749871601320e-06
98                                    -9.2771628385736725e-05
   &Method [&Type "String"] "SCF"
   &Level [&Type "String"] "Relaxed density"
   &Mult [&Type "Integer"] 1
   &State [&Type "Integer"] 0
   &Irrep [&Type "Integer"] 0
$End
$Geometry
   &GeometryIndex 7
   &NAtoms [&Type "Integer"] 33
   &NCorelessECP [&Type "Integer"] 0
   &NGhostAtoms [&Type "Integer"] 0
   &CartesianCoordinates [&Type "Coordinates", &Dim(33,4), &Units "Bohr"] 
              O     -9.109597860156    4.576915615638    2.047030330647
              C     -7.729090194411    2.585031224179    1.272989357794
              C     -8.885490584145    0.308792994493    0.509601542297
              C     -7.400208810242   -1.717169846870   -0.267844170091
              O     -8.460952014559   -3.890375981283   -1.000757966916
              C     -4.714472521140   -1.471116812216   -0.283511010329
              C     -3.628396380491    0.836321834039    0.480894397815
              C     -5.094251039398    2.876767117667    1.262524081766
              O     -1.085917820152    1.111926913307    0.479183876018
              C      0.546386932846   -0.752043673631   -0.256474988778
              C      3.195529574903    0.034865927196   -0.127373821899
              C      3.770867185689    2.594472085829    0.347347761506
              C      6.273445614070    3.418939667952    0.479095607978
              O      6.930906261089    5.860427922295    0.907590155940
              C      8.261680306422    1.683626963245    0.154185487495
              O     10.686010828450    2.485880603103    0.288556667651
              C      7.682407785910   -0.869652433879   -0.304685676941
              O      9.731437336416   -2.400477622104   -0.576617901293
              C      5.190335039046   -1.703645825771   -0.455316910215
              C     -0.405382091608   -3.047070132641   -1.020885905537
              O      1.046290086829   -5.003400326315   -1.786985208529
              C     -3.109518969487   -3.512584580500   -1.060942941009
              O     -3.909613486638   -5.629963704765   -1.796649979366
              H    -10.898678007837    4.179570728895    1.986153618741
              H    -10.940744927068    0.121739985506    0.526535781341
              H     -7.054011327692   -5.048176398439   -1.481495664537
              H     -4.222256169108    4.645580012062    1.854987769479
              H      2.258593494803    3.968760079078    0.605685588007
              H      5.422018540912    6.880719877429    1.101226859644
              H     11.779410899527    1.035225898594    0.012208718174
              H      9.215455144388   -4.123509215768   -0.921105724837
              H      4.814923346843   -3.692892149639   -0.811930087546
              H     -0.157305146625   -6.343675719300   -2.218777592808
$End
$SCF_Energy
   &GeometryIndex 7
   &Method [&Type "String"] "SCF"
   &totalEnergy [&Type "ArrayOfDoubles", &Dim (1,1)] "Total energy of each state"
                                                         0

0                                     -1.1779770775469033e+03
   &Mult [&Type "ArrayOfIntegers", &Dim (1,1)] "Multiplicity of each state"
                                                         0

0                                                        1
$End
$DFT_Energy
   &GeometryIndex 7
   &nAlphaEl [&Type "Integer"] 82
   &nBetaEl [&Type "Integer"] 82
   &nTotalEl [&Type "Integer"] 164
   &finalEn [&Type "Double"]      -1.1779770775469033e+03  "No Van der Waals correction"
   &eExchange [&Type "Double"]      -1.1708836931074117e+02
   &eCorr [&Type "Double"]      -6.7991373324019895e+00
   &eXC [&Type "Double"]      -1.2388750664314315e+02
   &eCNL [&Type "Double"]       0.0000000000000000e+00
$End
$Solvation_Details
   &GeometryIndex 7
   &Solvent [&Type "String"] "WATER"
   &Epsilon [&Type "Double"]       8.0150999999999996e+01
   &Refrac [&Type "Double"]       1.3328000000000000e+00
   &RSolv [&Type "Double"]       1.3000000000000000e+00
   &SurfaceType [&Type "String"] "GAUSSIAN VDW"
   &CPCMDielEnergy [&Type "Double"]      -3.3201071999999998e-02
   &NPoints [&Type "Integer"] 2900
   &SurfaceArea [&Type "Double"]       1.1156649269110001e+03
$End
$SCF_Timings
   &GeometryIndex 7
   &TOTAL [&Type "Double"]       1.6438399999999999e+02
   &PREP [&Type "Double"]       5.2000000000000002e-01
   &FOCK [&Type "Double"]       1.5555799999999999e+02
   &DENS [&Type "Double"]       2.2399999999998954e-01
   &ETOT [&Type "Double"]       1.2399999999998457e-01
   &TRAFO [&Type "Double"]       6.7000000000014381e-02
   &DIIS [&Type "Double"]       3.7500000000000000e-01
   &SOSCF [&Type "Double"]       2.9600000000000648e-01
   &XC [&Type "Double"]       1.6967999999999996e+01
   &FOCKSTART [&Type "Double"]       1.0999999999992016e-02
   &SOLV [&Type "Double"]       1.5699000000000030e+01
   &SOLV_INIT [&Type "Double"]       3.5499999999999998e-01
   &INT_BF [&Type "Double"]       6.1049999999997588e+00
   &INT_DENS [&Type "Double"]       3.8239999999995433e+00
   &INT_DENSIO [&Type "Double"]       2.2238973450000011e+06
   &INT_FUNC [&Type "Double"]       5.3400000000016590e-01
   &INT_POT [&Type "Double"]       5.7330000000003984e+00
   &INT_POTIO [&Type "Double"]       2.0600000000005991e-01
   &SPLITRIJ [&Type "Double"]       1.3727000000000013e+01
   &COSX [&Type "Double"]       1.1653000000000000e+02
$End
$VdW_Correction
   &GeometryIndex 7
   &vdW [&Type "Double"]      -7.4234505077281604e-02
$End
$Single_Point_Data
   &GeometryIndex 7
   &FinalEnergy [&Type "Double"]      -1.1780513120519806e+03  "Final single point energy"
   &Converged [&Type "Boolean"] true
$End
$SCF_Nuc_Gradient
   &GeometryIndex 7
   &NAtoms [&Type "Integer"] 33
   &gradNorm [&Type "Double"]       3.1770034595160501e-03
   &grad [&Type "ArrayOfDoubles", &Dim (99,1)] 
                                                         0

0                                     -2.1469169916950531e-04
1                                     -6.2947504147986587e-05
2                                      5.6494086704197456e-05
3                                      3.3108609836210998e-04
4                                     -2.2202908661957598e-04
5                                     -1.9059410676505105e-04
6                                      4.6221004742363648e-04
7                                     -6.7470475493128259e-05
8                                     -5.7806440388757669e-05
9                                     -5.5281720563881006e-04
10                                     2.7188093817563284e-04
11                                     1.8070085606252038e-04
12                                    -4.2201094156499335e-04
13                                     7.0531889741150798e-05
14                                     1.3933855323767030e-04
15                                     2.3345065176051902e-04
16                                     7.1828414457549331e-04
17                                     1.1554130273302224e-04
18                                    -8.0657523338453058e-04
19                                    -2.7764375148305335e-04
20                                    -3.9000144694098965e-04
21                                    -3.3846896347487142e-04
22                                    -1.4606492554310272e-04
23                                    -4.7170041738360839e-05
24                                     1.0490179562071312e-04
25                                    -3.3466715882600901e-05
26                                     5.1786541749952817e-04
27                                     9.8364704379871984e-05
28                                    -9.8905805564731013e-05
29                                    -4.6942180877733355e-04
30                                     1.5404584402720642e-04
31                                    -2.7993991007128769e-04
32                                    -1.1593325815907330e-05
33                                    -6.5937696313075574e-05
34                                     6.3775862113947090e-04
35                                     9.8824899726477106e-05
36                                     3.3552120183761159e-04
37                                    -3.4469697552185537e-04
38                                    -2.4924798379598158e-05
39                                    -1.8452438276008693e-04
40                                     1.8897779635037074e-04
41                                    -4.1319638856974648e-05
42                                    -4.1665133606645264e-04
43                                    -1.0631806265130154e-04
44                                    -1.4564516733070641e-04
45                                    -1.9742911430761984e-04
46                                    -1.4115989891248093e-04
47                                    -1.1190225823395834e-05
48                                     2.6576543287840456e-04
49                                     3.1723763509259890e-04
50                                     6.9543010005923724e-05
51                                    -3.3960880969638739e-04
52                                    -9.9770048703083018e-05
53                                     2.2122291877868787e-04
54                                     3.5427598185205293e-04
55                                    -2.4176918832321268e-04
56                                     1.9941229204639885e-05
57                                    -3.2923258086853854e-04
58                                     4.3442051847107773e-04
59                                    -5.3635298607724159e-04
60                                     5.6615767293536560e-04
61                                    -6.2628602893650433e-04
62                                    -1.5775325497724787e-04
63                                     5.3007826150076897e-04
64                                    -5.1248985380110944e-05
65                                     1.5086082070611064e-03
66                                    -6.0009571844465862e-04
67                                     2.2659012164359519e-04
68                                    -5.4294249303242970e-04
69                                    -6.4566780009835481e-05
70                                     9.3494554626540153e-05
71                                     1.0821407207161908e-05
72                                     7.1188674052924015e-05
73                                     7.7155550548870791e-05
74                                     5.1641570415344999e-05
75                                     5.3145764938051414e-04
76                                    -1.6478859413796145e-04
77                                    -3.6268502751081623e-04
78                                     7.9491958438487106e-05
79                                    -8.5372610043901742e-05
80                                    -1.3498500262332981e-05
81                                     9.2822634018446441e-05
82                                    -1.6330059720274441e-04
83                                    -5.4595969783036700e-05
84                                     1.2891934045536074e-05
85                                     2.7363192738109139e-05
86                                     3.9848105399737639e-05
87                                     1.0347717106403911e-04
88                                     6.7659061914647695e-05
89                                    -8.7652229674186659e-06
90                                     7.4827344479004262e-05
91                                    -7.3261986874013257e-05
92                                    -1.8891120428440487e-04
93                                    -5.8250030998895812e-05
94                                     7.1888253917854882e-05
95                                     3.6713404592299346e-05
96                                     1.8884557446882918e-04
97                                     8.3198885726730335e-05
98                                     1.8806668984904624e-04
   &Method [&Type "String"] "SCF"
   &Level [&Type "String"] "Relaxed density"
   &Mult [&Type "Integer"] 1
   &State [&Type "Integer"] 0
   &Irrep [&Type "Integer"] 0
$End
$Geometry
   &GeometryIndex 8
   &NAtoms [&Type "Integer"] 33
   &NCorelessECP [&Type "Integer"] 0
   &NGhostAtoms [&Type "Integer"] 0
   &CartesianCoordinates [&Type "Coordinates", &Dim(33,4), &Units "Bohr"] 
              O     -9.107327230142    4.601371160187    1.980031571536
              C     -7.728370328130    2.599592476126    1.228698109754
              C     -8.885644653332    0.311709950798    0.500423724448
              C     -7.399816982006   -1.724123541025   -0.252707559674
              O     -8.461054551243   -3.910797063054   -0.943086142462
              C     -4.715806363918   -1.473678795808   -0.283391106587
              C     -3.627769679789    0.844158693344    0.448426516643
              C     -5.093840217731    2.894000328579    1.206254501871
              O     -1.086830910707    1.123062142605    0.437285458809
              C      0.546727729827   -0.752521233258   -0.264390629542
              C      3.194694430622    0.035085647891   -0.131898313199
              C      3.771539270949    2.584841529358    0.393484046290
              C      6.273987141359    3.409631988187    0.532265082159
              O      6.929851586316    5.842108754460    1.011398262109
              C      8.263533073275    1.685297983146    0.162664940636
              O     10.688558800497    2.486029716535    0.306455706975
              C      7.684082191760   -0.857120295733   -0.350783290848
              O      9.732844236490   -2.380143177205   -0.668861383385
              C      5.192017876935   -1.691247333823   -0.507454298264
              C     -0.405393960921   -3.057338300636   -0.997711623743
              O      1.039797411176   -5.026202934909   -1.738235761908
              C     -3.109396879316   -3.521442418131   -1.041069070042
              O     -3.905671085314   -5.653657558172   -1.735595811846
              H    -10.895954536803    4.200528431280    1.932733089902
              H    -10.940775543244    0.122906290565    0.528357263111
              H     -7.054022618921   -5.078415433690   -1.395444567248
              H     -4.222881575400    4.671995951607    1.772577423997
              H      2.259764787144    3.952650678357    0.688725510348
              H      5.420375208537    6.856194429302    1.231059375956
              H     11.780039095010    1.041205614691   -0.005271554503
              H      9.213446817849   -4.097421140459   -1.035768240719
              H      4.819591288216   -3.673138054099   -0.906418882039
              H     -0.170482801659   -6.365313459631   -2.158310296871
$End
$SCF_Energy
   &GeometryIndex 8
   &Method [&Type "String"] "SCF"
   &totalEnergy [&Type "ArrayOfDoubles", &Dim (1,1)] "Total energy of each state"
                                                         0

0                                     -1.1779771182466088e+03
   &Mult [&Type "ArrayOfIntegers", &Dim (1,1)] "Multiplicity of each state"
                                                         0

0                                                        1
$End
$DFT_Energy
   &GeometryIndex 8
   &nAlphaEl [&Type "Integer"] 82
   &nBetaEl [&Type "Integer"] 82
   &nTotalEl [&Type "Integer"] 164
   &finalEn [&Type "Double"]      -1.1779771182466088e+03  "No Van der Waals correction"
   &eExchange [&Type "Double"]      -1.1708870152957186e+02
   &eCorr [&Type "Double"]      -6.7992006600780428e+00
   &eXC [&Type "Double"]      -1.2388790218964991e+02
   &eCNL [&Type "Double"]       0.0000000000000000e+00
$End
$Solvation_Details
   &GeometryIndex 8
   &Solvent [&Type "String"] "WATER"
   &Epsilon [&Type "Double"]       8.0150999999999996e+01
   &Refrac [&Type "Double"]       1.3328000000000000e+00
   &RSolv [&Type "Double"]       1.3000000000000000e+00
   &SurfaceType [&Type "String"] "GAUSSIAN VDW"
   &CPCMDielEnergy [&Type "Double"]      -3.3092946999999998e-02
   &NPoints [&Type "Integer"] 2894
   &SurfaceArea [&Type "Double"]       1.1146571172859999e+03
$End
$SCF_Timings
   &GeometryIndex 8
   &TOTAL [&Type "Double"]       1.4655799999999999e+02
   &PREP [&Type "Double"]       5.2900000000000003e-01
   &FOCK [&Type "Double"]       1.3634199999999998e+02
   &DENS [&Type "Double"]       1.9699999999997431e-01
   &ETOT [&Type "Double"]       9.7000000000011966e-02
   &TRAFO [&Type "Double"]       6.6999999999985960e-02
   &DIIS [&Type "Double"]       3.7300000000000466e-01
   &SOSCF [&Type "Double"]       2.0400000000001484e-01
   &XC [&Type "Double"]       1.4734000000000002e+01
   &FOCKSTART [&Type "Double"]       8.9999999999765823e-03
   &SOLV [&Type "Double"]       1.3191999999999993e+01
   &SOLV_INIT [&Type "Double"]       3.6299999999999999e-01
   &INT_BF [&Type "Double"]       5.1309999999999896e+00
   &INT_DENS [&Type "Double"]       3.2320000000002196e+00
   &INT_DENSIO [&Type "Double"]       1.5451848599999994e+06
   &INT_FUNC [&Type "Double"]       4.6399999999982811e-01
   &INT_POT [&Type "Double"]       5.2719999999999523e+00
   &INT_POTIO [&Type "Double"]       1.6000000000000369e-01
   &SPLITRIJ [&Type "Double"]       1.1533000000000015e+01
   &COSX [&Type "Double"]       1.0581099999999999e+02
$End
$VdW_Correction
   &GeometryIndex 8
   &vdW [&Type "Double"]      -7.4237276867842678e-02
$End
$Single_Point_Data
   &GeometryIndex 8
   &FinalEnergy [&Type "Double"]      -1.1780513555234766e+03  "Final single point energy"
   &Converged [&Type "Boolean"] true
$End
$SCF_Nuc_Gradient
   &GeometryIndex 8
   &NAtoms [&Type "Integer"] 33
   &gradNorm [&Type "Double"]       2.3618696518945847e-03
   &grad [&Type "ArrayOfDoubles", &Dim (99,1)] 
                                                         0

0                                     -1.4956380401076776e-04
1                                      7.7348733457413056e-05
2                                      8.0654804125901517e-05
3                                      3.3306279712508324e-04
4                                     -1.9062639143383267e-04
5                                     -3.0219595028148014e-05
6                                      1.6513653555007740e-04
7                                     -7.5164342456693131e-05
8                                     -6.0540926177368014e-05
9                                      1.1050325458226203e-04
10                                    -2.4780737254528554e-04
11                                    -2.2468653366357200e-04
12                                    -4.9558289493880671e-04
13                                     1.6233770225394887e-04
14                                     3.6132834337928565e-05
15                                    -5.0429501437818873e-04
16                                     6.4819183608584455e-04
17                                     3.1132095792827888e-04
18                                    -6.9106131987447839e-05
19                                    -6.2746662468404117e-04
20                                    -3.4329601143912595e-04
21                                    -3.4736853234612001e-04
22                                     7.2486777111591572e-05
23                                    -5.2821071894258817e-06
24                                     1.0443394768238888e-04
25                                     1.6581951280282759e-04
26                                     2.8970740467363233e-04
27                                    -2.2841128546175258e-05
28                                    -2.8243007365213069e-04
29                                    -2.6021188886645401e-04
30                                    -4.7950003757298964e-04
31                                    -3.6104496431681600e-04
32                                    -1.3782705950251338e-05
33                                     6.9437517501694105e-05
34                                     4.4782793992393901e-04
35                                     1.2888716044970089e-04
36                                     4.4322598266680459e-04
37                                    -4.1954967877761660e-04
38                                    -5.1022181045429517e-05
39                                    -1.3502596322207365e-04
40                                     1.7741795960486288e-04
41                                    -6.9462225739612936e-05
42                                    -5.8918657712070117e-04
43                                    -7.7896626627066602e-05
44                                    -1.3417384839941251e-04
45                                     1.9196907898135331e-04
46                                    -7.9440407906770222e-05
47                                     6.2318236747721384e-05
48                                     3.3949322010466080e-04
49                                     5.2930078752367498e-04
50                                     1.3358690952283613e-04
51                                    -1.5249743235401216e-04
52                                    -1.9812470038415116e-04
53                                     1.6760420698078282e-04
54                                     2.9232576967438999e-04
55                                    -4.5242839779377966e-05
56                                    -1.8059447207728631e-05
57                                    -3.2734249994919679e-05
58                                     1.0611784577202135e-04
59                                     2.1827919776923736e-04
60                                     4.0458404573486933e-05
61                                    -1.8738035742220404e-04
62                                    -1.0561160842314864e-04
63                                     7.7896780396584614e-04
64                                    -1.8871901149371435e-06
65                                    -7.8576062692509727e-05
66                                    -3.7103436513936542e-04
67                                     2.3688101450476087e-04
68                                    -1.2784570166626103e-05
69                                    -1.0193236176073763e-05
70                                     8.2285929362213518e-06
71                                     6.2209611641603522e-06
72                                     6.1244862516918359e-06
73                                     1.2139925071333396e-04
74                                     2.5063228170169350e-05
75                                     4.8901868467775235e-04
76                                    -7.2701864751781108e-05
77                                     1.4341086966469834e-04
78                                     5.9819509489030003e-05
79                                    -2.0275214193477887e-05
80                                    -1.5735522884449305e-05
81                                    -7.7562593750822048e-06
82                                    -8.1434530562799986e-05
83                                    -3.7382718599668582e-05
84                                     2.3601437344303025e-05
85                                     8.3733106581724680e-06
86                                     2.2160557820598514e-05
87                                     1.0093163039541692e-05
88                                     7.5096556148272834e-05
89                                    -4.1436152047589208e-05
90                                    -6.1601839571437758e-05
91                                     1.1703949843185882e-05
92                                    -1.5195487622663784e-04
93                                    -2.0915699362340865e-05
94                                     2.3980799593080059e-05
95                                     4.0875246345805535e-05
96                                    -8.4682701319722795e-06
97                                     9.5960652867916111e-05
98                                    -1.2003574801267253e-05
   &Method [&Type "String"] "SCF"
   &Level [&Type "String"] "Relaxed density"
   &Mult [&Type "Integer"] 1
   &State [&Type "Integer"] 0
   &Irrep [&Type "Integer"] 0
$End
$Geometry
   &GeometryIndex 9
   &NAtoms [&Type "Integer"] 33
   &NCorelessECP [&Type "Integer"] 0
   &NGhostAtoms [&Type "Integer"] 0
   &CartesianCoordinates [&Type "Coordinates", &Dim(33,4), &Units "Bohr"] 
              O     -9.105743117617    4.626431046742    1.910488245616
              C     -7.728160662985    2.614250921323    1.186012582388
              C     -8.885882106646    0.315024887956    0.493411435371
              C     -7.399916730859   -1.730166584852   -0.235315059535
              O     -8.461214634755   -3.926432773281   -0.894464531994
              C     -4.716274530390   -1.477924856762   -0.277449386392
              C     -3.627579696079    0.851031872263    0.421462992941
              C     -5.093487117610    2.910172962202    1.154138862527
              O     -1.087949095574    1.132006736617    0.398677779187
              C      0.547330949239   -0.752419844903   -0.273581526460
              C      3.194473555313    0.036484618307   -0.141958356142
              C      3.771559342290    2.574799148250    0.435057884996
              C      6.273285943932    3.399431023961    0.583664503432
              O      6.929055253817    5.819649092451    1.120111740272
              C      8.264184344769    1.686657915507    0.167739070531
              O     10.688590672507    2.486544316935    0.321683234713
              C      7.684705330377   -0.844057015620   -0.402245483805
              O      9.734967230264   -2.355500606940   -0.765111783077
              C      5.192846232309   -1.678039335287   -0.564792494446
              C     -0.405786404389   -3.067878380373   -0.973428131134
              O      1.035923017295   -5.050321278691   -1.680692982084
              C     -3.109795196182   -3.533788547508   -1.009882082528
              O     -3.901992448177   -5.679320023893   -1.668102713680
              H    -10.894257720651    4.224219167724    1.873798834168
              H    -10.940913823627    0.125252578472    0.528640410226
              H     -7.056299553691   -5.099778531681   -1.335603073022
              H     -4.223423124182    4.696987332203    1.693481099799
              H      2.260387202646    3.934357761053    0.769750947394
              H      5.419607941330    6.827381711600    1.367594338148
              H     11.779967899788    1.049098148925   -0.023162687024
              H      9.216902099321   -4.068600100715   -1.152360425572
              H      4.822510239099   -3.651247939727   -1.006335180466
              H     -0.177810263494   -6.394494394871   -2.076786012689
$End
$SCF_Energy
   &GeometryIndex 9
   &Method [&Type "String"] "SCF"
   &totalEnergy [&Type "ArrayOfDoubles", &Dim (1,1)] "Total energy of each state"
                                                         0

0                                     -1.1779771342356905e+03
   &Mult [&Type "ArrayOfIntegers", &Dim (1,1)] "Multiplicity of each state"
                                                         0

0                                                        1
$End
$DFT_Energy
   &GeometryIndex 9
   &nAlphaEl [&Type "Integer"] 82
   &nBetaEl [&Type "Integer"] 82
   &nTotalEl [&Type "Integer"] 164
   &finalEn [&Type "Double"]      -1.1779771342356905e+03  "No Van der Waals correction"
   &eExchange [&Type "Double"]      -1.1708850082405814e+02
   &eCorr [&Type "Double"]      -6.7992178085827382e+00
   &eXC [&Type "Double"]      -1.2388771863264088e+02
   &eCNL [&Type "Double"]       0.0000000000000000e+00
$End
$Solvation_Details
   &GeometryIndex 9
   &Solvent [&Type "String"] "WATER"
   &Epsilon [&Type "Double"]       8.0150999999999996e+01
   &Refrac [&Type "Double"]       1.3328000000000000e+00
   &RSolv [&Type "Double"]       1.3000000000000000e+00
   &SurfaceType [&Type "String"] "GAUSSIAN VDW"
   &CPCMDielEnergy [&Type "Double"]      -3.3029427000000000e-02
   &NPoints [&Type "Integer"] 2905
   &SurfaceArea [&Type "Double"]       1.1141758403950000e+03
$End
$SCF_Timings
   &GeometryIndex 9
   &TOTAL [&Type "Double"]       1.4531800000000001e+02
   &PREP [&Type "Double"]       5.5400000000000005e-01
   &FOCK [&Type "Double"]       1.3540700000000001e+02
   &DENS [&Type "Double"]       1.9799999999999329e-01
   &ETOT [&Type "Double"]       1.0199999999999676e-01
   &TRAFO [&Type "Double"]       6.7999999999990735e-02
   &DIIS [&Type "Double"]       3.7200000000000344e-01
   &SOSCF [&Type "Double"]       2.0299999999999585e-01
   &XC [&Type "Double"]       1.4685999999999993e+01
   &FOCKSTART [&Type "Double"]       1.9999999999991913e-02
   &SOLV [&Type "Double"]       1.3184000000000012e+01
   &SOLV_INIT [&Type "Double"]       3.5999999999999999e-01
   &INT_BF [&Type "Double"]       5.2450000000003065e+00
   &INT_DENS [&Type "Double"]       3.2379999999999924e+00
   &INT_DENSIO [&Type "Double"]       1.5300837460000000e+06
   &INT_FUNC [&Type "Double"]       4.6200000000000330e-01
   &INT_POT [&Type "Double"]       5.1399999999996737e+00
   &INT_POTIO [&Type "Double"]       1.7200000000010718e-01
   &SPLITRIJ [&Type "Double"]       1.1454000000000017e+01
   &COSX [&Type "Double"]       1.0469200000000002e+02
$End
$VdW_Correction
   &GeometryIndex 9
   &vdW [&Type "Double"]      -7.4236533553386747e-02
$End
$Single_Point_Data
   &GeometryIndex 9
   &FinalEnergy [&Type "Double"]      -1.1780513707692439e+03  "Final single point energy"
   &Converged [&Type "Boolean"] true
$End
$SCF_Nuc_Gradient
   &GeometryIndex 9
   &NAtoms [&Type "Integer"] 33
   &gradNorm [&Type "Double"]       1.6496167342670018e-03
   &grad [&Type "ArrayOfDoubles", &Dim (99,1)] 
                                                         0

0                                     -3.9121176212313709e-05
1                                      6.4924773315530593e-05
2                                      3.7298237070971287e-05
3                                      1.4169413162840231e-04
4                                     -2.2727884363139063e-05
5                                      3.1018603961690237e-05
6                                     -4.1228410698529905e-06
7                                     -5.4619469369702718e-05
8                                     -7.6277914462033822e-05
9                                      1.4729025403804403e-04
10                                    -4.5055148211475907e-04
11                                    -1.2890639801442654e-04
12                                    -3.3616528860353363e-04
13                                     1.5193891876213544e-04
14                                     1.5842090651348897e-05
15                                    -4.4169750379626123e-04
16                                     2.5408339155572420e-04
17                                     1.4023278577029484e-04
18                                     3.1892587658115137e-04
19                                    -3.7430578818141197e-04
20                                    -1.1836939812402401e-04
21                                    -1.5613999929077780e-04
22                                     2.1248827901673939e-04
23                                     3.6992662105263127e-05
24                                    -4.2562548564500631e-05
25                                     4.0551862027549980e-06
26                                     8.5775404428828302e-05
27                                     1.9020011188323574e-04
28                                     1.1351947882976544e-05
29                                    -6.3615659718535030e-05
30                                    -6.4664746608703797e-04
31                                    -1.8567755005018035e-04
32                                    -7.5855620354964336e-05
33                                     1.2199810384133747e-04
34                                     1.6302108423946088e-04
35                                     6.4755188087740084e-05
36                                     1.0340543499357387e-04
37                                    -1.7754881993134355e-04
38                                    -7.1945294851183416e-05
39                                    -2.2258112939655718e-05
40                                     3.1412038705459549e-05
41                                    -4.4103193746231604e-05
42                                    -1.8895811962337184e-04
43                                    -1.1339219619389577e-05
44                                    -4.6891358299895276e-05
45                                     1.7186077297403561e-04
46                                    -3.5469031929956368e-05
47                                     8.0437624394072486e-05
48                                     1.6140202800247235e-04
49                                     3.1370681282019014e-04
50                                     2.9302801995282777e-05
51                                    -8.9573261097334851e-07
52                                    -1.7443149395275198e-04
53                                     1.6159999366765492e-04
54                                     1.2184973139896444e-04
55                                     3.7105115525670401e-05
56                                     2.5497048105980760e-05
57                                    -2.3731341571803103e-05
58                                    -1.2875403054431791e-04
59                                     2.2468462794822665e-04
60                                    -1.8985743132625353e-04
61                                     6.8834769534114096e-05
62                                     2.3411667707219440e-05
63                                     5.5650628082600125e-04
64                                     2.0006837253889819e-04
65                                    -3.5546158512984719e-04
66                                    -1.6069954012027426e-04
67                                    -4.8005898804135121e-05
68                                     1.1194758247436059e-04
69                                     1.2635261962486415e-05
70                                    -3.6784266106314276e-05
71                                     8.8272539038988031e-06
72                                    -2.9542598355900712e-05
73                                     1.1879420101717307e-04
74                                     2.4890368348207043e-05
75                                     3.4081979616973747e-04
76                                    -4.3342671486426419e-05
77                                     6.2971588094482364e-05
78                                     3.3118578564208028e-05
79                                     3.9473404792780939e-06
80                                    -5.3565673153146336e-06
81                                    -3.3281367133622530e-05
82                                    -2.0384302430298334e-05
83                                    -7.0431902172620332e-07
84                                     5.8350712415542319e-05
85                                     3.5810054329296105e-06
86                                     1.0347716864523825e-05
87                                     1.1472939725402204e-06
88                                     5.7789777581307623e-05
89                                    -6.0586606858431507e-05
90                                    -7.9285571612955385e-05
91                                     6.0504740919531798e-05
92                                    -1.0220846808922337e-04
93                                     3.7420313869015282e-05
94                                    -5.8998194377213103e-06
95                                     4.1560783518433627e-05
96                                    -1.2365789446075421e-04
97                                     1.2233987179810068e-05
98                                    -6.7111623505886409e-05
   &Method [&Type "String"] "SCF"
   &Level [&Type "String"] "Relaxed density"
   &Mult [&Type "Integer"] 1
   &State [&Type "Integer"] 0
   &Irrep [&Type "Integer"] 0
$End
$Geometry
   &GeometryIndex 10
   &NAtoms [&Type "Integer"] 33
   &NCorelessECP [&Type "Integer"] 0
   &NGhostAtoms [&Type "Integer"] 0
   &CartesianCoordinates [&Type "Coordinates", &Dim(33,4), &Units "Bohr"] 
              O     -9.104881942782    4.672682645078    1.774331655857
              C     -7.728914422751    2.641144778501    1.104039301968
              C     -8.886601743562    0.323536177267    0.474674062389
              C     -7.399841710379   -1.737900611869   -0.205907251042
              O     -8.461422211610   -3.950394791316   -0.808559522273
              C     -4.716510168628   -1.485594122460   -0.261282996447
              C     -3.627691649154    0.861485961259    0.379081112575
              C     -5.093933603791    2.937152444601    1.061829086663
              O     -1.089507241978    1.143872494948    0.341871815780
              C      0.548861064901   -0.755580382109   -0.278806245566
              C      3.195203550657    0.035808775405   -0.150006669442
              C      3.772359014489    2.550797822250    0.519532138183
              C      6.272432085926    3.376185449090    0.679859036114
              O      6.926722018025    5.771885038611    1.317211691732
              C      8.264468807807    1.688670269694    0.172831882973
              O     10.687680753058    2.488205780049    0.337361445734
              C      7.685005699144   -0.817650450412   -0.498836327154
              O      9.737182906426   -2.302116991661   -0.953450734721
              C      5.193979819557   -1.653189995155   -0.665266506783
              C     -0.404828687232   -3.087758986468   -0.922131254000
              O      1.033942222680   -5.091237169072   -1.571749942600
              C     -3.109605859652   -3.556845358789   -0.944590914506
              O     -3.895828215382   -5.721988810682   -1.543872857671
              H    -10.893631266758    4.270925870575    1.750037285785
              H    -10.941410869874    0.132646630785    0.518016263922
              H     -7.060650219539   -5.134920919685   -1.226196528249
              H     -4.225558088814    4.738496824021    1.553341011491
              H      2.262580819701    3.891692752123    0.927809195804
              H      5.416500967981    6.763775715141    1.619171830015
              H     11.778471770918    1.065934206991   -0.067759955338
              H      9.222833917609   -4.007559537971   -1.377469197469
              H      4.825844196821   -3.607098716897   -1.186890386043
              H     -0.183440686428   -6.445251764457   -1.923779476016
$End
$SCF_Energy
   &GeometryIndex 10
   &Method [&Type "String"] "SCF"
   &totalEnergy [&Type "ArrayOfDoubles", &Dim (1,1)] "Total energy of each state"
                                                         0

0                                     -1.1779771601386833e+03
   &Mult [&Type "ArrayOfIntegers", &Dim (1,1)] "Multiplicity of each state"
                                                         0

0                                                        1
$End
$DFT_Energy
   &GeometryIndex 10
   &nAlphaEl [&Type "Integer"] 82
   &nBetaEl [&Type "Integer"] 82
   &nTotalEl [&Type "Integer"] 164
   &finalEn [&Type "Double"]      -1.1779771601386833e+03  "No Van der Waals correction"
   &eExchange [&Type "Double"]      -1.1708822699904769e+02
   &eCorr [&Type "Double"]      -6.7992127541905010e+00
   &eXC [&Type "Double"]      -1.2388743975323820e+02
   &eCNL [&Type "Double"]       0.0000000000000000e+00
$End
$Solvation_Details
   &GeometryIndex 10
   &Solvent [&Type "String"] "WATER"
   &Epsilon [&Type "Double"]       8.0150999999999996e+01
   &Refrac [&Type "Double"]       1.3328000000000000e+00
   &RSolv [&Type "Double"]       1.3000000000000000e+00
   &SurfaceType [&Type "String"] "GAUSSIAN VDW"
   &CPCMDielEnergy [&Type "Double"]      -3.2970496000000002e-02
   &NPoints [&Type "Integer"] 2901
   &SurfaceArea [&Type "Double"]       1.1141345990600000e+03
$End
$SCF_Timings
   &GeometryIndex 10
   &TOTAL [&Type "Double"]       1.4937500000000000e+02
   &PREP [&Type "Double"]       5.4100000000000004e-01
   &FOCK [&Type "Double"]       1.3863300000000004e+02
   &DENS [&Type "Double"]       2.0200000000001239e-01
   &ETOT [&Type "Double"]       1.0499999999999332e-01
   &TRAFO [&Type "Double"]       7.8999999999986414e-02
   &DIIS [&Type "Double"]       3.8200000000000855e-01
   &SOSCF [&Type "Double"]       1.9799999999997908e-01
   &XC [&Type "Double"]       1.4852999999999987e+01
   &FOCKSTART [&Type "Double"]       9.0000000000014513e-03
   &SOLV [&Type "Double"]       1.3393999999999984e+01
   &SOLV_INIT [&Type "Double"]       3.6099999999999999e-01
   &INT_BF [&Type "Double"]       5.0970000000000937e+00
   &INT_DENS [&Type "Double"]       3.2100000000002566e+00
   &INT_DENSIO [&Type "Double"]       1.5660484540000001e+06
   &INT_FUNC [&Type "Double"]       4.3299999999992167e-01
   &INT_POT [&Type "Double"]       5.4779999999997209e+00
   &INT_POTIO [&Type "Double"]       1.7900000000004113e-01
   &SPLITRIJ [&Type "Double"]       1.1532999999999998e+01
   &COSX [&Type "Double"]       1.0828500000000001e+02
$End
$VdW_Correction
   &GeometryIndex 10
   &vdW [&Type "Double"]      -7.4232697204886372e-02
$End
$Single_Point_Data
   &GeometryIndex 10
   &FinalEnergy [&Type "Double"]      -1.1780513928358882e+03  "Final single point energy"
   &Converged [&Type "Boolean"] true
$End
$SCF_Nuc_Gradient
   &GeometryIndex 10
   &NAtoms [&Type "Integer"] 33
   &gradNorm [&Type "Double"]       1.7199573400717501e-03
   &grad [&Type "ArrayOfDoubles", &Dim (99,1)] 
                                                         0

0                                      5.8330419084851666e-05
1                                      5.8447794769880541e-05
2                                     -3.2736216189586313e-05
3                                     -9.3722169407907835e-05
4                                      6.7908282621548520e-05
5                                      8.3352154279335791e-05
6                                     -1.3303527555184950e-04
7                                     -5.5827871410591247e-05
8                                     -4.7902539515784895e-05
9                                      1.0594277175105882e-04
10                                    -3.6908652757163690e-04
11                                    -2.3845105052488128e-05
12                                     2.3631218634914350e-05
13                                     5.7299275176628196e-05
14                                     2.4683458005918870e-06
15                                    -2.8187635215512659e-04
16                                    -2.0887349721393137e-04
17                                    -1.0463225403075650e-04
18                                     6.0337463488670479e-04
19                                     9.3526897876658181e-05
20                                     1.3445006874298671e-04
21                                     9.5362139444263332e-05
22                                     2.1608699101140325e-04
23                                     4.4792243761746344e-05
24                                    -3.2421445856255237e-04
25                                    -1.9038627786770331e-04
26                                    -1.9788408734352565e-04
27                                     4.9151791513440436e-04
28                                     2.8972036502825197e-04
29                                     2.2217970119072316e-04
30                                    -6.2997923541279095e-04
31                                     7.3696939136642117e-05
32                                    -5.9309268517446807e-05
33                                     2.0169171206838320e-04
34                                    -1.4036172747002577e-04
35                                    -7.1257640964374091e-05
36                                    -3.9908889277216221e-04
37                                     1.2606179119886192e-04
38                                    -2.8076654544959351e-05
39                                     7.5214128704589780e-05
40                                    -1.7242027215372941e-04
41                                    -1.3578262812365726e-05
42                                     3.7898817542824151e-04
43                                     3.6456521163504352e-05
44                                     2.7370062386226390e-05
45                                     4.3515327550065134e-05
46                                     3.9747030238217526e-05
47                                     7.8138339916149267e-05
48                                    -1.4098473881419762e-04
49                                    -1.9635287955836528e-05
50                                    -4.5015892492564175e-05
51                                     1.9211365032443346e-04
52                                    -6.1108953177163160e-05
53                                     3.5986959714350502e-05
54                                    -2.1358906193678332e-05
55                                     9.5755438642522919e-05
56                                     7.5931514074485795e-05
57                                     7.2278370855013285e-05
58                                    -2.6965170939325235e-04
59                                     7.8199754482461521e-05
60                                    -3.1779914650348595e-04
61                                     1.6604313534845743e-04
62                                     8.2847729127038573e-05
63                                    -2.4969270202750376e-05
64                                     3.7778659985778027e-04
65                                    -2.3175310532001545e-04
66                                     1.5855273922188814e-04
67                                    -3.4832523959633336e-04
68                                     8.7903677702165668e-05
69                                     2.4690420611307376e-05
70                                    -5.5373752652367460e-05
71                                     1.2215317659715627e-05
72                                    -3.6983256157985538e-05
73                                     9.0660682534913817e-05
74                                     2.2176060141694961e-05
75                                     3.9096251219711612e-06
76                                     1.8358605082571480e-05
77                                    -2.9041283396936488e-05
78                                    -1.9063706211655896e-05
79                                     2.1315285135358353e-05
80                                     1.1988545440905896e-05
81                                    -4.0933848552704613e-06
82                                     2.4457881293486457e-05
83                                     1.2495269020298288e-05
84                                     8.3299254522671483e-05
85                                     5.0464323683085065e-05
86                                    -1.5091775213359849e-06
87                                    -3.2085054079276974e-05
88                                    -1.0259366767608659e-05
89                                    -2.2681039330906006e-05
90                                    -6.8493390775349209e-05
91                                     7.0052852214241585e-05
92                                    -2.9907147352545893e-05
93                                     1.5296496181250199e-04
94                                    -1.8962218417659040e-05
95                                     9.3143856661632567e-06
96                                    -2.3763003213843269e-04
97                                    -5.3573984300702207e-05
98                                    -8.2680461528906768e-05
   &Method [&Type "String"] "SCF"
   &Level [&Type "String"] "Relaxed density"
   &Mult [&Type "Integer"] 1
   &State [&Type "Integer"] 0
   &Irrep [&Type "Integer"] 0
$End
$Geometry
   &GeometryIndex 11
   &NAtoms [&Type "Integer"] 33
   &NCorelessECP [&Type "Integer"] 0
   &NGhostAtoms [&Type "Integer"] 0
   &CartesianCoordinates [&Type "Coordinates", &Dim(33,4), &Units "Bohr"] 
              O     -9.108290049252    4.674359908192    1.764646865984
              C     -7.731150614947    2.642080667294    1.099001258325
              C     -8.887243512867    0.323510799342    0.471325448099
              C     -7.399058513035   -1.737859287893   -0.205509598483
              O     -8.460201293831   -3.951010416448   -0.807238835278
              C     -4.715564577394   -1.485793144868   -0.258109561173
              C     -3.628631951132    0.862296945824    0.381287082750
              C     -5.096185649615    2.938010999203    1.060255120099
              O     -1.090106812727    1.145564286896    0.346636593829
              C      0.548357827696   -0.753861500460   -0.274130859460
              C      3.195353498045    0.036607723361   -0.145571449347
              C      3.773449963411    2.549995611435    0.527999219297
              C      6.273943340606    3.374556003575    0.685108334695
              O      6.928844569873    5.769264902391    1.325733004173
              C      8.264158206329    1.687456682440    0.169704466882
              O     10.687840035164    2.486561591943    0.328643679900
              C      7.683186577950   -0.817957197332   -0.504716838416
              O      9.734367613408   -2.301498013330   -0.966216505321
              C      5.191742363116   -1.652587735687   -0.667445365998
              C     -0.403202796059   -3.086242780478   -0.918026451444
              O      1.039910443009   -5.087789824784   -1.565657481476
              C     -3.107912578594   -3.557526197146   -0.939389806406
              O     -3.893390164797   -5.722602359679   -1.538774581589
              H    -10.897102708851    4.273085695471    1.737011535460
              H    -10.941936188542    0.131229942823    0.512064228447
              H     -7.059925339090   -5.136216872853   -1.223221287486
              H     -4.228731453035    4.740111194893    1.550577751267
              H      2.264459231824    3.890279702849    0.941353729602
              H      5.418399254028    6.759366715196    1.632830330711
              H     11.777506713318    1.064396184227   -0.080031787217
              H      9.219959897975   -4.007608117439   -1.387650460906
              H      4.820769181750   -3.604969596433   -1.193093359659
              H     -0.173803486348   -6.445401485137   -1.914952368198
$End
$SCF_Energy
   &GeometryIndex 11
   &Method [&Type "String"] "SCF"
   &totalEnergy [&Type "ArrayOfDoubles", &Dim (1,1)] "Total energy of each state"
                                                         0

0                                     -1.1779771470754524e+03
   &Mult [&Type "ArrayOfIntegers", &Dim (1,1)] "Multiplicity of each state"
                                                         0

0                                                        1
$End
$DFT_Energy
   &GeometryIndex 11
   &nAlphaEl [&Type "Integer"] 82
   &nBetaEl [&Type "Integer"] 82
   &nTotalEl [&Type "Integer"] 164
   &finalEn [&Type "Double"]      -1.1779771470754524e+03  "No Van der Waals correction"
   &eExchange [&Type "Double"]      -1.1708844778451515e+02
   &eCorr [&Type "Double"]      -6.7992311541043371e+00
   &eXC [&Type "Double"]      -1.2388767893861949e+02
   &eCNL [&Type "Double"]       0.0000000000000000e+00
$End
$Solvation_Details
   &GeometryIndex 11
   &Solvent [&Type "String"] "WATER"
   &Epsilon [&Type "Double"]       8.0150999999999996e+01
   &Refrac [&Type "Double"]       1.3328000000000000e+00
   &RSolv [&Type "Double"]       1.3000000000000000e+00
   &SurfaceType [&Type "String"] "GAUSSIAN VDW"
   &CPCMDielEnergy [&Type "Double"]      -3.2974796000000001e-02
   &NPoints [&Type "Integer"] 2903
   &SurfaceArea [&Type "Double"]       1.1139618251869999e+03
$End
$SCF_Timings
   &GeometryIndex 11
   &TOTAL [&Type "Double"]       1.2886100000000002e+02
   &PREP [&Type "Double"]       5.2300000000000002e-01
   &FOCK [&Type "Double"]       1.2002800000000002e+02
   &DENS [&Type "Double"]       9.6000000000003638e-02
   &ETOT [&Type "Double"]       7.0000000000010942e-02
   &TRAFO [&Type "Double"]       3.4999999999996589e-02
   &DIIS [&Type "Double"]       5.7999999999999829e-02
   &SOSCF [&Type "Double"]       4.0499999999999758e-01
   &XC [&Type "Double"]       1.1053999999999981e+01
   &FOCKSTART [&Type "Double"]       6.0000000000119957e-03
   &SOLV [&Type "Double"]       9.8820000000000050e+00
   &SOLV_INIT [&Type "Double"]       3.5199999999999998e-01
   &INT_BF [&Type "Double"]       3.9159999999998760e+00
   &INT_DENS [&Type "Double"]       2.4830000000001853e+00
   &INT_DENSIO [&Type "Double"]       1.1719126440000001e+06
   &INT_FUNC [&Type "Double"]       3.8299999999995649e-01
   &INT_POT [&Type "Double"]       3.8159999999999421e+00
   &INT_POTIO [&Type "Double"]       1.2599999999998701e-01
   &SPLITRIJ [&Type "Double"]       8.5529999999999902e+00
   &COSX [&Type "Double"]       9.8381000000000000e+01
$End
$VdW_Correction
   &GeometryIndex 11
   &vdW [&Type "Double"]      -7.4237415738435869e-02
$End
$Single_Point_Data
   &GeometryIndex 11
   &FinalEnergy [&Type "Double"]      -1.1780513844911909e+03  "Final single point energy"
   &Converged [&Type "Boolean"] true
$End
$SCF_Nuc_Gradient
   &GeometryIndex 11
   &NAtoms [&Type "Integer"] 33
   &gradNorm [&Type "Double"]       1.1994751633429602e-03
   &grad [&Type "ArrayOfDoubles", &Dim (99,1)] 
                                                         0

0                                      3.9592309798671657e-05
1                                      4.2793999949733701e-05
2                                     -3.2850891014451456e-05
3                                     -7.0623419742038860e-05
4                                      3.8768824948956808e-05
5                                      3.0573967006831997e-05
6                                     -8.4756193109605034e-05
7                                     -5.7040224943654791e-05
8                                     -2.2948259289995661e-05
9                                      4.3993443462724804e-05
10                                    -1.3967210221383470e-04
11                                     2.2264387189830571e-05
12                                     9.7449074190964510e-05
13                                     2.0177841181732146e-06
14                                    -8.2913005220468423e-06
15                                    -1.5578486056957441e-04
16                                    -2.0503392161594380e-04
17                                    -1.1543374560704195e-04
18                                     4.0580717843837378e-04
19                                     1.5421232878467717e-04
20                                     1.3797479356584142e-04
21                                     8.0126196853010887e-05
22                                     9.7050781236616252e-05
23                                     2.9119929473499879e-05
24                                    -2.7535097100890658e-04
25                                    -9.4497173949040610e-05
26                                    -1.3697864434216860e-04
27                                     2.5673294177711253e-04
28                                     7.6523434164657621e-05
29                                     1.3351576182368284e-04
30                                    -2.1961981363321852e-04
31                                     7.7662877470175584e-05
32                                    -3.9423407758884890e-05
33                                     1.5215609830963937e-04
34                                    -1.4720585965231531e-04
35                                    -7.1970862919766760e-05
36                                    -3.1640462564331716e-04
37                                     1.2624435686842150e-04
38                                     1.7821797672329859e-05
39                                     4.0550819324028229e-05
40                                    -1.3623583301164893e-04
41                                    -1.1469041063551954e-05
42                                     3.1674945344238110e-04
43                                     2.6270106828573186e-05
44                                     2.8999207770313474e-05
45                                    -2.5842721781488514e-05
46                                     3.5298737325274417e-05
47                                     3.8634050583284926e-05
48                                    -1.3260099148968449e-04
49                                    -1.0999451309591664e-04
50                                    -8.7691109387721792e-05
51                                     1.4246295130371516e-04
52                                    -2.9049110098233657e-05
53                                     4.0415656721114676e-05
54                                    -1.9143750337275681e-04
55                                     1.3423773559675906e-04
56                                     1.1898007656882528e-04
57                                     1.8336122948513060e-04
58                                    -1.2515881892857686e-04
59                                    -3.3080906809583263e-05
60                                     1.6530487849073082e-05
61                                     1.6865296471200834e-04
62                                     7.9988278730723636e-05
63                                    -2.0678994749674136e-04
64                                     3.2335581662196980e-04
65                                    -4.2672419977946043e-05
66                                     1.7614910455757881e-04
67                                    -2.6277460991428641e-04
68                                     2.1999909377411349e-05
69                                     1.4161514156062373e-05
70                                    -3.5739967144659326e-05
71                                     8.0094819851987049e-06
72                                    -2.0305383854433783e-05
73                                     5.8342859922317135e-05
74                                     1.7086615411722944e-05
75                                    -9.0798233076396921e-05
76                                     1.9063650976845932e-05
77                                    -2.8847033305426102e-05
78                                    -2.4214948108588447e-05
79                                     1.6461325660945914e-05
80                                     9.3744290669739623e-06
81                                    -7.8156198652477763e-06
82                                     3.6273054807234241e-05
83                                     1.6507215813444518e-05
84                                     3.6776702285294515e-05
85                                     4.0300881307483755e-05
86                                    -5.4594721948403064e-07
87                                    -1.8180613275735823e-05
88                                    -2.4097233220490015e-05
89                                    -2.2789196271934606e-05
90                                    -4.0926954445677705e-05
91                                     3.1949921707293905e-05
92                                    -2.5112597229482909e-05
93                                     5.7345873910605354e-05
94                                    -1.0639991500120959e-04
95                                    -3.6238957720900253e-05
96                                    -1.7849237299463009e-04
97                                    -3.2582156695342378e-05
98                                    -3.4921246944912625e-05
   &Method [&Type "String"] "SCF"
   &Level [&Type "String"] "Relaxed density"
   &Mult [&Type "Integer"] 1
   &State [&Type "Integer"] 0
   &Irrep [&Type "Integer"] 0
$End
$Geometry
   &GeometryIndex 12
   &NAtoms [&Type "Integer"] 33
   &NCorelessECP [&Type "Integer"] 0
   &NGhostAtoms [&Type "Integer"] 0
   &CartesianCoordinates [&Type "Coordinates", &Dim(33,4), &Units "Bohr"] 
              O     -9.106602926892    4.673391030380    1.772896974720
              C     -7.729900646348    2.641768090596    1.104151917370
              C     -8.886473904335    0.325710118816    0.469488407000
              C     -7.398912038819   -1.735038826123   -0.209377277099
              O     -8.461173372574   -3.946093838999   -0.817157056949
              C     -4.714883851529   -1.485762087372   -0.256626119595
              C     -3.627980276752    0.860001767369    0.388564844363
              C     -5.094784542906    2.935199610412    1.069977081802
              O     -1.088508693209    1.141265402164    0.358964697464
              C      0.548342397064   -0.757269017023   -0.268869390858
              C      3.196209949541    0.033060758238   -0.140312015713
              C      3.772157489794    2.548734106351    0.526577967688
              C      6.272187959927    3.376020599232    0.678489733038
              O      6.924336912645    5.774109633288    1.309885615381
              C      8.262701255439    1.688867893571    0.165882289125
              O     10.685891866559    2.490854384563    0.318640128922
              C      7.683848895990   -0.819561096265   -0.498811691124
              O      9.735827617518   -2.302883409094   -0.956044401044
              C      5.193125454926   -1.656631351369   -0.658350937058
              C     -0.403638256882   -3.087498167165   -0.919708786687
              O      1.041091399750   -5.086522126142   -1.573976231463
              C     -3.108470776531   -3.557724767590   -0.941520041860
              O     -3.897050331908   -5.719053687769   -1.549089155787
              H    -10.895871891729    4.274508119293    1.739935369742
              H    -10.941239360149    0.134053571287    0.506412017218
              H     -7.061052842553   -5.131486381195   -1.233726299248
              H     -4.226141187323    4.735329369911    1.565351630476
              H      2.262011138697    3.888770323545    0.936056317155
              H      5.412275447774    6.762087284473    1.615964057988
              H     11.776865197936    1.068401606072   -0.085431064244
              H      9.223488753481   -4.011447075315   -1.370160876310
              H      4.822221978588   -3.610250425802   -1.178067665385
              H     -0.170087787803   -6.445100384952   -1.925567987367
$End
$SCF_Energy
   &GeometryIndex 12
   &Method [&Type "String"] "SCF"
   &totalEnergy [&Type "ArrayOfDoubles", &Dim (1,1)] "Total energy of each state"
                                                         0

0                                     -1.1779771472232344e+03
   &Mult [&Type "ArrayOfIntegers", &Dim (1,1)] "Multiplicity of each state"
                                                         0

0                                                        1
$End
$DFT_Energy
   &GeometryIndex 12
   &nAlphaEl [&Type "Integer"] 82
   &nBetaEl [&Type "Integer"] 82
   &nTotalEl [&Type "Integer"] 164
   &finalEn [&Type "Double"]      -1.1779771472232344e+03  "No Van der Waals correction"
   &eExchange [&Type "Double"]      -1.1708862544775380e+02
   &eCorr [&Type "Double"]      -6.7992332891532916e+00
   &eXC [&Type "Double"]      -1.2388785873690709e+02
   &eCNL [&Type "Double"]       0.0000000000000000e+00
$End
$Solvation_Details
   &GeometryIndex 12
   &Solvent [&Type "String"] "WATER"
   &Epsilon [&Type "Double"]       8.0150999999999996e+01
   &Refrac [&Type "Double"]       1.3328000000000000e+00
   &RSolv [&Type "Double"]       1.3000000000000000e+00
   &SurfaceType [&Type "String"] "GAUSSIAN VDW"
   &CPCMDielEnergy [&Type "Double"]      -3.2992646000000000e-02
   &NPoints [&Type "Integer"] 2899
   &SurfaceArea [&Type "Double"]       1.1138975321800001e+03
$End
$SCF_Timings
   &GeometryIndex 12
   &TOTAL [&Type "Double"]       1.4056100000000001e+02
   &PREP [&Type "Double"]       5.2800000000000002e-01
   &FOCK [&Type "Double"]       1.3260399999999998e+02
   &DENS [&Type "Double"]       1.0999999999999943e-01
   &ETOT [&Type "Double"]       8.3999999999981867e-02
   &TRAFO [&Type "Double"]       3.6000000000001364e-02
   &DIIS [&Type "Double"]       5.8999999999997499e-02
   &SOSCF [&Type "Double"]       3.4600000000000009e-01
   &XC [&Type "Double"]       1.2469000000000030e+01
   &FOCKSTART [&Type "Double"]       6.9999999999954543e-03
   &SOLV [&Type "Double"]       1.1222999999999995e+01
   &SOLV_INIT [&Type "Double"]       3.6099999999999999e-01
   &INT_BF [&Type "Double"]       4.5980000000002832e+00
   &INT_DENS [&Type "Double"]       2.7159999999997773e+00
   &INT_DENSIO [&Type "Double"]       1.4878859999999993e+06
   &INT_FUNC [&Type "Double"]       4.3099999999996541e-01
   &INT_POT [&Type "Double"]       4.2079999999999593e+00
   &INT_POTIO [&Type "Double"]       1.4500000000005642e-01
   &SPLITRIJ [&Type "Double"]       9.7340000000000018e+00
   &COSX [&Type "Double"]       1.0614600000000004e+02
$End
$VdW_Correction
   &GeometryIndex 12
   &vdW [&Type "Double"]      -7.4238467409098091e-02
$End
$Single_Point_Data
   &GeometryIndex 12
   &FinalEnergy [&Type "Double"]      -1.1780513856906434e+03  "Final single point energy"
   &Converged [&Type "Boolean"] true
$End
$SCF_Nuc_Gradient
   &GeometryIndex 12
   &NAtoms [&Type "Integer"] 33
   &gradNorm [&Type "Double"]       4.8829869830241434e-04
   &grad [&Type "ArrayOfDoubles", &Dim (99,1)] 
                                                         0

0                                     -6.5887743287202554e-06
1                                      6.4326975169437355e-06
2                                     -1.0872701121151588e-05
3                                      3.4976730438247307e-06
4                                     -1.8255638406651959e-05
5                                     -2.2794335919427256e-05
6                                      2.0498020537398258e-05
7                                     -4.3858575979946286e-05
8                                     -9.9915530543400426e-06
9                                     -4.5954142780445034e-05
10                                     9.6006698072899482e-05
11                                     2.7396835097120880e-05
12                                     9.6710896052361610e-05
13                                    -2.7972578953437406e-05
14                                    -9.2220092665219852e-06
15                                     1.8406668830470255e-05
16                                    -6.5160952109800675e-05
17                                    -5.3996298198854121e-05
18                                     4.6798715850534958e-05
19                                     9.6138580748806555e-05
20                                     2.9293676952006359e-05
21                                     8.0098132848400105e-06
22                                    -4.6858241497220270e-05
23                                     4.2027315345654790e-06
24                                    -4.1509983486750303e-05
25                                     1.9651427958044659e-05
26                                    -1.7523163517090894e-05
27                                    -1.1972844619914874e-05
28                                    -4.3568657309870582e-05
29                                     1.1114334987355613e-05
30                                     1.0989035050213634e-04
31                                     5.5386266938730006e-05
32                                     1.2954570487799008e-05
33                                     2.2219665259470855e-05
34                                    -4.8816914909207614e-05
35                                     9.5396544403043349e-06
36                                    -8.4856947972479827e-05
37                                     4.4167187310915380e-05
38                                     1.8004670062523342e-05
39                                    -9.7761877666814308e-06
40                                    -1.9330557478123797e-05
41                                    -1.0614451180478046e-05
42                                     9.5148110069861948e-05
43                                    -1.9616627046776614e-05
44                                    -1.3357443718862132e-05
45                                    -6.1701079570215106e-05
46                                    -1.3602471897011630e-08
47                                     1.5902213623749771e-06
48                                    -3.8686982063844107e-05
49                                    -5.5960695268846754e-05
50                                    -3.9092879739725435e-05
51                                     1.6891625204762254e-05
52                                    -4.3486438607009134e-06
53                                     6.0376653392597100e-05
54                                    -9.7758829099453136e-05
55                                    -3.2329212522820680e-05
56                                     3.1182707276216429e-05
57                                     7.5296495541386170e-05
58                                     9.5394830454447670e-06
59                                    -8.8421588223860773e-05
60                                     1.2113465422327596e-04
61                                    -4.2347715822427896e-05
62                                    -7.7995941590200098e-06
63                                    -1.5881479907228619e-04
64                                     1.2158732760747287e-04
65                                     1.5968426856823335e-04
66                                     6.5828586355083391e-05
67                                    -6.0071702139068866e-05
68                                    -5.9621543829628700e-05
69                                    -5.0827505560041238e-06
70                                    -1.7920940566573185e-06
71                                     7.9365927079265823e-06
72                                     2.3407451390997634e-06
73                                     2.7902146949575922e-05
74                                     1.0229422836246448e-05
75                                    -8.4815033309995380e-05
76                                     7.4389225577082521e-06
77                                    -9.3832820114656001e-06
78                                    -1.4154991155993072e-05
79                                     1.7364310840108934e-06
80                                     3.9460184070479458e-06
81                                    -1.3467345492286478e-05
82                                     1.9948214952390407e-05
83                                     1.5241789463688390e-06
84                                     8.9597529240978027e-07
85                                     9.1282008875103599e-06
86                                    -3.3070278966721963e-06
87                                     9.9270686557234285e-06
88                                    -8.0386733381363938e-06
89                                    -1.6678856201697637e-05
90                                    -6.4899688118102473e-06
91                                    -3.7452208226807101e-06
92                                    -3.0642594394461801e-05
93                                     2.5535240063980337e-05
94                                     1.5722399428514159e-05
95                                    -6.0227361219900553e-06
96                                    -5.7399454716762464e-05
97                                     1.1300331211184188e-05
98                                     2.0365511841419860e-05
   &Method [&Type "String"] "SCF"
   &Level [&Type "String"] "Relaxed density"
   &Mult [&Type "Integer"] 1
   &State [&Type "Integer"] 0
   &Irrep [&Type "Integer"] 0
$End
$Geometry
   &GeometryIndex 13
   &NAtoms [&Type "Integer"] 33
   &NCorelessECP [&Type "Integer"] 0
   &NGhostAtoms [&Type "Integer"] 0
   &CartesianCoordinates [&Type "Coordinates", &Dim(33,4), &Units "Bohr"] 
              O     -9.105910359908    4.679326932800    1.756167116397
              C     -7.729634433572    2.645240650801    1.094085718351
              C     -8.886426794569    0.327280925323    0.466764275058
              C     -7.398979040040   -1.735716968706   -0.205656886504
              O     -8.461548226305   -3.948594877912   -0.806279000454
              C     -4.714953753919   -1.486861578354   -0.253926779299
              C     -3.627944847017    0.860639312899    0.384136785411
              C     -5.094486255510    2.938120148600    1.059069624026
              O     -1.088415956808    1.141685363472    0.353695985382
              C      0.548399414004   -0.758488295073   -0.269167831042
              C      3.196339237238    0.032311234643   -0.141292173180
              C      3.772099749436    2.545176852497    0.536666330040
              C      6.271959960242    3.372975179345    0.689721730904
              O      6.923296436437    5.768064084335    1.333404076009
              C      8.262568465696    1.689592627964    0.166005642390
              O     10.685678032470    2.491747937460    0.320260725442
              C      7.684137216017   -0.815663127000   -0.510709930291
              O      9.736261786529   -2.295257662650   -0.979155572870
              C      5.193686498777   -1.653479577065   -0.670808574427
              C     -0.403886557694   -3.090514739539   -0.913304121192
              O      1.040566511544   -5.091548265210   -1.561922969384
              C     -3.108684531666   -3.560789139790   -0.933563436228
              O     -3.897696408376   -5.723816156614   -1.534072821689
              H    -10.895325633816    4.281155499452    1.723569638434
              H    -10.941183277782    0.135615316550    0.504170028951
              H     -7.061379742345   -5.135420644945   -1.218653732011
              H     -4.225577018951    4.739714983576    1.548652587904
              H      2.262014803813    3.882325538876    0.955256483619
              H      5.410774291825    6.753083013795    1.646700260811
              H     11.776741934722    1.071277483194   -0.090405703958
              H      9.224652827197   -4.003250362678   -1.396472635885
              H      4.823071728474   -3.604681121530   -1.199698018550
              H     -0.170405028756   -6.451439541132   -1.908794770502
$End
$SCF_Mulliken_Population_Analysis
   &GeometryIndex 13
   &NAtoms [&Type "Integer"] 33
   &ATNO [&Type "ArrayOfIntegers", &Dim (33,1)] 
                                                         0

0                                                        8
1                                                        6
2                                                        6
3                                                        6
4                                                        8
5                                                        6
6                                                        6
7                                                        6
8                                                        8
9                                                        6
10                                                       6
11                                                       6
12                                                       6
13                                                       8
14                                                       6
15                                                       8
16                                                       6
17                                                       8
18                                                       6
19                                                       6
20                                                       8
21                                                       6
22                                                       8
23                                                       1
24                                                       1
25                                                       1
26                                                       1
27                                                       1
28                                                       1
29                                                       1
30                                                       1
31                                                       1
32                                                       1
   &AtomicCharges [&Type "ArrayOfDoubles", &Dim (33,1)] 
                                                         0

0                                     -1.9502687895023207e-01
1                                      2.0108486012038718e-01
2                                     -1.3606609133829117e-01
3                                      1.2522909431089335e-01
4                                     -1.9939086785953108e-01
5                                     -7.8543927683390358e-02
6                                      2.1475607266762431e-01
7                                     -1.3220840298521708e-01
8                                     -2.4158131996683352e-01
9                                      1.4720131408721659e-01
10                                     5.0992091063780443e-02
11                                    -1.2923837822977191e-01
12                                     1.2283623303198254e-01
13                                    -2.1213174769875565e-01
14                                     4.1741284615344654e-02
15                                    -1.9127708476990790e-01
16                                     1.3523198482714704e-01
17                                    -2.3095920092793776e-01
18                                    -1.3180612352360122e-01
19                                    -3.0657120495396484e-03
20                                    -1.8929105190800577e-01
21                                     1.9257480616615119e-01
22                                    -3.6625723896401752e-01
23                                     2.2084089129768358e-01
24                                    -1.0864423676992585e-02
25                                     1.9716329763640283e-01
26                                    -1.2873154608163739e-02
27                                    -1.2647129000244783e-02
28                                     2.1581979035526733e-01
29                                     2.0514578474792389e-01
30                                     2.2367114706697766e-01
31                                    -1.7464313581644575e-02
32                                     1.9640439572736046e-01
   &Method [&Type "String"] "SCF"
   &Level [&Type "String"] "Relaxed density"
   &Mult [&Type "Integer"] 1
   &State [&Type "Integer"] -1
   &Irrep [&Type "Integer"] 0
$End
$SCF_Loewdin_Population_Analysis
   &GeometryIndex 13
   &NAtoms [&Type "Integer"] 33
   &ATNO [&Type "ArrayOfIntegers", &Dim (33,1)] 
                                                         0

0                                                        8
1                                                        6
2                                                        6
3                                                        6
4                                                        8
5                                                        6
6                                                        6
7                                                        6
8                                                        8
9                                                        6
10                                                       6
11                                                       6
12                                                       6
13                                                       8
14                                                       6
15                                                       8
16                                                       6
17                                                       8
18                                                       6
19                                                       6
20                                                       8
21                                                       6
22                                                       8
23                                                       1
24                                                       1
25                                                       1
26                                                       1
27                                                       1
28                                                       1
29                                                       1
30                                                       1
31                                                       1
32                                                       1
   &AtomicCharges [&Type "ArrayOfDoubles", &Dim (33,1)] 
                                                         0

0                                     -4.0133856428511194e-02
1                                      7.9843267153478337e-02
2                                     -1.1936410514802454e-01
3                                      8.4039064933618235e-02
4                                     -5.4974563896468709e-02
5                                     -1.3916689686323380e-01
6                                      8.5927399643360047e-02
7                                     -1.1041263039142191e-01
8                                      1.5364583006771682e-04
9                                      5.5418162586283515e-02
10                                    -5.2385629378237653e-02
11                                    -7.6998534337237245e-02
12                                     2.2898249126250825e-02
13                                    -6.3820258399672980e-02
14                                    -2.6217789204618924e-04
15                                    -5.7489810989693524e-02
16                                     1.6618112438314903e-02
17                                    -6.4651573857529954e-02
18                                    -7.6767152078059731e-02
19                                    -1.9019645796721996e-02
20                                    -4.8394299862019707e-02
21                                     5.4025008348212999e-02
22                                    -2.5811086776229608e-01
23                                     1.2169356852814384e-01
24                                     4.3856242154070690e-02
25                                     6.7028166019737934e-02
26                                     4.4174348434267818e-02
27                                     3.5370060178486318e-02
28                                     1.1620552056651590e-01
29                                     1.0360985872375972e-01
30                                     1.2171564813142177e-01
31                                     3.2201154588902048e-02
32                                     9.7174525696363201e-02
   &Method [&Type "String"] "SCF"
   &Level [&Type "String"] "Relaxed density"
   &Mult [&Type "Integer"] 1
   &State [&Type "Integer"] -1
   &Irrep [&Type "Integer"] 0
$End
$SCF_Mayer_Population_Analysis
   &GeometryIndex 13
   &NAtoms [&Type "Integer"] 33 "Total number of atoms"
   &NBondOrdersPrint [&Type "Integer"] 36 "The number of bond orders larger than threshold"
   &bondThresh [&Type "Double"]       1.0000000000000001e-01  "The threshold for printing"
   &components [&Type "ArrayOfIntegers", &Dim (36,4)] "The indices and atomic numbers of the bonding atoms"
                                                         0                           1                           2                           3

0                                                        0                           8                           1                           6
1                                                        0                           8                          23                           1
2                                                        1                           6                           2                           6
3                                                        1                           6                           7                           6
4                                                        2                           6                           3                           6
5                                                        2                           6                          24                           1
6                                                        3                           6                           4                           8
7                                                        3                           6                           5                           6
8                                                        4                           8                          25                           1
9                                                        5                           6                           6                           6
10                                                       5                           6                          21                           6
11                                                       6                           6                           7                           6
12                                                       6                           6                           8                           8
13                                                       7                           6                          26                           1
14                                                       8                           8                           9                           6
15                                                       9                           6                          10                           6
16                                                       9                           6                          19                           6
17                                                      10                           6                          11                           6
18                                                      10                           6                          18                           6
19                                                      11                           6                          12                           6
20                                                      11                           6                          27                           1
21                                                      12                           6                          13                           8
22                                                      12                           6                          14                           6
23                                                      13                           8                          28                           1
24                                                      14                           6                          15                           8
25                                                      14                           6                          16                           6
26                                                      15                           8                          29                           1
27                                                      16                           6                          17                           8
28                                                      16                           6                          18                           6
29                                                      17                           8                          30                           1
30                                                      18                           6                          31                           1
31                                                      19                           6                          20                           8
32                                                      19                           6                          21                           6
33                                                      20                           8                          32                           1
34                                                      21                           6                          22                           8
35                                                      22                           8                          25                           1
   &BondOrders [&Type "ArrayOfDoubles", &Dim (36,1)] "The bond orders"
                                                         0

0                                      1.2261199162074945e+00
1                                      9.4239956394897983e-01
2                                      1.2455948131943990e+00
3                                      1.2798652398922932e+00
4                                      1.3541192451381923e+00
5                                      1.0025613425852944e+00
6                                      1.3349926641950152e+00
7                                      1.1713490248374638e+00
8                                      8.7087278919669142e-01
9                                      1.2610351015776231e+00
10                                     1.1048059618974591e+00
11                                     1.3244128058456104e+00
12                                     1.0899452520664632e+00
13                                     1.0172594113364997e+00
14                                     1.0995533071269568e+00
15                                     1.0749643958568675e+00
16                                     1.4585754545624123e+00
17                                     1.2476426875807978e+00
18                                     1.2850291064849371e+00
19                                     1.3241201853155482e+00
20                                     1.0084226522040414e+00
21                                     1.2217328006466732e+00
22                                     1.3388822487762422e+00
23                                     9.4105380526032900e-01
24                                     1.2964927430331521e+00
25                                     1.3072806282524212e+00
26                                     9.2848586533429045e-01
27                                     1.1792380346669151e+00
28                                     1.3045286757757102e+00
29                                     9.3467683922852984e-01
30                                     9.9415680484012714e-01
31                                     1.2659131378073694e+00
32                                     1.0767037223447191e+00
33                                     9.0290050487520068e-01
34                                     1.7755261320897922e+00
35                                     1.6471974097570571e-01
   &ATNO [&Type "ArrayOfIntegers", &Dim (33,1)] "Atomic number of the elements"
                                                         0

0                                                        8
1                                                        6
2                                                        6
3                                                        6
4                                                        8
5                                                        6
6                                                        6
7                                                        6
8                                                        8
9                                                        6
10                                                       6
11                                                       6
12                                                       6
13                                                       8
14                                                       6
15                                                       8
16                                                       6
17                                                       8
18                                                       6
19                                                       6
20                                                       8
21                                                       6
22                                                       8
23                                                       1
24                                                       1
25                                                       1
26                                                       1
27                                                       1
28                                                       1
29                                                       1
30                                                       1
31                                                       1
32                                                       1
   &NA [&Type "ArrayOfDoubles", &Dim (33,1)] "Mulliken gross atomic population"
                                                         0

0                                      8.1950268789502232e+00
1                                      5.7989151398795711e+00
2                                      6.1360660913382663e+00
3                                      5.8747709056891155e+00
4                                      8.1993908678595346e+00
5                                      6.0785439276833788e+00
6                                      5.7852439273323721e+00
7                                      6.1322084029852011e+00
8                                      8.2415813199668122e+00
9                                      5.8527986859127852e+00
10                                     5.9490079089362293e+00
11                                     6.1292383782297790e+00
12                                     5.8771637669680041e+00
13                                     8.2121317476987681e+00
14                                     5.9582587153846616e+00
15                                     8.1912770847699257e+00
16                                     5.8647680151728512e+00
17                                     8.2309592009279626e+00
18                                     6.1318061235236163e+00
19                                     6.0030657120495485e+00
20                                     8.1892910519079809e+00
21                                     5.8074251938338577e+00
22                                     8.3662572389640690e+00
23                                     7.7915910870231853e-01
24                                     1.0108644236769917e+00
25                                     8.0283670236359728e-01
26                                     1.0128731546081655e+00
27                                     1.0126471290002446e+00
28                                     7.8418020964473156e-01
29                                     7.9485421525207534e-01
30                                     7.7632885293302223e-01
31                                     1.0174643135816457e+00
32                                     8.0359560427264110e-01
   &ZA [&Type "ArrayOfDoubles", &Dim (33,1)] "Total nuclear charge"
                                                         0

0                                      8.0000000000000000e+00
1                                      6.0000000000000000e+00
2                                      6.0000000000000000e+00
3                                      6.0000000000000000e+00
4                                      8.0000000000000000e+00
5                                      6.0000000000000000e+00
6                                      6.0000000000000000e+00
7                                      6.0000000000000000e+00
8                                      8.0000000000000000e+00
9                                      6.0000000000000000e+00
10                                     6.0000000000000000e+00
11                                     6.0000000000000000e+00
12                                     6.0000000000000000e+00
13                                     8.0000000000000000e+00
14                                     6.0000000000000000e+00
15                                     8.0000000000000000e+00
16                                     6.0000000000000000e+00
17                                     8.0000000000000000e+00
18                                     6.0000000000000000e+00
19                                     6.0000000000000000e+00
20                                     8.0000000000000000e+00
21                                     6.0000000000000000e+00
22                                     8.0000000000000000e+00
23                                     1.0000000000000000e+00
24                                     1.0000000000000000e+00
25                                     1.0000000000000000e+00
26                                     1.0000000000000000e+00
27                                     1.0000000000000000e+00
28                                     1.0000000000000000e+00
29                                     1.0000000000000000e+00
30                                     1.0000000000000000e+00
31                                     1.0000000000000000e+00
32                                     1.0000000000000000e+00
   &QA [&Type "ArrayOfDoubles", &Dim (33,1)] "Mulliken gross atomic charge"
                                                         0

0                                     -1.9502687895022319e-01
1                                      2.0108486012042892e-01
2                                     -1.3606609133826630e-01
3                                      1.2522909431088447e-01
4                                     -1.9939086785953464e-01
5                                     -7.8543927683378811e-02
6                                      2.1475607266762786e-01
7                                     -1.3220840298520109e-01
8                                     -2.4158131996681220e-01
9                                      1.4720131408721482e-01
10                                     5.0992091063770673e-02
11                                    -1.2923837822977902e-01
12                                     1.2283623303199587e-01
13                                    -2.1213174769876808e-01
14                                     4.1741284615338436e-02
15                                    -1.9127708476992566e-01
16                                     1.3523198482714882e-01
17                                    -2.3095920092796263e-01
18                                    -1.3180612352361631e-01
19                                    -3.0657120495485302e-03
20                                    -1.8929105190798090e-01
21                                     1.9257480616614231e-01
22                                    -3.6625723896406903e-01
23                                     2.2084089129768147e-01
24                                    -1.0864423676991697e-02
25                                     1.9716329763640272e-01
26                                    -1.2873154608165516e-02
27                                    -1.2647129000244561e-02
28                                     2.1581979035526844e-01
29                                     2.0514578474792466e-01
30                                     2.2367114706697777e-01
31                                    -1.7464313581645685e-02
32                                     1.9640439572735890e-01
   &VA [&Type "ArrayOfDoubles", &Dim (33,1)] "Mayer's total valence"
                                                         0

0                                      2.2745379430997450e+00
1                                      3.9077986146159898e+00
2                                      3.6990927380728182e+00
3                                      4.0666156167119372e+00
4                                      2.3107611125308316e+00
5                                      3.5618465068401122e+00
6                                      3.8711767924203793e+00
7                                      3.7239474010233455e+00
8                                      2.3325318963695105e+00
9                                      3.7667977271458524e+00
10                                     3.6902946685171814e+00
11                                     3.7017662183085029e+00
12                                     4.0254799764863209e+00
13                                     2.2341533055744049e+00
14                                     4.0579816493160576e+00
15                                     2.2874615177491031e+00
16                                     3.9179963887409359e+00
17                                     2.2330104748597650e+00
18                                     3.6752671314845173e+00
19                                     3.9305128614365112e+00
20                                     2.3053331630278118e+00
21                                     4.0061016715305779e+00
22                                     2.2039842913567460e+00
23                                     9.8699677528015362e-01
24                                     1.0068320166606715e+00
25                                     1.0757704449783951e+00
26                                     1.0071526046281185e+00
27                                     1.0174777634469463e+00
28                                     9.9005792318859542e-01
29                                     1.0193278454580628e+00
30                                     9.8614979755435717e-01
31                                     1.0525271203778819e+00
32                                     1.0418652021406256e+00
   &BVA [&Type "ArrayOfDoubles", &Dim (33,1)] "Mayer's bonded valence"
                                                         0

0                                      2.2745379430997499e+00
1                                      3.9077986146160431e+00
2                                      3.6990927380728214e+00
3                                      4.0666156167119123e+00
4                                      2.3107611125308360e+00
5                                      3.5618465068400771e+00
6                                      3.8711767924203757e+00
7                                      3.7239474010233491e+00
8                                      2.3325318963695580e+00
9                                      3.7667977271458564e+00
10                                     3.6902946685171583e+00
11                                     3.7017662183084998e+00
12                                     4.0254799764863574e+00
13                                     2.2341533055743623e+00
14                                     4.0579816493160754e+00
15                                     2.2874615177491333e+00
16                                     3.9179963887409479e+00
17                                     2.2330104748597233e+00
18                                     3.6752671314845369e+00
19                                     3.9305128614364366e+00
20                                     2.3053331630278904e+00
21                                     4.0061016715305033e+00
22                                     2.2039842913566585e+00
23                                     9.8699677528014640e-01
24                                     1.0068320166606803e+00
25                                     1.0757704449783907e+00
26                                     1.0071526046280950e+00
27                                     1.0174777634469470e+00
28                                     9.9005792318860109e-01
29                                     1.0193278454580619e+00
30                                     9.8614979755435483e-01
31                                     1.0525271203778852e+00
32                                     1.0418652021406294e+00
   &FA [&Type "ArrayOfDoubles", &Dim (33,1)] "Mayer's free valence"
                                                         0

0                                      0.0000000000000000e+00
1                                      0.0000000000000000e+00
2                                      0.0000000000000000e+00
3                                      0.0000000000000000e+00
4                                      0.0000000000000000e+00
5                                      0.0000000000000000e+00
6                                      0.0000000000000000e+00
7                                      0.0000000000000000e+00
8                                      0.0000000000000000e+00
9                                      0.0000000000000000e+00
10                                     0.0000000000000000e+00
11                                     0.0000000000000000e+00
12                                     0.0000000000000000e+00
13                                     0.0000000000000000e+00
14                                     0.0000000000000000e+00
15                                     0.0000000000000000e+00
16                                     0.0000000000000000e+00
17                                     0.0000000000000000e+00
18                                     0.0000000000000000e+00
19                                     0.0000000000000000e+00
20                                     0.0000000000000000e+00
21                                     0.0000000000000000e+00
22                                     0.0000000000000000e+00
23                                     0.0000000000000000e+00
24                                     0.0000000000000000e+00
25                                     0.0000000000000000e+00
26                                     0.0000000000000000e+00
27                                     0.0000000000000000e+00
28                                     0.0000000000000000e+00
29                                     0.0000000000000000e+00
30                                     0.0000000000000000e+00
31                                     0.0000000000000000e+00
32                                     0.0000000000000000e+00
   &Method [&Type "String"] "SCF"
   &Level [&Type "String"] "Relaxed density"
   &Mult [&Type "Integer"] 1
   &State [&Type "Integer"] -1
   &Irrep [&Type "Integer"] 0
$End
$SCF_Energy
   &GeometryIndex 13
   &Method [&Type "String"] "SCF"
   &totalEnergy [&Type "ArrayOfDoubles", &Dim (1,1)] "Total energy of each state"
                                                         0

0                                     -1.1779771508964770e+03
   &Mult [&Type "ArrayOfIntegers", &Dim (1,1)] "Multiplicity of each state"
                                                         0

0                                                        1
$End
$DFT_Energy
   &GeometryIndex 13
   &nAlphaEl [&Type "Integer"] 82
   &nBetaEl [&Type "Integer"] 82
   &nTotalEl [&Type "Integer"] 164
   &finalEn [&Type "Double"]      -1.1779771508964770e+03  "No Van der Waals correction"
   &eExchange [&Type "Double"]      -1.1708860027533248e+02
   &eCorr [&Type "Double"]      -6.7992271904793657e+00
   &eXC [&Type "Double"]      -1.2388782746581185e+02
   &eCNL [&Type "Double"]       0.0000000000000000e+00
$End
$Solvation_Details
   &GeometryIndex 13
   &Solvent [&Type "String"] "WATER"
   &Epsilon [&Type "Double"]       8.0150999999999996e+01
   &Refrac [&Type "Double"]       1.3328000000000000e+00
   &RSolv [&Type "Double"]       1.3000000000000000e+00
   &SurfaceType [&Type "String"] "GAUSSIAN VDW"
   &CPCMDielEnergy [&Type "Double"]      -3.2992397000000000e-02
   &NPoints [&Type "Integer"] 2895
   &SurfaceArea [&Type "Double"]       1.1139674412009999e+03
$End
$SCF_Timings
   &GeometryIndex 13
   &TOTAL [&Type "Double"]       1.4807100000000000e+02
   &PREP [&Type "Double"]       5.1100000000000001e-01
   &FOCK [&Type "Double"]       1.4059199999999998e+02
   &DENS [&Type "Double"]       1.2699999999998113e-01
   &ETOT [&Type "Double"]       9.8000000000013188e-02
   &POP [&Type "Double"]       1.0499999999998977e-01
   &TRAFO [&Type "Double"]       4.0999999999996817e-02
   &DIIS [&Type "Double"]       5.9000000000001052e-02
   &SOSCF [&Type "Double"]       3.9800000000000679e-01
   &XC [&Type "Double"]       1.3598000000000013e+01
   &FOCKSTART [&Type "Double"]       8.9999999999860192e-03
   &SOLV [&Type "Double"]       1.2358999999999998e+01
   &SOLV_INIT [&Type "Double"]       3.4999999999999998e-01
   &INT_BF [&Type "Double"]       5.2360000000003382e+00
   &INT_DENS [&Type "Double"]       3.0640000000001884e+00
   &INT_DENSIO [&Type "Double"]       1.7927947229999984e+06
   &INT_FUNC [&Type "Double"]       4.5599999999984320e-01
   &INT_POT [&Type "Double"]       4.2249999999995786e+00
   &INT_POTIO [&Type "Double"]       1.7900000000002692e-01
   &SPLITRIJ [&Type "Double"]       1.0770999999999999e+01
   &COSX [&Type "Double"]       1.1025099999999999e+02
$End
$VdW_Correction
   &GeometryIndex 13
   &vdW [&Type "Double"]      -7.4237128078915582e-02
$End
$Single_Point_Data
   &GeometryIndex 13
   &FinalEnergy [&Type "Double"]      -1.1780513880245560e+03  "Final single point energy"
   &Converged [&Type "Boolean"] true
$End
$SCF_Dipole_Moment
   &GeometryIndex 13
   &dipoleMagnitude [&Type "Double", &Units "a.u."]       5.2460137048295374e-01
   &dipoleElecContrib [&Type "ArrayOfDoubles", &Dim (3,1)] "Electronic contribution"
                                                         0

0                                     -2.8311801035562956e-01
1                                     -1.0780124540198650e+00
2                                     -3.3297082304084974e-01
   &dipoleNucContrib [&Type "ArrayOfDoubles", &Dim (3,1)] "Nuclear contribution"
                                                         0

0                                     -1.8541997360778881e-01
1                                      1.2826390284056082e+00
2                                      4.5047282536951117e-01
   &dipoleTotal [&Type "ArrayOfDoubles", &Dim (3,1)] "Total"
                                                         0

0                                     -4.6853798396341839e-01
1                                      2.0462657438574317e-01
2                                      1.1750200232866143e-01
   &doAtomicDipole [&Type "Boolean"] false
   &Method [&Type "String"] "SCF"
   &Level [&Type "String"] "Relaxed density"
   &Mult [&Type "Integer"] 1
   &State [&Type "Integer"] -1
   &Irrep [&Type "Integer"] 0
$End
$THERMOCHEMISTRY_Energies
   &GeometryIndex 13
   &temperature [&Type "Double"]       2.9814999999999998e+02
   &pressure [&Type "Double"]       1.0000000000000000e+00
   &totalMass [&Type "Double"]       3.1823699999999997e+02
   &spinDegeneracy [&Type "Integer"] 1
   &elEnergy [&Type "Double"]      -1.1780513880245560e+03
   &transEnergy [&Type "Double"]       1.4162714244859817e-03
   &rotEnergy [&Type "Double"]       1.4162714244859817e-03
   &vibEnergy [&Type "Double"]       1.6295073807695692e-02
   &numOfFreqs [&Type "Integer"] 99
   &freqScalingFactor [&Type "Double"]       1.0000000000000000e+00
   &FREQ [&Type "ArrayOfDoubles", &Units "cm^-1", &Dim (99,1)] 
                                                         0

0                                      0.0000000000000000e+00
1                                      0.0000000000000000e+00
2                                      0.0000000000000000e+00
3                                      0.0000000000000000e+00
4                                      0.0000000000000000e+00
5                                      0.0000000000000000e+00
6                                      1.3552938688436834e+01
7                                      3.8067212622459500e+01
8                                      8.1310381559757545e+01
9                                      8.2416140212990570e+01
10                                     1.1086939315405505e+02
11                                     1.3863219431066281e+02
12                                     1.7480686628098999e+02
13                                     2.1304675758303307e+02
14                                     2.2573137255702378e+02
15                                     2.3159145643568334e+02
16                                     2.3787493101223666e+02
17                                     2.5475135155314231e+02
18                                     2.6101832982092333e+02
19                                     2.8580832841994658e+02
20                                     2.8667521178875995e+02
21                                     2.9613018040136944e+02
22                                     3.2882362052544681e+02
23                                     3.4218911508961060e+02
24                                     3.5130945720096923e+02
25                                     3.6283594929726013e+02
26                                     3.8616723049621243e+02
27                                     4.0669459811613274e+02
28                                     4.0688199129260875e+02
29                                     4.3321573902907289e+02
30                                     4.3591364731141522e+02
31                                     4.6558059431341951e+02
32                                     5.2364462804973687e+02
33                                     5.2853230814357369e+02
34                                     5.3372573014142699e+02
35                                     5.3984626296011800e+02
36                                     5.6154927687186103e+02
37                                     5.8432317738237225e+02
38                                     5.9120743559454081e+02
39                                     6.2805612154323910e+02
40                                     6.3057622186485366e+02
41                                     6.5341887979842841e+02
42                                     6.5431477106045259e+02
43                                     6.5654679064753884e+02
44                                     6.5706547550851360e+02
45                                     6.7954766747336851e+02
46                                     6.8733724618514532e+02
47                                     7.3429224854891766e+02
48                                     7.3778382743903114e+02
49                                     7.7858121284768549e+02
50                                     8.1598917301145082e+02
51                                     8.3051714642863601e+02
52                                     8.4082316382682802e+02
53                                     8.4579099816469625e+02
54                                     8.5657315190586849e+02
55                                     8.6202805402513764e+02
56                                     9.5878276516863878e+02
57                                     1.0199439929704480e+03
58                                     1.0473074721250043e+03
59                                     1.0566139163917692e+03
60                                     1.1244195803422795e+03
61                                     1.1398110877072415e+03
62                                     1.1647156091254985e+03
63                                     1.1694642801960724e+03
64                                     1.1971609141875779e+03
65                                     1.2020827165108308e+03
66                                     1.2302929337697690e+03
67                                     1.2550616179028734e+03
68                                     1.2656702424946504e+03
69                                     1.2886861397681575e+03
70                                     1.2982256667442489e+03
71                                     1.3235970938929468e+03
72                                     1.3522576136788500e+03
73                                     1.3779489962922562e+03
74                                     1.4010523166555354e+03
75                                     1.4201153108407491e+03
76                                     1.4275773699742304e+03
77                                     1.4452820486127202e+03
78                                     1.4729644305975619e+03
79                                     1.4892113533985600e+03
80                                     1.5221517334565333e+03
81                                     1.5439241964659473e+03
82                                     1.5860259878366508e+03
83                                     1.6123616941491434e+03
84                                     1.6402601681477133e+03
85                                     1.6556050812678043e+03
86                                     1.6598541430021592e+03
87                                     1.6779031392837560e+03
88                                     1.6976748388988390e+03
89                                     3.1940465005173105e+03
90                                     3.2134175554516100e+03
91                                     3.2240638237819139e+03
92                                     3.2421928619300552e+03
93                                     3.2439976941407008e+03
94                                     3.5784089610254255e+03
95                                     3.7326109978306822e+03
96                                     3.7720089327446535e+03
97                                     3.7807198362175891e+03
98                                     3.7924814451043940e+03
   &zpe [&Type "Double"]       2.3410888201479477e-01
   &innerEnergyU [&Type "Double"]      -1.1777981515258846e+03
   &enthalpyH [&Type "Double"]      -1.1777972073168423e+03
   &qEl [&Type "Double"]       0.0000000000000000e+00
   &qRot [&Type "Double"]       1.6633921353122076e-02
   &qVib [&Type "Double"]       2.7822666273040614e-02
   &qTrans [&Type "Double"]       2.0510755030007308e-02
   &entropyS [&Type "Double"]       6.4967342656169991e-02
   &freeEnergyG [&Type "Double"]      -1.1778621746594986e+03
   &isLinear [&Type "Boolean"] false
$End
$Hessian
   &GeometryIndex 13
   &HESSIAN [&Type "ArrayOfDoubles", &Dim (99,99)] "The Hessian"
                                                         0                           1                           2                           3                           4                           5                           6                           7

0                                      6.7949346592063453e-01        -2.1145411169562318e-02        -3.6822585356848805e-02        -1.7274111367263523e-01         1.1455125892606655e-01         3.9433626075845850e-02         1.1816731550238282e-02         5.0441226433322467e-04
1                                     -2.1145411169562318e-02         3.6546788165844779e-01         9.8758818847669960e-02         6.7522671473109669e-02        -2.4994019632665557e-01        -6.1809866762889298e-02         3.0888992827929087e-02        -5.5189719462618150e-02
2                                     -3.6822585356848805e-02         9.8758818847669960e-02         6.2397085625816563e-02         2.5820794936712778e-02        -6.4335290793830102e-02        -6.9364890224105288e-02         8.9517830486143153e-03        -1.9717269413382081e-02
3                                     -1.7274111367263523e-01         6.7522671473109669e-02         2.5820794936712778e-02         7.2219846865107062e-01         2.6151233827377239e-03        -2.4897606324873943e-02        -1.7726418996077822e-01        -5.1607335078264781e-02
4                                      1.1455125892606655e-01        -2.4994019632665557e-01        -6.4335290793830102e-02         2.6151233827377239e-03         6.4604318450889275e-01         1.4050174904579271e-01        -1.1435411873524640e-01        -2.4139282561207343e-01
5                                      3.9433626075845850e-02        -6.1809866762889298e-02        -6.9364890224105288e-02        -2.4897606324873943e-02         1.4050174904579271e-01         2.0996923413111240e-01        -2.8093017725773523e-02        -5.1749495741834253e-02
6                                      1.1816731550238282e-02         3.0888992827929087e-02         8.9517830486143153e-03        -1.7726418996077822e-01        -1.1435411873524640e-01        -2.8093017725773523e-02         7.5033094314921966e-01        -4.0996323822257985e-03
7                                      5.0441226433322467e-04        -5.5189719462618150e-02        -1.9717269413382081e-02        -5.1607335078264781e-02        -2.4139282561207343e-01        -5.1749495741834253e-02        -4.0996323822257985e-03         6.5083421728948665e-01
8                                      1.4294034697144055e-04        -2.1328902844531358e-02         6.1162749482904961e-03        -9.7230579450968239e-03        -4.8690286196603816e-02        -7.1565164350737676e-02        -3.0572464609116404e-02         1.6079286080177305e-01
9                                     -1.8811711531844912e-03        -1.4192655671121730e-02        -3.7184001694632522e-03         6.2553884763052112e-02         3.2791985186688827e-02         6.3047729275884160e-03        -2.2049751773507756e-01         8.2378752698710256e-02
10                                    -3.9736269200586101e-03         8.4118445870253224e-03         3.5937833215586839e-04        -1.6615018644696486e-02        -6.5671662918486348e-02        -1.5545687464246368e-02         1.3200307123091282e-01        -2.3388226692018996e-01
11                                    -7.2515784404274730e-04         8.2958095879326257e-04         7.9894069388409799e-03        -8.1763147601568789e-03        -1.7762928204013560e-02        -1.4896343464608889e-02         4.5961694024980577e-02        -5.4601387100947286e-02
12                                     1.1227550784688697e-03         1.7244080038712434e-03         4.3670978138270856e-04        -7.6538761926415247e-03         1.9523317265337267e-03         1.1667335198285865e-03         2.5241923061944477e-02         2.0335892936953343e-02
13                                     2.4463858842998262e-04        -5.5951786777055220e-03        -1.5158308797037735e-03         1.4029415205289318e-02         1.5211527419208296e-02         2.2052310590820307e-03        -1.1600287473215516e-02        -6.5898589045679301e-02
14                                     1.4434738584062959e-06        -1.5983943142367600e-03        -8.8288642040460863e-04         4.7209927604265345e-03         2.7822710197897443e-03         6.0352049517833932e-03        -4.1387796693850461e-03        -2.2970746477227879e-02
15                                    -3.0103861766729925e-03         9.3607330357020711e-03         2.8151459575027895e-03        -2.9749520601160949e-02        -2.7499857427505010e-02        -6.5411244105295190e-03        -2.7946666386223187e-02         4.7215736470506628e-02
16                                     1.0308128654038096e-02        -8.4866229693395922e-03        -2.5927084222550113e-03        -2.9467775162489090e-02        -7.2919239110079970e-03        -1.9052234021019110e-03         2.1944730990002364e-02         2.0042632411676135e-02
17                                     3.1231658687463212e-03        -2.5736973192623156e-03        -2.1247375273722091e-03        -7.1419575464207151e-03        -2.0032857703769199e-03         3.5322085502316929e-03         7.9392735702349705e-03         2.1714350177746283e-03
18                                     2.3325977410140770e-03        -5.1372708596084549e-03        -1.4195409209301533e-03        -5.2838586398681178e-02         1.7940514136210423e-02         7.3278915112083114e-03         1.1638655087215146e-03         1.3794326712853845e-02
19                                    -1.6147411761873405e-02         4.8806555989157341e-03         9.8061814858296879e-04         7.0389062095805977e-02         3.3868736140940547e-02         8.9495693826337659e-03         5.3984328314134215e-03        -4.4260636802522547e-02
20                                    -4.6703849021691394e-03         4.9592824886658801e-04         4.4247141933198911e-03         2.2728688226161243e-02         1.1321061423915632e-02        -5.2988936715070607e-03         1.7616624562711034e-03        -1.4879978208605723e-02
21                                    -4.9687045946057225e-02         2.0310432445253296e-02         8.6199600969741677e-03        -3.1541834270088481e-01        -1.6432934257839364e-02         6.9309793279689362e-03        -1.4277968629136467e-02        -5.7698780635621810e-02
22                                     5.3451573391405938e-02         1.5231101050029276e-03        -4.5051912441951801e-03        -7.4941988511849772e-02        -1.2377780349039480e-01        -1.5005783944879707e-02        -2.8976183915396109e-02         1.5362028550401259e-02
23                                     1.8400832111323883e-02        -3.0048296313417312e-03         6.7111327644545221e-03        -1.0291045975961395e-02        -1.7649411587862519e-02        -6.5728968432221938e-02        -7.6750330245019824e-03         5.9546397966677191e-03
24                                    -4.7570472897169418e-03        -1.5642665230168325e-05         2.2386616115181881e-04         1.8583900247281276e-02         8.9307013939348666e-03         1.9818181108903288e-03        -5.9138945127728652e-03        -1.0478717319589282e-02
25                                     1.6171842067702598e-03         1.1377450967267641e-03         1.5413634196498170e-04         1.3388178894814104e-03        -4.8060134036110765e-03        -2.7996008426202715e-03         1.0742608763514299e-03         6.8566961090432666e-04
26                                     7.1222602503367126e-04         2.2080795376988986e-04         3.8825908149973189e-04        -2.8736557898866792e-04        -3.1594573601697886e-03         3.6062805228650897e-03         5.0019775837278880e-04         1.0835367136746068e-03
27                                     1.1773914326069458e-03        -9.0054508836317788e-04        -3.2475133784605931e-04        -3.8390790933940625e-03         5.1419169045635105e-04         4.1991729044335026e-04         2.2602489053235677e-03         1.7225080742691475e-03
28                                     2.7714119321138268e-03        -3.9668400305253116e-03        -1.2386601531584628e-03        -3.1118312977586951e-03         1.8816417991629130e-03         2.7194332091989071e-05        -2.9887618638543244e-03        -1.5962666919399986e-03
29                                     7.4161390979494274e-04        -1.0618247196615860e-03        -5.2387074344395295e-04        -6.0137513706152068e-04        -1.4401534596997592e-04         2.3000366544050376e-03        -9.8581938685060730e-04        -4.8388945120808385e-04
30                                    -3.9679900195311143e-04         5.2032331355104662e-04         1.6588729387914642e-04        -6.7042114722196404e-04        -8.8649556618803130e-04        -2.2161651778740952e-04        -5.5384721950114198e-04         1.0604302163964106e-03
31                                     1.9853893606292693e-04         1.5285391607087920e-04         7.1511707931026558e-05        -8.4889350007749404e-04        -8.8130101158343270e-04        -2.2757779563451164e-04        -7.0090293505691053e-05         7.2572536850491938e-04
32                                     6.3516826102629262e-05         6.4285468831371456e-05        -1.0211908618141379e-04        -2.1848936978008545e-04        -2.2673404494320687e-04        -4.6092419551778198e-05         1.6443857053640993e-05         1.0068448100707824e-04
33                                     6.3754498669010883e-05        -8.0517191748732291e-05        -2.5811787426678617e-05         4.7055828471633042e-05         5.4750952715819107e-05         1.2553377028055450e-05        -3.4146104572484008e-05        -1.3374873639044005e-04
34                                     2.2790284423136010e-04        -3.3465530769020150e-04        -1.1087199062859848e-04         1.3576129774972058e-04         4.4071655452255858e-04         1.2280612226144241e-04         1.2947540674577973e-04        -4.5286418332814014e-04
35                                     6.3550547499976006e-05        -9.7805854997929650e-05        -2.1044421360270633e-05         4.1366422168650688e-05         1.3056121878925729e-04         3.3291260910206570e-05         3.9005798409641538e-05        -1.2652211124004247e-04
36                                    -4.4997506284027078e-04         5.8195284233760348e-04         1.9112086210247011e-04         1.3826710765231271e-04        -5.6899516017890344e-04        -1.7283504956544055e-04        -6.2104658435002268e-05         5.0745375308354490e-04
37                                     7.6157349256636300e-04        -8.6665011689254041e-04        -2.8902881847796117e-04        -6.0315360021943756e-04         6.8281314302451107e-04         2.2565305349374202e-04         1.7639039519784115e-04        -4.7319494858568751e-04
38                                     2.2339245288640347e-04        -2.5584521942112720e-04        -8.3598548107177885e-05        -1.7339487459663058e-04         1.9999456827040653e-04         7.3200699277237451e-05         4.9101787555936959e-05        -1.3884571732360976e-04
39                                    -7.8688683281467854e-05         6.8626177282301622e-05         2.3441867577294410e-05         1.2313080480101337e-04        -1.5106471515505325e-05        -9.8741518211474988e-06        -2.3673288912005473e-05        -1.4769716817572239e-05
40                                    -5.6506090028578780e-04         6.2544304101736826e-04         2.0849153649333125e-04         5.0808136349208633e-04        -4.4493444948965000e-04        -1.5257481945054916e-04        -1.3404262807101237e-04         2.8231702097092273e-04
41                                    -1.5534460872793871e-04         1.7246144517431213e-04         5.8126372568347557e-05         1.3756929500629455e-04        -1.2372989535855257e-04        -4.4654693332615925e-05        -3.6446102629136793e-05         7.9946853326371488e-05
42                                     1.0070435892761901e-03        -1.1976220333605216e-03        -3.9704013280150892e-04        -5.9117664959376344e-04         1.0512461765866564e-03         3.3533448354202051e-04         2.3947584810863004e-04        -8.2102404427349335e-04
43                                     2.1792487019493194e-04        -2.8692583501895713e-04        -9.3202431200730822e-05         3.1424229231956119e-05         3.7085507559853970e-04         1.0246969563649648e-04         1.4578367827543785e-04        -3.1926097074694905e-04
44                                     3.2561833747221398e-05        -4.5623250114859440e-05        -1.8267584974298052e-05         2.4947141645993752e-05         6.7900929524168570e-05         3.6292365749362624e-05         3.3472221060179216e-05        -6.3432609581209659e-05
45                                    -1.2286726735992750e-03         1.4529582916756616e-03         4.8147260671284396e-04         7.7904198239320353e-04        -1.2637620233995200e-03        -4.0612908557099243e-04        -2.9375592934805043e-04         9.5036133459850671e-04
46                                    -2.5804646562948668e-04         3.0821141998542260e-04         1.0169650155180380e-04         1.4962216334350623e-04        -2.7585692479299793e-04        -8.6341368800804110e-05        -6.5466168785982613e-05         2.1075932746519806e-04
47                                    -3.3788926434603941e-05         4.0445873742084431e-05         1.4050819683130943e-05         1.8052069880817017e-05        -3.5939190028469762e-05        -1.6114428995473682e-05        -8.8281005822338438e-06         2.8204293839390905e-05
48                                     1.7514016652477808e-04        -1.4142439116827878e-04        -4.8809576005675258e-05        -4.4277454748749853e-04        -7.6313562099560635e-05        -2.6460548437081625e-06        -3.8072126732354751e-05         1.5871745139596797e-04
49                                    -6.6374154582727891e-04         8.5840080279941998e-04         2.7851571251918922e-04         1.4668421739875211e-04        -9.5247766388091223e-04        -2.8061140359472069e-04        -2.6601683286622889e-04         7.7081117342912473e-04
50                                    -1.8463995673764167e-04         2.3310593418266910e-04         9.0045198156224471e-05         5.0701802688851152e-05        -2.5072245785965551e-04        -9.6101616056618202e-05        -7.3206955714266654e-05         2.0988976542997130e-04
51                                    -4.1807288891091061e-04         4.3317120083790532e-04         1.4556592000374669e-04         4.3648716554212097e-04        -2.6458293751646959e-04        -9.6538531827078161e-05        -1.1758001073881446e-04         1.5090664165109496e-04
52                                     3.5759868816322214e-04        -4.0340043833761110e-04        -1.3509029203760946e-04        -2.7986369142061378e-04         3.2693417157255789e-04         1.0650832405538024e-04         1.1266353204912621e-04        -2.2775922624477434e-04
53                                     1.0882544811692921e-04        -1.2251433414675562e-04        -3.8418009024740953e-05        -8.6667604177438455e-05         9.5290439572991387e-05         3.8326592186020461e-05         3.4335692707645004e-05        -6.6753718540362236e-05
54                                    -6.1918455844174364e-05        -1.2150406162614839e-04        -3.3538003708378144e-05         7.2568766444007125e-04         5.8975713955997100e-04         1.3841244231793334e-04         1.5478571744581256e-04        -6.1617918936391811e-04
55                                    -2.5809669230794034e-04         2.4828539825077171e-04         8.7639694391974617e-05         1.4095690024017974e-04        -1.6973802434963397e-04        -4.2522281188935712e-05        -1.1560982521266168e-04         1.7106571345035018e-04
56                                    -7.4641620075065234e-05         8.3053807812780961e-05         1.3338071546807663e-05         1.3466033444734134e-05        -6.2473391205763594e-05        -5.8473826134211463e-05        -3.9294697732233366e-05         7.0438514508260817e-05
57                                    -2.4986839535880274e-03         3.0147746484845851e-03         1.0024055359447283e-03         2.7597907351581061e-03        -1.3953586040472926e-03        -5.3468538577316940e-04         1.2199009050429452e-03         2.1842139055073232e-03
58                                    -3.5140081447387686e-03         3.6662770873387629e-03         1.1923759964533130e-03         4.9339380581745248e-03        -8.5070596692256111e-04        -4.7769877741737454e-04         2.1702172237639287e-03         8.9169740586277210e-04
59                                    -9.0784035171185033e-04         8.9439875328766317e-04         4.4552870176469919e-04         1.3149218813805178e-03        -1.8879433851393118e-04        -1.0224236873253740e-04         5.7572699293048613e-04         2.2713981483140359e-04
60                                    -1.2894190181635219e-03         1.2500387401568158e-03         4.2558030851875259e-04         2.4821879091401827e-03        -2.2417456112960957e-04        -1.8437623555285065e-04        -9.4228284489169937e-04        -1.0841064814409954e-03
61                                     2.1531207218059719e-03        -1.6736579940135560e-03        -5.9345045718240861e-04        -5.0811503832861177e-03        -1.0418511331072868e-03        -3.1666558675417849e-05         2.8546953374352838e-04         2.7921860940967875e-03
62                                     6.8623944442611153e-04        -5.4719093773766738e-04        -1.7817400424449247e-04        -1.5995786740393078e-03        -2.5438818423654554e-04        -1.3756068236644352e-04         1.0477647748835327e-04         9.9522055428223686e-04
63                                     5.8584464099002828e-03        -6.4824894374396289e-03        -2.1628056699439006e-03        -6.3440576937724754e-03         4.1438980215885851e-03         1.3962676466757879e-03        -6.0936034069980598e-03        -8.4365287929851762e-03
64                                    -6.5211685835407400e-03         7.8143696208871124e-03         2.5719909710776052e-03         4.8071698180609246e-03        -7.9773320681588451e-03        -1.8472951870331547e-03        -5.4732163280382046e-03         6.0975691439397435e-03
65                                    -2.1664889303846806e-03         2.5626911347934843e-03         8.8021604481193548e-04         1.5777615755302927e-03        -1.8170464477938555e-03        -3.0086561973028452e-03        -1.1574965537158319e-03         1.0088530058531896e-03
66                                     1.4646650223568370e-04         5.8504994695576340e-04         1.6032069786422687e-04        -1.9189967205876365e-03        -1.4838130172652622e-03        -3.2323754805471108e-04         1.7808327845965921e-03         4.9726711810239264e-03
67                                     4.0360234380379268e-03        -4.5162173670164913e-03        -1.4819818588947950e-03        -3.2632467435133906e-03         4.8912687325891758e-03         1.4314539588336274e-03         1.6223138358979331e-03        -4.0192427795043648e-03
68                                     1.1665110057854258e-03        -1.3215898644483152e-03        -5.1105742591999977e-04        -8.3508094021974536e-04         1.3525887923094121e-03         9.3025438886953915e-04         3.9243262764758350e-04        -1.3863366087900298e-03
69                                    -4.6961317631360078e-01        -8.7277577540191525e-02        -3.6469758684309732e-03        -3.0310474341749993e-02        -7.2216745174518565e-04         1.0761058250786174e-03         5.4841285931588246e-03        -5.3023149185044555e-03
70                                    -1.3704655197347984e-01        -6.7805274616432001e-02        -1.1476609484012338e-02         4.3058186926599448e-02         2.3254972225142286e-03        -6.7646515674899660e-04         2.1577847117501200e-03         2.1838899984531587e-03
71                                    -1.8243220310719836e-02        -1.3894191742256628e-02        -9.5439804712149114e-03         1.3831863476235677e-02         1.4556451587991659e-03        -2.8626004283506604e-03         3.5945798604338842e-04         1.2366769506550706e-03
72                                     2.1766984792195125e-03         7.0048034096684836e-04        -5.1673359258498294e-05        -8.6173025631192390e-03         3.3193052367163633e-03         1.4472901240398621e-03        -3.3924744984727656e-01        -2.5581504324098996e-02
73                                    -8.7286328314396160e-04         2.8756319687754670e-03         1.8697288767907713e-03        -2.5855883135152212e-02         5.9016158253983979e-04         9.0300429777456759e-04        -2.6317355035534229e-02        -5.6756561839353396e-02
74                                    -5.0388609249415182e-04         1.8159045675379879e-03        -2.8631149565113488e-03        -7.1194098524622104e-03        -4.2259931304049897e-04         1.8223245682899517e-03         6.4811551537386665e-03        -7.0193886246069804e-03
75                                    -8.5400655100412279e-04        -5.5422774496466343e-04        -1.4074240390863211e-04         4.3503307193829581e-03         2.1266789353982588e-03         5.2310634182466511e-04        -2.0415537149910089e-03        -9.9795518541756431e-03
76                                    -3.6441403953420991e-04         5.2574936092032254e-04         3.0081378491859245e-04        -3.0427978628864668e-04        -2.3115630785396826e-03        -1.3227412816936024e-03        -3.7708893514388836e-03         2.1616488032045918e-03
77                                    -9.4249131348235482e-05         3.2504279492864092e-04        -3.5294039821339579e-04        -1.9320999235947770e-04        -1.4534126534471888e-03         1.8365419012546826e-03        -8.8160184291354656e-04         3.0932177508039178e-04
78                                     2.9422455335561364e-03        -2.7393206354446586e-04        -3.6345828544528187e-04        -6.6746590459577891e-03        -2.6523425613282761e-02        -7.3556860581657779e-03        -4.6279158944405249e-03         1.1616550072418227e-03
79                                     2.0331453574958403e-04         2.1392140061802633e-04         1.0153514747736165e-03         1.8246054058858596e-03         1.3494577400628323e-03        -5.3161776117881254e-04         2.8090882531873682e-04         1.3146197423407405e-03
80                                    -2.3514685563868435e-04         1.0497654383119324e-03        -2.9602934965641068e-03         9.7377140873202914e-04         7.5007690359924807e-04         3.0621228190627695e-03         5.1934117016189107e-04        -1.0890495909819586e-03
81                                     9.8330778460608518e-05        -6.8246732912153273e-05        -2.4571853699370330e-05        -1.8578768644123830e-04        -2.3010936154114066e-06         7.1648375370900977e-06         3.7735565277703746e-05         5.8114502576494804e-05
82                                     1.0709572845141864e-04        -6.8919340457825989e-05        -2.3720704036774731e-05        -2.6832969037998656e-04        -4.0848954676968459e-05        -7.0389131783937651e-07         4.2425895229428052e-05         1.0183748156855997e-04
83                                     2.4969416695564167e-05        -1.4830636161265463e-05        -1.0569234630524428e-05        -6.5122741514513058e-05        -1.1528519579698983e-05         4.1001299206287306e-06         1.1412298312118353e-05         2.2077813642718845e-05
84                                    -1.1315226423328392e-05         1.8909346693291051e-05         6.1647804477533161e-06        -7.6098286598925231e-07        -1.9087938904094489e-05        -5.5269445466941155e-06        -1.9427827811304180e-06         1.7930873592129611e-05
85                                     9.6973357380809118e-05        -1.0329246264500862e-04        -3.4531965733525062e-05        -1.0242087290843863e-04         6.6595846593593482e-05         2.3971574817246039e-05         2.5735969978461413e-05        -3.4300468939304672e-05
86                                     2.7324914438701245e-05        -2.9129029224584882e-05        -1.0436446060053023e-05        -2.8864983988705268e-05         1.9332294497687600e-05         7.5394329771863818e-06         6.7399753012556277e-06        -1.0319498764385906e-05
87                                     1.3582375025073196e-04        -1.5928448646042586e-04        -5.2925827455408526e-05        -8.8633097020488855e-05         1.3617410166978042e-04         4.3891595673830781e-05         3.4403936723358456e-05        -1.0153240593927532e-04
88                                    -9.8834503882356639e-05         1.2090727525839985e-04         4.0065994282500629e-05         5.0170470476013009e-05        -1.1282825387652886e-04        -3.5067342439449526e-05        -2.3632306335866552e-05         8.8972957296388144e-05
89                                    -3.1110616135908900e-05         3.7934231654035736e-05         1.2289008295025708e-05         1.6252983028289879e-05        -3.4811010317396883e-05        -1.2098217498337298e-05        -7.1538115324152129e-06         2.7236022066726913e-05
90                                     4.7858405610230910e-05        -5.0610220672195122e-05        -1.6931207137379410e-05        -5.0267690551724796e-05         2.9674759474724579e-05         1.0896264222186846e-05         1.0037248485250292e-05        -1.4455372543988249e-05
91                                    -8.2067483569105140e-05         8.8014527638788104e-05         2.9724214515695289e-05         7.8405251740289048e-05        -5.8847899583469891e-05        -2.0355256051359075e-05        -2.2275848607182801e-05         3.6308824889859034e-05
92                                    -2.1084358935280678e-05         2.2682215289622308e-05         7.2449916170736780e-06         1.9970934249615644e-05        -1.4507184564635170e-05        -6.8774461945199800e-06        -6.0525340451022104e-06         9.0556092950318414e-06
93                                     1.0828189652641390e-04        -1.0115343290379075e-04        -3.4622964455185293e-05        -1.9677818013390770e-04         1.0779057938301603e-05         1.2063654081445991e-05         4.2818727594047155e-05         6.3668133019740663e-05
94                                     3.7238512223355906e-06        -3.0233783137516377e-07         1.1008239457182463e-06        -2.0018644673221175e-05        -9.0868728694827757e-06        -4.5715136423563573e-06         1.0247972626779530e-05         1.9309929764870713e-05
95                                    -1.4230023871478081e-06         3.5020238749887319e-06        -3.2964515122678445e-06        -1.6131870107807757e-06        -6.2427723694652047e-06         7.4159222306572069e-06         3.3052105680331532e-06         5.6420103741257506e-06
96                                     2.7446033428365330e-04        -5.0041266585530578e-04        -1.5806220416042619e-04         4.1856538829394016e-04         9.6366653882078623e-04         2.6111954779769970e-04         1.6033355172627353e-04        -1.2727145555624249e-03
97                                    -3.3409013766441914e-04         3.1855041750045062e-04         1.0604493586021969e-04         6.2154965254168333e-04        -4.1591973161828793e-05        -3.2169970985679281e-05        -1.8618309876747752e-04        -2.6977789598029973e-04
98                                    -1.0871976294572682e-04         1.1126177476111288e-04         4.5982689179625282e-05         1.6398966250950257e-04        -4.2839454822525861e-05        -4.8642423428967805e-05        -6.1525334691891990e-05        -3.0173211345638253e-05
                                                         8                           9                          10                          11                          12                          13                          14                          15

0                                      1.4294034697144055e-04        -1.8811711531844912e-03        -3.9736269200586101e-03        -7.2515784404274730e-04         1.1227550784688697e-03         2.4463858842998262e-04         1.4434738584062959e-06        -3.0103861766729925e-03
1                                     -2.1328902844531358e-02        -1.4192655671121730e-02         8.4118445870253224e-03         8.2958095879326257e-04         1.7244080038712434e-03        -5.5951786777055220e-03        -1.5983943142367600e-03         9.3607330357020711e-03
2                                      6.1162749482904961e-03        -3.7184001694632522e-03         3.5937833215586839e-04         7.9894069388409799e-03         4.3670978138270856e-04        -1.5158308797037735e-03        -8.8288642040460863e-04         2.8151459575027895e-03
3                                     -9.7230579450968239e-03         6.2553884763052112e-02        -1.6615018644696486e-02        -8.1763147601568789e-03        -7.6538761926415247e-03         1.4029415205289318e-02         4.7209927604265345e-03        -2.9749520601160949e-02
4                                     -4.8690286196603816e-02         3.2791985186688827e-02        -6.5671662918486348e-02        -1.7762928204013560e-02         1.9523317265337267e-03         1.5211527419208296e-02         2.7822710197897443e-03        -2.7499857427505010e-02
5                                     -7.1565164350737676e-02         6.3047729275884160e-03        -1.5545687464246368e-02        -1.4896343464608889e-02         1.1667335198285865e-03         2.2052310590820307e-03         6.0352049517833932e-03        -6.5411244105295190e-03
6                                     -3.0572464609116404e-02        -2.2049751773507756e-01         1.3200307123091282e-01         4.5961694024980577e-02         2.5241923061944477e-02        -1.1600287473215516e-02        -4.1387796693850461e-03        -2.7946666386223187e-02
7                                      1.6079286080177305e-01         8.2378752698710256e-02        -2.3388226692018996e-01        -5.4601387100947286e-02         2.0335892936953343e-02        -6.5898589045679301e-02        -2.2970746477227879e-02         4.7215736470506628e-02
8                                      1.5181918896439672e-01         3.1427338439328434e-02        -5.6856557256251813e-02        -7.8425352361827946e-02         5.2218502433658102e-03        -2.1472597714946938e-02         2.6132545768074236e-03         1.5330462510889866e-02
9                                      3.1427338439328434e-02         6.7263739134163969e-01        -2.1422757865217433e-02        -2.9209162402292925e-02        -1.6095088848097233e-01        -1.0663204454407516e-01        -2.6279431302499066e-02        -2.6629952297066994e-01
10                                    -5.6856557256251813e-02        -2.1422757865217433e-02         7.1113541613898590e-01         1.6088674426800220e-01        -7.3028702935950360e-02        -2.7789402466036672e-01        -6.3004320996793248e-02        -2.2215212871993954e-02
11                                    -7.8425352361827946e-02        -2.9209162402292925e-02         1.6088674426800220e-01         2.1380377186168589e-01        -1.6380139629914987e-02        -6.1539077815173628e-02        -6.8563768876260950e-02         2.8052788351935420e-03
12                                     5.2218502433658102e-03        -1.6095088848097233e-01        -7.3028702935950360e-02        -1.6380139629914987e-02         4.3689385003739389e-01        -4.9202316204078819e-02        -3.2669481775314174e-02        -2.5596952234381631e-02
13                                    -2.1472597714946938e-02        -1.0663204454407516e-01        -2.7789402466036672e-01        -6.1539077815173628e-02        -4.9202316204078819e-02         5.1882491634176864e-01         1.4195417519997855e-01        -3.1806018451084495e-02
14                                     2.6132545768074236e-03        -2.6279431302499066e-02        -6.3004320996793248e-02        -6.8563768876260950e-02        -3.2669481775314174e-02         1.4195417519997855e-01         8.4773036199652804e-02        -7.6594786499286829e-03
15                                     1.5330462510889866e-02        -2.6629952297066994e-01        -2.2215212871993954e-02         2.8052788351935420e-03        -2.5596952234381631e-02        -3.1806018451084495e-02        -7.6594786499286829e-03         6.9615050230339182e-01
16                                     3.3223651719677984e-03         3.5587606218802394e-03        -1.2297976447341505e-01        -1.8843023961772051e-02        -4.6985152795344709e-02        -5.5385488354482617e-03        -2.8828022938795529e-03         1.6656928936618555e-02
17                                     5.5369150928649136e-03         1.0375416555735945e-02        -1.7631467494788330e-02        -6.4805999566798181e-02        -1.2088092604216468e-02        -3.5378084225904877e-03         1.1002586781891963e-02        -2.1894815331132973e-02
18                                     4.2048150063582453e-03        -9.1219010688604885e-03        -3.9738217444326832e-02        -1.1539987148066547e-02        -4.8367147473158418e-03         4.8271008519035919e-03         1.8875222571459920e-03        -1.5527226392701929e-01
19                                    -1.4514708789322740e-02        -6.4053311624008374e-02         2.5128254976170619e-02         1.2692088541836781e-02         8.5871157593723144e-03        -5.7612238897074512e-03        -3.8234908045850311e-03        -5.1692537421133777e-02
20                                    -2.7418363780774358e-05        -1.8696805625536699e-02         1.1554094729195382e-02        -3.9171832008440544e-03         2.9824434275378792e-03        -3.6705094380521707e-03         4.6920027252497828e-03        -1.0617668382924106e-02
21                                    -1.6069206849935985e-02        -3.9545438807268955e-02         2.6281307568313966e-02         9.7552475643679464e-03         2.2398642365653630e-03        -1.1396573118010256e-02        -3.5144290581582806e-03         3.8616096656720278e-02
22                                     4.6806023790876457e-03         2.1895726609521160e-02        -6.6540213008689664e-03        -4.6238099831214675e-03        -3.3172255307837607e-03        -2.7907159644504961e-03        -2.6121267451663984e-04        -3.1334926021725149e-03
23                                     6.0292053288838673e-03         8.4389320537884317e-03        -4.7952192986285610e-03         3.9051150382264769e-03        -1.1311832376912714e-03         1.1849531994795012e-04        -1.2923994907028291e-03        -2.4150866668211533e-03
24                                    -2.8652234138354885e-03        -4.8616658452217418e-03         2.3030054183519021e-03         1.1741050145073683e-03        -9.3242029714527691e-04        -3.9809242721028015e-03        -1.1195519611100020e-03        -2.9367034074647219e-02
25                                     5.3906336723847737e-04         2.3311487196372633e-03        -6.0272243674371687e-03        -3.8187528515353482e-03        -3.6926729995938375e-03         7.1078515959826886e-04         3.8669851484983496e-04        -3.5678422473215586e-02
26                                    -1.0181541803325285e-03         1.2359088037997670e-03        -3.8310375181703940e-03         5.4956050230010496e-03        -1.0367168958751660e-03         4.0246745228577355e-04         1.1253184593073574e-04        -8.7604254947374772e-03
27                                     3.9859311829284160e-04        -8.7679098746955156e-04        -1.0229201016218052e-03        -3.0115829380949105e-04         1.0293540369076567e-03         2.3637572526885630e-03         6.5674753768219939e-04         3.7874361906719963e-03
28                                    -2.6026094882657764e-04        -3.9065265991851585e-03        -2.4496010297043475e-03        -3.8487892128930674e-04         3.1966816934823165e-03         6.7834209731576728e-04         6.3581611141520718e-06        -2.5226130693987358e-03
29                                    -3.4712051369992637e-04        -1.1316956475958416e-03        -5.0503851710524651e-04        -6.3681162922222189e-04         8.9464746699786609e-04         3.4716615029153173e-05         1.5812359096925766e-04        -8.2941148936834614e-04
30                                     3.4315314163060439e-04         2.1178093019483882e-03         8.8825670523067521e-05        -8.1838675661237217e-05        -7.2038830529165749e-04        -5.6252427558296661e-04        -1.3175458567345471e-04        -3.2541530461532397e-03
31                                     1.4603036118900688e-04         7.4599502028905684e-04        -9.3201237896116886e-05         8.0150321109946111e-05        -2.9519213619439745e-04         2.4820446238819899e-04         5.7374809909799792e-05        -7.8357784739116845e-04
32                                     2.7231288984356665e-04         1.1336186898210646e-04         1.1596799366087734e-04        -4.5775738828061246e-04        -5.6726930435792457e-05         6.4889106307808607e-05         1.1336235232900205e-04        -1.4184811730160520e-04
33                                    -3.7774317577459313e-05        -2.8818617522319095e-04        -7.3194679370032619e-05        -4.0335491127519390e-06         5.9046878947721318e-05         1.1321640057030064e-04         2.8533305313933064e-05         1.5997069216667375e-04
34                                    -1.3563127335116499e-04        -9.0781527153430510e-04        -1.5744344291968330e-04        -2.7496671367569024e-05         3.3995970556612276e-04         1.9753064988375652e-04         4.9172914186284734e-05         8.8981735695778537e-04
35                                    -4.6807194875741697e-05        -2.5235812357298013e-04        -6.5631733556245229e-05         6.5944368350439849e-05         9.5148991506760353e-05         6.1488689264844207e-05        -8.5266984373882191e-06         2.4830994980734860e-04
36                                     1.5128455043893495e-04         1.1454882675780125e-03         2.6167514213842262e-04         1.9742292926936317e-05        -5.3348841329913476e-04        -3.2752229265690312e-04        -7.0576459580211571e-05        -1.1408134745233165e-03
37                                    -1.4175433098448311e-04        -1.3828564532374500e-03        -4.2013411198413357e-04        -3.8691603414971079e-05         7.7314253888339330e-04         5.3085341074430843e-04         1.1364624325898295e-04         1.6554935186713815e-03
38                                    -5.5480388686502462e-05        -4.1508051860557522e-04        -1.0096667845605995e-04        -8.2841317294744042e-05         2.2986039903081211e-04         1.4803534253684560e-04         6.0006217243034137e-05         4.9668923645886955e-04
39                                    -3.6849889038639079e-06         5.0687637785031193e-05         4.5348322574811114e-05         1.0999896687824043e-05        -6.4251333674648383e-05        -3.9819450046355806e-05        -8.5801159536604536e-06        -8.4442598851298739e-05
40                                     8.7798260443670999e-05         9.0834404767499400e-04         3.2874773775443247e-04         5.4479523074217469e-05        -5.6008573975330504e-04        -3.5386090702855822e-04        -7.8778908477041950e-05        -1.0359016371435494e-03
41                                     2.4615737745330291e-05         2.5251122919587872e-04         9.0846034994620744e-05         1.3598626901760102e-05        -1.5456064359633891e-04        -9.7613672576629985e-05        -2.1170282408416899e-05        -2.8662847734021952e-04
42                                    -2.5008659848399072e-04        -2.0919505923631598e-03        -5.9728514545367560e-04        -7.9616131515267377e-05         1.0797083435747847e-03         6.9712901822746468e-04         1.5757611746982370e-04         2.2626276517663225e-03
43                                    -9.8620089515880020e-05        -6.6367525513761553e-04        -1.3077091512136906e-04        -6.7227735286433680e-06         2.7368205957607533e-04         1.8736813306032408e-04         3.8962902874097349e-05         8.1539514094368989e-04
44                                    -2.5122368608043314e-05        -1.2615356964289725e-04        -1.6336927366319032e-05        -1.3335005092273544e-05         4.6667593031408850e-05         2.6612817038695701e-05         2.6691332678891805e-05         1.6094559915203881e-04
45                                     2.8943337503399254e-04         2.4788492362853819e-03         7.1937297567400927e-04         9.8172656086209525e-05        -1.3000886587301260e-03        -8.3101734779263213e-04        -1.8695174402124878e-04        -2.7507233980039749e-03
46                                     6.3486386623497806e-05         5.3056190100893438e-04         1.5532422252998633e-04         2.0118633901713780e-05        -2.7445862735466431e-04        -1.7046888765661798e-04        -3.5533803686671677e-05        -5.8009114938381795e-04
47                                     1.0604358909101151e-05         7.0643238020156286e-05         1.9602661782542902e-05         7.0800970511039765e-06        -3.6647688784071964e-05        -1.9068827714990746e-05        -1.2365517170142363e-05        -7.6826725419803951e-05
48                                     4.8152953156171269e-05         7.1679452244281008e-05        -1.2079935640131362e-04        -3.4720971805889985e-05         1.1019695823869099e-04         4.9725826108252744e-05         8.2595282433548961e-06        -1.1073321704975925e-04
49                                     2.4158707063466546e-04         1.7145480079316913e-03         4.1078613352346638e-04         2.4279608128748709e-05        -8.0531578080845849e-04        -4.9181650062237424e-04        -1.0765185730738559e-04        -1.9963425551179823e-03
50                                     4.8090351806416114e-05         4.6738048591260300e-04         9.3437233865097189e-05         8.3167640370500033e-05        -2.2263465045590218e-04        -1.3225112718863002e-04        -4.0888918195617485e-05        -5.4470701818792140e-04
51                                     4.8745950669264076e-05         6.1893170455849258e-04         2.4737549479817138e-04         4.4303716489408343e-05        -3.9812949240660821e-04        -2.7458758317870213e-04        -6.2787419115819626e-05        -7.5143145000300317e-04
52                                    -7.0802385430579167e-05        -6.7251214549638371e-04        -2.1450651120149251e-04        -3.4930963118836913e-05         3.7345301740068706e-04         2.5233360393893075e-04         5.8590337562138919e-05         8.0388913595469543e-04
53                                    -2.2260866405460116e-05        -2.0120409065722876e-04        -6.7397907943411554e-05        -2.7811825292483867e-06         1.1251134645895359e-04         7.7353620891608787e-05         1.5095828135983268e-05         2.4151170540660945e-04
54                                    -1.8622232764282850e-04        -8.3781821375005091e-04         2.7372998096156513e-05         3.7260040389038636e-05         1.6112701905907783e-04         8.7343041799062943e-05         2.1243611070725375e-05         1.0166441421244543e-03
55                                     5.1727589971239805e-05         4.9733738063957339e-04         9.0226031569431937e-05         3.0429102677028815e-05        -2.5153471289106842e-04        -1.8541259006208874e-04        -4.9531173063096220e-05        -6.1010172584116857e-04
56                                     3.3613536226374113e-05         1.7400621504672987e-04         5.3454671027714941e-05        -8.2621050465568147e-05        -8.0762577614789776e-05        -6.3432056217228259e-05         8.6758499868620168e-06        -2.0588605105159542e-04
57                                     5.7481563436706127e-04         7.8217809914442032e-03         2.2766873962421098e-03         4.9180223252537803e-04        -4.6631550046505642e-03        -7.7237845684141073e-04        -5.9482665159457764e-05        -2.9395230214358650e-02
58                                     2.1421414485827658e-04         5.0366102057357465e-03        -2.5668244834292347e-03        -2.1716763293073114e-03        -4.2340113937909141e-03        -1.1557072189091985e-03         9.9280846860742730e-05         2.4948532713981612e-02
59                                    -1.6142719974381688e-04         1.3067177742478696e-03        -2.0526753550335125e-03         3.4070071918900348e-03        -1.0796175863114136e-03        -3.6555158397080823e-05        -8.2135710111727340e-04         8.9024963327390717e-03
60                                    -2.9828018209007370e-04        -9.9401599663451363e-04         2.9183923695340723e-03         8.8939820690570666e-04        -9.0624505766504805e-04        -2.6154353305516353e-04        -3.2564770483539879e-05        -3.8761947972054869e-03
61                                     9.4024072234826243e-04         1.4440807132022880e-03        -3.6782558171878708e-03        -1.0829430595742442e-03        -8.4488089178936924e-04         3.1670969675357589e-03         9.5221847407193265e-04        -3.7187524413337999e-03
62                                    -1.6068276960852230e-04         4.5807176478888836e-04        -1.1410275059725386e-03        -5.5261569249891065e-04        -2.0594781582183359e-04         9.2340525630060712e-04         3.3041378435505540e-04        -7.3134585221545922e-04
63                                    -2.0099663506221539e-03        -4.0195722543050164e-02         3.0470059100670528e-02         1.0820504677393875e-02         1.0348836685712641e-02         5.7425359240858131e-03         1.0937111800486286e-03        -1.8595188266760146e-01
64                                     8.7235934272745065e-04         3.2894192923887539e-02         2.3355372027182929e-02         4.8533467396895003e-03         8.8482352144510952e-03        -2.6508049722193047e-02        -7.2659432917980592e-03         6.6451672807132350e-02
65                                     4.2545957175658348e-03         1.1504433998966852e-02         4.9674337853920954e-03         2.6398551502593605e-03         2.0218547693773422e-03        -7.1498816387823875e-03        -5.1600083952949502e-03         2.5493542982866706e-02
66                                     1.3759558487076772e-03        -1.0027605507305656e-02        -1.8891705697080454e-02        -5.2319668255230321e-03        -3.1303470195795977e-02         3.0642093930645507e-02         1.0689581214700802e-02         2.9587788766640314e-02
67                                    -1.2217416727239893e-03        -1.7978514134428664e-02        -3.0409261391791103e-03         7.4293648929979863e-04         4.8551942744996281e-03         1.2201546563023920e-02         1.8577502548174573e-03         6.0164400855184114e-03
68                                    -4.8256811169934352e-04        -4.9055127287107427e-03         7.5613791527113930e-04        -2.2802459342355836e-03         3.0870457286261612e-03         7.0862889423356631e-04         5.0276555893684367e-03         1.0533213338662700e-03
69                                    -1.9632279142497207e-03        -1.7239784991276794e-03         9.4193151929623797e-04         3.1010180321327857e-04         1.2597358192202070e-04        -1.0714635220366137e-03        -3.1658655012978308e-04         1.3781158970488892e-03
70                                     1.0905093937237759e-03         5.6293043652311161e-05        -1.3471753521206971e-03        -1.6897639359661379e-04        -3.3482175310014432e-05         9.1527263628004348e-04         2.4708482721525079e-04        -2.7045073482039500e-04
71                                    -1.0666040309104024e-03         5.3719107694918445e-05        -2.3070101073451065e-04        -8.2284298172042908e-04        -1.0307816453041495e-05         3.0230643065568111e-04         1.6942085407060665e-04        -1.4980784935885648e-04
72                                     6.7267154051492122e-03        -1.2716797393591037e-02        -5.1166656843904396e-03        -7.1606216377255796e-04         1.3397710896714387e-03        -9.2450160485524520e-04        -5.1921530976762990e-04        -2.7816921290866464e-04
73                                    -7.1767547841604992e-03         2.4632836115198588e-02         7.1458470008013818e-03        -3.0361907508821536e-04        -1.3313003039564660e-03         1.8847556069087343e-03         1.7998047038037075e-03         1.7733707697365486e-03
74                                    -3.0783665330192670e-02         7.9851147313399606e-03         1.0778495639966630e-03         4.2730012837331882e-03        -6.3077832499185507e-04         1.7712472018521737e-03        -3.4811347410915665e-03         7.9310235579958029e-04
75                                    -2.7054447208362756e-03         2.6255864742179079e-02         2.2911397647525297e-03        -5.5695887656854320e-04        -2.4300590982322148e-01         1.6280895242979895e-01         5.8182658724328123e-02        -7.7212749218529102e-03
76                                    -1.6152466336212881e-05         1.9938405883638731e-02        -4.9821207858758099e-02        -1.5351348591129575e-02         1.3392171303424114e-01        -1.6276674421016230e-01        -4.8403722105615818e-02         4.0121858750575175e-03
77                                     2.9331352818289620e-03         4.5504161186316816e-03        -1.4683734721354360e-02        -5.1047041061459165e-03         4.9737533224713776e-02        -4.9652651388294645e-02        -3.4855763990577424e-02         1.4273617971845365e-03
78                                     7.7168469517894210e-04        -1.0963963522637003e-03         8.6511804911707825e-04         2.2984929009642113e-04         2.6769649818151990e-04        -2.6074943603712601e-04        -9.0168879228887919e-05        -2.3035599930635673e-03
79                                    -1.0431660831520815e-03         4.8641593402373815e-04         2.1088745725875071e-04         5.1997985390951043e-04        -8.4237923609146005e-05         1.1154849688424588e-04         4.4689519202844934e-05         3.5680302354043976e-03
80                                     4.4701353689256349e-03         1.2117266907870966e-04         5.0702086727856706e-04        -1.4884470862891570e-03        -4.2574832521209661e-05         4.0519445603534157e-05        -1.2638175915324825e-05         1.3808477507105555e-03
81                                     1.5779001597184688e-05        -3.6332551310260929e-05        -5.8442616637716265e-05        -1.3507520152157597e-05         6.2323203468642006e-05         6.5722100812528944e-05         1.5556115828623272e-05         6.7092860897937615e-05
82                                     2.5860769653880443e-05         1.9769030644747583e-06        -6.1055287291745207e-06        -1.7357670401477255e-05         7.6184040301669663e-05         8.8387257205679978e-05         2.8742322152616436e-05         2.4628564013694638e-04
83                                     1.3980231132416393e-05         2.8910988389295640e-06        -1.6742029708172781e-05         5.4838360153209331e-05         1.6965579943537283e-05         2.8382999594875094e-05        -1.5988102061596696e-05         6.8103181280997736e-05
84                                     5.3294739610199564e-06         3.0950989960192374e-05         9.2490980704961335e-06         1.5368786912436070e-06        -1.4445208015561402e-05        -4.2100185536612543e-06        -8.2822552749132138e-07        -1.5568381999909119e-05
85                                    -1.0982374838212550e-05        -1.4039321906231310e-04        -5.1642040592255432e-05        -1.0155503899945032e-05         9.2573476186437811e-05         6.0145206531188921e-05         1.4346891353635570e-05         1.7670844561457516e-04
86                                    -3.5810412767992361e-06        -3.9928400320332101e-05        -1.6386800268934116e-05         2.5741693565424679e-06         2.6277418871579057e-05         1.7365888865437553e-05         1.4579072737078829e-06         5.0064065612242975e-05
87                                    -3.1133280130896657e-05        -2.6882386653386117e-04        -8.0860288109742018e-05        -1.1270843566537687e-05         1.4320250715231319e-04         9.1280850600552836e-05         2.0502073560420804e-05         2.9723458943756696e-04
88                                     2.6818831854401808e-05         2.1775940612854777e-04         5.8819207111200552e-05         5.3721222754771940e-06        -1.0856879129388835e-04        -7.0390693492993996e-05        -1.5158419962213516e-05        -2.3680054290982301e-04
89                                     9.2677339919770588e-06         6.8331577078851319e-05         1.6640198387486794e-05         9.3480159432642760e-06        -3.4467855949399338e-05        -2.0973644691721331e-05        -7.7555221494799893e-06        -7.3262867203779724e-05
90                                    -4.5670515839077306e-06        -6.0522501531060193e-05        -2.9485692804028576e-05        -5.7986182834553761e-06         4.4985725709674609e-05         2.5198853668613417e-05         5.2897261868360684e-06         7.1791744006506852e-05
91                                     1.1435914398837574e-05         1.3215240948026647e-04         4.9996987015646312e-05         8.9227087042503215e-06        -8.1094467105731325e-05        -5.5700823448580426e-05        -1.2698871871335399e-05        -1.5413860368914938e-04
92                                     3.3792756507667007e-06         3.4003824506830668e-05         1.3257397460785047e-05         8.0009469653359306e-07        -2.0805479756330544e-05        -1.4275900360540282e-05        -3.9910667869610150e-06        -4.0103990569360795e-05
93                                     1.6861592669610441e-05         3.0867920241823608e-05        -1.2505713225283730e-04        -3.8601686487877108e-05         9.8133215016091172e-05         1.0899152131250555e-05        -1.1971037385115257e-06         7.7029773705132132e-05
94                                     5.8408503492343575e-06         1.5173787673406045e-05        -2.0511504753776937e-05        -3.4613785705513037e-07        -6.3249854769975751e-06         8.0947955214058780e-06         2.1433927317150242e-06         1.0561337825033162e-05
95                                    -7.8352323262492036e-08         4.4281534100149150e-06         2.6767356884659029e-06        -2.3869556128194204e-05        -2.9855960089240712e-06         9.7234619525032699e-07         1.9277262622585280e-06         2.6080253352796907e-06
96                                    -3.7816849592880433e-04        -1.4411391075072862e-03         1.3653889851247369e-03         4.8302453219249762e-04         2.5116752872724954e-03        -1.8601564031653932e-03        -6.5733176075743267e-04         1.4041924757725475e-03
97                                    -7.3153857569290139e-05        -2.6136276498844163e-04         6.2574810741251126e-04         7.6354458500198564e-05        -2.0438052662386658e-04        -4.2276180863847743e-05        -7.6270627404042483e-06        -6.8640386390088261e-04
98                                     2.9180298395944335e-06        -5.6577899879968973e-07         9.7271084529812523e-06         4.0640653978253117e-04        -1.6225716929223059e-04         6.0535719054111218e-05         3.9195184585322918e-05        -2.9757730922776865e-04
                                                        16                          17                          18                          19                          20                          21                          22                          23

0                                      1.0308128654038096e-02         3.1231658687463212e-03         2.3325977410140770e-03        -1.6147411761873405e-02        -4.6703849021691394e-03        -4.9687045946057225e-02         5.3451573391405938e-02         1.8400832111323883e-02
1                                     -8.4866229693395922e-03        -2.5736973192623156e-03        -5.1372708596084549e-03         4.8806555989157341e-03         4.9592824886658801e-04         2.0310432445253296e-02         1.5231101050029276e-03        -3.0048296313417312e-03
2                                     -2.5927084222550113e-03        -2.1247375273722091e-03        -1.4195409209301533e-03         9.8061814858296879e-04         4.4247141933198911e-03         8.6199600969741677e-03        -4.5051912441951801e-03         6.7111327644545221e-03
3                                     -2.9467775162489090e-02        -7.1419575464207151e-03        -5.2838586398681178e-02         7.0389062095805977e-02         2.2728688226161243e-02        -3.1541834270088481e-01        -7.4941988511849772e-02        -1.0291045975961395e-02
4                                     -7.2919239110079970e-03        -2.0032857703769199e-03         1.7940514136210423e-02         3.3868736140940547e-02         1.1321061423915632e-02        -1.6432934257839364e-02        -1.2377780349039480e-01        -1.7649411587862519e-02
5                                     -1.9052234021019110e-03         3.5322085502316929e-03         7.3278915112083114e-03         8.9495693826337659e-03        -5.2988936715070607e-03         6.9309793279689362e-03        -1.5005783944879707e-02        -6.5728968432221938e-02
6                                      2.1944730990002364e-02         7.9392735702349705e-03         1.1638655087215146e-03         5.3984328314134215e-03         1.7616624562711034e-03        -1.4277968629136467e-02        -2.8976183915396109e-02        -7.6750330245019824e-03
7                                      2.0042632411676135e-02         2.1714350177746283e-03         1.3794326712853845e-02        -4.4260636802522547e-02        -1.4879978208605723e-02        -5.7698780635621810e-02         1.5362028550401259e-02         5.9546397966677191e-03
8                                      3.3223651719677984e-03         5.5369150928649136e-03         4.2048150063582453e-03        -1.4514708789322740e-02        -2.7418363780774358e-05        -1.6069206849935985e-02         4.6806023790876457e-03         6.0292053288838673e-03
9                                      3.5587606218802394e-03         1.0375416555735945e-02        -9.1219010688604885e-03        -6.4053311624008374e-02        -1.8696805625536699e-02        -3.9545438807268955e-02         2.1895726609521160e-02         8.4389320537884317e-03
10                                    -1.2297976447341505e-01        -1.7631467494788330e-02        -3.9738217444326832e-02         2.5128254976170619e-02         1.1554094729195382e-02         2.6281307568313966e-02        -6.6540213008689664e-03        -4.7952192986285610e-03
11                                    -1.8843023961772051e-02        -6.4805999566798181e-02        -1.1539987148066547e-02         1.2692088541836781e-02        -3.9171832008440544e-03         9.7552475643679464e-03        -4.6238099831214675e-03         3.9051150382264769e-03
12                                    -4.6985152795344709e-02        -1.2088092604216468e-02        -4.8367147473158418e-03         8.5871157593723144e-03         2.9824434275378792e-03         2.2398642365653630e-03        -3.3172255307837607e-03        -1.1311832376912714e-03
13                                    -5.5385488354482617e-03        -3.5378084225904877e-03         4.8271008519035919e-03        -5.7612238897074512e-03        -3.6705094380521707e-03        -1.1396573118010256e-02        -2.7907159644504961e-03         1.1849531994795012e-04
14                                    -2.8828022938795529e-03         1.1002586781891963e-02         1.8875222571459920e-03        -3.8234908045850311e-03         4.6920027252497828e-03        -3.5144290581582806e-03        -2.6121267451663984e-04        -1.2923994907028291e-03
15                                     1.6656928936618555e-02        -2.1894815331132973e-02        -1.5527226392701929e-01        -5.1692537421133777e-02        -1.0617668382924106e-02         3.8616096656720278e-02        -3.1334926021725149e-03        -2.4150866668211533e-03
16                                     6.7532833532081715e-01         1.6750737315845465e-01        -7.3861091821991617e-02        -2.6120701445348748e-01        -5.7514786953825822e-02         2.5095286867387170e-02        -4.3840591264198571e-02        -1.5393036609009762e-02
17                                     1.6750737315845465e-01         1.5053387848639477e-01        -1.7120815622047668e-02        -5.8619135372412035e-02        -6.9314601610261484e-02         5.8634041974806534e-03        -1.4113751079890310e-02         4.1074891293226001e-04
18                                    -7.3861091821991617e-02        -1.7120815622047668e-02         6.7010958583508984e-01        -3.1898909899229617e-02        -3.2099738657457175e-02        -1.6007037956825734e-01         1.1741975591140741e-01         3.9042582001084819e-02
19                                    -2.6120701445348748e-01        -5.8619135372412035e-02        -3.1898909899229617e-02         6.9451820357323601e-01         1.5908569364793346e-01         6.6440048863857654e-02        -2.8150776273797729e-01        -6.8961647424999800e-02
20                                    -5.7514786953825822e-02        -6.9314601610261484e-02        -3.2099738657457175e-02         1.5908569364793346e-01         2.0361284277234520e-01         2.4027461117698011e-02        -7.1183526141217313e-02        -7.8387124775013459e-02
21                                     2.5095286867387170e-02         5.8634041974806534e-03        -1.6007037956825734e-01         6.6440048863857654e-02         2.4027461117698011e-02         7.0602732552538838e-01         2.3346153722195659e-02        -2.0552623129158377e-02
22                                    -4.3840591264198571e-02        -1.4113751079890310e-02         1.1741975591140741e-01        -2.8150776273797729e-01        -7.1183526141217313e-02         2.3346153722195659e-02         7.1330780106712810e-01         1.7771225409527680e-01
23                                    -1.5393036609009762e-02         4.1074891293226001e-04         3.9042582001084819e-02        -6.8961647424999800e-02        -7.8387124775013459e-02        -2.0552623129158377e-02         1.7771225409527680e-01         1.5669695052542154e-01
24                                    -3.0968300971189626e-02        -7.3612066386308048e-03        -2.7729405589875555e-01        -4.3482529686845378e-02        -2.3461260040292635e-03        -6.3546087287325456e-02         1.1868407295427458e-02         6.5187820168275887e-03
25                                     1.6275926389054431e-03        -5.6707042914319085e-04        -1.8251071672151453e-02        -1.1343331532672252e-01        -1.8744203236940066e-02         3.7523521518987142e-02         1.6262587214682107e-02         1.6006173495203054e-03
26                                    -7.9895057200070905e-04         9.2393585387233537e-03         4.8222881695192225e-03        -1.7562809692079094e-02        -5.1816668811823813e-02         1.4101017408741034e-02         2.6878973216177080e-03         5.2310700622962732e-03
27                                     5.2356974393490407e-03         1.4513142627544271e-03        -5.8656191044107048e-02         3.0259798961620968e-02         1.1223413539294229e-02         3.6008238802434215e-03        -4.4201778971715896e-03        -1.3777417418111807e-03
28                                    -1.2996675551717605e-02        -3.6157113390222493e-03         3.0633274741333327e-02         1.1916972419344384e-02         2.3906593612129327e-03        -1.3501175761647857e-03        -2.5574840929920928e-03        -1.1649224448518523e-03
29                                    -3.9666681797514269e-03        -1.4293783295423954e-03         1.1392467533764850e-02         2.4788263448575522e-03        -5.7404256414933866e-04        -5.0089112329691277e-04        -9.8927060076191590e-04         1.2857698008898091e-03
30                                     1.5726729446353834e-03         5.6677165779998200e-04         2.2758897103849866e-03         1.1951167931553784e-03         2.2320571279081246e-04         1.5765243339114501e-04        -9.3889973373707802e-04        -2.3480952368203160e-04
31                                     1.1098649130858618e-03         6.0647696774888276e-04        -9.9235922062997518e-04        -4.6145975945085203e-03        -1.5970804822262369e-03         1.9211051718277298e-03         2.8430151839647840e-04        -3.3779906335394471e-04
32                                     5.2198171120261679e-04        -6.7549519670390633e-04        -3.8864577456020825e-04        -1.7009258121703278e-03         5.4237737241847966e-04         6.0715988818623281e-04        -2.1494326455128972e-04         1.0426291442200797e-03
33                                    -4.1199067504930247e-04        -1.3440994834637644e-04         9.5340085595071187e-04        -7.9544978111676680e-04        -2.8545816536205081e-04         6.6142735013142951e-05         7.6516579397284488e-05         1.7886989736868604e-05
34                                    -9.7717218394416578e-04        -2.3699022533563277e-04         9.2987399873213324e-04        -1.4163945056814827e-04        -6.1227650399522287e-05         2.8780640487433007e-06         1.6602926495543015e-04         8.1654907557201009e-05
35                                    -1.7964078574854303e-04        -3.6656597372299623e-04         2.2626917349549230e-04         1.0318409488949278e-05        -3.6566092185084424e-05        -1.6136942467944598e-05         7.9564042476100937e-05        -9.4456459170372546e-05
36                                     1.3039915262724468e-03         4.2973874014416491e-04        -1.1075551810627035e-03        -8.2257737159903129e-04        -1.7922110451450024e-04        -1.3315639578557147e-04         7.7117230925920341e-05         2.4472418051220044e-05
37                                    -1.2578230833460004e-03        -4.8178446910329307e-04        -5.7887175386019227e-04         1.4975458043973771e-03         4.5651931060748739e-04         7.4281936369455736e-04        -2.8059594604238898e-04        -1.1533161971841210e-04
38                                    -4.4114597096427062e-04         5.1414018083107934e-05        -1.3042185141433124e-04         4.4417230437115740e-04         1.4174525865008416e-04         2.1335313579729214e-04        -8.3992525800241527e-05        -2.6362535524475231e-05
39                                     5.2112958539519885e-06         4.5264402608460939e-06         3.8841651361384421e-04        -8.7084864279452458e-05        -4.2715162852257836e-05        -1.6090899991504722e-04         4.5388852093410743e-05         2.0886468011242136e-05
40                                     8.1943353006847116e-04         2.7134410549988267e-04         6.1784477005677300e-04        -7.8864258286123984e-04        -2.5345782069717809e-04        -6.6423418137614434e-04         1.9855566098502734e-04         8.6073474313665019e-05
41                                     2.2598623126330998e-04         9.1471077544674409e-05         1.5612668284577859e-04        -2.1323711643555940e-04        -8.3898385936955356e-05        -1.7998165474583379e-04         5.2383150803503572e-05         2.8535395345289529e-05
42                                    -2.0360140914668632e-03        -6.7694394799222579e-04         2.8627847566084827e-04         1.4704258033838423e-03         4.2624040418978509e-04         8.1937922337747598e-04        -2.2589283117484954e-04        -1.0141857637359315e-04
43                                    -4.6791151307998567e-04        -1.6293376658007311e-04        -1.1354921102169210e-04         2.3068246754001046e-04         3.5518757171382919e-05         6.7539566652203599e-05         6.3005293497137493e-05         2.5717031093864379e-05
44                                    -6.7252101247085246e-05        -4.5018426115444174e-05        -2.5297594284968023e-05        -3.5197572606695859e-05         1.9988850460120447e-04        -5.9452935366669630e-06         3.5877863039367587e-05        -3.2721735057116182e-05
45                                     2.3909625145879863e-03         7.9620115186268081e-04        -1.6954134457904200e-04        -1.9841211107941565e-03        -5.7996556773615572e-04        -1.0373999344313854e-03         3.2018547411605746e-04         1.3779462758006349e-04
46                                     5.0522045381354557e-04         1.7382876624829588e-04        -1.0236482815987962e-04        -3.6244429641897364e-04        -9.5606050842313845e-05        -2.0952690631640205e-04         5.4902637422274262e-05         2.1972882047231680e-05
47                                     7.2092548084279974e-05         6.0907008582106778e-06        -2.4526895679866947e-05        -3.1800692193467733e-05        -4.1068633638768192e-05        -2.6420565733101514e-05         2.6997672057442424e-06         1.3090211453257625e-05
48                                     3.1045258322661302e-05         1.3211338561583722e-05        -5.4590289367059154e-04         3.0056389113335624e-04         1.0066369353004834e-04         4.6047840372292082e-04        -2.6833733011972496e-04        -1.0201585177423679e-04
49                                     1.5087360848921646e-03         5.3225186064574355e-04        -1.7204661849096257e-04        -1.3213276357125457e-03        -3.9096210864814789e-04        -2.3846887051520444e-04         5.3660905656252654e-05         5.5303090801089313e-05
50                                     4.2346931342481978e-04         7.9316278736985666e-05        -1.6488744307426668e-05        -3.4986816753283052e-04        -1.3925255142896523e-04        -8.4046762482234687e-05         5.2154240807566273e-05        -9.2177186142349834e-05
51                                     4.6887131130981711e-04         1.6215391357685726e-04         8.5631614096777519e-04        -3.8042677992208477e-04        -1.5541788307751013e-04        -6.0872508676296526e-04         1.5111253485053302e-04         7.2657207111390408e-05
52                                    -5.5247595117406852e-04        -1.8898153576990903e-04        -4.8566734506433036e-04         5.1942050711809950e-04         2.1748717485321376e-04         3.8228740923484776e-04        -1.1561588594802871e-04        -5.0449531036270368e-05
53                                    -1.6307049119455988e-04        -5.8066424252465687e-05        -1.6593201187040937e-04         1.9333292249616255e-04        -7.7731757569251354e-05         1.1931375909099998e-04        -3.4725894889953241e-05        -1.7299736597717512e-05
54                                    -8.3315031314599465e-04        -2.7878480036770193e-04         1.2803063739866821e-03         9.3114367462202702e-04         2.6565832559701679e-04        -9.6904214768487489e-04         3.0478042861164893e-04         1.3811248749825598e-04
55                                     4.5654080551114484e-04         9.0375129372795613e-05         3.5347448548039015e-05         5.4992880197089321e-04        -8.0699144488653079e-05        -4.2881198337415335e-04        -1.4229247022433866e-04        -1.9170883439610415e-05
56                                     9.9456681715733307e-05         2.7077464777054396e-04         9.3638793941307284e-06        -1.2402842950037105e-04         7.9650268441119280e-04        -8.7177423111062810e-05        -5.1688509523247362e-05        -2.3739411307961374e-06
57                                     1.9559931040911971e-02         7.1500597394153903e-03        -1.4205956110130006e-02        -6.5659068064265087e-03        -1.4421539132689551e-03        -2.8422767036378046e-03         2.4787963300445005e-03         8.4418752276042581e-04
58                                     1.6086435986474794e-02         2.3239833079546496e-03        -4.7789014317913825e-03        -4.1367715165452103e-03        -7.0296542253410444e-04        -4.9257451875201891e-03         2.4019904442117955e-03         1.0455670108743536e-03
59                                     2.5737394628741481e-03         4.8119394171080507e-03        -8.7775067274584390e-04        -6.2319844367025130e-04        -1.2552830108259630e-03        -1.3271274059848826e-03         6.9680696146119572e-04        -1.0480278226787524e-04
60                                    -5.4971486091005507e-03        -1.2549717029083063e-03         4.6527484239956762e-03        -4.8943498867630919e-04        -3.2797399675881265e-04        -2.4189715196245281e-03         1.2130176557303368e-03         4.4883695518563966e-04
61                                     5.6803640672733070e-03         5.1255504382721187e-04        -1.4237897895134712e-02        -1.3251879077394795e-03         2.2140623931137784e-04         6.0027417059324217e-03        -1.7860089791309963e-03        -6.9476637067009898e-04
62                                     5.5375653798743127e-04         4.7768490378742460e-03        -4.3744353960718189e-03        -3.7499799080825631e-04         1.0019822055857586e-04         1.8455219209626535e-03        -4.7750259774813434e-04        -5.4893297028166710e-04
63                                     6.7866488107796871e-02         2.6000377478358535e-02         4.8173290337245413e-02         1.3139534441390812e-02         1.4073409757662681e-03         2.0599997729555735e-03        -8.9202021472777546e-03        -2.4261185822714790e-03
64                                    -1.8214705534965708e-01        -4.1416723313132092e-02         6.0319275195730862e-03        -5.2091285589202202e-02        -1.3161140537491619e-02        -1.0107864580484065e-02         2.3473443653500587e-03        -7.6614624371721144e-04
65                                    -4.1579757577533676e-02        -6.4056881222320311e-02        -6.9425510575476103e-04        -1.3458197484960129e-02        -1.1985101723339969e-02        -2.7459629469450781e-03        -8.3625916994640266e-04         6.4345467571611924e-03
66                                     1.1874531499298499e-02         2.7676922793720450e-03        -1.0023757547537178e-02         4.7010410215533654e-03         2.1027779625514284e-03         3.3911545315700722e-03         1.1252763667715946e-03         1.2223674751261969e-04
67                                    -6.9552534592938003e-02        -2.4805847125844618e-02         8.9751986097339424e-03         1.2840083368188549e-02         1.4424599020859566e-03         2.4654036969992041e-03        -3.3525294395166322e-03        -7.6501321348033068e-04
68                                    -2.5050742087467322e-02         6.6755219738357519e-03         3.3673126271264358e-03         1.6512419339086576e-03         6.7309392568508869e-03         5.0521420464952381e-04        -6.8976198906607914e-04        -1.3782459034258243e-03
69                                    -1.4958476775793429e-03        -5.0846149576690375e-04        -1.2661741650194618e-03         7.0467797846968496e-04         3.7864508100626863e-04         2.9547054666672207e-03         2.3665531028888168e-03         6.9728122229662870e-04
70                                     1.5163159187682348e-04         8.8870707608595682e-05         8.8781878359298137e-04         1.1127085228672495e-03        -3.9244284246284163e-04         1.8617670800878099e-03        -4.0788195084981724e-03        -2.1519756536647425e-03
71                                     1.4978687228954946e-04        -6.0965661198902457e-05         4.2575592711852994e-04        -3.8016052004100249e-04         2.1801071531900701e-03         5.4591230263623678e-04        -2.1758466120033121e-03         2.2789058082349667e-03
72                                     2.8961320352839676e-03         1.1197479370710032e-03         8.7258754066527229e-04         1.0957335513818423e-04        -5.3497780378595667e-05         1.0120873009372561e-03        -1.7205470174021520e-03        -3.4500638553307695e-04
73                                    -3.4953487124331369e-03        -2.7449944916286555e-03         3.9215066619197698e-04        -1.4991199695576071e-03        -1.7858519262388802e-04        -9.8917096246217175e-04        -3.7974836961028025e-03        -2.3988424448139548e-03
74                                    -2.7980481990953041e-03         4.7385946824846578e-03         3.6557240958355939e-05        -1.7697193011189004e-04        -1.0016257250720514e-03        -1.3888602721854292e-04        -2.3652986294553455e-03         3.8478059373948824e-03
75                                     3.3795660983325865e-03         1.2202115851426124e-03        -1.1381623543331725e-04        -3.3430243683612278e-03        -9.8467441945333735e-04        -3.4213975187307073e-03         1.3083017921803751e-04         1.8906322436489385e-04
76                                    -5.6025888264606138e-04         4.1394035803284969e-04         7.5894174501870163e-05        -4.2560500147029428e-04        -4.3478066842230379e-05         1.2809531236800296e-03         7.4025212294787568e-04         2.1602023145578906e-04
77                                     5.0298578688779544e-04        -2.6175555919260877e-03         1.2400319419660728e-05         9.7140138173523142e-05        -2.3366229589726165e-04         5.2637753162102484e-04         2.7664629872382418e-04        -1.4961117448364044e-04
78                                     2.1967961380469280e-03         9.8695642978254266e-04         1.0586239942681947e-02         1.6399631681260018e-02         4.4363519135416345e-03        -1.0738383029562509e-01        -1.0902825750520083e-01        -2.8339785730497974e-02
79                                    -9.8924554256487468e-04        -2.0017128896145063e-03        -1.1929621575615158e-02        -1.4653140386782615e-02        -4.4305610373958429e-03        -1.0882250021725585e-01        -2.7815483945340946e-01        -6.8694763788524335e-02
80                                    -1.9367570664415145e-03         4.6337948390775671e-03        -3.8816328308046532e-03        -5.6992815723270231e-03         8.1209946607022684e-04        -2.8282104926954599e-02        -6.8707356538678876e-02        -4.6070575263080005e-02
81                                     3.2781215252049512e-05         8.6292681344123597e-06        -8.6553496940689975e-04         4.0173385341308297e-05         4.0932090386350809e-05         2.8425372683480208e-04        -7.7138243884399633e-05        -3.4603830916030365e-05
82                                     1.3510054399581810e-04         2.1797609646578928e-05        -1.3018779863926127e-03         6.5276830555742037e-04         3.1529786162743506e-04         2.5639581027039513e-04        -1.7192077273385032e-04        -7.1739006702764875e-05
83                                     2.7566601121600129e-05         4.6789286438782363e-05        -3.5068924288292645e-04         2.4974910893702884e-04        -1.9671261050105578e-04         6.0089671165135906e-05        -5.2919933917351168e-05         2.2916770782166929e-05
84                                     4.0955189724472505e-05         1.2143489149742462e-05        -7.7678975621633771e-05         1.2687357597986510e-05         6.5745965777075989e-06        -4.0530249913455375e-07        -3.9739592988909719e-06        -1.3211909827611098e-06
85                                    -1.1573922719587700e-04        -3.7330217250141118e-05        -2.0916786559912787e-04         1.6130777373754216e-04         5.8067893615112380e-05         1.3241903031803491e-04        -4.4613973243488026e-05        -1.8599381341914009e-05
86                                    -3.1557795070442625e-05        -2.0206978910161254e-05        -5.6022823579335968e-05         4.6576169772288549e-05         1.0606896203556451e-05         3.7322657715743420e-05        -1.1582652962847239e-05        -7.0475100120892851e-06
87                                    -2.5184127618077588e-04        -8.4034080747666205e-05        -1.0745574476554183e-05         1.9248984639451394e-04         5.6753733885574466e-05         1.2209685661250164e-04        -3.3762240288989017e-05        -1.5008755306260654e-05
88                                     2.1605264802748792e-04         6.9913833497605902e-05        -6.2634310819522135e-05        -1.7385232016934002e-04        -3.9594331536558461e-05        -6.6973044426838467e-05         2.2570460346412786e-05         7.3772712023546620e-06
89                                     6.6309768446498482e-05         2.6726229503524923e-05        -2.2090854803617159e-05        -4.4711379897191930e-05        -4.4053564895264626e-05        -2.1286890763127524e-05         5.1945612400129378e-06         9.3234805956887595e-06
90                                    -5.6439251290221954e-05        -1.8745791615516056e-05        -4.4182002549377462e-05         4.3324966962043240e-05         1.4018217414591396e-05         6.5127204238921946e-05        -1.7543159422154234e-05        -7.9741792508048750e-06
91                                     1.0661030203310760e-04         3.8573335586696905e-05         1.2028721795768874e-04        -8.9798251347244338e-05        -3.5107593729486401e-05        -1.0784290783897750e-04         2.8268993468469445e-05         1.2752582029203793e-05
92                                     2.8844310429753406e-05         1.7562904197092991e-06         3.3897824173462080e-05        -2.7100197927607526e-05         4.2916148051092172e-06        -2.7407172696675608e-05         6.7930549524889306e-06         5.3800165869127847e-06
93                                     1.1842085859973227e-04         2.8262473866711815e-05        -4.4037042482186100e-04        -2.7749057400699179e-05         1.3171625903892564e-05         2.2701549930551822e-04        -8.2542588393879799e-05        -3.3580225867638700e-05
94                                     5.6793146778938745e-05         2.2560514587741194e-05        -1.3183467824069505e-04         1.5506379360223692e-05        -3.7353494940039588e-06         1.8394348847694845e-05        -2.5508305773687444e-06        -1.3603440454073060e-05
95                                     2.4387181727958455e-05        -1.5823970406022127e-05        -3.0900869459233654e-05        -1.3156868113195981e-05         5.1447341338694367e-05         2.9208604749033859e-06        -1.1657961011089785e-05         3.8889688836761516e-05
96                                    -4.6542039864030885e-03        -1.4598058037457614e-03         3.0297846773267422e-03         1.4496690911453729e-03         2.9313253842123765e-04        -5.8282660991657497e-04        -1.7822576594938558e-04        -3.1748862846314453e-05
97                                    -1.3746379476363875e-03        -1.0863364226312237e-04         1.3080045975796817e-03        -9.9408926043897754e-05        -1.3879081923123671e-04        -6.7871161346427105e-04         2.3924120185813354e-04         1.2944008460324702e-04
98                                     4.7650319002101420e-05        -8.7543836324420314e-04         2.6658879010112835e-04        -1.4045691240877745e-04         1.3112588865761898e-04        -1.8006005422762294e-04         1.0659072166579091e-04        -5.8915748603781219e-05
                                                        24                          25                          26                          27                          28                          29                          30                          31

0                                     -4.7570472897169418e-03         1.6171842067702598e-03         7.1222602503367126e-04         1.1773914326069458e-03         2.7714119321138268e-03         7.4161390979494274e-04        -3.9679900195311143e-04         1.9853893606292693e-04
1                                     -1.5642665230168325e-05         1.1377450967267641e-03         2.2080795376988986e-04        -9.0054508836317788e-04        -3.9668400305253116e-03        -1.0618247196615860e-03         5.2032331355104662e-04         1.5285391607087920e-04
2                                      2.2386616115181881e-04         1.5413634196498170e-04         3.8825908149973189e-04        -3.2475133784605931e-04        -1.2386601531584628e-03        -5.2387074344395295e-04         1.6588729387914642e-04         7.1511707931026558e-05
3                                      1.8583900247281276e-02         1.3388178894814104e-03        -2.8736557898866792e-04        -3.8390790933940625e-03        -3.1118312977586951e-03        -6.0137513706152068e-04        -6.7042114722196404e-04        -8.4889350007749404e-04
4                                      8.9307013939348666e-03        -4.8060134036110765e-03        -3.1594573601697886e-03         5.1419169045635105e-04         1.8816417991629130e-03        -1.4401534596997592e-04        -8.8649556618803130e-04        -8.8130101158343270e-04
5                                      1.9818181108903288e-03        -2.7996008426202715e-03         3.6062805228650897e-03         4.1991729044335026e-04         2.7194332091989071e-05         2.3000366544050376e-03        -2.2161651778740952e-04        -2.2757779563451164e-04
6                                     -5.9138945127728652e-03         1.0742608763514299e-03         5.0019775837278880e-04         2.2602489053235677e-03        -2.9887618638543244e-03        -9.8581938685060730e-04        -5.5384721950114198e-04        -7.0090293505691053e-05
7                                     -1.0478717319589282e-02         6.8566961090432666e-04         1.0835367136746068e-03         1.7225080742691475e-03        -1.5962666919399986e-03        -4.8388945120808385e-04         1.0604302163964106e-03         7.2572536850491938e-04
8                                     -2.8652234138354885e-03         5.3906336723847737e-04        -1.0181541803325285e-03         3.9859311829284160e-04        -2.6026094882657764e-04        -3.4712051369992637e-04         3.4315314163060439e-04         1.4603036118900688e-04
9                                     -4.8616658452217418e-03         2.3311487196372633e-03         1.2359088037997670e-03        -8.7679098746955156e-04        -3.9065265991851585e-03        -1.1316956475958416e-03         2.1178093019483882e-03         7.4599502028905684e-04
10                                     2.3030054183519021e-03        -6.0272243674371687e-03        -3.8310375181703940e-03        -1.0229201016218052e-03        -2.4496010297043475e-03        -5.0503851710524651e-04         8.8825670523067521e-05        -9.3201237896116886e-05
11                                     1.1741050145073683e-03        -3.8187528515353482e-03         5.4956050230010496e-03        -3.0115829380949105e-04        -3.8487892128930674e-04        -6.3681162922222189e-04        -8.1838675661237217e-05         8.0150321109946111e-05
12                                    -9.3242029714527691e-04        -3.6926729995938375e-03        -1.0367168958751660e-03         1.0293540369076567e-03         3.1966816934823165e-03         8.9464746699786609e-04        -7.2038830529165749e-04        -2.9519213619439745e-04
13                                    -3.9809242721028015e-03         7.1078515959826886e-04         4.0246745228577355e-04         2.3637572526885630e-03         6.7834209731576728e-04         3.4716615029153173e-05        -5.6252427558296661e-04         2.4820446238819899e-04
14                                    -1.1195519611100020e-03         3.8669851484983496e-04         1.1253184593073574e-04         6.5674753768219939e-04         6.3581611141520718e-06         1.5812359096925766e-04        -1.3175458567345471e-04         5.7374809909799792e-05
15                                    -2.9367034074647219e-02        -3.5678422473215586e-02        -8.7604254947374772e-03         3.7874361906719963e-03        -2.5226130693987358e-03        -8.2941148936834614e-04        -3.2541530461532397e-03        -7.8357784739116845e-04
16                                    -3.0968300971189626e-02         1.6275926389054431e-03        -7.9895057200070905e-04         5.2356974393490407e-03        -1.2996675551717605e-02        -3.9666681797514269e-03         1.5726729446353834e-03         1.1098649130858618e-03
17                                    -7.3612066386308048e-03        -5.6707042914319085e-04         9.2393585387233537e-03         1.4513142627544271e-03        -3.6157113390222493e-03        -1.4293783295423954e-03         5.6677165779998200e-04         6.0647696774888276e-04
18                                    -2.7729405589875555e-01        -1.8251071672151453e-02         4.8222881695192225e-03        -5.8656191044107048e-02         3.0633274741333327e-02         1.1392467533764850e-02         2.2758897103849866e-03        -9.9235922062997518e-04
19                                    -4.3482529686845378e-02        -1.1343331532672252e-01        -1.7562809692079094e-02         3.0259798961620968e-02         1.1916972419344384e-02         2.4788263448575522e-03         1.1951167931553784e-03        -4.6145975945085203e-03
20                                    -2.3461260040292635e-03        -1.8744203236940066e-02        -5.1816668811823813e-02         1.1223413539294229e-02         2.3906593612129327e-03        -5.7404256414933866e-04         2.2320571279081246e-04        -1.5970804822262369e-03
21                                    -6.3546087287325456e-02         3.7523521518987142e-02         1.4101017408741034e-02         3.6008238802434215e-03        -1.3501175761647857e-03        -5.0089112329691277e-04         1.5765243339114501e-04         1.9211051718277298e-03
22                                     1.1868407295427458e-02         1.6262587214682107e-02         2.6878973216177080e-03        -4.4201778971715896e-03        -2.5574840929920928e-03        -9.8927060076191590e-04        -9.3889973373707802e-04         2.8430151839647840e-04
23                                     6.5187820168275887e-03         1.6006173495203054e-03         5.2310700622962732e-03        -1.3777417418111807e-03        -1.1649224448518523e-03         1.2857698008898091e-03        -2.3480952368203160e-04        -3.3779906335394471e-04
24                                     5.8851649497426617e-01        -7.3162146407857620e-02        -4.4608842246001479e-02        -1.5107825034067024e-01         7.5163463275816383e-02         2.6462174613119845e-02        -4.6978830694714625e-02         3.7264667548102606e-02
25                                    -7.3162146407857620e-02         3.4791042307551306e-01         8.8106944895558703e-02         5.9150455896299761e-02        -1.9362594401467831e-01        -4.7011860059957354e-02         1.0161683030214405e-02         6.7975255311295314e-03
26                                    -4.4608842246001479e-02         8.8106944895558703e-02         8.3578617304571418e-02         2.2147019957358637e-02        -4.7665237657331584e-02        -5.5565098929443724e-02         4.7809711164873356e-03        -2.5572344093987057e-04
27                                    -1.5107825034067024e-01         5.9150455896299761e-02         2.2147019957358637e-02         6.2400044969537816e-01         8.3820543894998559e-02         4.7587741836278164e-03        -2.1688161564424238e-01        -5.2539341466179779e-02
28                                     7.5163463275816383e-02        -1.9362594401467831e-01        -4.7665237657331584e-02         8.3820543894998559e-02         6.7619683708360667e-01         1.5481746044713335e-01        -3.2408184864637174e-02        -1.1123054097078804e-01
29                                     2.6462174613119845e-02        -4.7011860059957354e-02        -5.5565098929443724e-02         4.7587741836278164e-03         1.5481746044713335e-01         1.7873024269676183e-01        -3.0400361034296480e-03        -1.3535618956880841e-02
30                                    -4.6978830694714625e-02         1.0161683030214405e-02         4.7809711164873356e-03        -2.1688161564424238e-01        -3.2408184864637174e-02        -3.0400361034296480e-03         6.6195765542266194e-01        -1.6071335200461553e-02
31                                     3.7264667548102606e-02         6.7975255311295314e-03        -2.5572344093987057e-04        -5.2539341466179779e-02        -1.1123054097078804e-01        -1.3535618956880841e-02        -1.6071335200461553e-02         6.3579959344765313e-01
32                                     1.2902905347881036e-02         8.5567169251712536e-04         2.1011687791874720e-03        -9.1997880252476377e-03        -1.4240136558558171e-02        -6.0460452253821767e-02        -2.1720592597445215e-02         1.3756636538780576e-01
33                                    -2.6986771294663786e-03        -4.5592013969942714e-03        -1.1355831671088976e-03        -1.8857767732270769e-02        -3.9779198034095652e-02        -1.0322130726367718e-02        -1.1826313995458614e-01        -1.1887650247001927e-02
34                                     2.8161410287117460e-04        -4.6235738605643010e-03        -1.2297622724498963e-03        -2.6389631887334231e-02        -1.3617663099961368e-02        -3.6616314424189854e-03        -5.1404526243755230e-02        -2.9060641366876261e-01
35                                     2.1689326904061803e-04        -9.8615886497931387e-04        -4.8286901660611414e-04        -6.6922610211702059e-03        -3.3476722719047135e-03         2.1305500296248114e-03        -1.2140639656536794e-02        -6.4216909725534427e-02
36                                    -1.6256552822543902e-05         4.6327273127547131e-04         1.1085445891317257e-04         1.0833296982148771e-02         5.7263354697074283e-03         1.3990126646322566e-03        -3.3399095847674309e-03        -7.5192322311271570e-02
37                                     3.0679898142420281e-03         1.0335799369637967e-03         1.9291218251169949e-04        -5.7133070931092537e-03        -7.2951468514958571e-03        -3.2589148178564461e-03        -3.1346050127511377e-02        -8.8091453230455113e-04
38                                     8.4509616384018105e-04         3.0383040423474073e-04        -5.1683500014058437e-05        -1.7536181808451099e-03        -3.5737206507437478e-03         3.9592989321450989e-03        -8.7477810442658128e-03         3.0751611232325317e-03
39                                    -3.4185649032530957e-04        -1.0543325825985127e-06         1.7722373297994042e-05         1.8657301462118110e-04        -1.8871729857984896e-03        -5.0755846147022279e-04        -4.8791960951137759e-03         5.3334776511673402e-03
40                                    -1.6893812277139148e-03         9.0922739588458464e-05         5.9717234928346820e-05         5.1070893296796495e-03         3.4926130880795535e-04        -2.9013719725337628e-04        -1.1575113839892813e-03        -9.0862249403924657e-04
41                                    -4.4949062087728847e-04        -5.7175360414432139e-06         1.1437779114612845e-04         1.4559193035275355e-03        -8.3541711061497692e-05         8.1464589293158524e-04         4.4433166985617147e-05        -2.4160888854721030e-03
42                                     1.6913686652877606e-03        -6.7225020263711769e-04        -2.4254544300573349e-04        -1.1932580015839108e-02        -3.9391774189250764e-03        -7.8806148249497556e-04         9.2208367302699934e-03         2.0807151293712696e-02
43                                     1.1467887790599163e-03        -1.8849673120876391e-04        -6.0159336866103850e-05        -3.4093182676368647e-03        -2.9521472433223723e-03        -3.7654392293467223e-04         2.1185488892881223e-02        -4.5733031430927475e-02
44                                     2.6900628789949474e-04        -1.1602851827668937e-05        -1.1374122308403071e-04        -6.6198949839543883e-04        -3.3289956176613263e-04        -1.3583149030583232e-03         5.8645060731047083e-03        -1.5180571638004028e-02
45                                    -2.1733689732054877e-03        -8.7251966240424689e-06         7.8631363835015243e-05         1.0503137502188150e-02         3.7740701618652274e-03         7.4006154896244102e-04        -1.3316490020889757e-02        -5.1047323799749099e-03
46                                    -4.3962618767767563e-04         1.0808212622723029e-04         4.5289493186306877e-05         2.2212520916986781e-03         9.5078581455488968e-04         2.5270686271262671e-04        -3.6297513650717719e-03         9.7157132146944000e-04
47                                    -5.8104397565458037e-05         3.0079489358318334e-05         9.6994361147053872e-06         2.8667373109508935e-04         2.0584454137897583e-04        -1.6281516213424648e-04        -6.5576789785356886e-04         9.9988285863245475e-04
48                                    -1.7541817112201044e-04         1.1064829402515218e-04         3.6045145936152985e-05         4.1044265305745994e-03         4.6315615343063207e-03         1.3075438778979607e-03        -5.6903470755311200e-02         3.5467945847130943e-02
49                                    -8.0924821674984793e-05         4.7555992905655973e-04        -3.1906110506405326e-05         1.2330861885490223e-02         2.5989347795116633e-03        -8.8165142385354580e-04        -8.1980760964963165e-03         4.9379151436273735e-02
50                                    -3.8640212721339115e-05        -1.9312990128408794e-05         5.1394265862615370e-04         3.4789071285330005e-03        -7.0350802630816153e-04         4.3122626992070506e-03        -6.1902024893654463e-04         1.3274467315628782e-02
51                                    -2.8453296650015089e-03        -1.1429945681027797e-04         7.6855652635549304e-05         2.6106199587424658e-03         2.9320071604252256e-03         7.6037147662984196e-04        -2.1621493196382867e-03        -4.8743470872589442e-03
52                                     1.3992846234261054e-03         4.2055737272234084e-06         5.3769703442717006e-06        -3.6574721766133526e-03        -1.3990732069864933e-03        -5.9604678499729376e-04         1.0714350371841801e-03        -4.6749365690165910e-03
53                                     4.3936841820657862e-04         6.8236724477867538e-05        -2.0663454267705461e-04        -1.0434505483678360e-03        -7.7785058173064701e-04         9.2163312138142058e-04         5.5550563090042823e-04        -3.1901040846464748e-03
54                                    -4.6197514769262798e-03        -2.1382119095995785e-03        -3.4757975211139897e-04        -3.7843280063952094e-02         1.1598174144260023e-02         4.3596978607762646e-03        -2.1645261367883326e-01         7.9104548502272345e-02
55                                    -6.2519205381127412e-03         4.1320977010910441e-04        -1.1022415533786973e-04         3.8361662272025226e-03         1.4552560568210573e-02         3.9283883215644015e-03         1.1593026439201129e-01        -2.0263091532584340e-01
56                                    -1.4700059621560386e-03        -3.0279658873486905e-04         1.6184195577392691e-03         2.4988830624027908e-03         3.7650684011038544e-03         1.1630302146998887e-03         3.6858330718001722e-02        -4.3373098929442008e-02
57                                     3.2896268784445834e-02         1.1120066829245500e-02         2.0087907409582304e-03        -1.6462162362841798e-01        -7.4808634920357317e-02        -1.6945900350902834e-02        -1.9740192088655059e-02        -3.5653113236251685e-02
58                                     5.8454448600598063e-03        -4.5536674929554918e-02        -1.4463680526445586e-02        -1.0143008632401222e-01        -3.3139274863118301e-01        -8.0253910187332356e-02        -2.6122707065638510e-02        -6.8074297199086642e-03
59                                     4.6283062990630855e-04        -1.4549321990949025e-02        -1.4294293108936471e-03        -2.4867463311833208e-02        -8.1566505692159300e-02        -6.5921150220126318e-02        -6.6396442975005937e-03        -1.8330604531795781e-03
60                                    -9.3170623542315582e-03        -1.4230323619396053e-04         6.6716257664713673e-04         1.7662268909637666e-02        -1.1259202541611120e-02        -4.0377493553366301e-03         1.4320624355519738e-03         1.6095400712750375e-03
61                                     1.5485451924164432e-02        -1.1233677488392426e-02        -6.1696507301697932e-03         2.0378968043005815e-02        -3.3605409293320052e-02        -1.1017911391951157e-02         5.6283245263012470e-03         5.2594761276627431e-03
62                                     5.2680716472582644e-03        -5.5091635905796174e-03         5.7511105193563377e-03         5.2062400543059712e-03        -9.6623499366930779e-03        -2.2032504725336202e-03         1.5348191185627165e-03         2.3434857950434978e-03
63                                    -3.8177443300972419e-02         2.1803075189678167e-02         7.7062153748299507e-03        -7.6417881602721810e-03        -6.3205644331277663e-02        -1.8414630331454664e-02         9.6776717421593276e-03         5.6788201691660356e-03
64                                     1.0936697827877368e-02         1.1618035266625281e-02         4.6787685213185879e-03        -3.9765733371354681e-02        -1.3146502821759325e-02        -5.4876309428131872e-04         3.6138775019002754e-03        -3.0930046601200939e-03
65                                     4.6042994643503542e-03         4.2304195229081283e-03        -5.1274635811700076e-03        -1.1625245574430324e-02         5.3746289670486211e-04        -4.7683443286829982e-03         1.0190389058361705e-03        -3.7163166250593566e-03
66                                     8.1679944246766285e-03        -7.4098373788516478e-03        -2.5076327721683263e-03        -6.1348987782260831e-03         1.6806632934947430e-02         5.3852384991821415e-03        -1.5495143656818393e-03        -3.0855182047840398e-03
67                                    -3.6055891147893722e-04        -1.1743264655545781e-02        -3.3540921370920213e-03         6.0180574868658014e-03         2.2904211653557615e-02         4.9010429918488604e-03        -3.7538463627330202e-03        -2.4600407842311971e-03
68                                    -4.6786933585353388e-04        -3.0802588438076416e-03        -9.5426315021788263e-04         2.2683866965585277e-03         4.4594007770541290e-03         6.4160159529940922e-03        -1.1165243695586940e-03        -9.7475104055269946e-05
69                                     2.0967139912248144e-04         3.3095180145534719e-04         8.4013859822605716e-05        -1.8953527305883176e-04        -6.5087694429040791e-04        -1.9023134097498475e-04         7.6292135802189095e-05         2.9667811528820596e-05
70                                    -6.1262672340632073e-05        -2.8311050899425678e-04        -7.1910859256413777e-05         1.6532935589804121e-04        -8.9936284847305371e-05         2.6615621132466247e-05        -3.4760343758625602e-05        -3.5384829814962375e-05
71                                    -3.3599166222071522e-05        -9.0244436476302298e-05        -5.3489059066095564e-05         4.9405437349762429e-05         6.1783298408180437e-05        -1.8909466856450072e-04        -1.7047388295454351e-05         5.4234072113436976e-06
72                                    -1.7424526232721069e-04        -6.6503516137457572e-05        -2.1533706007150777e-05         1.1907653535312129e-04         1.5707527318122093e-04         4.1208557450763151e-05        -3.7637282607709999e-05        -6.8492503460510404e-06
73                                    -1.6107314809262583e-04         2.0841893808810430e-04         1.3505622344989635e-04        -5.9913341117584138e-05        -6.7798061838436556e-05        -2.2436208167685126e-05         3.6773747547546497e-05         3.4063105540396811e-05
74                                    -5.0720962465115536e-05         1.2933127442582652e-04        -1.8667881142824563e-04        -2.1630556598898429e-05        -3.2130003933473941e-05         9.8213284490707328e-06         1.3078508507181051e-05         5.3137361278415644e-06
75                                    -2.0271550565289743e-03         2.9496500214026417e-03         9.4498389493204431e-04         5.4448631983443926e-04        -4.8054734788699231e-03        -1.4197928285393448e-03         4.0205402985124224e-04         5.8867943938920736e-04
76                                     1.7143928341929817e-03        -3.2642703220631857e-04        -1.9207260853851857e-04        -9.4159938772162303e-04         1.2959919505650681e-03         3.9775305840353156e-04         5.9373802633093387e-05        -2.2956768945263926e-04
77                                     5.9870699337694630e-04        -2.3998408221875090e-04        -1.5364590330754139e-05        -3.0038969022702422e-04         5.5551438250250732e-04         2.4609672076870081e-04        -5.4308352911040122e-06        -4.3411820297398145e-05
78                                     1.8577706549895697e-03        -1.0054747231788741e-03        -5.3933959392967032e-04         4.5744406662916464e-05         2.3129636927544657e-04         2.9672125269202634e-05         4.7221845219752167e-05        -7.9264752069240548e-05
79                                    -1.7945587561988170e-03         1.3827713773467056e-03         1.5040730680758244e-03         2.1863482737627773e-04        -2.3274325055679568e-04         1.4191536724119595e-04         1.8056165113926131e-05         9.5708535615373193e-06
80                                    -7.5601638632906074e-04         1.4666364204784380e-03        -3.0163054473976705e-03         2.5141485543074614e-05         1.4208174239767942e-04        -7.0392112248612295e-04        -6.7636646718949864e-07         1.7688567452739810e-05
81                                    -3.7912594114673159e-03        -3.7825751233832366e-03        -8.8604938639357997e-04        -8.5871059637845568e-04         3.1148982528794809e-04         2.0108413096174256e-05         9.6260101191159731e-03        -3.5807459055386265e-03
82                                     2.1458268554857304e-05         6.4222048221984239e-04         1.3811866571569341e-04         2.3036841413022081e-03        -6.7965225003404836e-04         6.6244877552869546e-04         2.1655981160497641e-02        -1.2211083290800270e-02
83                                     2.2148055452100092e-04         3.0775849507058461e-04         3.1183270744112701e-04         5.6133781161275213e-04         7.3482044700757740e-04        -3.2391947913858249e-03         5.7199916932842935e-03        -3.7469352099070014e-03
84                                     5.6046642525319691e-05         1.2477772056645987e-04         3.0678004292584077e-05         3.6179141986912068e-04        -1.4726131997310223e-04        -5.1811846545449689e-05        -7.1621703814469823e-04        -4.1012318149291984e-04
85                                     3.9345670781734118e-04         1.2744636803719303e-04         1.7979302972584790e-05        -5.1988165008442675e-04         1.0713688818502192e-04         5.0948796425356614e-05         5.0004874433908636e-04        -6.0418461892368510e-04
86                                     1.0915509818991000e-04         3.3597300572594466e-05         2.8499040637137562e-06        -1.5657836944587227e-04         3.7317756203528746e-05        -8.8519373325197955e-06         1.3117116703860611e-04         2.8117592034360042e-05
87                                     3.0791304030332501e-04        -4.4894881689289091e-05        -2.3346309262036556e-05        -1.2349475572058762e-03        -5.0179731465079132e-04        -1.0181512965886698e-04         1.4606412572206414e-03         2.4008869130678174e-04
88                                    -6.9536905266431864e-05         1.6144363672812188e-05         3.9494072007635719e-06         9.8611210602034044e-04         2.7882980732209191e-04         3.8183135375119436e-05        -1.2834382820212137e-03        -5.4627304852901794e-04
89                                    -2.3440698621295782e-05         4.9954473878704997e-06         1.0615527965475327e-05         3.1252450537984128e-04         7.7718515028873041e-05         6.0563167040764151e-05        -4.1520750183594195e-04        -1.2272506287786439e-04
90                                     1.8728035764909459e-04        -1.1675999211205150e-05        -1.1329722437588443e-05        -2.0314646962749154e-04        -9.5026565204214873e-05        -1.6580448559134884e-05        -3.9653607285070514e-04         3.9101989706895795e-04
91                                    -4.4658210093510766e-04        -2.1967775776777902e-05         8.4054402198055532e-06         5.3147823004726417e-04         4.4938868878391803e-04         1.1204176939061722e-04        -6.3728255507817849e-04        -5.7989066906629012e-04
92                                    -1.1543867452884066e-04        -1.0775492241413365e-05         1.8136720896856957e-05         1.3722480020758991e-04         1.2342567919399042e-04         1.1054838255689396e-05        -1.7927364970255345e-04         7.0986123154960948e-05
93                                     7.6271694730253555e-04        -6.3007920458762589e-04        -2.1521041347080679e-04         8.9043379766708900e-04         4.4719031542810386e-05        -1.2310625247625409e-04         1.0057255684110629e-02         2.2613083847578132e-02
94                                     1.0196321696608551e-04        -1.0273486904313471e-04         3.3877348929671209e-05        -4.7120296013639790e-04         1.6226247044798074e-04         9.8828427338266880e-04        -5.4277634256606339e-03        -1.1737068792927713e-02
95                                     1.6346236149929983e-05         5.0362876489125125e-05        -2.3094693745444648e-04        -2.9588946412710537e-04         9.6276423623855298e-04        -3.0569910855100034e-03        -1.7750437458230652e-03        -4.2637226148263957e-03
96                                    -2.1503160524830450e-03         1.2238071366011474e-03         5.4993317558950209e-04        -2.8673541332991854e-03         5.6160362608241830e-03         1.7226107180140782e-03        -1.2959315315302271e-03        -5.3393968323992859e-04
97                                    -2.4330230492504508e-03         6.9949976461394770e-04        -3.7069919590635114e-04         4.0292715008727140e-03        -1.4209839517256850e-03        -2.0872598779100859e-04        -4.2045704077295788e-04        -2.1349906229255552e-04
98                                    -5.3864472567489877e-04        -5.1935945137196492e-04         2.1649151105151971e-03         1.2789257013534555e-03        -2.7136260532750582e-04        -1.3704419853863010e-03        -7.8564910597999255e-05        -1.9917825138373023e-04
                                                        32                          33                          34                          35                          36                          37                          38                          39

0                                      6.3516826102629262e-05         6.3754498669010883e-05         2.2790284423136010e-04         6.3550547499976006e-05        -4.4997506284027078e-04         7.6157349256636300e-04         2.2339245288640347e-04        -7.8688683281467854e-05
1                                      6.4285468831371456e-05        -8.0517191748732291e-05        -3.3465530769020150e-04        -9.7805854997929650e-05         5.8195284233760348e-04        -8.6665011689254041e-04        -2.5584521942112720e-04         6.8626177282301622e-05
2                                     -1.0211908618141379e-04        -2.5811787426678617e-05        -1.1087199062859848e-04        -2.1044421360270633e-05         1.9112086210247011e-04        -2.8902881847796117e-04        -8.3598548107177885e-05         2.3441867577294410e-05
3                                     -2.1848936978008545e-04         4.7055828471633042e-05         1.3576129774972058e-04         4.1366422168650688e-05         1.3826710765231271e-04        -6.0315360021943756e-04        -1.7339487459663058e-04         1.2313080480101337e-04
4                                     -2.2673404494320687e-04         5.4750952715819107e-05         4.4071655452255858e-04         1.3056121878925729e-04        -5.6899516017890344e-04         6.8281314302451107e-04         1.9999456827040653e-04        -1.5106471515505325e-05
5                                     -4.6092419551778198e-05         1.2553377028055450e-05         1.2280612226144241e-04         3.3291260910206570e-05        -1.7283504956544055e-04         2.2565305349374202e-04         7.3200699277237451e-05        -9.8741518211474988e-06
6                                      1.6443857053640993e-05        -3.4146104572484008e-05         1.2947540674577973e-04         3.9005798409641538e-05        -6.2104658435002268e-05         1.7639039519784115e-04         4.9101787555936959e-05        -2.3673288912005473e-05
7                                      1.0068448100707824e-04        -1.3374873639044005e-04        -4.5286418332814014e-04        -1.2652211124004247e-04         5.0745375308354490e-04        -4.7319494858568751e-04        -1.3884571732360976e-04        -1.4769716817572239e-05
8                                      2.7231288984356665e-04        -3.7774317577459313e-05        -1.3563127335116499e-04        -4.6807194875741697e-05         1.5128455043893495e-04        -1.4175433098448311e-04        -5.5480388686502462e-05        -3.6849889038639079e-06
9                                      1.1336186898210646e-04        -2.8818617522319095e-04        -9.0781527153430510e-04        -2.5235812357298013e-04         1.1454882675780125e-03        -1.3828564532374500e-03        -4.1508051860557522e-04         5.0687637785031193e-05
10                                     1.1596799366087734e-04        -7.3194679370032619e-05        -1.5744344291968330e-04        -6.5631733556245229e-05         2.6167514213842262e-04        -4.2013411198413357e-04        -1.0096667845605995e-04         4.5348322574811114e-05
11                                    -4.5775738828061246e-04        -4.0335491127519390e-06        -2.7496671367569024e-05         6.5944368350439849e-05         1.9742292926936317e-05        -3.8691603414971079e-05        -8.2841317294744042e-05         1.0999896687824043e-05
12                                    -5.6726930435792457e-05         5.9046878947721318e-05         3.3995970556612276e-04         9.5148991506760353e-05        -5.3348841329913476e-04         7.7314253888339330e-04         2.2986039903081211e-04        -6.4251333674648383e-05
13                                     6.4889106307808607e-05         1.1321640057030064e-04         1.9753064988375652e-04         6.1488689264844207e-05        -3.2752229265690312e-04         5.3085341074430843e-04         1.4803534253684560e-04        -3.9819450046355806e-05
14                                     1.1336235232900205e-04         2.8533305313933064e-05         4.9172914186284734e-05        -8.5266984373882191e-06        -7.0576459580211571e-05         1.1364624325898295e-04         6.0006217243034137e-05        -8.5801159536604536e-06
15                                    -1.4184811730160520e-04         1.5997069216667375e-04         8.8981735695778537e-04         2.4830994980734860e-04        -1.1408134745233165e-03         1.6554935186713815e-03         4.9668923645886955e-04        -8.4442598851298739e-05
16                                     5.2198171120261679e-04        -4.1199067504930247e-04        -9.7717218394416578e-04        -1.7964078574854303e-04         1.3039915262724468e-03        -1.2578230833460004e-03        -4.4114597096427062e-04         5.2112958539519885e-06
17                                    -6.7549519670390633e-04        -1.3440994834637644e-04        -2.3699022533563277e-04        -3.6656597372299623e-04         4.2973874014416491e-04        -4.8178446910329307e-04         5.1414018083107934e-05         4.5264402608460939e-06
18                                    -3.8864577456020825e-04         9.5340085595071187e-04         9.2987399873213324e-04         2.2626917349549230e-04        -1.1075551810627035e-03        -5.7887175386019227e-04        -1.3042185141433124e-04         3.8841651361384421e-04
19                                    -1.7009258121703278e-03        -7.9544978111676680e-04        -1.4163945056814827e-04         1.0318409488949278e-05        -8.2257737159903129e-04         1.4975458043973771e-03         4.4417230437115740e-04        -8.7084864279452458e-05
20                                     5.4237737241847966e-04        -2.8545816536205081e-04        -6.1227650399522287e-05        -3.6566092185084424e-05        -1.7922110451450024e-04         4.5651931060748739e-04         1.4174525865008416e-04        -4.2715162852257836e-05
21                                     6.0715988818623281e-04         6.6142735013142951e-05         2.8780640487433007e-06        -1.6136942467944598e-05        -1.3315639578557147e-04         7.4281936369455736e-04         2.1335313579729214e-04        -1.6090899991504722e-04
22                                    -2.1494326455128972e-04         7.6516579397284488e-05         1.6602926495543015e-04         7.9564042476100937e-05         7.7117230925920341e-05        -2.8059594604238898e-04        -8.3992525800241527e-05         4.5388852093410743e-05
23                                     1.0426291442200797e-03         1.7886989736868604e-05         8.1654907557201009e-05        -9.4456459170372546e-05         2.4472418051220044e-05        -1.1533161971841210e-04        -2.6362535524475231e-05         2.0886468011242136e-05
24                                     1.2902905347881036e-02        -2.6986771294663786e-03         2.8161410287117460e-04         2.1689326904061803e-04        -1.6256552822543902e-05         3.0679898142420281e-03         8.4509616384018105e-04        -3.4185649032530957e-04
25                                     8.5567169251712536e-04        -4.5592013969942714e-03        -4.6235738605643010e-03        -9.8615886497931387e-04         4.6327273127547131e-04         1.0335799369637967e-03         3.0383040423474073e-04        -1.0543325825985127e-06
26                                     2.1011687791874720e-03        -1.1355831671088976e-03        -1.2297622724498963e-03        -4.8286901660611414e-04         1.1085445891317257e-04         1.9291218251169949e-04        -5.1683500014058437e-05         1.7722373297994042e-05
27                                    -9.1997880252476377e-03        -1.8857767732270769e-02        -2.6389631887334231e-02        -6.6922610211702059e-03         1.0833296982148771e-02        -5.7133070931092537e-03        -1.7536181808451099e-03         1.8657301462118110e-04
28                                    -1.4240136558558171e-02        -3.9779198034095652e-02        -1.3617663099961368e-02        -3.3476722719047135e-03         5.7263354697074283e-03        -7.2951468514958571e-03        -3.5737206507437478e-03        -1.8871729857984896e-03
29                                    -6.0460452253821767e-02        -1.0322130726367718e-02        -3.6616314424189854e-03         2.1305500296248114e-03         1.3990126646322566e-03        -3.2589148178564461e-03         3.9592989321450989e-03        -5.0755846147022279e-04
30                                    -2.1720592597445215e-02        -1.1826313995458614e-01        -5.1404526243755230e-02        -1.2140639656536794e-02        -3.3399095847674309e-03        -3.1346050127511377e-02        -8.7477810442658128e-03        -4.8791960951137759e-03
31                                     1.3756636538780576e-01        -1.1887650247001927e-02        -2.9060641366876261e-01        -6.4216909725534427e-02        -7.5192322311271570e-02        -8.8091453230455113e-04         3.0751611232325317e-03         5.3334776511673402e-03
32                                     1.8224615904055727e-01        -1.2956397945752610e-03        -6.3019393281283906e-02        -7.4600545056101517e-02        -2.0858260058241429e-02         1.8332446824650510e-03        -2.7837249236975711e-03         1.8438913721262481e-03
33                                    -1.2956397945752610e-03         7.2246303133480971e-01        -1.8744613192153026e-02        -2.3477712330596798e-02        -3.2398922913191219e-01        -8.8803747728578269e-02        -1.6363178137553898e-02        -9.3003941316967265e-03
34                                    -6.3019393281283906e-02        -1.8744613192153026e-02         6.6561723912991233e-01         1.5358408216280328e-01        -1.9210042251269346e-02        -1.4013097882377445e-01        -2.4006369369001523e-02        -4.8262954647108523e-02
35                                    -7.4600545056101517e-02        -2.3477712330596798e-02         1.5358408216280328e-01         1.5620074760523911e-01         3.0127760814224313e-03        -2.1714559000972508e-02        -5.7210178349864277e-02        -1.3038315421273931e-02
36                                    -2.0858260058241429e-02        -3.2398922913191219e-01        -1.9210042251269346e-02         3.0127760814224313e-03         7.3362861844726024e-01         4.7759266983862427e-03        -1.6272746908024667e-02        -1.2418847818967464e-01
37                                     1.8332446824650510e-03        -8.8803747728578269e-02        -1.4013097882377445e-01        -2.1714559000972508e-02         4.7759266983862427e-03         6.7054329349063957e-01         1.4824277330392616e-01        -3.0249758305473440e-02
38                                    -2.7837249236975711e-03        -1.6363178137553898e-02        -2.4006369369001523e-02        -5.7210178349864277e-02        -1.6272746908024667e-02         1.4824277330392616e-01         1.7434030093444425e-01        -5.9871293759714856e-03
39                                     1.8438913721262481e-03        -9.3003941316967265e-03        -4.8262954647108523e-02        -1.3038315421273931e-02        -1.2418847818967464e-01        -3.0249758305473440e-02        -5.9871293759714856e-03         4.9427258518948147e-01
40                                    -2.2128765837371037e-03        -1.4000057957276713e-02        -2.6380354621310526e-02        -9.0242029052088196e-03        -7.4777030611277245e-02        -2.8491278257335723e-01        -6.4975434618598296e-02        -1.3331718007187673e-01
41                                     6.5458710219265066e-03        -3.5044346432519854e-03        -8.0079561535043257e-03         5.8709355160083097e-03        -1.8475705315883145e-02        -6.6240228655529629e-02        -5.9461822512181482e-02        -4.9374996369832891e-02
42                                     5.6715133617615170e-03        -5.1141705242771146e-02        -2.0951384626470559e-03         7.1982268999269683e-04        -2.2159256501461494e-01         1.3465864786006876e-01         4.2307113388867647e-02         7.9476278166602486e-03
43                                    -1.5297264531443273e-02         3.5460845870877500e-02         4.9560652392429710e-02         1.4880606854160762e-02         5.9885099836207087e-02        -1.8270395734361988e-01        -3.9802763180774019e-02         3.3328201670345878e-02
44                                     2.6206798806906653e-03         1.1032750529592562e-02         1.5985050522763791e-02        -3.7485822807350397e-03         2.1604917766558675e-02        -4.2075492500478817e-02        -5.7472968606777697e-02         9.1457490942583493e-03
45                                    -1.0869411442469218e-03         8.3249164088718026e-03         7.3756993751388101e-03         1.9601445457776956e-03        -6.0948271695046491e-02        -1.4337208818824523e-02        -2.1899756907581055e-03         7.3722520469316245e-03
46                                     9.2875119469207758e-04         2.2987853996239969e-03        -5.7011673058889704e-03        -3.1978667142058140e-03         2.4550693311179914e-02         1.0888464935327850e-02         1.2304630227756917e-03         1.1656692450958133e-03
47                                    -1.6611546199346338e-03         5.0825873306038381e-04        -3.3300683709968412e-03         4.6051615581403143e-03         8.6188416009339922e-03         2.2838284615517733e-03         4.2493916633460325e-03         1.3899536466255541e-04
48                                     1.1388137089117102e-02        -1.7626737805390504e-02        -2.9760971994316487e-02        -7.5310211457675687e-03         4.8459331708306484e-02         1.4545427359223574e-02         2.2039421079328297e-03        -8.1606473123110989e-03
49                                     1.4594195194359932e-02        -2.4481257445673935e-02        -2.9603701559612776e-02        -9.2631286240906323e-03         5.4610330517166621e-02        -4.4628901390918040e-02        -9.8345872615107875e-03        -1.0352176048913113e-03
50                                     1.1971256649248377e-03        -6.0501978988788657e-03        -9.1570883840022682e-03         4.3033571167663161e-03         1.3276419931059593e-02        -8.5315505935333498e-03        -1.8124661134276999e-02         1.1596383325296214e-04
51                                    -1.0331621866011662e-03        -5.9227392031383982e-03         2.8373110988012566e-03         9.1628043449213411e-04         2.9368509600103026e-03        -8.5599944625247091e-03        -2.3792035263427444e-03         5.0820516038507129e-04
52                                    -3.2591126856888718e-03         6.9698201796240290e-03         8.3698439333699073e-04         4.7330050972361690e-04        -1.3629331074297243e-02         4.2366324940833547e-03         1.0732214004610121e-04         2.6163784078627648e-03
53                                     6.0914541437806233e-03         2.1505018563246991e-03         6.2647448259833490e-04        -1.4833359370755614e-03        -3.7850359031700465e-03         3.6680308858613470e-05         5.5177146720149055e-03         6.9128064823977464e-04
54                                     2.6964068924893524e-02         3.3434279992654622e-02         4.4462167553817891e-02         1.1383218377461524e-02        -4.9387479427981384e-02         1.2091803208921732e-02         5.0274238402049400e-03         2.1590479765403103e-03
55                                    -4.4388344930774176e-02         1.2814362531006419e-02        -4.1996258537822746e-02        -1.3257238137825887e-02         1.5755099017798119e-02         2.4069590645494389e-03        -1.7287747376907928e-03        -2.3433917841324640e-03
56                                    -6.8969236189028060e-02         2.6941638470194609e-03        -1.4060885700802377e-02         1.9810720637809115e-04         5.9889387379833030e-03        -1.6461178869141176e-03         6.4552183201107768e-03        -7.6215574947641499e-04
57                                    -9.5078775463267595e-03        -9.1592614513134017e-04         7.7050807382023807e-03         2.3122730428190496e-03        -7.6120754452474989e-03         6.1399516871030691e-03         1.9451912516124448e-03        -6.7001939519023329e-04
58                                    -2.2894646579857559e-03         5.6685082410119422e-03         5.8721552387054551e-03         8.6724246529567336e-04        -3.1615971382652386e-03         8.4954378504600598e-04         2.5219681784381892e-04         4.4150341871733591e-04
59                                     4.0336804505757412e-03         1.7806196530607134e-03         8.3971125606919269e-04         2.3240234309986718e-03        -6.2504894574807275e-04        -9.6622132657510395e-05         3.1807578160249059e-04         1.4809128582388966e-04
60                                     3.1348668004027547e-04        -7.1947367599512022e-04        -1.7584163843152784e-03        -4.9972315233107125e-04         2.5245898261530035e-03        -1.6926159669906936e-03        -5.2142058878053353e-04        -6.4814120330936140e-05
61                                     2.1344912086405975e-03        -1.0822442433309691e-03        -1.3637064993976327e-03        -1.7641475241660489e-04         7.9334088725125740e-05         2.6127204619969795e-03         5.9876810990280849e-04        -3.0586621116964130e-04
62                                    -2.1689116188364430e-03        -3.1792172271301696e-04        -2.1257420324139110e-04        -5.9040349426035083e-04        -2.8886728902571812e-05         7.5204529058199273e-04         5.3832055682084292e-04        -8.7755006651369846e-05
63                                     1.7218239963186850e-03        -2.1551493303084883e-03        -4.3873238072148924e-03        -1.1312981440012001e-03         5.8368954443041394e-03        -6.0741959177671827e-03        -1.8870865060227877e-03         2.4686106391486046e-04
64                                    -3.5622725069582185e-03        -2.0266534170789896e-03        -7.6545537963200862e-04        -5.7529257209378937e-04         1.7091083248905199e-03        -2.2485543874858340e-03        -3.7666552399215965e-04        -6.5545348667174312e-05
65                                     7.6079499945123658e-03        -5.0679883041058441e-04        -4.4263633729711975e-04         1.2644067918702287e-03         2.5463884410462947e-04        -1.5010434633322195e-04        -1.0419550532593247e-03        -4.1210411061668448e-05
66                                    -9.1644412281614298e-04        -2.0150567849437732e-04         1.1093616530038499e-03         2.9707081972604125e-04        -1.4763782606870227e-03         1.8630356180694093e-03         5.6760538836156849e-04        -2.2150375474477027e-04
67                                    -1.0391704685086141e-04         7.4227033084300128e-04         1.7152849117861157e-03         6.0611677533577613e-04        -2.3857318990948761e-03         2.7112816582762740e-03         7.6322335462795888e-04        -1.7300522761941317e-04
68                                    -1.6523742280787693e-03         2.2561949756043544e-04         5.9207925975038897e-04        -3.1163787021163097e-04        -6.3987535298693431e-04         6.6370067789100747e-04         4.0503575611036533e-04        -3.6445338619721246e-05
69                                     3.6274324662695530e-06        -1.2377313082936008e-05        -5.3572385478608013e-05        -1.4801371484471842e-05         9.4764928736529471e-05        -1.4474580339310510e-04        -4.2466827545628509e-05         1.3112648474923085e-05
70                                     8.1518187683557106e-06        -1.8423750968632856e-06         1.3540607305945773e-05         2.4022465204298919e-06        -1.5538949834470922e-05         2.5786737799278256e-05         7.5838572953410656e-06        -1.5870638634100134e-06
71                                    -5.5698615751568109e-05         4.5041673467140648e-08         4.9434747955932190e-06         7.4940420238455915e-06        -8.8146432644960865e-06         1.4500422824115903e-05         3.8793128899541343e-06        -1.0956014083096602e-06
72                                    -6.7017351496268451e-08         3.4122001473944810e-07         1.8714085053187743e-05         5.4941971767292477e-06        -3.3139132191564887e-05         5.4150680487582666e-05         1.6136205357151907e-05        -5.3572098604386749e-06
73                                     3.7378311395595013e-06         2.7314739654383873e-07        -1.7904417514647743e-05        -6.2150689643855741e-06         2.3319612509352860e-05        -3.1809518905582328e-05        -1.0098034570185944e-05         2.0915599940021556e-06
74                                     1.7389093259070495e-05         1.9654339221682562e-08        -7.0833624930349511e-06         1.2119266877066890e-06         8.5942301711300832e-06        -1.2833042213542304e-05        -1.3380322921341120e-06         9.1089620996220925e-07
75                                     1.5110321039579565e-04        -2.0851265996138860e-05        -2.9837850037614175e-04        -8.4140706312293365e-05         4.7048728993786610e-04        -6.1358436156339871e-04        -1.8232196902062626e-04         5.8210015638110436e-05
76                                    -2.0146626316547474e-05        -1.5283616009586991e-05         2.3023004844703956e-05         1.1536718868890744e-05        -3.2385338045327092e-05         1.6673868814673018e-06        -1.9482714145380704e-06        -2.9669046980358585e-06
77                                    -1.7872509968073317e-04        -3.0054403164613884e-06         2.4487006607862597e-05        -1.1533847605522810e-05        -2.8970307376829056e-05         2.2100606287481152e-05         1.8674194616701353e-05        -2.9638736512166430e-06
78                                    -2.7217807819541817e-05        -1.1572632010853093e-05         1.6721922076173829e-05         5.2307012794228404e-06        -9.5151708016881476e-06         5.3739752835051509e-06         6.8686859263030912e-07         5.0733922184153222e-06
79                                     1.3992161970844503e-05        -1.6375358270210487e-05        -4.3296603779797169e-05        -1.4155239907345403e-05         3.1279666931766700e-05        -2.6028526050477093e-05        -4.3226950244385995e-06        -1.0809005071136298e-06
80                                    -3.0681247789195161e-05        -3.2424459721265043e-06        -1.6294433504667795e-05         7.7113751139940196e-06         8.9911668320764968e-06        -5.6308980898551068e-06        -1.3523512453801059e-05        -2.7122960368302870e-07
81                                    -1.2526284930612711e-03        -2.1068270384695881e-01         1.3805669705822507e-01         4.3977772257257297e-02        -1.6643498085701577e-02         1.9695243888601464e-02         6.0973209054357453e-03         2.9121988039609512e-03
82                                    -4.5316779128764962e-03         1.3675926857027931e-01        -1.7488214838102031e-01        -4.4121868185135603e-02        -9.7387685892794951e-03         6.8366638172195904e-03         1.0765408297418015e-03        -2.5349089767261667e-04
83                                     3.3802198951518939e-04         4.3603268559694146e-02        -4.4168002410775294e-02        -4.4242923309943061e-02        -2.0937326314508231e-03         1.6287197135146474e-04         4.1164228559261735e-03        -2.8355043683996831e-04
84                                    -1.0988630956892256e-04         2.0485229692054855e-03        -4.4396413228813235e-03        -1.8859144937359630e-03         9.3139872237840392e-03        -8.9331377488206590e-03        -2.7359911807083442e-03        -3.6850836677185878e-01
85                                     3.1072390415555072e-06         2.2404886525221358e-03         4.9475133584099967e-03         1.0757738434624773e-03         3.5850786140514623e-02        -3.5466092522165364e-02        -1.0223853775687889e-02         1.7367052745973771e-01
86                                    -6.7013537608091043e-04         5.9658959973443379e-05         1.3994581015650534e-03        -3.5173043130304500e-04         9.7172329907460175e-03        -9.1245590503400784e-03        -4.3170384897555092e-03         5.7668747957612329e-02
87                                     1.6645300463575909e-05        -9.6791284398150255e-04         8.7283708767425848e-04         3.1425850095475444e-04        -2.7163431694012599e-03        -3.0947333076487248e-03        -7.8062425464613594e-04         5.9735449243631473e-04
88                                    -7.9562463316630539e-05         1.1251841287769010e-03         1.0442513787720944e-03        -1.1727274856237484e-04        -5.9548797472433156e-03        -1.4524628758488861e-03        -3.9390018007095574e-04         9.2310571918835895e-04
89                                    -1.6417745462566705e-04         4.0300667667932078e-04        -1.2869499441499116e-04         1.3319799667573171e-03        -1.5382455867943264e-03        -5.1619086422594052e-04         6.3275086382769000e-04         2.4816586052893680e-04
90                                     1.2143815865233035e-04        -4.3290779455133419e-04        -5.4418663766750267e-04        -1.4606120303739336e-04         1.7170380108112006e-03         7.8241807585899639e-04         2.4362022018917809e-04        -4.5045458043015932e-04
91                                    -1.5174600086729372e-05        -8.7591765691471353e-04         5.1074721935062597e-04         1.7629817257314346e-04        -6.4650942770166052e-05        -1.4118934102066126e-03        -8.6691487588496741e-04         2.8776659245490627e-04
92                                    -6.5249615689746022e-04        -2.9040972600494262e-04         1.2334695782636351e-04         1.8316064936065631e-05         4.5876172403038114e-05        -9.3673023445755448e-04         1.4428455677752510e-03         8.9962070441931006e-05
93                                     6.0045894420893923e-03        -3.6472270278621096e-03         2.6373803456517866e-03         1.0094009922655370e-03        -1.5011809913611299e-03         2.1997358476512179e-04         6.2257381900327684e-05         3.4573623912875111e-04
94                                    -3.4384387775182150e-03         3.2758213765709714e-03         7.6990967863900528e-04        -1.4943519127767757e-03        -3.7827374093312880e-04         2.2010916886754800e-04         5.3150611136042712e-04         4.5674599374446014e-06
95                                     9.6930291286522093e-05         1.2092001507387935e-03        -1.4649238222510103e-03         5.2934650172959535e-03        -1.0426301075705990e-04         5.1424699656197823e-04        -1.4916069894382682e-03        -1.4261828655703068e-05
96                                    -8.9091449615917541e-05         2.6986675062551412e-04         2.9152904209224295e-04         7.2573662845350559e-05        -2.1820315852550990e-04         7.2818476058824949e-05         2.4748356754181597e-05         1.5980139579075423e-05
97                                    -2.0416881784263185e-04         1.0526162234645247e-04         8.0819544637744287e-05         3.7802751772922182e-05         1.1265272140462173e-04        -5.8999433283373945e-04        -1.4683080953848269e-04         8.4450202760577391e-05
98                                     4.6266482201463160e-04         2.5179056669833577e-05         3.8127530320962677e-05        -4.8996843643431281e-05         2.7666841160791034e-05        -1.5318984056749367e-04        -1.0551171125993737e-04         2.4628439013675411e-05
                                                        40                          41                          42                          43                          44                          45                          46                          47

0                                     -5.6506090028578780e-04        -1.5534460872793871e-04         1.0070435892761901e-03         2.1792487019493194e-04         3.2561833747221398e-05        -1.2286726735992750e-03        -2.5804646562948668e-04        -3.3788926434603941e-05
1                                      6.2544304101736826e-04         1.7246144517431213e-04        -1.1976220333605216e-03        -2.8692583501895713e-04        -4.5623250114859440e-05         1.4529582916756616e-03         3.0821141998542260e-04         4.0445873742084431e-05
2                                      2.0849153649333125e-04         5.8126372568347557e-05        -3.9704013280150892e-04        -9.3202431200730822e-05        -1.8267584974298052e-05         4.8147260671284396e-04         1.0169650155180380e-04         1.4050819683130943e-05
3                                      5.0808136349208633e-04         1.3756929500629455e-04        -5.9117664959376344e-04         3.1424229231956119e-05         2.4947141645993752e-05         7.7904198239320353e-04         1.4962216334350623e-04         1.8052069880817017e-05
4                                     -4.4493444948965000e-04        -1.2372989535855257e-04         1.0512461765866564e-03         3.7085507559853970e-04         6.7900929524168570e-05        -1.2637620233995200e-03        -2.7585692479299793e-04        -3.5939190028469762e-05
5                                     -1.5257481945054916e-04        -4.4654693332615925e-05         3.3533448354202051e-04         1.0246969563649648e-04         3.6292365749362624e-05        -4.0612908557099243e-04        -8.6341368800804110e-05        -1.6114428995473682e-05
6                                     -1.3404262807101237e-04        -3.6446102629136793e-05         2.3947584810863004e-04         1.4578367827543785e-04         3.3472221060179216e-05        -2.9375592934805043e-04        -6.5466168785982613e-05        -8.8281005822338438e-06
7                                      2.8231702097092273e-04         7.9946853326371488e-05        -8.2102404427349335e-04        -3.1926097074694905e-04        -6.3432609581209659e-05         9.5036133459850671e-04         2.1075932746519806e-04         2.8204293839390905e-05
8                                      8.7798260443670999e-05         2.4615737745330291e-05        -2.5008659848399072e-04        -9.8620089515880020e-05        -2.5122368608043314e-05         2.8943337503399254e-04         6.3486386623497806e-05         1.0604358909101151e-05
9                                      9.0834404767499400e-04         2.5251122919587872e-04        -2.0919505923631598e-03        -6.6367525513761553e-04        -1.2615356964289725e-04         2.4788492362853819e-03         5.3056190100893438e-04         7.0643238020156286e-05
10                                     3.2874773775443247e-04         9.0846034994620744e-05        -5.9728514545367560e-04        -1.3077091512136906e-04        -1.6336927366319032e-05         7.1937297567400927e-04         1.5532422252998633e-04         1.9602661782542902e-05
11                                     5.4479523074217469e-05         1.3598626901760102e-05        -7.9616131515267377e-05        -6.7227735286433680e-06        -1.3335005092273544e-05         9.8172656086209525e-05         2.0118633901713780e-05         7.0800970511039765e-06
12                                    -5.6008573975330504e-04        -1.5456064359633891e-04         1.0797083435747847e-03         2.7368205957607533e-04         4.6667593031408850e-05        -1.3000886587301260e-03        -2.7445862735466431e-04        -3.6647688784071964e-05
13                                    -3.5386090702855822e-04        -9.7613672576629985e-05         6.9712901822746468e-04         1.8736813306032408e-04         2.6612817038695701e-05        -8.3101734779263213e-04        -1.7046888765661798e-04        -1.9068827714990746e-05
14                                    -7.8778908477041950e-05        -2.1170282408416899e-05         1.5757611746982370e-04         3.8962902874097349e-05         2.6691332678891805e-05        -1.8695174402124878e-04        -3.5533803686671677e-05        -1.2365517170142363e-05
15                                    -1.0359016371435494e-03        -2.8662847734021952e-04         2.2626276517663225e-03         8.1539514094368989e-04         1.6094559915203881e-04        -2.7507233980039749e-03        -5.8009114938381795e-04        -7.6826725419803951e-05
16                                     8.1943353006847116e-04         2.2598623126330998e-04        -2.0360140914668632e-03        -4.6791151307998567e-04        -6.7252101247085246e-05         2.3909625145879863e-03         5.0522045381354557e-04         7.2092548084279974e-05
17                                     2.7134410549988267e-04         9.1471077544674409e-05        -6.7694394799222579e-04        -1.6293376658007311e-04        -4.5018426115444174e-05         7.9620115186268081e-04         1.7382876624829588e-04         6.0907008582106778e-06
18                                     6.1784477005677300e-04         1.5612668284577859e-04         2.8627847566084827e-04        -1.1354921102169210e-04        -2.5297594284968023e-05        -1.6954134457904200e-04        -1.0236482815987962e-04        -2.4526895679866947e-05
19                                    -7.8864258286123984e-04        -2.1323711643555940e-04         1.4704258033838423e-03         2.3068246754001046e-04        -3.5197572606695859e-05        -1.9841211107941565e-03        -3.6244429641897364e-04        -3.1800692193467733e-05
20                                    -2.5345782069717809e-04        -8.3898385936955356e-05         4.2624040418978509e-04         3.5518757171382919e-05         1.9988850460120447e-04        -5.7996556773615572e-04        -9.5606050842313845e-05        -4.1068633638768192e-05
21                                    -6.6423418137614434e-04        -1.7998165474583379e-04         8.1937922337747598e-04         6.7539566652203599e-05        -5.9452935366669630e-06        -1.0373999344313854e-03        -2.0952690631640205e-04        -2.6420565733101514e-05
22                                     1.9855566098502734e-04         5.2383150803503572e-05        -2.2589283117484954e-04         6.3005293497137493e-05         3.5877863039367587e-05         3.2018547411605746e-04         5.4902637422274262e-05         2.6997672057442424e-06
23                                     8.6073474313665019e-05         2.8535395345289529e-05        -1.0141857637359315e-04         2.5717031093864379e-05        -3.2721735057116182e-05         1.3779462758006349e-04         2.1972882047231680e-05         1.3090211453257625e-05
24                                    -1.6893812277139148e-03        -4.4949062087728847e-04         1.6913686652877606e-03         1.1467887790599163e-03         2.6900628789949474e-04        -2.1733689732054877e-03        -4.3962618767767563e-04        -5.8104397565458037e-05
25                                     9.0922739588458464e-05        -5.7175360414432139e-06        -6.7225020263711769e-04        -1.8849673120876391e-04        -1.1602851827668937e-05        -8.7251966240424689e-06         1.0808212622723029e-04         3.0079489358318334e-05
26                                     5.9717234928346820e-05         1.1437779114612845e-04        -2.4254544300573349e-04        -6.0159336866103850e-05        -1.1374122308403071e-04         7.8631363835015243e-05         4.5289493186306877e-05         9.6994361147053872e-06
27                                     5.1070893296796495e-03         1.4559193035275355e-03        -1.1932580015839108e-02        -3.4093182676368647e-03        -6.6198949839543883e-04         1.0503137502188150e-02         2.2212520916986781e-03         2.8667373109508935e-04
28                                     3.4926130880795535e-04        -8.3541711061497692e-05        -3.9391774189250764e-03        -2.9521472433223723e-03        -3.3289956176613263e-04         3.7740701618652274e-03         9.5078581455488968e-04         2.0584454137897583e-04
29                                    -2.9013719725337628e-04         8.1464589293158524e-04        -7.8806148249497556e-04        -3.7654392293467223e-04        -1.3583149030583232e-03         7.4006154896244102e-04         2.5270686271262671e-04        -1.6281516213424648e-04
30                                    -1.1575113839892813e-03         4.4433166985617147e-05         9.2208367302699934e-03         2.1185488892881223e-02         5.8645060731047083e-03        -1.3316490020889757e-02        -3.6297513650717719e-03        -6.5576789785356886e-04
31                                    -9.0862249403924657e-04        -2.4160888854721030e-03         2.0807151293712696e-02        -4.5733031430927475e-02        -1.5180571638004028e-02        -5.1047323799749099e-03         9.7157132146944000e-04         9.9988285863245475e-04
32                                    -2.2128765837371037e-03         6.5458710219265066e-03         5.6715133617615170e-03        -1.5297264531443273e-02         2.6206798806906653e-03        -1.0869411442469218e-03         9.2875119469207758e-04        -1.6611546199346338e-03
33                                    -1.4000057957276713e-02        -3.5044346432519854e-03        -5.1141705242771146e-02         3.5460845870877500e-02         1.1032750529592562e-02         8.3249164088718026e-03         2.2987853996239969e-03         5.0825873306038381e-04
34                                    -2.6380354621310526e-02        -8.0079561535043257e-03        -2.0951384626470559e-03         4.9560652392429710e-02         1.5985050522763791e-02         7.3756993751388101e-03        -5.7011673058889704e-03        -3.3300683709968412e-03
35                                    -9.0242029052088196e-03         5.8709355160083097e-03         7.1982268999269683e-04         1.4880606854160762e-02        -3.7485822807350397e-03         1.9601445457776956e-03        -3.1978667142058140e-03         4.6051615581403143e-03
36                                    -7.4777030611277245e-02        -1.8475705315883145e-02        -2.2159256501461494e-01         5.9885099836207087e-02         2.1604917766558675e-02        -6.0948271695046491e-02         2.4550693311179914e-02         8.6188416009339922e-03
37                                    -2.8491278257335723e-01        -6.6240228655529629e-02         1.3465864786006876e-01        -1.8270395734361988e-01        -4.2075492500478817e-02        -1.4337208818824523e-02         1.0888464935327850e-02         2.2838284615517733e-03
38                                    -6.4975434618598296e-02        -5.9461822512181482e-02         4.2307113388867647e-02        -3.9802763180774019e-02        -5.7472968606777697e-02        -2.1899756907581055e-03         1.2304630227756917e-03         4.2493916633460325e-03
39                                    -1.3331718007187673e-01        -4.9374996369832891e-02         7.9476278166602486e-03         3.3328201670345878e-02         9.1457490942583493e-03         7.3722520469316245e-03         1.1656692450958133e-03         1.3899536466255541e-04
40                                     5.2077508085492441e-01         1.3894412077559787e-01        -8.3842016748636311e-03        -6.1373464982722524e-02        -1.8561006882166713e-02         5.7976665160932826e-03         6.9866437206627888e-03         2.7986961648306698e-03
41                                     1.3894412077559787e-01         6.8202932459963284e-02        -2.2811192171050716e-03        -1.9763912376171141e-02         1.1574939931618261e-03         1.3831786420175219e-03         2.8903882870535895e-03        -2.7030134319433819e-03
42                                    -8.3842016748636311e-03        -2.2811192171050716e-03         7.4186868045688137e-01        -1.9576970284101651e-02        -2.3096836138608991e-02        -2.9929527706765063e-01        -4.5802394990092199e-02        -5.7144349435427457e-03
43                                    -6.1373464982722524e-02        -1.9763912376171141e-02        -1.9576970284101651e-02         6.9402036366545672e-01         1.6211318021533616e-01        -9.0945015291956810e-02        -1.2855506750782195e-01        -2.2894312588142292e-02
44                                    -1.8561006882166713e-02         1.1574939931618261e-03        -2.3096836138608991e-02         1.6211318021533616e-01         1.5450284199740905e-01        -1.7593844072360483e-02        -2.4095251235753484e-02        -4.1812658755760117e-02
45                                     5.7976665160932826e-03         1.3831786420175219e-03        -2.9929527706765063e-01        -9.0945015291956810e-02        -1.7593844072360483e-02         5.6090426996638443e-01        -1.1161281543287768e-01        -4.3470580231315149e-02
46                                     6.9866437206627888e-03         2.8903882870535895e-03        -4.5802394990092199e-02        -1.2855506750782195e-01        -2.4095251235753484e-02        -1.1161281543287768e-01         4.5001028084374939e-01         1.1690167498672308e-01
47                                     2.7986961648306698e-03        -2.7030134319433819e-03        -5.7144349435427457e-03        -2.2894312588142292e-02        -4.1812658755760117e-02        -4.3470580231315149e-02         1.1690167498672308e-01         6.1179023378754568e-02
48                                     4.7205414257013847e-03         1.6869300704595181e-03        -1.1679803948407809e-01        -3.6795318789319478e-03         1.0082847500891036e-03        -4.1065199127084354e-02        -4.6699593170619731e-02        -1.1520976899024434e-02
49                                     1.4110016882673125e-02         2.5284851899593716e-03        -8.2720831101899636e-02        -2.7926184118844499e-01        -6.1613409781412193e-02        -1.7134772486530697e-02        -1.5716047361928633e-02        -5.6461200690448351e-03
50                                     2.3565977457321360e-03         5.8723663929474059e-03        -2.0863529809904906e-02        -6.3919413444064516e-02        -6.4298178305325582e-02        -3.4885458871555843e-03        -4.6503976782351544e-03         4.7500910408893940e-03
51                                     2.6205255282259312e-03         7.2136966114073225e-04        -9.6656602847071740e-03         1.1536794284224078e-02         3.5727517265972779e-03         1.1429152478748792e-02        -1.9096276731596206e-03        -9.4238448009474163e-04
52                                    -5.4070944121507002e-03        -1.5731801088495500e-03         4.9107195350385879e-02        -5.2274039593524724e-02        -1.7790070685657591e-02         1.8792466925646647e-03        -8.9743428179378873e-05         9.8049814244754487e-04
53                                    -1.5249162583328027e-03        -4.9488904176105185e-04         1.4059973152048332e-02        -1.6734821158419080e-02         2.1233680997990272e-03        -5.5194581800159645e-05         1.2019535771017726e-03        -3.1274020141920282e-03
54                                    -6.5601483780182088e-03        -1.9357688207697760e-03         3.3177551130385008e-03        -7.2847127400227224e-02        -2.0548297722257969e-02         8.1102392382220306e-03         6.0232558855342015e-03         1.6783081319350478e-03
55                                    -6.9184821726723730e-03        -1.4084436877947065e-03        -3.4319326441953887e-02        -2.8689860010382151e-03         2.1236890021470271e-03         8.8969734688241868e-04        -5.0194512512736437e-03        -3.4979752828278748e-03
56                                    -1.2727842640951549e-03        -1.9276459770194996e-03        -9.7513138382505603e-03         3.3615060752769273e-03        -6.1607503280370068e-03         2.3609237904410755e-04        -3.6326759422973505e-03         6.4987306679309114e-03
57                                    -5.0436283983467502e-03        -1.4091178104934220e-03         1.1954440478782162e-02         1.9480792079689521e-03         2.2873168314964344e-04        -1.3087182498325432e-02        -2.5298654627955888e-03        -3.0808984197301485e-04
58                                    -2.4379736994279241e-04         1.9841980183658538e-05         1.0643628810321916e-03        -2.1052353494031915e-04        -2.1355126999870035e-04         4.5599719444000720e-04         4.5291307902291429e-05         1.3324944484474120e-05
59                                     2.3034055174109795e-04        -3.0114192965915532e-04        -1.5983007527414677e-04        -2.9969602227274573e-04         3.7105625567361811e-04         6.6924171025204728e-04         1.3987833463122542e-04        -4.8113471303203988e-05
60                                     6.4229206853377136e-04         1.8852584699816490e-04        -3.4783603497070964e-03         4.1063641674450645e-05         1.0435905506618618e-04         3.4849299856137021e-03         4.4898664980098869e-04         1.6932180332320684e-05
61                                    -1.8509784838023169e-03        -5.2365871816753551e-04         3.0355646477922796e-03         2.3949911723534691e-03         5.6546176525750424e-04        -5.0782567659938722e-03        -1.3214340555393000e-03        -1.2660605296380077e-04
62                                    -5.9400057598121662e-04        -1.0185748576265228e-04         1.0338559001343008e-03         7.5289070118981258e-04         1.9791526708408199e-04        -1.6648950890871177e-03        -3.5266289460067311e-04        -2.7716357399390284e-04
63                                     4.1860022648781579e-03         1.1583361944613854e-03        -9.4274863438452566e-03        -1.9212730245433693e-03        -2.7500422270816427e-04         1.0781555107058693e-02         2.2397361778230024e-03         2.9476999383299345e-04
64                                     1.0865482959030535e-03         3.5214150830250104e-04        -2.5482552991119762e-03        -5.5227255457139003e-04        -9.2812833606582720e-05         2.9252383348221840e-03         6.1750397853671296e-04         5.0523840806161543e-05
65                                     1.9315374096396678e-04        -1.0300253324940972e-04        -3.7990181929851069e-04        -1.0129348421491719e-04        -4.0488930128511080e-06         4.4351133207139128e-04         6.7664290226723833e-05         1.0283289359388760e-04
66                                    -1.5755518773223731e-03        -4.2985857269330633e-04         2.9078982300980781e-03         6.3455570475467299e-04         9.3876599752787398e-05        -3.4196344760624186e-03        -7.3597399577478002e-04        -9.9017465892638505e-05
67                                    -1.9298831783595529e-03        -5.5497130466736926e-04         4.0357375172525136e-03         7.4947159165121720e-04         1.1040917908222100e-04        -4.4218494390736596e-03        -8.8899377675080520e-04        -1.0968207095817517e-04
68                                    -5.1746915797065793e-04        -7.3684708675669181e-05         1.0634655753255706e-03         2.0703576894499348e-04        -1.6578182789473895e-05        -1.1557484259653880e-03        -2.2973674352108126e-04        -2.9187086522567380e-05
69                                     1.0421371393991546e-04         2.8751792854073054e-05        -1.9958546898714481e-04        -4.6799260078655373e-05        -7.4279854928549800e-06         2.4330789678879492e-04         5.1715952100815562e-05         6.8594899726516917e-06
70                                    -1.8007370671057235e-05        -4.7907048683892286e-06         3.5415471218343966e-05         1.4081840299049814e-05         3.0680130795845194e-06        -4.3086327979724556e-05        -9.3686083848146359e-06        -1.1544082750236212e-06
71                                    -1.0066979405605272e-05        -3.3853796405448366e-06         1.9909924598468476e-05         6.6128027890269631e-06         7.4764236111553114e-07        -2.4148662212994587e-05        -5.0678788664171260e-06        -1.0215113714785407e-06
72                                    -4.0167353614022717e-05        -1.0999463096586815e-05         7.3517955757679591e-05         1.8411816531824153e-05         3.0752720710001017e-06        -8.9892804387648828e-05        -1.8798264372370314e-05        -2.4041394691851219e-06
73                                     2.2712190618583494e-05         6.3601862302184573e-06        -4.8515658938231174e-05        -1.6117500207702483e-05        -2.8573534165574226e-06         5.9063640914375594e-05         1.3017296667957298e-05         1.5240419717483096e-06
74                                     8.7974011954853677e-06         2.2125308446123011e-06        -1.7927072686519767e-05        -5.4235120677207493e-06        -1.8555782245551804e-06         2.1982982596737649e-05         4.5649229816379119e-06         1.4494121586983714e-06
75                                     4.8372342336592807e-04         1.3394468474817162e-04        -9.0552516182356465e-04        -1.9013495216191470e-04        -2.7910871732075748e-05         1.0781035044003416e-03         2.3146271902550113e-04         3.1610711146640291e-05
76                                    -1.7584237267218256e-05        -6.1824393478325927e-06         3.1888308547076307e-05        -1.3561846450665515e-05        -1.8126416241390485e-06        -2.8243513598153976e-05        -6.1182513203207535e-06        -2.3734426850800460e-06
77                                    -2.5553550390675263e-05        -3.1083176001722406e-06         4.5541285088377483e-05         5.5830509407457662e-06        -9.6885983840253737e-06        -5.1247880791141823e-05        -1.2361983979337882e-05         2.7989032104099428e-06
78                                    -5.2452678821225324e-06        -1.8099470471419605e-06         9.3411307902301316e-06        -1.9681490777330739e-06        -1.5107996203232878e-07        -1.4225770335030777e-05        -2.8882939831971510e-06        -3.8219185805480412e-07
79                                     2.2846154783577507e-05         6.8810871960163687e-06        -5.8311191145088057e-05        -1.2824720836720091e-05        -3.8325131379484464e-06         6.8047986976915270e-05         1.5059741910412709e-05         1.9327142157976227e-06
80                                     8.4051603820654418e-06         6.7142078897587901e-07        -1.7505818231664040e-05        -4.6102209616232643e-06         4.4816438859362343e-06         2.1756553033588969e-05         4.6399223833664305e-06         1.0088679134341431e-06
81                                     1.6985179741021098e-03         2.4990313035244877e-04        -2.7592480699454164e-03        -3.1647624077823667e-03        -6.0453859436236657e-04        -1.0703300341272960e-03         1.1955067982679602e-03         3.6068684226269008e-04
82                                     2.4951833479956581e-03         1.8091931832466806e-03        -1.9093441174144778e-03        -3.6292699697117062e-04        -1.6812640699356847e-03        -2.9894245570738173e-04         6.6956309315916330e-04         1.5520257667708050e-04
83                                     1.7543770711443021e-03        -3.5127833155199455e-03        -2.7783637965048298e-04        -1.6442884966714668e-03         5.4661557563247740e-03        -5.0947310932775375e-05         1.1270967543050963e-04         1.5509945373096579e-04
84                                     2.2400682077991549e-01         7.1656493149411582e-02        -1.0445019174653331e-03        -4.8332900827604518e-03        -1.2667583496946766e-03         8.7006485545382327e-04         8.5109718995625807e-04         2.0357110488567170e-04
85                                    -1.5859441207757391e-01        -4.6803296279051956e-02        -2.9849257161471809e-03        -3.0878864912461529e-03        -1.2017765237775282e-03        -1.7758753388659157e-03         4.6640327037117380e-04         2.5088830699414527e-04
86                                    -4.8246444105032107e-02        -1.9664057798470191e-02        -7.6280590641510495e-04        -1.1470347046777379e-03         1.2189947119563209e-03        -5.1821909639202478e-04         1.6801873969760355e-04        -1.8683939712273151e-04
87                                    -1.9273830567221549e-03        -5.6531179677394628e-04        -4.2391574722369978e-02         3.1670792130363140e-02         9.6154010019858169e-03        -1.8569872244741967e-01         1.7640105327846317e-01         5.1750505629396704e-02
88                                     4.9463014331403688e-04         1.0820209139001958e-04        -5.8545109900361506e-03         1.1718170901791947e-02         3.4913175794978675e-03         2.2322210446544433e-01        -3.1642684291959861e-01        -8.9441782941924758e-02
89                                     2.0104500375158721e-04         2.6317884531885331e-05        -4.4231824476503000e-04         2.5241592678442019e-03         1.4233055963090713e-04         6.4350158611279393e-02        -8.8291986510841136e-02        -3.1817183603442233e-02
90                                    -1.4681796207545103e-05         2.3530598072084438e-06        -6.9734864159746047e-03         2.7869416069789274e-03         1.0295546975946175e-03         1.1457825099149797e-03        -1.9408171143834229e-03        -5.8768350799358045e-04
91                                     6.5841862621695028e-04         2.3914129530830342e-04         9.2399857610485706e-04         1.3131310411812237e-03        -2.2674860440894187e-05         1.5413635762536672e-03         1.2521405935564981e-03         2.2494823907337995e-04
92                                     2.0704201362932168e-04        -1.8176757113572484e-04         4.8695859789309529e-04        -1.8229142107369783e-04         1.4627155983208454e-03         5.0034777092401142e-04         1.9919765580454009e-04         3.5762729764551502e-04
93                                     1.5409056149118900e-04         2.4236478034897755e-05        -4.4125736104177245e-03         3.1173041489945472e-04         3.9296315153858861e-04        -5.9790984926801560e-04        -1.5478620761453341e-03        -4.2270694365232242e-04
94                                     2.8488561742273281e-04         1.4260524645571905e-04        -4.7090163760558912e-04         1.0985336820183537e-03        -1.3699502602936607e-03         8.4754127113375200e-06         2.1966147934942182e-05         5.6160648626124929e-05
95                                     1.4148799520689710e-04        -1.8874947289994221e-04         1.7704500017208698e-04        -1.3803032790276042e-03         5.7258909158464880e-03         1.7114586441560148e-05         1.0990497244981444e-04        -1.8798764642286324e-04
96                                    -6.9520871756895727e-05        -2.0408666941080798e-05         1.5316702823985724e-05        -1.1584555553257285e-04        -3.3806367956508573e-05         5.1083983238260638e-05        -1.2241618037708190e-05        -1.5072965840911054e-06
97                                     5.1125503954125705e-04         1.3777793172347204e-04        -6.5315195175471273e-04        -3.4929235505537515e-04        -4.5093944117767428e-05         1.0507236629328344e-03         2.9181232230777207e-04         1.3666727952315859e-05
98                                     1.4752363455752647e-04         4.6460722840892542e-05        -1.9383902158226125e-04        -7.7426401084674032e-05        -1.2571375013826125e-04         3.0440834486988264e-04         5.1741804784639515e-05         1.2025809256413821e-04
                                                        48                          49                          50                          51                          52                          53                          54                          55

0                                      1.7514016652477808e-04        -6.6374154582727891e-04        -1.8463995673764167e-04        -4.1807288891091061e-04         3.5759868816322214e-04         1.0882544811692921e-04        -6.1918455844174364e-05        -2.5809669230794034e-04
1                                     -1.4142439116827878e-04         8.5840080279941998e-04         2.3310593418266910e-04         4.3317120083790532e-04        -4.0340043833761110e-04        -1.2251433414675562e-04        -1.2150406162614839e-04         2.4828539825077171e-04
2                                     -4.8809576005675258e-05         2.7851571251918922e-04         9.0045198156224471e-05         1.4556592000374669e-04        -1.3509029203760946e-04        -3.8418009024740953e-05        -3.3538003708378144e-05         8.7639694391974617e-05
3                                     -4.4277454748749853e-04         1.4668421739875211e-04         5.0701802688851152e-05         4.3648716554212097e-04        -2.7986369142061378e-04        -8.6667604177438455e-05         7.2568766444007125e-04         1.4095690024017974e-04
4                                     -7.6313562099560635e-05        -9.5247766388091223e-04        -2.5072245785965551e-04        -2.6458293751646959e-04         3.2693417157255789e-04         9.5290439572991387e-05         5.8975713955997100e-04        -1.6973802434963397e-04
5                                     -2.6460548437081625e-06        -2.8061140359472069e-04        -9.6101616056618202e-05        -9.6538531827078161e-05         1.0650832405538024e-04         3.8326592186020461e-05         1.3841244231793334e-04        -4.2522281188935712e-05
6                                     -3.8072126732354751e-05        -2.6601683286622889e-04        -7.3206955714266654e-05        -1.1758001073881446e-04         1.1266353204912621e-04         3.4335692707645004e-05         1.5478571744581256e-04        -1.1560982521266168e-04
7                                      1.5871745139596797e-04         7.7081117342912473e-04         2.0988976542997130e-04         1.5090664165109496e-04        -2.2775922624477434e-04        -6.6753718540362236e-05        -6.1617918936391811e-04         1.7106571345035018e-04
8                                      4.8152953156171269e-05         2.4158707063466546e-04         4.8090351806416114e-05         4.8745950669264076e-05        -7.0802385430579167e-05        -2.2260866405460116e-05        -1.8622232764282850e-04         5.1727589971239805e-05
9                                      7.1679452244281008e-05         1.7145480079316913e-03         4.6738048591260300e-04         6.1893170455849258e-04        -6.7251214549638371e-04        -2.0120409065722876e-04        -8.3781821375005091e-04         4.9733738063957339e-04
10                                    -1.2079935640131362e-04         4.1078613352346638e-04         9.3437233865097189e-05         2.4737549479817138e-04        -2.1450651120149251e-04        -6.7397907943411554e-05         2.7372998096156513e-05         9.0226031569431937e-05
11                                    -3.4720971805889985e-05         2.4279608128748709e-05         8.3167640370500033e-05         4.4303716489408343e-05        -3.4930963118836913e-05        -2.7811825292483867e-06         3.7260040389038636e-05         3.0429102677028815e-05
12                                     1.1019695823869099e-04        -8.0531578080845849e-04        -2.2263465045590218e-04        -3.9812949240660821e-04         3.7345301740068706e-04         1.1251134645895359e-04         1.6112701905907783e-04        -2.5153471289106842e-04
13                                     4.9725826108252744e-05        -4.9181650062237424e-04        -1.3225112718863002e-04        -2.7458758317870213e-04         2.5233360393893075e-04         7.7353620891608787e-05         8.7343041799062943e-05        -1.8541259006208874e-04
14                                     8.2595282433548961e-06        -1.0765185730738559e-04        -4.0888918195617485e-05        -6.2787419115819626e-05         5.8590337562138919e-05         1.5095828135983268e-05         2.1243611070725375e-05        -4.9531173063096220e-05
15                                    -1.1073321704975925e-04        -1.9963425551179823e-03        -5.4470701818792140e-04        -7.5143145000300317e-04         8.0388913595469543e-04         2.4151170540660945e-04         1.0166441421244543e-03        -6.1010172584116857e-04
16                                     3.1045258322661302e-05         1.5087360848921646e-03         4.2346931342481978e-04         4.6887131130981711e-04        -5.5247595117406852e-04        -1.6307049119455988e-04        -8.3315031314599465e-04         4.5654080551114484e-04
17                                     1.3211338561583722e-05         5.3225186064574355e-04         7.9316278736985666e-05         1.6215391357685726e-04        -1.8898153576990903e-04        -5.8066424252465687e-05        -2.7878480036770193e-04         9.0375129372795613e-05
18                                    -5.4590289367059154e-04        -1.7204661849096257e-04        -1.6488744307426668e-05         8.5631614096777519e-04        -4.8566734506433036e-04        -1.6593201187040937e-04         1.2803063739866821e-03         3.5347448548039015e-05
19                                     3.0056389113335624e-04        -1.3213276357125457e-03        -3.4986816753283052e-04        -3.8042677992208477e-04         5.1942050711809950e-04         1.9333292249616255e-04         9.3114367462202702e-04         5.4992880197089321e-04
20                                     1.0066369353004834e-04        -3.9096210864814789e-04        -1.3925255142896523e-04        -1.5541788307751013e-04         2.1748717485321376e-04        -7.7731757569251354e-05         2.6565832559701679e-04        -8.0699144488653079e-05
21                                     4.6047840372292082e-04        -2.3846887051520444e-04        -8.4046762482234687e-05        -6.0872508676296526e-04         3.8228740923484776e-04         1.1931375909099998e-04        -9.6904214768487489e-04        -4.2881198337415335e-04
22                                    -2.6833733011972496e-04         5.3660905656252654e-05         5.2154240807566273e-05         1.5111253485053302e-04        -1.1561588594802871e-04        -3.4725894889953241e-05         3.0478042861164893e-04        -1.4229247022433866e-04
23                                    -1.0201585177423679e-04         5.5303090801089313e-05        -9.2177186142349834e-05         7.2657207111390408e-05        -5.0449531036270368e-05        -1.7299736597717512e-05         1.3811248749825598e-04        -1.9170883439610415e-05
24                                    -1.7541817112201044e-04        -8.0924821674984793e-05        -3.8640212721339115e-05        -2.8453296650015089e-03         1.3992846234261054e-03         4.3936841820657862e-04        -4.6197514769262798e-03        -6.2519205381127412e-03
25                                     1.1064829402515218e-04         4.7555992905655973e-04        -1.9312990128408794e-05        -1.1429945681027797e-04         4.2055737272234084e-06         6.8236724477867538e-05        -2.1382119095995785e-03         4.1320977010910441e-04
26                                     3.6045145936152985e-05        -3.1906110506405326e-05         5.1394265862615370e-04         7.6855652635549304e-05         5.3769703442717006e-06        -2.0663454267705461e-04        -3.4757975211139897e-04        -1.1022415533786973e-04
27                                     4.1044265305745994e-03         1.2330861885490223e-02         3.4789071285330005e-03         2.6106199587424658e-03        -3.6574721766133526e-03        -1.0434505483678360e-03        -3.7843280063952094e-02         3.8361662272025226e-03
28                                     4.6315615343063207e-03         2.5989347795116633e-03        -7.0350802630816153e-04         2.9320071604252256e-03        -1.3990732069864933e-03        -7.7785058173064701e-04         1.1598174144260023e-02         1.4552560568210573e-02
29                                     1.3075438778979607e-03        -8.8165142385354580e-04         4.3122626992070506e-03         7.6037147662984196e-04        -5.9604678499729376e-04         9.2163312138142058e-04         4.3596978607762646e-03         3.9283883215644015e-03
30                                    -5.6903470755311200e-02        -8.1980760964963165e-03        -6.1902024893654463e-04        -2.1621493196382867e-03         1.0714350371841801e-03         5.5550563090042823e-04        -2.1645261367883326e-01         1.1593026439201129e-01
31                                     3.5467945847130943e-02         4.9379151436273735e-02         1.3274467315628782e-02        -4.8743470872589442e-03        -4.6749365690165910e-03        -3.1901040846464748e-03         7.9104548502272345e-02        -2.0263091532584340e-01
32                                     1.1388137089117102e-02         1.4594195194359932e-02         1.1971256649248377e-03        -1.0331621866011662e-03        -3.2591126856888718e-03         6.0914541437806233e-03         2.6964068924893524e-02        -4.4388344930774176e-02
33                                    -1.7626737805390504e-02        -2.4481257445673935e-02        -6.0501978988788657e-03        -5.9227392031383982e-03         6.9698201796240290e-03         2.1505018563246991e-03         3.3434279992654622e-02         1.2814362531006419e-02
34                                    -2.9760971994316487e-02        -2.9603701559612776e-02        -9.1570883840022682e-03         2.8373110988012566e-03         8.3698439333699073e-04         6.2647448259833490e-04         4.4462167553817891e-02        -4.1996258537822746e-02
35                                    -7.5310211457675687e-03        -9.2631286240906323e-03         4.3033571167663161e-03         9.1628043449213411e-04         4.7330050972361690e-04        -1.4833359370755614e-03         1.1383218377461524e-02        -1.3257238137825887e-02
36                                     4.8459331708306484e-02         5.4610330517166621e-02         1.3276419931059593e-02         2.9368509600103026e-03        -1.3629331074297243e-02        -3.7850359031700465e-03        -4.9387479427981384e-02         1.5755099017798119e-02
37                                     1.4545427359223574e-02        -4.4628901390918040e-02        -8.5315505935333498e-03        -8.5599944625247091e-03         4.2366324940833547e-03         3.6680308858613470e-05         1.2091803208921732e-02         2.4069590645494389e-03
38                                     2.2039421079328297e-03        -9.8345872615107875e-03        -1.8124661134276999e-02        -2.3792035263427444e-03         1.0732214004610121e-04         5.5177146720149055e-03         5.0274238402049400e-03        -1.7287747376907928e-03
39                                    -8.1606473123110989e-03        -1.0352176048913113e-03         1.1596383325296214e-04         5.0820516038507129e-04         2.6163784078627648e-03         6.9128064823977464e-04         2.1590479765403103e-03        -2.3433917841324640e-03
40                                     4.7205414257013847e-03         1.4110016882673125e-02         2.3565977457321360e-03         2.6205255282259312e-03        -5.4070944121507002e-03        -1.5249162583328027e-03        -6.5601483780182088e-03        -6.9184821726723730e-03
41                                     1.6869300704595181e-03         2.5284851899593716e-03         5.8723663929474059e-03         7.2136966114073225e-04        -1.5731801088495500e-03        -4.9488904176105185e-04        -1.9357688207697760e-03        -1.4084436877947065e-03
42                                    -1.1679803948407809e-01        -8.2720831101899636e-02        -2.0863529809904906e-02        -9.6656602847071740e-03         4.9107195350385879e-02         1.4059973152048332e-02         3.3177551130385008e-03        -3.4319326441953887e-02
43                                    -3.6795318789319478e-03        -2.7926184118844499e-01        -6.3919413444064516e-02         1.1536794284224078e-02        -5.2274039593524724e-02        -1.6734821158419080e-02        -7.2847127400227224e-02        -2.8689860010382151e-03
44                                     1.0082847500891036e-03        -6.1613409781412193e-02        -6.4298178305325582e-02         3.5727517265972779e-03        -1.7790070685657591e-02         2.1233680997990272e-03        -2.0548297722257969e-02         2.1236890021470271e-03
45                                    -4.1065199127084354e-02        -1.7134772486530697e-02        -3.4885458871555843e-03         1.1429152478748792e-02         1.8792466925646647e-03        -5.5194581800159645e-05         8.1102392382220306e-03         8.8969734688241868e-04
46                                    -4.6699593170619731e-02        -1.5716047361928633e-02        -4.6503976782351544e-03        -1.9096276731596206e-03        -8.9743428179378873e-05         1.2019535771017726e-03         6.0232558855342015e-03        -5.0194512512736437e-03
47                                    -1.1520976899024434e-02        -5.6461200690448351e-03         4.7500910408893940e-03        -9.4238448009474163e-04         9.8049814244754487e-04        -3.1274020141920282e-03         1.6783081319350478e-03        -3.4979752828278748e-03
48                                     7.3824051863036255e-01         2.6255122566956918e-02        -1.0342894998390507e-02        -2.3824003326063839e-01         1.1317077259852526e-01         3.6931522846597814e-02        -3.1466446524168884e-01        -1.0711032609597720e-01
49                                     2.6255122566956918e-02         6.6444877136685121e-01         1.4598287484698713e-01         6.8527049005917329e-02        -1.6991212048300833e-01        -3.6774760161653972e-02        -3.9103524381749223e-02        -1.5440162287542822e-01
50                                    -1.0342894998390507e-02         1.4598287484698713e-01         1.7118592869503119e-01         2.5437436605480045e-02        -3.9071611841405687e-02        -5.1561591859997959e-02        -3.0851254959204204e-03        -2.5321247039342673e-02
51                                    -2.3824003326063839e-01         6.8527049005917329e-02         2.5437436605480045e-02         3.6711294540320372e-01         1.8407288109063588e-03        -1.3086688330561095e-02        -4.4571412873876032e-02         3.3260574488223588e-02
52                                     1.1317077259852526e-01        -1.6991212048300833e-01        -3.9071611841405687e-02         1.8407288109063588e-03         6.4686259004535451e-01         1.6117757325303117e-01        -2.6602396140452192e-03         1.0819936267328762e-02
53                                     3.6931522846597814e-02        -3.6774760161653972e-02        -5.1561591859997959e-02        -1.3086688330561095e-02         1.6117757325303117e-01         6.6973242094035407e-02         7.4875995828964197e-04         3.2594780359312676e-04
54                                    -3.1466446524168884e-01        -3.9103524381749223e-02        -3.0851254959204204e-03        -4.4571412873876032e-02        -2.6602396140452192e-03         7.4875995828964197e-04         6.8821509482599130e-01         2.1985929632238062e-02
55                                    -1.0711032609597720e-01        -1.5440162287542822e-01        -2.5321247039342673e-02         3.3260574488223588e-02         1.0819936267328762e-02         3.2594780359312676e-04         2.1985929632238062e-02         7.0610307661307636e-01
56                                    -2.2000840479443964e-02        -2.7262911011444999e-02        -5.7475415821797327e-02         1.0884991745072545e-02         1.5023919079682779e-03         6.9809376738991583e-03        -1.1435712489146467e-02         1.6334648377470776e-01
57                                    -2.7957955168996331e-04        -7.0326572061970780e-03        -1.8762621968687200e-03        -2.8882264281761823e-03         3.2545117056633696e-03         9.6207887287749923e-04         6.1086887883332400e-03        -4.6502687047711815e-03
58                                    -8.4171148110080934e-04        -2.0895423165316423e-03        -3.1680212291858344e-04         2.0618243654072334e-04         4.9050313435692683e-05         3.6720795549132743e-05         3.3806597255919800e-03        -1.9871163445734068e-03
59                                    -2.1509947511242684e-04        -5.4723533836958401e-05        -8.2328439914925420e-04         1.8150997931292351e-04        -9.9093916342697218e-05        -1.1372899355567998e-04         7.8115919135817499e-04        -1.0428292676290416e-03
60                                     8.6251087082180110e-04        -5.1450673003151145e-04        -1.7378518110360431e-04         3.8922666084682182e-04        -4.5036567554041776e-04        -1.3418853321312321e-04        -6.4771033825198818e-03         5.6154382959362412e-04
61                                     6.3474529160029809e-05        -4.6109547430335969e-03        -1.5960981431644803e-03        -1.5122615543683002e-03         1.5139809528516362e-03         4.5799046530855701e-04        -4.6156548915678806e-03         5.6610812757885249e-04
62                                    -1.7185093599977018e-05        -1.6979343925432678e-03         4.9473714194639916e-04        -4.6834966883915036e-04         4.7947705332724861e-04         1.3891105693835702e-04        -1.1037461971826626e-03         3.8732070000564093e-04
63                                    -3.2060258772407423e-04         6.4463975898421443e-03         1.7384136043159350e-03         2.6865392490177352e-03        -2.7669880277445412e-03        -8.3011716241033042e-04        -3.3344143974188868e-03         2.5578871041292859e-03
64                                    -3.4336233725287975e-05         1.8560275520551213e-03         5.6959692798832303e-04         7.3716216081177826e-04        -7.6770675567182681e-04        -2.3299272172700006e-04        -3.9479076059053034e-04         4.8462647253450040e-04
65                                     1.2838202371855237e-05         3.6144307439334411e-04        -9.4813836406478408e-05         1.0677496592171755e-04        -1.1812083277853118e-04        -2.9922292494499191e-05        -1.1034686156527961e-05         3.1078775606172227e-04
66                                     4.2151326016806481e-04        -2.1669847242048769e-03        -5.9858312240998576e-04        -1.0596665239132838e-03         9.7762200766652891e-04         2.9608158006119419e-04         5.3963011961286186e-04        -6.8969195591143061e-04
67                                     1.2254565681737029e-04        -2.6395315990565640e-03        -7.2902781385760385e-04        -1.2471267254584070e-03         1.2321477307605786e-03         3.6962278234806362e-04         1.5219045943669601e-03        -1.0355192520850470e-03
68                                     1.3710182082560132e-05        -6.9538704256038903e-04        -1.5355881671489852e-04        -3.1886834025983272e-04         3.1749062128353864e-04         1.0319924735831074e-04         4.3367404454228565e-04        -3.2289737263448419e-04
69                                    -2.7205832324405559e-05         1.4212698517921795e-04         3.9707000521767001e-05         7.4544456378195390e-05        -6.8627383070068917e-05        -2.0790377229864624e-05        -1.5517862681228530e-05         3.8174422696973131e-05
70                                    -1.0605267470855046e-06        -3.3390732483355875e-05        -1.1437522948756001e-05        -1.1840906771544077e-05         1.2843532363412751e-05         3.8539863122685173e-06         1.8865645454763290e-05        -6.5148503732810815e-06
71                                     1.1964903202784180e-06        -1.8683472631621161e-05         2.9844768994149785e-06        -7.0890987817430590e-06         7.0528513791771592e-06         2.1418436478884503e-06         5.9811735475355775e-06        -4.0199269161434121e-06
72                                     9.7710049734736713e-06        -5.3459695295815420e-05        -1.4987520470796660e-05        -2.9189137455270901e-05         2.6143307587972674e-05         7.9231796610577647e-06         2.1231647324309634e-06        -1.5987379956624778e-05
73                                    -1.8544743480726207e-07         4.3031627642254862e-05         1.3021283742180599e-05         1.5222766904038928e-05        -1.6162724879651731e-05        -5.0297153930829912e-06        -1.7130393964073746e-05         7.2803561342531893e-06
74                                    -6.3408289166392843e-07         1.6678408295823575e-05         2.0614314878087189e-08         5.9942166719247636e-06        -6.2449646733519587e-06        -1.2778270659062635e-06        -5.2889243169699798e-06         3.5344891679284167e-06
75                                    -1.4058749269850587e-04         6.6155107394111595e-04         1.8342423966446908e-04         3.2448068847968508e-04        -3.0037020220228887e-04        -9.0431663064602074e-05        -9.9004016217075049e-05         1.7444943770303752e-04
76                                     1.7049864240283524e-05        -1.1112434404603948e-05        -2.0871347568858349e-06        -1.3106851397199140e-06         1.4969278424910174e-06         1.5879600343817276e-07         1.2823271735045837e-05         8.1788204335132836e-06
77                                     1.1070093625540481e-05        -2.8075036273582219e-05        -1.1566151344056581e-05        -1.3171541712310818e-05         1.2104692302542524e-05         4.0422199585613201e-06         7.2020632103162637e-06        -8.1126541780673136e-06
78                                     6.0800006279357419e-06        -7.8329555157395926e-06        -1.9741946332523438e-06         1.4818497840477982e-06         1.2048044993759007e-06         4.8069299106800827e-08         7.7875985764133958e-06         9.6637092159250070e-06
79                                    -1.9367180984569080e-06         3.8992262406589251e-05         9.0406405320920830e-06         1.3356636041221169e-05        -1.4031217850226860e-05        -2.8401323839714134e-06        -1.2094312854243742e-05         1.6844101205543420e-05
80                                    -1.5064591306903307e-06         9.9521310563940380e-06         8.4374595361887247e-06         4.2418098033216107e-06        -3.2031669519103954e-06        -5.3758651575555496e-06        -2.7304116730111567e-06        -3.6249531127182299e-06
81                                    -5.3038991322173091e-04        -1.1246831653064495e-03        -3.4818488106156710e-04         1.5076503249384857e-04         1.4307547745364676e-04         2.7798294646989987e-05         4.5980981602781676e-04        -1.9806547134786426e-03
82                                    -8.3201661085750226e-04        -1.7514472191905179e-04         4.3630429420572444e-04         2.5103184339967017e-04         7.0057350999894131e-05         5.7537505815016745e-05        -2.9873801841714832e-03        -3.7611598482445614e-03
83                                    -2.4835652711918958e-04         4.6818374454748036e-04        -1.5414502822557801e-03         5.5786074026319252e-05         4.8143323964198082e-05        -1.3821867526925792e-04        -6.8900857960802440e-04        -2.4333985635681642e-03
84                                     6.7820583498331153e-04         8.9621687337557024e-04         2.8085666699062138e-04         1.2918795246403972e-04        -3.3582413672392794e-04        -1.0231981878864661e-04        -7.0866697252636082e-04        -4.4187940019856748e-04
85                                     1.7998388410067074e-03        -6.0479027316907331e-04        -7.6099774865084045e-04        -7.1363553888851650e-04         8.5774427421208286e-05         1.1846054734402389e-04        -9.5356276041447187e-05         9.0845856267810767e-04
86                                     5.3471897181081346e-04        -7.4006344133394769e-04         1.7446911799710078e-03        -2.0412914734459610e-04         9.6462862345785775e-05        -2.1655691194647438e-04        -2.7753052968933971e-06         2.8982451713228084e-04
87                                    -4.7572106887752708e-04         2.6088622570550786e-03         7.7051667818777043e-04         7.5324652421151681e-04         9.8649649845018207e-04         1.3808492992474649e-04        -1.0008779916720664e-03         1.0579433853389164e-03
88                                    -9.6922246961860005e-03         1.3507534744665838e-03         3.6150713814799744e-04         1.5134306626200175e-03         2.0197615958166201e-03         4.4511571456266408e-04         1.5974390066695321e-03        -5.5335514451350723e-04
89                                    -2.7519941049105956e-03         9.4419984770731206e-05         9.5360918298666858e-04         3.4104472064416141e-04         6.3712648535036798e-04        -2.6592257740131039e-04         4.7209798186216952e-04        -2.3371182470556084e-05
90                                     5.7197321054746255e-03         4.0456948094554246e-02         1.0137717707896478e-02        -8.5083475562921243e-02        -1.5929312431970538e-01        -3.7630325392934455e-02         1.3515431759329750e-03         2.0086653076510875e-03
91                                    -3.0958417881495684e-03        -2.8177137043597898e-02        -6.7494037744492974e-03        -1.0923680922800554e-01        -4.3393852029197222e-01        -1.0688348245208171e-01        -3.4529455343637466e-03         3.7369449237000651e-03
92                                    -9.4586188607952149e-04        -8.8189384399868231e-03        -4.1670286770841879e-03        -2.4889155579106426e-02        -1.0468415472402762e-01        -2.7473569978080547e-02        -8.8199294904845252e-04         1.3883937313083688e-03
93                                    -2.9971192572028635e-03        -2.6814816403159372e-02        -7.1917281946871827e-03         3.7700091299441574e-03        -8.4154457475371940e-04        -4.5053072923416669e-04        -6.5427227034932839e-02        -5.2278002860660040e-02
94                                     1.2096565682447186e-03        -4.2258269100122203e-03        -2.1677016190039238e-03         9.1634943580070488e-04         1.5158411159598435e-03         1.4803446085627271e-03        -4.8158135937907257e-02        -3.2034889834014002e-01
95                                     4.6600569663399205e-04        -1.3718654038525485e-03         3.2305312039905484e-03         5.7078248588530306e-05         1.4719020486119270e-03        -3.5438007026252351e-03        -1.2157105227443956e-02        -7.8656551824894366e-02
96                                     2.2311471928028990e-04        -2.1203716655419008e-04        -8.4136204833395805e-05        -2.7169327490644585e-05         4.6059157472353666e-06         1.1984909566991277e-06        -5.7395748821332203e-04         1.8784730462335041e-04
97                                    -2.7121111636676929e-04         9.5365302252762435e-04         3.6807343714739544e-04         4.0520428304072675e-04        -3.5280430776559021e-04        -1.0658051308251923e-04         8.7930003472216889e-04         4.8549263035291821e-04
98                                    -8.1794981108671217e-05         3.8218817051692382e-04        -2.5073544093147555e-04         1.1728457646022124e-04        -1.0252248809142443e-04        -3.1281397456663394e-05         2.4274734472164324e-04         3.4144165493742412e-05
                                                        56                          57                          58                          59                          60                          61                          62                          63

0                                     -7.4641620075065234e-05        -2.4986839535880274e-03        -3.5140081447387686e-03        -9.0784035171185033e-04        -1.2894190181635219e-03         2.1531207218059719e-03         6.8623944442611153e-04         5.8584464099002828e-03
1                                      8.3053807812780961e-05         3.0147746484845851e-03         3.6662770873387629e-03         8.9439875328766317e-04         1.2500387401568158e-03        -1.6736579940135560e-03        -5.4719093773766738e-04        -6.4824894374396289e-03
2                                      1.3338071546807663e-05         1.0024055359447283e-03         1.1923759964533130e-03         4.4552870176469919e-04         4.2558030851875259e-04        -5.9345045718240861e-04        -1.7817400424449247e-04        -2.1628056699439006e-03
3                                      1.3466033444734134e-05         2.7597907351581061e-03         4.9339380581745248e-03         1.3149218813805178e-03         2.4821879091401827e-03        -5.0811503832861177e-03        -1.5995786740393078e-03        -6.3440576937724754e-03
4                                     -6.2473391205763594e-05        -1.3953586040472926e-03        -8.5070596692256111e-04        -1.8879433851393118e-04        -2.2417456112960957e-04        -1.0418511331072868e-03        -2.5438818423654554e-04         4.1438980215885851e-03
5                                     -5.8473826134211463e-05        -5.3468538577316940e-04        -4.7769877741737454e-04        -1.0224236873253740e-04        -1.8437623555285065e-04        -3.1666558675417849e-05        -1.3756068236644352e-04         1.3962676466757879e-03
6                                     -3.9294697732233366e-05         1.2199009050429452e-03         2.1702172237639287e-03         5.7572699293048613e-04        -9.4228284489169937e-04         2.8546953374352838e-04         1.0477647748835327e-04        -6.0936034069980598e-03
7                                      7.0438514508260817e-05         2.1842139055073232e-03         8.9169740586277210e-04         2.2713981483140359e-04        -1.0841064814409954e-03         2.7921860940967875e-03         9.9522055428223686e-04        -8.4365287929851762e-03
8                                      3.3613536226374113e-05         5.7481563436706127e-04         2.1421414485827658e-04        -1.6142719974381688e-04        -2.9828018209007370e-04         9.4024072234826243e-04        -1.6068276960852230e-04        -2.0099663506221539e-03
9                                      1.7400621504672987e-04         7.8217809914442032e-03         5.0366102057357465e-03         1.3067177742478696e-03        -9.9401599663451363e-04         1.4440807132022880e-03         4.5807176478888836e-04        -4.0195722543050164e-02
10                                     5.3454671027714941e-05         2.2766873962421098e-03        -2.5668244834292347e-03        -2.0526753550335125e-03         2.9183923695340723e-03        -3.6782558171878708e-03        -1.1410275059725386e-03         3.0470059100670528e-02
11                                    -8.2621050465568147e-05         4.9180223252537803e-04        -2.1716763293073114e-03         3.4070071918900348e-03         8.8939820690570666e-04        -1.0829430595742442e-03        -5.5261569249891065e-04         1.0820504677393875e-02
12                                    -8.0762577614789776e-05        -4.6631550046505642e-03        -4.2340113937909141e-03        -1.0796175863114136e-03        -9.0624505766504805e-04        -8.4488089178936924e-04        -2.0594781582183359e-04         1.0348836685712641e-02
13                                    -6.3432056217228259e-05        -7.7237845684141073e-04        -1.1557072189091985e-03        -3.6555158397080823e-05        -2.6154353305516353e-04         3.1670969675357589e-03         9.2340525630060712e-04         5.7425359240858131e-03
14                                     8.6758499868620168e-06        -5.9482665159457764e-05         9.9280846860742730e-05        -8.2135710111727340e-04        -3.2564770483539879e-05         9.5221847407193265e-04         3.3041378435505540e-04         1.0937111800486286e-03
15                                    -2.0588605105159542e-04        -2.9395230214358650e-02         2.4948532713981612e-02         8.9024963327390717e-03        -3.8761947972054869e-03        -3.7187524413337999e-03        -7.3134585221545922e-04        -1.8595188266760146e-01
16                                     9.9456681715733307e-05         1.9559931040911971e-02         1.6086435986474794e-02         2.5737394628741481e-03        -5.4971486091005507e-03         5.6803640672733070e-03         5.5375653798743127e-04         6.7866488107796871e-02
17                                     2.7077464777054396e-04         7.1500597394153903e-03         2.3239833079546496e-03         4.8119394171080507e-03        -1.2549717029083063e-03         5.1255504382721187e-04         4.7768490378742460e-03         2.6000377478358535e-02
18                                     9.3638793941307284e-06        -1.4205956110130006e-02        -4.7789014317913825e-03        -8.7775067274584390e-04         4.6527484239956762e-03        -1.4237897895134712e-02        -4.3744353960718189e-03         4.8173290337245413e-02
19                                    -1.2402842950037105e-04        -6.5659068064265087e-03        -4.1367715165452103e-03        -6.2319844367025130e-04        -4.8943498867630919e-04        -1.3251879077394795e-03        -3.7499799080825631e-04         1.3139534441390812e-02
20                                     7.9650268441119280e-04        -1.4421539132689551e-03        -7.0296542253410444e-04        -1.2552830108259630e-03        -3.2797399675881265e-04         2.2140623931137784e-04         1.0019822055857586e-04         1.4073409757662681e-03
21                                    -8.7177423111062810e-05        -2.8422767036378046e-03        -4.9257451875201891e-03        -1.3271274059848826e-03        -2.4189715196245281e-03         6.0027417059324217e-03         1.8455219209626535e-03         2.0599997729555735e-03
22                                    -5.1688509523247362e-05         2.4787963300445005e-03         2.4019904442117955e-03         6.9680696146119572e-04         1.2130176557303368e-03        -1.7860089791309963e-03        -4.7750259774813434e-04        -8.9202021472777546e-03
23                                    -2.3739411307961374e-06         8.4418752276042581e-04         1.0455670108743536e-03        -1.0480278226787524e-04         4.4883695518563966e-04        -6.9476637067009898e-04        -5.4893297028166710e-04        -2.4261185822714790e-03
24                                    -1.4700059621560386e-03         3.2896268784445834e-02         5.8454448600598063e-03         4.6283062990630855e-04        -9.3170623542315582e-03         1.5485451924164432e-02         5.2680716472582644e-03        -3.8177443300972419e-02
25                                    -3.0279658873486905e-04         1.1120066829245500e-02        -4.5536674929554918e-02        -1.4549321990949025e-02        -1.4230323619396053e-04        -1.1233677488392426e-02        -5.5091635905796174e-03         2.1803075189678167e-02
26                                     1.6184195577392691e-03         2.0087907409582304e-03        -1.4463680526445586e-02        -1.4294293108936471e-03         6.6716257664713673e-04        -6.1696507301697932e-03         5.7511105193563377e-03         7.7062153748299507e-03
27                                     2.4988830624027908e-03        -1.6462162362841798e-01        -1.0143008632401222e-01        -2.4867463311833208e-02         1.7662268909637666e-02         2.0378968043005815e-02         5.2062400543059712e-03        -7.6417881602721810e-03
28                                     3.7650684011038544e-03        -7.4808634920357317e-02        -3.3139274863118301e-01        -8.1566505692159300e-02        -1.1259202541611120e-02        -3.3605409293320052e-02        -9.6623499366930779e-03        -6.3205644331277663e-02
29                                     1.1630302146998887e-03        -1.6945900350902834e-02        -8.0253910187332356e-02        -6.5921150220126318e-02        -4.0377493553366301e-03        -1.1017911391951157e-02        -2.2032504725336202e-03        -1.8414630331454664e-02
30                                     3.6858330718001722e-02        -1.9740192088655059e-02        -2.6122707065638510e-02        -6.6396442975005937e-03         1.4320624355519738e-03         5.6283245263012470e-03         1.5348191185627165e-03         9.6776717421593276e-03
31                                    -4.3373098929442008e-02        -3.5653113236251685e-02        -6.8074297199086642e-03        -1.8330604531795781e-03         1.6095400712750375e-03         5.2594761276627431e-03         2.3434857950434978e-03         5.6788201691660356e-03
32                                    -6.8969236189028060e-02        -9.5078775463267595e-03        -2.2894646579857559e-03         4.0336804505757412e-03         3.1348668004027547e-04         2.1344912086405975e-03        -2.1689116188364430e-03         1.7218239963186850e-03
33                                     2.6941638470194609e-03        -9.1592614513134017e-04         5.6685082410119422e-03         1.7806196530607134e-03        -7.1947367599512022e-04        -1.0822442433309691e-03        -3.1792172271301696e-04        -2.1551493303084883e-03
34                                    -1.4060885700802377e-02         7.7050807382023807e-03         5.8721552387054551e-03         8.3971125606919269e-04        -1.7584163843152784e-03        -1.3637064993976327e-03        -2.1257420324139110e-04        -4.3873238072148924e-03
35                                     1.9810720637809115e-04         2.3122730428190496e-03         8.6724246529567336e-04         2.3240234309986718e-03        -4.9972315233107125e-04        -1.7641475241660489e-04        -5.9040349426035083e-04        -1.1312981440012001e-03
36                                     5.9889387379833030e-03        -7.6120754452474989e-03        -3.1615971382652386e-03        -6.2504894574807275e-04         2.5245898261530035e-03         7.9334088725125740e-05        -2.8886728902571812e-05         5.8368954443041394e-03
37                                    -1.6461178869141176e-03         6.1399516871030691e-03         8.4954378504600598e-04        -9.6622132657510395e-05        -1.6926159669906936e-03         2.6127204619969795e-03         7.5204529058199273e-04        -6.0741959177671827e-03
38                                     6.4552183201107768e-03         1.9451912516124448e-03         2.5219681784381892e-04         3.1807578160249059e-04        -5.2142058878053353e-04         5.9876810990280849e-04         5.3832055682084292e-04        -1.8870865060227877e-03
39                                    -7.6215574947641499e-04        -6.7001939519023329e-04         4.4150341871733591e-04         1.4809128582388966e-04        -6.4814120330936140e-05        -3.0586621116964130e-04        -8.7755006651369846e-05         2.4686106391486046e-04
40                                    -1.2727842640951549e-03        -5.0436283983467502e-03        -2.4379736994279241e-04         2.3034055174109795e-04         6.4229206853377136e-04        -1.8509784838023169e-03        -5.9400057598121662e-04         4.1860022648781579e-03
41                                    -1.9276459770194996e-03        -1.4091178104934220e-03         1.9841980183658538e-05        -3.0114192965915532e-04         1.8852584699816490e-04        -5.2365871816753551e-04        -1.0185748576265228e-04         1.1583361944613854e-03
42                                    -9.7513138382505603e-03         1.1954440478782162e-02         1.0643628810321916e-03        -1.5983007527414677e-04        -3.4783603497070964e-03         3.0355646477922796e-03         1.0338559001343008e-03        -9.4274863438452566e-03
43                                     3.3615060752769273e-03         1.9480792079689521e-03        -2.1052353494031915e-04        -2.9969602227274573e-04         4.1063641674450645e-05         2.3949911723534691e-03         7.5289070118981258e-04        -1.9212730245433693e-03
44                                    -6.1607503280370068e-03         2.2873168314964344e-04        -2.1355126999870035e-04         3.7105625567361811e-04         1.0435905506618618e-04         5.6546176525750424e-04         1.9791526708408199e-04        -2.7500422270816427e-04
45                                     2.3609237904410755e-04        -1.3087182498325432e-02         4.5599719444000720e-04         6.6924171025204728e-04         3.4849299856137021e-03        -5.0782567659938722e-03        -1.6648950890871177e-03         1.0781555107058693e-02
46                                    -3.6326759422973505e-03        -2.5298654627955888e-03         4.5291307902291429e-05         1.3987833463122542e-04         4.4898664980098869e-04        -1.3214340555393000e-03        -3.5266289460067311e-04         2.2397361778230024e-03
47                                     6.4987306679309114e-03        -3.0808984197301485e-04         1.3324944484474120e-05        -4.8113471303203988e-05         1.6932180332320684e-05        -1.2660605296380077e-04        -2.7716357399390284e-04         2.9476999383299345e-04
48                                    -2.2000840479443964e-02        -2.7957955168996331e-04        -8.4171148110080934e-04        -2.1509947511242684e-04         8.6251087082180110e-04         6.3474529160029809e-05        -1.7185093599977018e-05        -3.2060258772407423e-04
49                                    -2.7262911011444999e-02        -7.0326572061970780e-03        -2.0895423165316423e-03        -5.4723533836958401e-05        -5.1450673003151145e-04        -4.6109547430335969e-03        -1.6979343925432678e-03         6.4463975898421443e-03
50                                    -5.7475415821797327e-02        -1.8762621968687200e-03        -3.1680212291858344e-04        -8.2328439914925420e-04        -1.7378518110360431e-04        -1.5960981431644803e-03         4.9473714194639916e-04         1.7384136043159350e-03
51                                     1.0884991745072545e-02        -2.8882264281761823e-03         2.0618243654072334e-04         1.8150997931292351e-04         3.8922666084682182e-04        -1.5122615543683002e-03        -4.6834966883915036e-04         2.6865392490177352e-03
52                                     1.5023919079682779e-03         3.2545117056633696e-03         4.9050313435692683e-05        -9.9093916342697218e-05        -4.5036567554041776e-04         1.5139809528516362e-03         4.7947705332724861e-04        -2.7669880277445412e-03
53                                     6.9809376738991583e-03         9.6207887287749923e-04         3.6720795549132743e-05        -1.1372899355567998e-04        -1.3418853321312321e-04         4.5799046530855701e-04         1.3891105693835702e-04        -8.3011716241033042e-04
54                                    -1.1435712489146467e-02         6.1086887883332400e-03         3.3806597255919800e-03         7.8115919135817499e-04        -6.4771033825198818e-03        -4.6156548915678806e-03        -1.1037461971826626e-03        -3.3344143974188868e-03
55                                     1.6334648377470776e-01        -4.6502687047711815e-03        -1.9871163445734068e-03        -1.0428292676290416e-03         5.6154382959362412e-04         5.6610812757885249e-04         3.8732070000564093e-04         2.5578871041292859e-03
56                                     1.5778388977035321e-01        -1.4729126967729274e-03        -1.3875070135929090e-03         1.7093288453476391e-03         2.9277618892311935e-04         4.3178464963307037e-04        -2.2834456585088536e-04         8.2695148884668864e-04
57                                    -1.4729126967729274e-03         6.2070155083140177e-01         3.4812731393091906e-02        -1.1572371622394398e-02        -1.7938857057093482e-01         1.2189891718445395e-01         4.1621270140560551e-02        -2.1947914848323435e-01
58                                    -1.3875070135929090e-03         3.4812731393091906e-02         7.7759496253883820e-01         1.9609032517615177e-01         7.5264952795421780e-02        -2.3136438900924525e-01        -6.0412070958551708e-02         1.7243865082015246e-02
59                                     1.7093288453476391e-03        -1.1572371622394398e-02         1.9609032517615177e-01         1.6225584598795972e-01         2.8062959826452655e-02        -6.2402554619523307e-02        -5.5706064236339788e-02         1.1980357540032432e-02
60                                     2.9277618892311935e-04        -1.7938857057093482e-01         7.5264952795421780e-02         2.8062959826452655e-02         4.5335315152682815e-01         7.1544628199640969e-02         2.8164764494026497e-03        -4.7944909102104902e-02
61                                     4.3178464963307037e-04         1.2189891718445395e-01        -2.3136438900924525e-01        -6.2402554619523307e-02         7.1544628199640969e-02         5.2908026014654086e-01         1.4335230476121236e-01         1.8357427139529252e-02
62                                    -2.2834456585088536e-04         4.1621270140560551e-02        -6.0412070958551708e-02        -5.5706064236339788e-02         2.8164764494026497e-03         1.4335230476121236e-01         7.1824478087658974e-02         7.8356686375718517e-03
63                                     8.2695148884668864e-04        -2.1947914848323435e-01         1.7243865082015246e-02         1.1980357540032432e-02        -4.7944909102104902e-02         1.8357427139529252e-02         7.8356686375718517e-03         6.3534641999133534e-01
64                                     4.4849753555478060e-04        -1.3146137159767958e-02        -8.2128723154450967e-02        -6.4558117013110237e-03         3.7478463866436038e-02        -1.9918012687759844e-02        -9.3755165681438813e-03         3.9130694355800986e-02
65                                    -9.0567991544348659e-04         3.3151786274777943e-03        -7.6616844423440210e-03        -6.0876158028242894e-02         1.3330438149359847e-02        -8.6018083668806603e-03         3.6409945245924787e-03        -9.2788159480119235e-03
66                                    -2.2900872148897623e-04        -4.5059726753595673e-02        -5.5857534926152239e-02        -1.3710748941627842e-02        -3.3557435359101162e-03        -1.6395123080593425e-02        -4.7506356047558830e-03        -1.4628092726960137e-01
67                                    -4.0436200338206705e-04        -5.1038300389736918e-02        -4.6340551285310595e-02        -1.6185277996764651e-02         8.8807111285567134e-03         1.1091170573574491e-02         3.1986174807698180e-03        -1.2893934174491048e-01
68                                     5.5478262341940407e-05        -1.2270846848060740e-02        -1.5998217993624452e-02         1.2373897221551730e-02         2.6230275107358876e-03         4.3417017790845034e-03        -1.6039921826566496e-04        -3.4293138321427427e-02
69                                     1.2148652859276778e-05         5.0778557124354017e-04         6.2497491318473837e-04         1.5903472664649754e-04         2.1796287349916990e-04        -2.9609705879986634e-04        -9.4962452387683442e-05        -1.1181393462683189e-03
70                                    -2.5398919551565416e-06         2.9884142896051695e-05         3.0858607442218035e-05         1.2800256857728581e-05        -6.5645816404629771e-05         2.1053826893377558e-05         2.4822154629433390e-06        -9.1919112045496510e-05
71                                    -2.1944536878661142e-06        -1.5196636799922856e-05        -1.5655973339218115e-05        -1.9206809809430815e-05        -2.9404345151131835e-05         1.3958823211613047e-05         2.7462441193368930e-05         2.3045824731536245e-05
72                                    -4.9470957434621818e-06        -1.8166888023421295e-04         9.1361899269831135e-05         9.6097097416401834e-06        -1.6784897450309775e-04         9.7274238003282180e-05         4.3501162817216106e-05        -2.1724059494320001e-04
73                                     3.7769856286357274e-06         8.7317723905751428e-05        -3.8520224930925029e-04         4.7671439145529611e-05         1.8905532049402190e-04         3.3394583567287872e-06        -5.9131743715727322e-05         1.0636786689050275e-03
74                                    -1.2121823631370200e-06         1.0847053635785158e-05         4.8314570059938644e-05        -5.4980185526063189e-04         7.0767955280755726e-05        -5.5306329169066572e-05         1.5878042168366246e-04         3.5023293646140909e-04
75                                     5.9916489531221807e-05         6.5250194370049513e-03         4.8868213499163697e-03         1.2103597755858575e-03         1.6398894512207219e-03         2.3374225253610789e-03         6.2006365172707738e-04        -1.3844334966546294e-02
76                                    -2.1967548296660477e-06        -1.8541167071998458e-03        -2.1665615961882854e-03        -8.9300346026974556e-04         3.5282836682662199e-04        -9.1548618265566563e-04        -3.2720853284425922e-04        -6.6025691395110737e-03
77                                     7.1088865844345570e-06        -7.6514143805217797e-04        -1.1636430411293814e-03         8.1702951128933860e-04         3.9914911931946350e-05        -4.1896560580385395e-04         2.5170525326375470e-05        -1.2198260800925687e-03
78                                     3.7305448612327377e-06        -5.8381605841263058e-05        -1.2958732885520833e-04        -3.3705559715332733e-05        -4.8594589785407079e-05        -2.9523785905909004e-05        -3.0117368938506017e-06         9.9886728861812491e-04
79                                    -2.9202913027231059e-06         6.2356717513272603e-05         2.6041351608483321e-04         7.3183929572583100e-05         9.7141957503053215e-05         4.1518505288859763e-05        -1.5696964740744750e-05        -1.3464430799651444e-03
80                                     2.5489036391771269e-05         2.1206020186749380e-05         8.2007887413803631e-05         2.4741406145076012e-05         3.5937861057333377e-05        -1.3112876751205591e-05         7.5318169306259252e-05        -3.9706094992932853e-04
81                                    -3.9057587133144514e-04         4.4773852715380708e-04         1.9460092595516092e-04         3.6383207820216460e-05        -7.7027908810244799e-05         1.2775452613305856e-04         3.8772838192269648e-05        -2.5639695929988659e-04
82                                    -2.3916073249057174e-03         2.3737792469317212e-05        -6.2848741430219200e-07         3.8219000728993398e-06        -1.4801342259477667e-04         1.3967949051442539e-04         5.4192299498545592e-05         5.4684681070700590e-05
83                                     4.6119534676195605e-03        -2.3238761156580205e-05        -1.2567389716633642e-05        -2.3999253303907389e-05        -4.4698676972167151e-05         4.2827015243267926e-05        -1.5037618832373364e-05         3.9363643641375544e-05
84                                    -1.0191922768181012e-04        -1.8030950371683747e-04        -7.0197304543023780e-05        -1.4461730897543771e-05        -5.3799938336314022e-06        -3.4339097049872029e-05        -1.0132422861430906e-05         1.5823819057657893e-04
85                                     2.7163981754633381e-04         8.2198121503400628e-04        -1.2564885831260584e-04        -7.1161103047978535e-05        -1.4517893078797871e-04         3.4592312105882577e-04         1.1171833607136432e-04        -6.2147340680178311e-04
86                                     1.0186036190053342e-05         2.3564335434147804e-04        -3.2810988808369798e-05        -1.5324876812535742e-05        -4.1049582451210790e-05         1.0080888038809581e-04         2.1700092805508408e-05        -1.7688194573859398e-04
87                                     2.9945308972428896e-04         1.3390435389746269e-03         2.1247939658449122e-05        -4.9552134737379344e-05        -2.5518881737816119e-04         5.8512958812912135e-04         1.8721066740529048e-04        -1.1486539473334564e-03
88                                    -6.5673279996408037e-05        -1.1905861717598325e-03        -3.2959038212134026e-06         4.7217866276565149e-05         3.5193504714045766e-04        -3.9343856879803729e-04        -1.3997339040069904e-04         9.4690559855710238e-04
89                                    -5.2556947474535645e-04        -3.7044075650825370e-04         1.5747476009108198e-07         1.1793238512885580e-05         1.0720724583964964e-04        -1.3597132003527658e-04        -1.4276860675045214e-05         2.9595163701801687e-04
90                                     5.2565858173542093e-04         1.8524128637188817e-04         1.0472680334505199e-04         2.0536486064997111e-05         1.1613142050570957e-04         2.3676278106032314e-04         6.9731285171793881e-05        -2.6403373590419782e-04
91                                     1.3725360297206384e-03        -6.6188868707361839e-04         5.2880930748993877e-05         5.8469224289594939e-05         7.0967157963583362e-05        -3.2868011521491381e-04        -1.0327357002623409e-04         5.6527111287038264e-04
92                                    -1.3653302854354740e-04        -1.6980233130042943e-04         2.9226782754036319e-05        -4.3869384281771005e-05         1.7292623787766080e-05        -8.4829668313808344e-05        -2.1038866809510146e-05         1.4522080786955215e-04
93                                    -1.3337391169990097e-02        -3.3521474682995664e-03         3.6273339881881068e-03         1.1648913402905086e-03        -2.4231958483284331e-03        -3.1873035814642512e-03        -8.5077967488511770e-04         4.1146168358957916e-04
94                                    -7.8749983192265255e-02         5.7966666883765101e-04         7.2958719481669128e-04         1.9302543790866147e-04        -4.6064774585932410e-03        -3.3969176726222385e-03        -7.8812193196903160e-04         1.0041556557469918e-04
95                                    -5.2091378376192141e-02         2.1469481250621528e-04         1.3918753626701786e-04         1.4994381085180024e-04        -1.2234371198743038e-03        -7.5556559293523447e-04        -4.0813295508475051e-04         5.6060297989983575e-05
96                                     6.5359910151541694e-05         1.8652830557698508e-02         1.4085319309418285e-02         3.3295296262351188e-03        -2.2466725783525632e-01        -2.1337221319608479e-01        -5.3070890305208868e-02        -2.3891481291887992e-03
97                                     4.9885031785395036e-05        -1.1699651048108864e-02        -4.9038301780415079e-02        -1.3679753103649168e-02        -1.7452670606808751e-01        -2.4490182246261663e-01        -6.1856928307632786e-02        -1.8872559521337928e-03
98                                     3.2664639491040916e-04        -4.2123710216136504e-03        -1.4877952718682110e-02        -4.7375060198458331e-03        -4.1637288828117278e-02        -6.0190439526659270e-02        -2.4629512761255495e-02        -3.5147447130128712e-04
                                                        64                          65                          66                          67                          68                          69                          70                          71

0                                     -6.5211685835407400e-03        -2.1664889303846806e-03         1.4646650223568370e-04         4.0360234380379268e-03         1.1665110057854258e-03        -4.6961317631360078e-01        -1.3704655197347984e-01        -1.8243220310719836e-02
1                                      7.8143696208871124e-03         2.5626911347934843e-03         5.8504994695576340e-04        -4.5162173670164913e-03        -1.3215898644483152e-03        -8.7277577540191525e-02        -6.7805274616432001e-02        -1.3894191742256628e-02
2                                      2.5719909710776052e-03         8.8021604481193548e-04         1.6032069786422687e-04        -1.4819818588947950e-03        -5.1105742591999977e-04        -3.6469758684309732e-03        -1.1476609484012338e-02        -9.5439804712149114e-03
3                                      4.8071698180609246e-03         1.5777615755302927e-03        -1.9189967205876365e-03        -3.2632467435133906e-03        -8.3508094021974536e-04        -3.0310474341749993e-02         4.3058186926599448e-02         1.3831863476235677e-02
4                                     -7.9773320681588451e-03        -1.8170464477938555e-03        -1.4838130172652622e-03         4.8912687325891758e-03         1.3525887923094121e-03        -7.2216745174518565e-04         2.3254972225142286e-03         1.4556451587991659e-03
5                                     -1.8472951870331547e-03        -3.0086561973028452e-03        -3.2323754805471108e-04         1.4314539588336274e-03         9.3025438886953915e-04         1.0761058250786174e-03        -6.7646515674899660e-04        -2.8626004283506604e-03
6                                     -5.4732163280382046e-03        -1.1574965537158319e-03         1.7808327845965921e-03         1.6223138358979331e-03         3.9243262764758350e-04         5.4841285931588246e-03         2.1577847117501200e-03         3.5945798604338842e-04
7                                      6.0975691439397435e-03         1.0088530058531896e-03         4.9726711810239264e-03        -4.0192427795043648e-03        -1.3863366087900298e-03        -5.3023149185044555e-03         2.1838899984531587e-03         1.2366769506550706e-03
8                                      8.7235934272745065e-04         4.2545957175658348e-03         1.3759558487076772e-03        -1.2217416727239893e-03        -4.8256811169934352e-04        -1.9632279142497207e-03         1.0905093937237759e-03        -1.0666040309104024e-03
9                                      3.2894192923887539e-02         1.1504433998966852e-02        -1.0027605507305656e-02        -1.7978514134428664e-02        -4.9055127287107427e-03        -1.7239784991276794e-03         5.6293043652311161e-05         5.3719107694918445e-05
10                                     2.3355372027182929e-02         4.9674337853920954e-03        -1.8891705697080454e-02        -3.0409261391791103e-03         7.5613791527113930e-04         9.4193151929623797e-04        -1.3471753521206971e-03        -2.3070101073451065e-04
11                                     4.8533467396895003e-03         2.6398551502593605e-03        -5.2319668255230321e-03         7.4293648929979863e-04        -2.2802459342355836e-03         3.1010180321327857e-04        -1.6897639359661379e-04        -8.2284298172042908e-04
12                                     8.8482352144510952e-03         2.0218547693773422e-03        -3.1303470195795977e-02         4.8551942744996281e-03         3.0870457286261612e-03         1.2597358192202070e-04        -3.3482175310014432e-05        -1.0307816453041495e-05
13                                    -2.6508049722193047e-02        -7.1498816387823875e-03         3.0642093930645507e-02         1.2201546563023920e-02         7.0862889423356631e-04        -1.0714635220366137e-03         9.1527263628004348e-04         3.0230643065568111e-04
14                                    -7.2659432917980592e-03        -5.1600083952949502e-03         1.0689581214700802e-02         1.8577502548174573e-03         5.0276555893684367e-03        -3.1658655012978308e-04         2.4708482721525079e-04         1.6942085407060665e-04
15                                     6.6451672807132350e-02         2.5493542982866706e-02         2.9587788766640314e-02         6.0164400855184114e-03         1.0533213338662700e-03         1.3781158970488892e-03        -2.7045073482039500e-04        -1.4980784935885648e-04
16                                    -1.8214705534965708e-01        -4.1579757577533676e-02         1.1874531499298499e-02        -6.9552534592938003e-02        -2.5050742087467322e-02        -1.4958476775793429e-03         1.5163159187682348e-04         1.4978687228954946e-04
17                                    -4.1416723313132092e-02        -6.4056881222320311e-02         2.7676922793720450e-03        -2.4805847125844618e-02         6.6755219738357519e-03        -5.0846149576690375e-04         8.8870707608595682e-05        -6.0965661198902457e-05
18                                     6.0319275195730862e-03        -6.9425510575476103e-04        -1.0023757547537178e-02         8.9751986097339424e-03         3.3673126271264358e-03        -1.2661741650194618e-03         8.8781878359298137e-04         4.2575592711852994e-04
19                                    -5.2091285589202202e-02        -1.3458197484960129e-02         4.7010410215533654e-03         1.2840083368188549e-02         1.6512419339086576e-03         7.0467797846968496e-04         1.1127085228672495e-03        -3.8016052004100249e-04
20                                    -1.3161140537491619e-02        -1.1985101723339969e-02         2.1027779625514284e-03         1.4424599020859566e-03         6.7309392568508869e-03         3.7864508100626863e-04        -3.9244284246284163e-04         2.1801071531900701e-03
21                                    -1.0107864580484065e-02        -2.7459629469450781e-03         3.3911545315700722e-03         2.4654036969992041e-03         5.0521420464952381e-04         2.9547054666672207e-03         1.8617670800878099e-03         5.4591230263623678e-04
22                                     2.3473443653500587e-03        -8.3625916994640266e-04         1.1252763667715946e-03        -3.3525294395166322e-03        -6.8976198906607914e-04         2.3665531028888168e-03        -4.0788195084981724e-03        -2.1758466120033121e-03
23                                    -7.6614624371721144e-04         6.4345467571611924e-03         1.2223674751261969e-04        -7.6501321348033068e-04        -1.3782459034258243e-03         6.9728122229662870e-04        -2.1519756536647425e-03         2.2789058082349667e-03
24                                     1.0936697827877368e-02         4.6042994643503542e-03         8.1679944246766285e-03        -3.6055891147893722e-04        -4.6786933585353388e-04         2.0967139912248144e-04        -6.1262672340632073e-05        -3.3599166222071522e-05
25                                     1.1618035266625281e-02         4.2304195229081283e-03        -7.4098373788516478e-03        -1.1743264655545781e-02        -3.0802588438076416e-03         3.3095180145534719e-04        -2.8311050899425678e-04        -9.0244436476302298e-05
26                                     4.6787685213185879e-03        -5.1274635811700076e-03        -2.5076327721683263e-03        -3.3540921370920213e-03        -9.5426315021788263e-04         8.4013859822605716e-05        -7.1910859256413777e-05        -5.3489059066095564e-05
27                                    -3.9765733371354681e-02        -1.1625245574430324e-02        -6.1348987782260831e-03         6.0180574868658014e-03         2.2683866965585277e-03        -1.8953527305883176e-04         1.6532935589804121e-04         4.9405437349762429e-05
28                                    -1.3146502821759325e-02         5.3746289670486211e-04         1.6806632934947430e-02         2.2904211653557615e-02         4.4594007770541290e-03        -6.5087694429040791e-04        -8.9936284847305371e-05         6.1783298408180437e-05
29                                    -5.4876309428131872e-04        -4.7683443286829982e-03         5.3852384991821415e-03         4.9010429918488604e-03         6.4160159529940922e-03        -1.9023134097498475e-04         2.6615621132466247e-05        -1.8909466856450072e-04
30                                     3.6138775019002754e-03         1.0190389058361705e-03        -1.5495143656818393e-03        -3.7538463627330202e-03        -1.1165243695586940e-03         7.6292135802189095e-05        -3.4760343758625602e-05        -1.7047388295454351e-05
31                                    -3.0930046601200939e-03        -3.7163166250593566e-03        -3.0855182047840398e-03        -2.4600407842311971e-03        -9.7475104055269946e-05         2.9667811528820596e-05        -3.5384829814962375e-05         5.4234072113436976e-06
32                                    -3.5622725069582185e-03         7.6079499945123658e-03        -9.1644412281614298e-04        -1.0391704685086141e-04        -1.6523742280787693e-03         3.6274324662695530e-06         8.1518187683557106e-06        -5.5698615751568109e-05
33                                    -2.0266534170789896e-03        -5.0679883041058441e-04        -2.0150567849437732e-04         7.4227033084300128e-04         2.2561949756043544e-04        -1.2377313082936008e-05        -1.8423750968632856e-06         4.5041673467140648e-08
34                                    -7.6545537963200862e-04        -4.4263633729711975e-04         1.1093616530038499e-03         1.7152849117861157e-03         5.9207925975038897e-04        -5.3572385478608013e-05         1.3540607305945773e-05         4.9434747955932190e-06
35                                    -5.7529257209378937e-04         1.2644067918702287e-03         2.9707081972604125e-04         6.0611677533577613e-04        -3.1163787021163097e-04        -1.4801371484471842e-05         2.4022465204298919e-06         7.4940420238455915e-06
36                                     1.7091083248905199e-03         2.5463884410462947e-04        -1.4763782606870227e-03        -2.3857318990948761e-03        -6.3987535298693431e-04         9.4764928736529471e-05        -1.5538949834470922e-05        -8.8146432644960865e-06
37                                    -2.2485543874858340e-03        -1.5010434633322195e-04         1.8630356180694093e-03         2.7112816582762740e-03         6.6370067789100747e-04        -1.4474580339310510e-04         2.5786737799278256e-05         1.4500422824115903e-05
38                                    -3.7666552399215965e-04        -1.0419550532593247e-03         5.6760538836156849e-04         7.6322335462795888e-04         4.0503575611036533e-04        -4.2466827545628509e-05         7.5838572953410656e-06         3.8793128899541343e-06
39                                    -6.5545348667174312e-05        -4.1210411061668448e-05        -2.2150375474477027e-04        -1.7300522761941317e-04        -3.6445338619721246e-05         1.3112648474923085e-05        -1.5870638634100134e-06        -1.0956014083096602e-06
40                                     1.0865482959030535e-03         1.9315374096396678e-04        -1.5755518773223731e-03        -1.9298831783595529e-03        -5.1746915797065793e-04         1.0421371393991546e-04        -1.8007370671057235e-05        -1.0066979405605272e-05
41                                     3.5214150830250104e-04        -1.0300253324940972e-04        -4.2985857269330633e-04        -5.5497130466736926e-04        -7.3684708675669181e-05         2.8751792854073054e-05        -4.7907048683892286e-06        -3.3853796405448366e-06
42                                    -2.5482552991119762e-03        -3.7990181929851069e-04         2.9078982300980781e-03         4.0357375172525136e-03         1.0634655753255706e-03        -1.9958546898714481e-04         3.5415471218343966e-05         1.9909924598468476e-05
43                                    -5.5227255457139003e-04        -1.0129348421491719e-04         6.3455570475467299e-04         7.4947159165121720e-04         2.0703576894499348e-04        -4.6799260078655373e-05         1.4081840299049814e-05         6.6128027890269631e-06
44                                    -9.2812833606582720e-05        -4.0488930128511080e-06         9.3876599752787398e-05         1.1040917908222100e-04        -1.6578182789473895e-05        -7.4279854928549800e-06         3.0680130795845194e-06         7.4764236111553114e-07
45                                     2.9252383348221840e-03         4.4351133207139128e-04        -3.4196344760624186e-03        -4.4218494390736596e-03        -1.1557484259653880e-03         2.4330789678879492e-04        -4.3086327979724556e-05        -2.4148662212994587e-05
46                                     6.1750397853671296e-04         6.7664290226723833e-05        -7.3597399577478002e-04        -8.8899377675080520e-04        -2.2973674352108126e-04         5.1715952100815562e-05        -9.3686083848146359e-06        -5.0678788664171260e-06
47                                     5.0523840806161543e-05         1.0283289359388760e-04        -9.9017465892638505e-05        -1.0968207095817517e-04        -2.9187086522567380e-05         6.8594899726516917e-06        -1.1544082750236212e-06        -1.0215113714785407e-06
48                                    -3.4336233725287975e-05         1.2838202371855237e-05         4.2151326016806481e-04         1.2254565681737029e-04         1.3710182082560132e-05        -2.7205832324405559e-05        -1.0605267470855046e-06         1.1964903202784180e-06
49                                     1.8560275520551213e-03         3.6144307439334411e-04        -2.1669847242048769e-03        -2.6395315990565640e-03        -6.9538704256038903e-04         1.4212698517921795e-04        -3.3390732483355875e-05        -1.8683472631621161e-05
50                                     5.6959692798832303e-04        -9.4813836406478408e-05        -5.9858312240998576e-04        -7.2902781385760385e-04        -1.5355881671489852e-04         3.9707000521767001e-05        -1.1437522948756001e-05         2.9844768994149785e-06
51                                     7.3716216081177826e-04         1.0677496592171755e-04        -1.0596665239132838e-03        -1.2471267254584070e-03        -3.1886834025983272e-04         7.4544456378195390e-05        -1.1840906771544077e-05        -7.0890987817430590e-06
52                                    -7.6770675567182681e-04        -1.1812083277853118e-04         9.7762200766652891e-04         1.2321477307605786e-03         3.1749062128353864e-04        -6.8627383070068917e-05         1.2843532363412751e-05         7.0528513791771592e-06
53                                    -2.3299272172700006e-04        -2.9922292494499191e-05         2.9608158006119419e-04         3.6962278234806362e-04         1.0319924735831074e-04        -2.0790377229864624e-05         3.8539863122685173e-06         2.1418436478884503e-06
54                                    -3.9479076059053034e-04        -1.1034686156527961e-05         5.3963011961286186e-04         1.5219045943669601e-03         4.3367404454228565e-04        -1.5517862681228530e-05         1.8865645454763290e-05         5.9811735475355775e-06
55                                     4.8462647253450040e-04         3.1078775606172227e-04        -6.8969195591143061e-04        -1.0355192520850470e-03        -3.2289737263448419e-04         3.8174422696973131e-05        -6.5148503732810815e-06        -4.0199269161434121e-06
56                                     4.4849753555478060e-04        -9.0567991544348659e-04        -2.2900872148897623e-04        -4.0436200338206705e-04         5.5478262341940407e-05         1.2148652859276778e-05        -2.5398919551565416e-06        -2.1944536878661142e-06
57                                    -1.3146137159767958e-02         3.3151786274777943e-03        -4.5059726753595673e-02        -5.1038300389736918e-02        -1.2270846848060740e-02         5.0778557124354017e-04         2.9884142896051695e-05        -1.5196636799922856e-05
58                                    -8.2128723154450967e-02        -7.6616844423440210e-03        -5.5857534926152239e-02        -4.6340551285310595e-02        -1.5998217993624452e-02         6.2497491318473837e-04         3.0858607442218035e-05        -1.5655973339218115e-05
59                                    -6.4558117013110237e-03        -6.0876158028242894e-02        -1.3710748941627842e-02        -1.6185277996764651e-02         1.2373897221551730e-02         1.5903472664649754e-04         1.2800256857728581e-05        -1.9206809809430815e-05
60                                     3.7478463866436038e-02         1.3330438149359847e-02        -3.3557435359101162e-03         8.8807111285567134e-03         2.6230275107358876e-03         2.1796287349916990e-04        -6.5645816404629771e-05        -2.9404345151131835e-05
61                                    -1.9918012687759844e-02        -8.6018083668806603e-03        -1.6395123080593425e-02         1.1091170573574491e-02         4.3417017790845034e-03        -2.9609705879986634e-04         2.1053826893377558e-05         1.3958823211613047e-05
62                                    -9.3755165681438813e-03         3.6409945245924787e-03        -4.7506356047558830e-03         3.1986174807698180e-03        -1.6039921826566496e-04        -9.4962452387683442e-05         2.4822154629433390e-06         2.7462441193368930e-05
63                                     3.9130694355800986e-02        -9.2788159480119235e-03        -1.4628092726960137e-01        -1.2893934174491048e-01        -3.4293138321427427e-02        -1.1181393462683189e-03        -9.1919112045496510e-05         2.3045824731536245e-05
64                                     7.7595646179068500e-01         1.7712870442641043e-01        -1.2070726167240070e-01        -4.5120103199824368e-01        -1.0777799897814515e-01         1.3562305421605128e-03        -1.8498084894257580e-04        -1.0633856955019600e-04
65                                     1.7712870442641043e-01         2.1955401515031320e-01        -3.1860985686435306e-02        -1.0739527790896991e-01        -9.6817484480998806e-02         4.4457920201928527e-04        -3.7747117430078224e-05        -7.4890506652483622e-05
66                                    -1.2070726167240070e-01        -3.1860985686435306e-02         1.7689398609637896e-01         1.6064318457973228e-01         4.1325089518765047e-02         8.8083876105050056e-05        -1.1362640775342545e-04        -3.7112449989201242e-05
67                                    -4.5120103199824368e-01        -1.0739527790896991e-01         1.6064318457973228e-01         5.4905917049705200e-01         1.4247911402467583e-01        -7.9386874481569229e-04         9.4603655813457483e-05         6.1773280639201324e-05
68                                    -1.0777799897814515e-01        -9.6817484480998806e-02         4.1325089518765047e-02         1.4247911402467583e-01         8.0846165891019367e-02        -2.3479603910917771e-04         2.8109902672047364e-05         3.5066757529481315e-05
69                                     1.3562305421605128e-03         4.4457920201928527e-04         8.8083876105050056e-05        -7.9386874481569229e-04        -2.3479603910917771e-04         4.9298108928415707e-01         9.0498282731953220e-02         3.7014068580330465e-03
70                                    -1.8498084894257580e-04        -3.7747117430078224e-05        -1.1362640775342545e-04         9.4603655813457483e-05         2.8109902672047364e-05         9.0498282731953220e-02         6.8032685045664260e-02         1.3799559413513600e-02
71                                    -1.0633856955019600e-04        -7.4890506652483622e-05        -3.7112449989201242e-05         6.1773280639201324e-05         3.5066757529481315e-05         3.7014068580330465e-03         1.3799559413513600e-02         1.0681583675677123e-02
72                                    -1.1077841687787929e-03        -2.8451498855028821e-04         2.5512986674309569e-04         3.3853166904474516e-04         8.4403927282544273e-05        -4.2429451303864149e-05        -1.3813405221893425e-03        -5.3016469067261064e-04
73                                     9.9782095576060343e-04         5.1760661649045170e-05        -2.9154718109099682e-04        -1.0103978923926331e-04         1.8119741408241042e-06         5.5528773459037769e-04        -9.4186137672054322e-04        -3.6085779974706395e-04
74                                     1.5227449496248770e-04         6.8898837806961682e-04        -9.9695462827627745e-05        -2.8581863740307918e-05        -6.3872996034571635e-05         8.7169488795779031e-05        -4.8563689012136438e-04         3.6568828189012385e-05
75                                    -3.4544200253647281e-02        -9.4453524471708721e-03         2.5852601913307530e-02         1.3153567397621933e-02         2.2333255555103525e-03        -9.6484729332486203e-05         2.2902924963905189e-04         7.5036939845865919e-05
76                                     1.1115450910899381e-02         2.8881907206674993e-03        -5.8649518134819383e-03        -1.4708050855581313e-02        -1.2767935368004683e-03         1.0744553399623705e-04        -1.1693279911882597e-04        -5.4782980514735287e-05
77                                     4.0759559823007720e-03         3.5516042803683608e-03        -3.3339313987600944e-03        -2.1272976129966428e-03        -9.6827630933955643e-03         4.0744683032365003e-05        -6.0774567782098855e-05         2.9298382159851836e-05
78                                     5.0237730925120259e-04         1.4587165547260574e-04        -2.0760679971722310e-04         4.0347571482718132e-04         1.1332574710912278e-04         3.1474598244397639e-04         1.2272380626734004e-04        -1.4165466814066322e-05
79                                     7.8727709116866796e-05        -2.0894056053821260e-04         2.7530004107152197e-04        -6.1618299606237392e-04        -9.8355028572604897e-05         2.0275356048727439e-05         3.0161695255160204e-05         2.3240634517657943e-04
80                                    -2.8484804165535097e-04         9.3026226617497275e-04         7.5966833980285395e-05        -1.0782584568202486e-04        -3.5400154603625793e-04        -4.3798693080060523e-05         2.2771536101690005e-04        -6.9600294718750837e-04
81                                    -1.7937835542289197e-04        -3.2153168379162313e-05         1.2663383082681120e-04         2.4786370232531707e-04         6.3770704758770203e-05        -1.3500999127259798e-05         3.9991327815954588e-06         1.7083708251918572e-06
82                                    -2.2492034000828258e-04        -1.3710549504091895e-04         1.4049787061546905e-05         1.8938754123247058e-04         7.4774778334863682e-05        -1.3030135638538103e-05         1.7602458814635595e-06         1.6644045556368504e-06
83                                    -1.2652597252934438e-04         2.0637423225667665e-04        -5.2773557980954983e-06         6.1974345377205635e-05        -5.4786291256480211e-05        -3.1836382397409105e-06         8.2440161042952767e-07        -1.3805249303917402e-06
84                                     2.8944275490237488e-05         3.0185422161910176e-06        -5.9054395412255802e-05        -6.6349602061530402e-05        -1.7453660293510417e-05         1.6892700706377050e-06        -5.8929278745874775e-07        -2.8395596740804138e-07
85                                    -1.5373060702788318e-04        -2.8894284268788235e-05         2.4622169229571937e-04         2.9196346368305214e-04         7.8082338940380715e-05        -1.7022614782733619e-05         3.2264099081651461e-06         1.6946152690070846e-06
86                                    -5.2889176807129241e-05         2.8584606900525938e-05         6.9822153686240719e-05         8.6022505195720297e-05         9.9570333102962257e-06        -4.8173937349377283e-06         7.8844786392646645e-07         8.3700901351719384e-07
87                                    -3.1814665723532671e-04        -4.9040506113462342e-05         3.8227771034355431e-04         4.8090768336414786e-04         1.2522786946603221e-04        -2.6632243653407358e-05         4.9371146318154775e-06         2.7425451438946510e-06
88                                     2.5967288948941861e-04         4.4085413626075281e-05        -2.8461537671246862e-04        -3.9068645178279429e-04        -1.0298660760493060e-04         1.9829516448972498e-05        -3.6948631538566532e-06        -2.0846714468989956e-06
89                                     8.3852870224451428e-05        -3.0591879490791778e-07        -8.9677420884036230e-05        -1.2135855816033963e-04        -3.2468139214446030e-05         6.2787892806432131e-06        -1.1949327811728172e-06        -4.5814729913439158e-07
90                                    -9.0245144416275461e-05        -1.5638443307321043e-05         1.3225574256079840e-04         1.1499596458822801e-04         2.7816967365589054e-05        -8.6460870032162345e-06         1.3288346284715175e-06         8.0074569796045138e-07
91                                     1.6274945198055035e-04         1.7846781561757510e-05        -2.1249248958788041e-04        -2.5889070004862883e-04        -6.6236270260420076e-05         1.4690120597288120e-05        -2.3988069726048951e-06        -1.5015218312164737e-06
92                                     3.4340029682050166e-05         3.1734638109397127e-05        -5.4417007251979742e-05        -6.5762917580937093e-05        -1.8991792355742384e-05         3.7800605565507553e-06        -6.6819636859166963e-07        -2.7710805145535723e-07
93                                    -3.9064961155144205e-04        -1.0542187248657444e-04         4.3502650475555661e-04        -5.2333579450280349e-05        -4.1047864252151116e-05        -1.7322814218722712e-05         3.5614064708754808e-06         1.8190558275443263e-06
94                                    -1.4606943862699386e-04        -1.1047983074145098e-04        -8.6021544778619658e-05         3.4967441398507269e-05         2.6163341192069511e-05        -3.5195194459484449e-07         5.3354265176135205e-08         9.7724520200585978e-07
95                                    -1.0923162329563209e-04         1.9931952901342410e-04        -3.2940666504422365e-05         1.3285412534292689e-05        -3.3446058988717819e-05         2.2661719786428965e-07         1.0169541036151499e-06        -3.2405055235396883e-06
96                                     1.9915645789511362e-02         6.0861474504407690e-03         1.1190716402653258e-02        -1.0156426123833825e-02        -3.8112051536656334e-03        -8.4793121079810294e-05         3.1685324623563144e-05         1.4013216824781988e-05
97                                    -5.9359206743456183e-04        -8.8169711599425486e-04        -6.6220435978919974e-04        -1.2114417421352081e-03         1.0266681679116790e-03         5.5026094850631904e-05        -1.2804173354148929e-05        -7.5482230740706659e-06
98                                    -1.6743928780806085e-03         2.0384359510927487e-03        -1.0464136041233993e-03         1.3837284959051341e-03        -4.5475722961022952e-03         1.9703020166376582e-05        -6.1262810242826904e-06         8.3558385108619922e-07
                                                        72                          73                          74                          75                          76                          77                          78                          79

0                                      2.1766984792195125e-03        -8.7286328314396160e-04        -5.0388609249415182e-04        -8.5400655100412279e-04        -3.6441403953420991e-04        -9.4249131348235482e-05         2.9422455335561364e-03         2.0331453574958403e-04
1                                      7.0048034096684836e-04         2.8756319687754670e-03         1.8159045675379879e-03        -5.5422774496466343e-04         5.2574936092032254e-04         3.2504279492864092e-04        -2.7393206354446586e-04         2.1392140061802633e-04
2                                     -5.1673359258498294e-05         1.8697288767907713e-03        -2.8631149565113488e-03        -1.4074240390863211e-04         3.0081378491859245e-04        -3.5294039821339579e-04        -3.6345828544528187e-04         1.0153514747736165e-03
3                                     -8.6173025631192390e-03        -2.5855883135152212e-02        -7.1194098524622104e-03         4.3503307193829581e-03        -3.0427978628864668e-04        -1.9320999235947770e-04        -6.6746590459577891e-03         1.8246054058858596e-03
4                                      3.3193052367163633e-03         5.9016158253983979e-04        -4.2259931304049897e-04         2.1266789353982588e-03        -2.3115630785396826e-03        -1.4534126534471888e-03        -2.6523425613282761e-02         1.3494577400628323e-03
5                                      1.4472901240398621e-03         9.0300429777456759e-04         1.8223245682899517e-03         5.2310634182466511e-04        -1.3227412816936024e-03         1.8365419012546826e-03        -7.3556860581657779e-03        -5.3161776117881254e-04
6                                     -3.3924744984727656e-01        -2.6317355035534229e-02         6.4811551537386665e-03        -2.0415537149910089e-03        -3.7708893514388836e-03        -8.8160184291354656e-04        -4.6279158944405249e-03         2.8090882531873682e-04
7                                     -2.5581504324098996e-02        -5.6756561839353396e-02        -7.0193886246069804e-03        -9.9795518541756431e-03         2.1616488032045918e-03         3.0932177508039178e-04         1.1616550072418227e-03         1.3146197423407405e-03
8                                      6.7267154051492122e-03        -7.1767547841604992e-03        -3.0783665330192670e-02        -2.7054447208362756e-03        -1.6152466336212881e-05         2.9331352818289620e-03         7.7168469517894210e-04        -1.0431660831520815e-03
9                                     -1.2716797393591037e-02         2.4632836115198588e-02         7.9851147313399606e-03         2.6255864742179079e-02         1.9938405883638731e-02         4.5504161186316816e-03        -1.0963963522637003e-03         4.8641593402373815e-04
10                                    -5.1166656843904396e-03         7.1458470008013818e-03         1.0778495639966630e-03         2.2911397647525297e-03        -4.9821207858758099e-02        -1.4683734721354360e-02         8.6511804911707825e-04         2.1088745725875071e-04
11                                    -7.1606216377255796e-04        -3.0361907508821536e-04         4.2730012837331882e-03        -5.5695887656854320e-04        -1.5351348591129575e-02        -5.1047041061459165e-03         2.2984929009642113e-04         5.1997985390951043e-04
12                                     1.3397710896714387e-03        -1.3313003039564660e-03        -6.3077832499185507e-04        -2.4300590982322148e-01         1.3392171303424114e-01         4.9737533224713776e-02         2.6769649818151990e-04        -8.4237923609146005e-05
13                                    -9.2450160485524520e-04         1.8847556069087343e-03         1.7712472018521737e-03         1.6280895242979895e-01        -1.6276674421016230e-01        -4.9652651388294645e-02        -2.6074943603712601e-04         1.1154849688424588e-04
14                                    -5.1921530976762990e-04         1.7998047038037075e-03        -3.4811347410915665e-03         5.8182658724328123e-02        -4.8403722105615818e-02        -3.4855763990577424e-02        -9.0168879228887919e-05         4.4689519202844934e-05
15                                    -2.7816921290866464e-04         1.7733707697365486e-03         7.9310235579958029e-04        -7.7212749218529102e-03         4.0121858750575175e-03         1.4273617971845365e-03        -2.3035599930635673e-03         3.5680302354043976e-03
16                                     2.8961320352839676e-03        -3.4953487124331369e-03        -2.7980481990953041e-03         3.3795660983325865e-03        -5.6025888264606138e-04         5.0298578688779544e-04         2.1967961380469280e-03        -9.8924554256487468e-04
17                                     1.1197479370710032e-03        -2.7449944916286555e-03         4.7385946824846578e-03         1.2202115851426124e-03         4.1394035803284969e-04        -2.6175555919260877e-03         9.8695642978254266e-04        -2.0017128896145063e-03
18                                     8.7258754066527229e-04         3.9215066619197698e-04         3.6557240958355939e-05        -1.1381623543331725e-04         7.5894174501870163e-05         1.2400319419660728e-05         1.0586239942681947e-02        -1.1929621575615158e-02
19                                     1.0957335513818423e-04        -1.4991199695576071e-03        -1.7697193011189004e-04        -3.3430243683612278e-03        -4.2560500147029428e-04         9.7140138173523142e-05         1.6399631681260018e-02        -1.4653140386782615e-02
20                                    -5.3497780378595667e-05        -1.7858519262388802e-04        -1.0016257250720514e-03        -9.8467441945333735e-04        -4.3478066842230379e-05        -2.3366229589726165e-04         4.4363519135416345e-03        -4.4305610373958429e-03
21                                     1.0120873009372561e-03        -9.8917096246217175e-04        -1.3888602721854292e-04        -3.4213975187307073e-03         1.2809531236800296e-03         5.2637753162102484e-04        -1.0738383029562509e-01        -1.0882250021725585e-01
22                                    -1.7205470174021520e-03        -3.7974836961028025e-03        -2.3652986294553455e-03         1.3083017921803751e-04         7.4025212294787568e-04         2.7664629872382418e-04        -1.0902825750520083e-01        -2.7815483945340946e-01
23                                    -3.4500638553307695e-04        -2.3988424448139548e-03         3.8478059373948824e-03         1.8906322436489385e-04         2.1602023145578906e-04        -1.4961117448364044e-04        -2.8339785730497974e-02        -6.8694763788524335e-02
24                                    -1.7424526232721069e-04        -1.6107314809262583e-04        -5.0720962465115536e-05        -2.0271550565289743e-03         1.7143928341929817e-03         5.9870699337694630e-04         1.8577706549895697e-03        -1.7945587561988170e-03
25                                    -6.6503516137457572e-05         2.0841893808810430e-04         1.2933127442582652e-04         2.9496500214026417e-03        -3.2642703220631857e-04        -2.3998408221875090e-04        -1.0054747231788741e-03         1.3827713773467056e-03
26                                    -2.1533706007150777e-05         1.3505622344989635e-04        -1.8667881142824563e-04         9.4498389493204431e-04        -1.9207260853851857e-04        -1.5364590330754139e-05        -5.3933959392967032e-04         1.5040730680758244e-03
27                                     1.1907653535312129e-04        -5.9913341117584138e-05        -2.1630556598898429e-05         5.4448631983443926e-04        -9.4159938772162303e-04        -3.0038969022702422e-04         4.5744406662916464e-05         2.1863482737627773e-04
28                                     1.5707527318122093e-04        -6.7798061838436556e-05        -3.2130003933473941e-05        -4.8054734788699231e-03         1.2959919505650681e-03         5.5551438250250732e-04         2.3129636927544657e-04        -2.3274325055679568e-04
29                                     4.1208557450763151e-05        -2.2436208167685126e-05         9.8213284490707328e-06        -1.4197928285393448e-03         3.9775305840353156e-04         2.4609672076870081e-04         2.9672125269202634e-05         1.4191536724119595e-04
30                                    -3.7637282607709999e-05         3.6773747547546497e-05         1.3078508507181051e-05         4.0205402985124224e-04         5.9373802633093387e-05        -5.4308352911040122e-06         4.7221845219752167e-05         1.8056165113926131e-05
31                                    -6.8492503460510404e-06         3.4063105540396811e-05         5.3137361278415644e-06         5.8867943938920736e-04        -2.2956768945263926e-04        -4.3411820297398145e-05        -7.9264752069240548e-05         9.5708535615373193e-06
32                                    -6.7017351496268451e-08         3.7378311395595013e-06         1.7389093259070495e-05         1.5110321039579565e-04        -2.0146626316547474e-05        -1.7872509968073317e-04        -2.7217807819541817e-05         1.3992161970844503e-05
33                                     3.4122001473944810e-07         2.7314739654383873e-07         1.9654339221682562e-08        -2.0851265996138860e-05        -1.5283616009586991e-05        -3.0054403164613884e-06        -1.1572632010853093e-05        -1.6375358270210487e-05
34                                     1.8714085053187743e-05        -1.7904417514647743e-05        -7.0833624930349511e-06        -2.9837850037614175e-04         2.3023004844703956e-05         2.4487006607862597e-05         1.6721922076173829e-05        -4.3296603779797169e-05
35                                     5.4941971767292477e-06        -6.2150689643855741e-06         1.2119266877066890e-06        -8.4140706312293365e-05         1.1536718868890744e-05        -1.1533847605522810e-05         5.2307012794228404e-06        -1.4155239907345403e-05
36                                    -3.3139132191564887e-05         2.3319612509352860e-05         8.5942301711300832e-06         4.7048728993786610e-04        -3.2385338045327092e-05        -2.8970307376829056e-05        -9.5151708016881476e-06         3.1279666931766700e-05
37                                     5.4150680487582666e-05        -3.1809518905582328e-05        -1.2833042213542304e-05        -6.1358436156339871e-04         1.6673868814673018e-06         2.2100606287481152e-05         5.3739752835051509e-06        -2.6028526050477093e-05
38                                     1.6136205357151907e-05        -1.0098034570185944e-05        -1.3380322921341120e-06        -1.8232196902062626e-04        -1.9482714145380704e-06         1.8674194616701353e-05         6.8686859263030912e-07        -4.3226950244385995e-06
39                                    -5.3572098604386749e-06         2.0915599940021556e-06         9.1089620996220925e-07         5.8210015638110436e-05        -2.9669046980358585e-06        -2.9638736512166430e-06         5.0733922184153222e-06        -1.0809005071136298e-06
40                                    -4.0167353614022717e-05         2.2712190618583494e-05         8.7974011954853677e-06         4.8372342336592807e-04        -1.7584237267218256e-05        -2.5553550390675263e-05        -5.2452678821225324e-06         2.2846154783577507e-05
41                                    -1.0999463096586815e-05         6.3601862302184573e-06         2.2125308446123011e-06         1.3394468474817162e-04        -6.1824393478325927e-06        -3.1083176001722406e-06        -1.8099470471419605e-06         6.8810871960163687e-06
42                                     7.3517955757679591e-05        -4.8515658938231174e-05        -1.7927072686519767e-05        -9.0552516182356465e-04         3.1888308547076307e-05         4.5541285088377483e-05         9.3411307902301316e-06        -5.8311191145088057e-05
43                                     1.8411816531824153e-05        -1.6117500207702483e-05        -5.4235120677207493e-06        -1.9013495216191470e-04        -1.3561846450665515e-05         5.5830509407457662e-06        -1.9681490777330739e-06        -1.2824720836720091e-05
44                                     3.0752720710001017e-06        -2.8573534165574226e-06        -1.8555782245551804e-06        -2.7910871732075748e-05        -1.8126416241390485e-06        -9.6885983840253737e-06        -1.5107996203232878e-07        -3.8325131379484464e-06
45                                    -8.9892804387648828e-05         5.9063640914375594e-05         2.1982982596737649e-05         1.0781035044003416e-03        -2.8243513598153976e-05        -5.1247880791141823e-05        -1.4225770335030777e-05         6.8047986976915270e-05
46                                    -1.8798264372370314e-05         1.3017296667957298e-05         4.5649229816379119e-06         2.3146271902550113e-04        -6.1182513203207535e-06        -1.2361983979337882e-05        -2.8882939831971510e-06         1.5059741910412709e-05
47                                    -2.4041394691851219e-06         1.5240419717483096e-06         1.4494121586983714e-06         3.1610711146640291e-05        -2.3734426850800460e-06         2.7989032104099428e-06        -3.8219185805480412e-07         1.9327142157976227e-06
48                                     9.7710049734736713e-06        -1.8544743480726207e-07        -6.3408289166392843e-07        -1.4058749269850587e-04         1.7049864240283524e-05         1.1070093625540481e-05         6.0800006279357419e-06        -1.9367180984569080e-06
49                                    -5.3459695295815420e-05         4.3031627642254862e-05         1.6678408295823575e-05         6.6155107394111595e-04        -1.1112434404603948e-05        -2.8075036273582219e-05        -7.8329555157395926e-06         3.8992262406589251e-05
50                                    -1.4987520470796660e-05         1.3021283742180599e-05         2.0614314878087189e-08         1.8342423966446908e-04        -2.0871347568858349e-06        -1.1566151344056581e-05        -1.9741946332523438e-06         9.0406405320920830e-06
51                                    -2.9189137455270901e-05         1.5222766904038928e-05         5.9942166719247636e-06         3.2448068847968508e-04        -1.3106851397199140e-06        -1.3171541712310818e-05         1.4818497840477982e-06         1.3356636041221169e-05
52                                     2.6143307587972674e-05        -1.6162724879651731e-05        -6.2449646733519587e-06        -3.0037020220228887e-04         1.4969278424910174e-06         1.2104692302542524e-05         1.2048044993759007e-06        -1.4031217850226860e-05
53                                     7.9231796610577647e-06        -5.0297153930829912e-06        -1.2778270659062635e-06        -9.0431663064602074e-05         1.5879600343817276e-07         4.0422199585613201e-06         4.8069299106800827e-08        -2.8401323839714134e-06
54                                     2.1231647324309634e-06        -1.7130393964073746e-05        -5.2889243169699798e-06        -9.9004016217075049e-05         1.2823271735045837e-05         7.2020632103162637e-06         7.7875985764133958e-06        -1.2094312854243742e-05
55                                    -1.5987379956624778e-05         7.2803561342531893e-06         3.5344891679284167e-06         1.7444943770303752e-04         8.1788204335132836e-06        -8.1126541780673136e-06         9.6637092159250070e-06         1.6844101205543420e-05
56                                    -4.9470957434621818e-06         3.7769856286357274e-06        -1.2121823631370200e-06         5.9916489531221807e-05        -2.1967548296660477e-06         7.1088865844345570e-06         3.7305448612327377e-06        -2.9202913027231059e-06
57                                    -1.8166888023421295e-04         8.7317723905751428e-05         1.0847053635785158e-05         6.5250194370049513e-03        -1.8541167071998458e-03        -7.6514143805217797e-04        -5.8381605841263058e-05         6.2356717513272603e-05
58                                     9.1361899269831135e-05        -3.8520224930925029e-04         4.8314570059938644e-05         4.8868213499163697e-03        -2.1665615961882854e-03        -1.1636430411293814e-03        -1.2958732885520833e-04         2.6041351608483321e-04
59                                     9.6097097416401834e-06         4.7671439145529611e-05        -5.4980185526063189e-04         1.2103597755858575e-03        -8.9300346026974556e-04         8.1702951128933860e-04        -3.3705559715332733e-05         7.3183929572583100e-05
60                                    -1.6784897450309775e-04         1.8905532049402190e-04         7.0767955280755726e-05         1.6398894512207219e-03         3.5282836682662199e-04         3.9914911931946350e-05        -4.8594589785407079e-05         9.7141957503053215e-05
61                                     9.7274238003282180e-05         3.3394583567287872e-06        -5.5306329169066572e-05         2.3374225253610789e-03        -9.1548618265566563e-04        -4.1896560580385395e-04        -2.9523785905909004e-05         4.1518505288859763e-05
62                                     4.3501162817216106e-05        -5.9131743715727322e-05         1.5878042168366246e-04         6.2006365172707738e-04        -3.2720853284425922e-04         2.5170525326375470e-05        -3.0117368938506017e-06        -1.5696964740744750e-05
63                                    -2.1724059494320001e-04         1.0636786689050275e-03         3.5023293646140909e-04        -1.3844334966546294e-02        -6.6025691395110737e-03        -1.2198260800925687e-03         9.9886728861812491e-04        -1.3464430799651444e-03
64                                    -1.1077841687787929e-03         9.9782095576060343e-04         1.5227449496248770e-04        -3.4544200253647281e-02         1.1115450910899381e-02         4.0759559823007720e-03         5.0237730925120259e-04         7.8727709116866796e-05
65                                    -2.8451498855028821e-04         5.1760661649045170e-05         6.8898837806961682e-04        -9.4453524471708721e-03         2.8881907206674993e-03         3.5516042803683608e-03         1.4587165547260574e-04        -2.0894056053821260e-04
66                                     2.5512986674309569e-04        -2.9154718109099682e-04        -9.9695462827627745e-05         2.5852601913307530e-02        -5.8649518134819383e-03        -3.3339313987600944e-03        -2.0760679971722310e-04         2.7530004107152197e-04
67                                     3.3853166904474516e-04        -1.0103978923926331e-04        -2.8581863740307918e-05         1.3153567397621933e-02        -1.4708050855581313e-02        -2.1272976129966428e-03         4.0347571482718132e-04        -6.1618299606237392e-04
68                                     8.4403927282544273e-05         1.8119741408241042e-06        -6.3872996034571635e-05         2.2333255555103525e-03        -1.2767935368004683e-03        -9.6827630933955643e-03         1.1332574710912278e-04        -9.8355028572604897e-05
69                                    -4.2429451303864149e-05         5.5528773459037769e-04         8.7169488795779031e-05        -9.6484729332486203e-05         1.0744553399623705e-04         4.0744683032365003e-05         3.1474598244397639e-04         2.0275356048727439e-05
70                                    -1.3813405221893425e-03        -9.4186137672054322e-04        -4.8563689012136438e-04         2.2902924963905189e-04        -1.1693279911882597e-04        -6.0774567782098855e-05         1.2272380626734004e-04         3.0161695255160204e-05
71                                    -5.3016469067261064e-04        -3.6085779974706395e-04         3.6568828189012385e-05         7.5036939845865919e-05        -5.4782980514735287e-05         2.9298382159851836e-05        -1.4165466814066322e-05         2.3240634517657943e-04
72                                     3.5626343583592807e-01         2.8174435223947199e-02        -6.9696403654997989e-03        -2.5010875625715604e-05        -1.2290423671717046e-05        -3.0741142203743338e-05        -3.2648562604018985e-04         8.2899624508776283e-05
73                                     2.8174435223947199e-02         5.3116900283506845e-02         8.2862013677431866e-03         2.2350737913915048e-04        -5.2967335494795691e-05         1.6440543176573315e-04        -1.2451356299738403e-03         1.9512707067099224e-04
74                                    -6.9696403654997989e-03         8.2862013677431866e-03         2.3443293499833741e-02         3.5820888962307458e-05         1.7714802022547946e-04        -6.0055336709527766e-04        -3.2586374447078593e-04        -1.0483560378297717e-04
75                                    -2.5010875625715604e-05         2.2350737913915048e-04         3.5820888962307458e-05         2.1169353611683764e-01        -1.4256151020509283e-01        -5.0502487015085043e-02        -1.3660717838638635e-04         1.3824432038638760e-04
76                                    -1.2290423671717046e-05        -5.2967335494795691e-05         1.7714802022547946e-04        -1.4256151020509283e-01         2.1862823573037862e-01         6.3483931916302444e-02        -5.2633281522015182e-06         1.2097586367164001e-05
77                                    -3.0741142203743338e-05         1.6440543176573315e-04        -6.0055336709527766e-04        -5.0502487015085043e-02         6.3483931916302444e-02         4.4659587995350837e-02         2.6999781349015210e-06         1.1566346008572791e-05
78                                    -3.2648562604018985e-04        -1.2451356299738403e-03        -3.2586374447078593e-04        -1.3660717838638635e-04        -5.2633281522015182e-06         2.6999781349015210e-06         1.0584191950414772e-01         1.1670429085793169e-01
79                                     8.2899624508776283e-05         1.9512707067099224e-04        -1.0483560378297717e-04         1.3824432038638760e-04         1.2097586367164001e-05         1.1566346008572791e-05         1.1670429085793169e-01         2.8938870791456084e-01
80                                     6.4430758168296785e-05        -4.3362150521472798e-05         5.2331570438274451e-04         4.2865180308234256e-05         1.9006922814632198e-05        -4.3280783163577079e-05         3.0371751570148344e-02         7.3582261359102868e-02
81                                     5.3469782149653691e-06         5.3542921406441715e-08        -3.8886821285688827e-07        -4.1684197454412144e-05        -8.1753708620653368e-06        -1.0705157604827890e-06        -7.6654416389798145e-05         6.3082775035881451e-05
82                                     6.3234108636824591e-06         5.1995319223591957e-07         1.0362866247521766e-06        -1.9260645114499406e-05        -2.0405341548549987e-05        -4.0611280698023495e-06        -1.7017451202162767e-05         2.2961922352001443e-05
83                                     1.2866399757209508e-06         1.4385383550601963e-06        -4.0775301707352063e-06        -3.2491373221841776e-06        -4.2209486689286273e-06        -5.8276814203677199e-06         1.4205275932298837e-06        -8.6611092467241656e-07
84                                    -9.7798126347696860e-07         8.6485489048459901e-07         2.8757220415330786e-07         1.7226484963935235e-05        -2.6529491083602239e-06        -1.4521169679629632e-06        -9.2632509704158048e-06         6.4121915774277419e-06
85                                     6.8312882829863459e-06        -3.5011904955220725e-06        -1.3546597298755431e-06        -7.5991410611335052e-05         1.3030439757735817e-06         3.3461120759683568e-06        -4.3004464323951640e-06        -6.2026861301519003e-07
86                                     1.9371425692165611e-06        -9.9121151148913428e-07        -4.1472430323023985e-07        -2.2146159081646145e-05         5.9369748548238782e-07         9.8507470152434952e-07        -6.0538625222315661e-07        -1.0814642228508325e-06
87                                     1.0122217451681840e-05        -6.4923744877240118e-06        -2.4306111611751099e-06        -1.1956676502951176e-04         3.1789027421150857e-06         5.6981471580184559e-06         7.5427268442371313e-07        -7.3119341680624836e-06
88                                    -7.5074908671446009e-06         5.0647314158470415e-06         2.0247437735533054e-06         8.9192379385041079e-05        -2.3026147820241771e-06        -4.2320771045437474e-06        -1.6679874461655682e-06         6.3353771182206840e-06
89                                    -2.3521000804174138e-06         1.7643901073359547e-06         4.1409379995557179e-08         2.8645339414436126e-05        -9.0774379381890102e-07        -1.4391388272762986e-06        -5.3408927042455402e-07         2.0709216253603947e-06
90                                     3.5142017210000728e-06        -1.9535824678617030e-06        -7.5422807105638464e-07        -4.2361306548766077e-05         2.2609443619868020e-06         2.3996274847374472e-06         2.3486462833821695e-07        -2.4820974022862904e-06
91                                    -6.0067275683355179e-06         3.2165520628724378e-06         1.1449361738857928e-06         6.5558285296295619e-05         4.2963090530775234e-07        -2.6821846355939325e-06        -2.4015475296288336e-07         3.3177129140930843e-06
92                                    -1.5247793633937043e-06         7.5263979628343771e-07         5.6711117110240376e-07         1.6645790720010431e-05        -3.3103332561851739e-08         1.7377892213569417e-07        -1.5428294905779161e-08         6.2845827923253676e-07
93                                     9.8196439307783232e-06        -6.9714380077356703e-06        -2.4152169905983256e-06        -1.5097307548751836e-04         1.4448910484503839e-05         1.0542018391016969e-05         3.0533048568969553e-06        -5.1134695646515153e-06
94                                     7.2104995639111060e-07        -5.1740405537202821e-07        -1.7598978881117091e-06         1.0133209661257871e-05        -3.0117290436994628e-06        -2.4163972064511870e-06        -4.9467093230575149e-07        -5.8060283462333653e-07
95                                     2.6140301552552653e-07        -1.7430940160331433e-06         5.0926960610148853e-06         4.5740389422343391e-06        -2.1758824382399609e-06         3.8205327010671774e-06        -3.0473636504960173e-07         1.0141924457752587e-06
96                                     3.7499194324595831e-05        -2.7912720148912657e-05        -1.1639726906325807e-05        -4.4041858601296009e-03         8.2927888461838985e-04         4.2282089128949872e-04         4.9010550960572555e-05        -7.8781071142162301e-05
97                                    -3.4349950492500387e-05         3.6487107424615127e-05         2.3063786822216091e-05         3.2432920246346021e-04        -4.0056303074934626e-05         4.8972102724900734e-05         1.3474452878596305e-07         1.7645231233068444e-05
98                                    -1.3335359734410283e-05         2.2764549260592711e-05        -2.9855769281541624e-05         2.6575350961553486e-04         2.8560476163415186e-05        -2.5797996295088936e-04        -8.1595601776610267e-07         8.8914528814503793e-07
                                                        80                          81                          82                          83                          84                          85                          86                          87

0                                     -2.3514685563868435e-04         9.8330778460608518e-05         1.0709572845141864e-04         2.4969416695564167e-05        -1.1315226423328392e-05         9.6973357380809118e-05         2.7324914438701245e-05         1.3582375025073196e-04
1                                      1.0497654383119324e-03        -6.8246732912153273e-05        -6.8919340457825989e-05        -1.4830636161265463e-05         1.8909346693291051e-05        -1.0329246264500862e-04        -2.9129029224584882e-05        -1.5928448646042586e-04
2                                     -2.9602934965641068e-03        -2.4571853699370330e-05        -2.3720704036774731e-05        -1.0569234630524428e-05         6.1647804477533161e-06        -3.4531965733525062e-05        -1.0436446060053023e-05        -5.2925827455408526e-05
3                                      9.7377140873202914e-04        -1.8578768644123830e-04        -2.6832969037998656e-04        -6.5122741514513058e-05        -7.6098286598925231e-07        -1.0242087290843863e-04        -2.8864983988705268e-05        -8.8633097020488855e-05
4                                      7.5007690359924807e-04        -2.3010936154114066e-06        -4.0848954676968459e-05        -1.1528519579698983e-05        -1.9087938904094489e-05         6.6595846593593482e-05         1.9332294497687600e-05         1.3617410166978042e-04
5                                      3.0621228190627695e-03         7.1648375370900977e-06        -7.0389131783937651e-07         4.1001299206287306e-06        -5.5269445466941155e-06         2.3971574817246039e-05         7.5394329771863818e-06         4.3891595673830781e-05
6                                      5.1934117016189107e-04         3.7735565277703746e-05         4.2425895229428052e-05         1.1412298312118353e-05        -1.9427827811304180e-06         2.5735969978461413e-05         6.7399753012556277e-06         3.4403936723358456e-05
7                                     -1.0890495909819586e-03         5.8114502576494804e-05         1.0183748156855997e-04         2.2077813642718845e-05         1.7930873592129611e-05        -3.4300468939304672e-05        -1.0319498764385906e-05        -1.0153240593927532e-04
8                                      4.4701353689256349e-03         1.5779001597184688e-05         2.5860769653880443e-05         1.3980231132416393e-05         5.3294739610199564e-06        -1.0982374838212550e-05        -3.5810412767992361e-06        -3.1133280130896657e-05
9                                      1.2117266907870966e-04        -3.6332551310260929e-05         1.9769030644747583e-06         2.8910988389295640e-06         3.0950989960192374e-05        -1.4039321906231310e-04        -3.9928400320332101e-05        -2.6882386653386117e-04
10                                     5.0702086727856706e-04        -5.8442616637716265e-05        -6.1055287291745207e-06        -1.6742029708172781e-05         9.2490980704961335e-06        -5.1642040592255432e-05        -1.6386800268934116e-05        -8.0860288109742018e-05
11                                    -1.4884470862891570e-03        -1.3507520152157597e-05        -1.7357670401477255e-05         5.4838360153209331e-05         1.5368786912436070e-06        -1.0155503899945032e-05         2.5741693565424679e-06        -1.1270843566537687e-05
12                                    -4.2574832521209661e-05         6.2323203468642006e-05         7.6184040301669663e-05         1.6965579943537283e-05        -1.4445208015561402e-05         9.2573476186437811e-05         2.6277418871579057e-05         1.4320250715231319e-04
13                                     4.0519445603534157e-05         6.5722100812528944e-05         8.8387257205679978e-05         2.8382999594875094e-05        -4.2100185536612543e-06         6.0145206531188921e-05         1.7365888865437553e-05         9.1280850600552836e-05
14                                    -1.2638175915324825e-05         1.5556115828623272e-05         2.8742322152616436e-05        -1.5988102061596696e-05        -8.2822552749132138e-07         1.4346891353635570e-05         1.4579072737078829e-06         2.0502073560420804e-05
15                                     1.3808477507105555e-03         6.7092860897937615e-05         2.4628564013694638e-04         6.8103181280997736e-05        -1.5568381999909119e-05         1.7670844561457516e-04         5.0064065612242975e-05         2.9723458943756696e-04
16                                    -1.9367570664415145e-03         3.2781215252049512e-05         1.3510054399581810e-04         2.7566601121600129e-05         4.0955189724472505e-05        -1.1573922719587700e-04        -3.1557795070442625e-05        -2.5184127618077588e-04
17                                     4.6337948390775671e-03         8.6292681344123597e-06         2.1797609646578928e-05         4.6789286438782363e-05         1.2143489149742462e-05        -3.7330217250141118e-05        -2.0206978910161254e-05        -8.4034080747666205e-05
18                                    -3.8816328308046532e-03        -8.6553496940689975e-04        -1.3018779863926127e-03        -3.5068924288292645e-04        -7.7678975621633771e-05        -2.0916786559912787e-04        -5.6022823579335968e-05        -1.0745574476554183e-05
19                                    -5.6992815723270231e-03         4.0173385341308297e-05         6.5276830555742037e-04         2.4974910893702884e-04         1.2687357597986510e-05         1.6130777373754216e-04         4.6576169772288549e-05         1.9248984639451394e-04
20                                     8.1209946607022684e-04         4.0932090386350809e-05         3.1529786162743506e-04        -1.9671261050105578e-04         6.5745965777075989e-06         5.8067893615112380e-05         1.0606896203556451e-05         5.6753733885574466e-05
21                                    -2.8282104926954599e-02         2.8425372683480208e-04         2.5639581027039513e-04         6.0089671165135906e-05        -4.0530249913455375e-07         1.3241903031803491e-04         3.7322657715743420e-05         1.2209685661250164e-04
22                                    -6.8707356538678876e-02        -7.7138243884399633e-05        -1.7192077273385032e-04        -5.2919933917351168e-05        -3.9739592988909719e-06        -4.4613973243488026e-05        -1.1582652962847239e-05        -3.3762240288989017e-05
23                                    -4.6070575263080005e-02        -3.4603830916030365e-05        -7.1739006702764875e-05         2.2916770782166929e-05        -1.3211909827611098e-06        -1.8599381341914009e-05        -7.0475100120892851e-06        -1.5008755306260654e-05
24                                    -7.5601638632906074e-04        -3.7912594114673159e-03         2.1458268554857304e-05         2.2148055452100092e-04         5.6046642525319691e-05         3.9345670781734118e-04         1.0915509818991000e-04         3.0791304030332501e-04
25                                     1.4666364204784380e-03        -3.7825751233832366e-03         6.4222048221984239e-04         3.0775849507058461e-04         1.2477772056645987e-04         1.2744636803719303e-04         3.3597300572594466e-05        -4.4894881689289091e-05
26                                    -3.0163054473976705e-03        -8.8604938639357997e-04         1.3811866571569341e-04         3.1183270744112701e-04         3.0678004292584077e-05         1.7979302972584790e-05         2.8499040637137562e-06        -2.3346309262036556e-05
27                                     2.5141485543074614e-05        -8.5871059637845568e-04         2.3036841413022081e-03         5.6133781161275213e-04         3.6179141986912068e-04        -5.1988165008442675e-04        -1.5657836944587227e-04        -1.2349475572058762e-03
28                                     1.4208174239767942e-04         3.1148982528794809e-04        -6.7965225003404836e-04         7.3482044700757740e-04        -1.4726131997310223e-04         1.0713688818502192e-04         3.7317756203528746e-05        -5.0179731465079132e-04
29                                    -7.0392112248612295e-04         2.0108413096174256e-05         6.6244877552869546e-04        -3.2391947913858249e-03        -5.1811846545449689e-05         5.0948796425356614e-05        -8.8519373325197955e-06        -1.0181512965886698e-04
30                                    -6.7636646718949864e-07         9.6260101191159731e-03         2.1655981160497641e-02         5.7199916932842935e-03        -7.1621703814469823e-04         5.0004874433908636e-04         1.3117116703860611e-04         1.4606412572206414e-03
31                                     1.7688567452739810e-05        -3.5807459055386265e-03        -1.2211083290800270e-02        -3.7469352099070014e-03        -4.1012318149291984e-04        -6.0418461892368510e-04         2.8117592034360042e-05         2.4008869130678174e-04
32                                    -3.0681247789195161e-05        -1.2526284930612711e-03        -4.5316779128764962e-03         3.3802198951518939e-04        -1.0988630956892256e-04         3.1072390415555072e-06        -6.7013537608091043e-04         1.6645300463575909e-05
33                                    -3.2424459721265043e-06        -2.1068270384695881e-01         1.3675926857027931e-01         4.3603268559694146e-02         2.0485229692054855e-03         2.2404886525221358e-03         5.9658959973443379e-05        -9.6791284398150255e-04
34                                    -1.6294433504667795e-05         1.3805669705822507e-01        -1.7488214838102031e-01        -4.4168002410775294e-02        -4.4396413228813235e-03         4.9475133584099967e-03         1.3994581015650534e-03         8.7283708767425848e-04
35                                     7.7113751139940196e-06         4.3977772257257297e-02        -4.4121868185135603e-02        -4.4242923309943061e-02        -1.8859144937359630e-03         1.0757738434624773e-03        -3.5173043130304500e-04         3.1425850095475444e-04
36                                     8.9911668320764968e-06        -1.6643498085701577e-02        -9.7387685892794951e-03        -2.0937326314508231e-03         9.3139872237840392e-03         3.5850786140514623e-02         9.7172329907460175e-03        -2.7163431694012599e-03
37                                    -5.6308980898551068e-06         1.9695243888601464e-02         6.8366638172195904e-03         1.6287197135146474e-04        -8.9331377488206590e-03        -3.5466092522165364e-02        -9.1245590503400784e-03        -3.0947333076487248e-03
38                                    -1.3523512453801059e-05         6.0973209054357453e-03         1.0765408297418015e-03         4.1164228559261735e-03        -2.7359911807083442e-03        -1.0223853775687889e-02        -4.3170384897555092e-03        -7.8062425464613594e-04
39                                    -2.7122960368302870e-07         2.9121988039609512e-03        -2.5349089767261667e-04        -2.8355043683996831e-04        -3.6850836677185878e-01         1.7367052745973771e-01         5.7668747957612329e-02         5.9735449243631473e-04
40                                     8.4051603820654418e-06         1.6985179741021098e-03         2.4951833479956581e-03         1.7543770711443021e-03         2.2400682077991549e-01        -1.5859441207757391e-01        -4.8246444105032107e-02        -1.9273830567221549e-03
41                                     6.7142078897587901e-07         2.4990313035244877e-04         1.8091931832466806e-03        -3.5127833155199455e-03         7.1656493149411582e-02        -4.6803296279051956e-02        -1.9664057798470191e-02        -5.6531179677394628e-04
42                                    -1.7505818231664040e-05        -2.7592480699454164e-03        -1.9093441174144778e-03        -2.7783637965048298e-04        -1.0445019174653331e-03        -2.9849257161471809e-03        -7.6280590641510495e-04        -4.2391574722369978e-02
43                                    -4.6102209616232643e-06        -3.1647624077823667e-03        -3.6292699697117062e-04        -1.6442884966714668e-03        -4.8332900827604518e-03        -3.0878864912461529e-03        -1.1470347046777379e-03         3.1670792130363140e-02
44                                     4.4816438859362343e-06        -6.0453859436236657e-04        -1.6812640699356847e-03         5.4661557563247740e-03        -1.2667583496946766e-03        -1.2017765237775282e-03         1.2189947119563209e-03         9.6154010019858169e-03
45                                     2.1756553033588969e-05        -1.0703300341272960e-03        -2.9894245570738173e-04        -5.0947310932775375e-05         8.7006485545382327e-04        -1.7758753388659157e-03        -5.1821909639202478e-04        -1.8569872244741967e-01
46                                     4.6399223833664305e-06         1.1955067982679602e-03         6.6956309315916330e-04         1.1270967543050963e-04         8.5109718995625807e-04         4.6640327037117380e-04         1.6801873969760355e-04         1.7640105327846317e-01
47                                     1.0088679134341431e-06         3.6068684226269008e-04         1.5520257667708050e-04         1.5509945373096579e-04         2.0357110488567170e-04         2.5088830699414527e-04        -1.8683939712273151e-04         5.1750505629396704e-02
48                                    -1.5064591306903307e-06        -5.3038991322173091e-04        -8.3201661085750226e-04        -2.4835652711918958e-04         6.7820583498331153e-04         1.7998388410067074e-03         5.3471897181081346e-04        -4.7572106887752708e-04
49                                     9.9521310563940380e-06        -1.1246831653064495e-03        -1.7514472191905179e-04         4.6818374454748036e-04         8.9621687337557024e-04        -6.0479027316907331e-04        -7.4006344133394769e-04         2.6088622570550786e-03
50                                     8.4374595361887247e-06        -3.4818488106156710e-04         4.3630429420572444e-04        -1.5414502822557801e-03         2.8085666699062138e-04        -7.6099774865084045e-04         1.7446911799710078e-03         7.7051667818777043e-04
51                                     4.2418098033216107e-06         1.5076503249384857e-04         2.5103184339967017e-04         5.5786074026319252e-05         1.2918795246403972e-04        -7.1363553888851650e-04        -2.0412914734459610e-04         7.5324652421151681e-04
52                                    -3.2031669519103954e-06         1.4307547745364676e-04         7.0057350999894131e-05         4.8143323964198082e-05        -3.3582413672392794e-04         8.5774427421208286e-05         9.6462862345785775e-05         9.8649649845018207e-04
53                                    -5.3758651575555496e-06         2.7798294646989987e-05         5.7537505815016745e-05        -1.3821867526925792e-04        -1.0231981878864661e-04         1.1846054734402389e-04        -2.1655691194647438e-04         1.3808492992474649e-04
54                                    -2.7304116730111567e-06         4.5980981602781676e-04        -2.9873801841714832e-03        -6.8900857960802440e-04        -7.0866697252636082e-04        -9.5356276041447187e-05        -2.7753052968933971e-06        -1.0008779916720664e-03
55                                    -3.6249531127182299e-06        -1.9806547134786426e-03        -3.7611598482445614e-03        -2.4333985635681642e-03        -4.4187940019856748e-04         9.0845856267810767e-04         2.8982451713228084e-04         1.0579433853389164e-03
56                                     2.5489036391771269e-05        -3.9057587133144514e-04        -2.3916073249057174e-03         4.6119534676195605e-03        -1.0191922768181012e-04         2.7163981754633381e-04         1.0186036190053342e-05         2.9945308972428896e-04
57                                     2.1206020186749380e-05         4.4773852715380708e-04         2.3737792469317212e-05        -2.3238761156580205e-05        -1.8030950371683747e-04         8.2198121503400628e-04         2.3564335434147804e-04         1.3390435389746269e-03
58                                     8.2007887413803631e-05         1.9460092595516092e-04        -6.2848741430219200e-07        -1.2567389716633642e-05        -7.0197304543023780e-05        -1.2564885831260584e-04        -3.2810988808369798e-05         2.1247939658449122e-05
59                                     2.4741406145076012e-05         3.6383207820216460e-05         3.8219000728993398e-06        -2.3999253303907389e-05        -1.4461730897543771e-05        -7.1161103047978535e-05        -1.5324876812535742e-05        -4.9552134737379344e-05
60                                     3.5937861057333377e-05        -7.7027908810244799e-05        -1.4801342259477667e-04        -4.4698676972167151e-05        -5.3799938336314022e-06        -1.4517893078797871e-04        -4.1049582451210790e-05        -2.5518881737816119e-04
61                                    -1.3112876751205591e-05         1.2775452613305856e-04         1.3967949051442539e-04         4.2827015243267926e-05        -3.4339097049872029e-05         3.4592312105882577e-04         1.0080888038809581e-04         5.8512958812912135e-04
62                                     7.5318169306259252e-05         3.8772838192269648e-05         5.4192299498545592e-05        -1.5037618832373364e-05        -1.0132422861430906e-05         1.1171833607136432e-04         2.1700092805508408e-05         1.8721066740529048e-04
63                                    -3.9706094992932853e-04        -2.5639695929988659e-04         5.4684681070700590e-05         3.9363643641375544e-05         1.5823819057657893e-04        -6.2147340680178311e-04        -1.7688194573859398e-04        -1.1486539473334564e-03
64                                    -2.8484804165535097e-04        -1.7937835542289197e-04        -2.2492034000828258e-04        -1.2652597252934438e-04         2.8944275490237488e-05        -1.5373060702788318e-04        -5.2889176807129241e-05        -3.1814665723532671e-04
65                                     9.3026226617497275e-04        -3.2153168379162313e-05        -1.3710549504091895e-04         2.0637423225667665e-04         3.0185422161910176e-06        -2.8894284268788235e-05         2.8584606900525938e-05        -4.9040506113462342e-05
66                                     7.5966833980285395e-05         1.2663383082681120e-04         1.4049787061546905e-05        -5.2773557980954983e-06        -5.9054395412255802e-05         2.4622169229571937e-04         6.9822153686240719e-05         3.8227771034355431e-04
67                                    -1.0782584568202486e-04         2.4786370232531707e-04         1.8938754123247058e-04         6.1974345377205635e-05        -6.6349602061530402e-05         2.9196346368305214e-04         8.6022505195720297e-05         4.8090768336414786e-04
68                                    -3.5400154603625793e-04         6.3770704758770203e-05         7.4774778334863682e-05        -5.4786291256480211e-05        -1.7453660293510417e-05         7.8082338940380715e-05         9.9570333102962257e-06         1.2522786946603221e-04
69                                    -4.3798693080060523e-05        -1.3500999127259798e-05        -1.3030135638538103e-05        -3.1836382397409105e-06         1.6892700706377050e-06        -1.7022614782733619e-05        -4.8173937349377283e-06        -2.6632243653407358e-05
70                                     2.2771536101690005e-04         3.9991327815954588e-06         1.7602458814635595e-06         8.2440161042952767e-07        -5.8929278745874775e-07         3.2264099081651461e-06         7.8844786392646645e-07         4.9371146318154775e-06
71                                    -6.9600294718750837e-04         1.7083708251918572e-06         1.6644045556368504e-06        -1.3805249303917402e-06        -2.8395596740804138e-07         1.6946152690070846e-06         8.3700901351719384e-07         2.7425451438946510e-06
72                                     6.4430758168296785e-05         5.3469782149653691e-06         6.3234108636824591e-06         1.2866399757209508e-06        -9.7798126347696860e-07         6.8312882829863459e-06         1.9371425692165611e-06         1.0122217451681840e-05
73                                    -4.3362150521472798e-05         5.3542921406441715e-08         5.1995319223591957e-07         1.4385383550601963e-06         8.6485489048459901e-07        -3.5011904955220725e-06        -9.9121151148913428e-07        -6.4923744877240118e-06
74                                     5.2331570438274451e-04        -3.8886821285688827e-07         1.0362866247521766e-06        -4.0775301707352063e-06         2.8757220415330786e-07        -1.3546597298755431e-06        -4.1472430323023985e-07        -2.4306111611751099e-06
75                                     4.2865180308234256e-05        -4.1684197454412144e-05        -1.9260645114499406e-05        -3.2491373221841776e-06         1.7226484963935235e-05        -7.5991410611335052e-05        -2.2146159081646145e-05        -1.1956676502951176e-04
76                                     1.9006922814632198e-05        -8.1753708620653368e-06        -2.0405341548549987e-05        -4.2209486689286273e-06        -2.6529491083602239e-06         1.3030439757735817e-06         5.9369748548238782e-07         3.1789027421150857e-06
77                                    -4.3280783163577079e-05        -1.0705157604827890e-06        -4.0611280698023495e-06        -5.8276814203677199e-06        -1.4521169679629632e-06         3.3461120759683568e-06         9.8507470152434952e-07         5.6981471580184559e-06
78                                     3.0371751570148344e-02        -7.6654416389798145e-05        -1.7017451202162767e-05         1.4205275932298837e-06        -9.2632509704158048e-06        -4.3004464323951640e-06        -6.0538625222315661e-07         7.5427268442371313e-07
79                                     7.3582261359102868e-02         6.3082775035881451e-05         2.2961922352001443e-05        -8.6611092467241656e-07         6.4121915774277419e-06        -6.2026861301519003e-07        -1.0814642228508325e-06        -7.3119341680624836e-06
80                                     4.0779903228302571e-02         2.3463651235636166e-05         3.9907045270391124e-06         9.3063354492814389e-06         2.3663302875508196e-06        -7.2725166057381081e-07         2.2967172816956409e-06        -2.2208112582796995e-06
81                                     2.3463651235636166e-05         2.2427983218930092e-01        -1.4567068073756412e-01        -4.6776099876363719e-02        -8.5103758028823350e-04        -1.6559328887632190e-03        -4.9985982709061167e-04        -2.2349438777000344e-04
82                                     3.9907045270391124e-06        -1.4567068073756412e-01         1.8114026481024698e-01         4.8748127331892946e-02         7.1033910063959382e-04        -1.4608288424874661e-04        -2.5092225952763549e-04        -2.0713042292000363e-04
83                                     9.3063354492814389e-06        -4.6776099876363719e-02         4.8748127331892946e-02         3.7021629110281597e-02         2.5939929531818234e-04        -2.2194438532897051e-04        -8.9198087231790878e-05        -5.3166229097375347e-05
84                                     2.3663302875508196e-06        -8.5103758028823350e-04         7.1033910063959382e-04         2.5939929531818234e-04         3.5854175764509760e-01        -2.0719650265304360e-01        -6.6216979929251074e-02         2.8227399665520703e-05
85                                    -7.2725166057381081e-07        -1.6559328887632190e-03        -1.4608288424874661e-04        -2.2194438532897051e-04        -2.0719650265304360e-01         1.9176363708879970e-01         5.7393127662834220e-02         2.0591809750788054e-04
86                                     2.2967172816956409e-06        -4.9985982709061167e-04        -2.5092225952763549e-04        -8.9198087231790878e-05        -6.6216979929251074e-02         5.7393127662834220e-02         2.2604863969121890e-02         5.6678641000120308e-05
87                                    -2.2208112582796995e-06        -2.2349438777000344e-04        -2.0713042292000363e-04        -5.3166229097375347e-05         2.8227399665520703e-05         2.0591809750788054e-04         5.6678641000120308e-05         2.2954369497938681e-01
88                                     2.1375601681289133e-06        -1.9340860324940367e-04        -1.3675514131472876e-05         5.8520044921961769e-05         9.2435526165403028e-05         1.2451991691233980e-05        -5.6720886152993391e-06        -2.0822713844359236e-01
89                                     8.8857576339182020e-08        -5.0466600961572539e-05         6.3751066746167655e-05        -2.0337777431414294e-04         2.7670900067684674e-05        -6.1317992230445291e-06         2.4927924583977902e-05        -6.1400321581440001e-02
90                                    -8.2743781169713094e-07        -2.6947809217884105e-05        -1.1704142745243870e-04        -2.5890255613725578e-05         2.1763037025112842e-05         1.2257634961586295e-04         2.7538369640260749e-05         1.1554485590624538e-03
91                                     7.4446362957543725e-07         2.1073377543171998e-05         4.7644656214710588e-05        -6.6045095183499695e-06         2.6809916415110552e-05        -1.5500077980268225e-04         7.7724040774509355e-06        -4.2654560829696528e-04
92                                     9.1180557789576414e-07         9.7551314803339011e-06        -1.4931071006330749e-05         9.0985174105483188e-05         4.7688344578112999e-07         3.5310835138201851e-06        -1.8580390028589055e-04        -1.2596839690855546e-04
93                                    -1.7847484915231715e-06         4.3822688024221728e-04         1.2401459510402377e-03         3.5750823054632230e-04        -4.3729435938090545e-05        -1.2196795276262715e-04        -3.1127546812297050e-05         3.0942229645472910e-04
94                                     9.2334948130177194e-07        -3.6618088804860820e-04        -4.9074180738322261e-04        -3.7279446738686627e-04         7.4628595459366119e-05         2.2925412093182713e-05        -1.3947363808465633e-05        -4.8263700807131072e-05
95                                    -2.9351755435606699e-06        -8.5494784960246574e-05        -4.2951245784891585e-04         8.0359285612063435e-04         2.3561598562372830e-05        -7.7183080987333711e-06         5.9832934613674382e-05        -1.9984558982561973e-05
96                                    -2.4435259047529893e-05        -5.7588889603143718e-06        -1.3564691016640970e-05        -2.9083412183084030e-06        -8.0382140199613465e-06        -2.9642973223383744e-06        -2.9403506465312021e-07         6.9305717512778225e-06
97                                    -2.0980199902183896e-06        -1.7622621421119357e-05         2.2364160765953655e-05         5.6009262718295020e-07         1.9886728824746891e-05        -8.0673488980323617e-05        -2.3530332542069172e-05        -1.2983936682005228e-04
98                                     2.5884882100513562e-05        -3.6291428100227680e-06         1.3245730637075607e-06         2.1526365828559567e-05         5.9641372220116797e-06        -2.3491657700455766e-05        -5.6616934207676768e-06        -3.7801623936572086e-05
                                                        88                          89                          90                          91                          92                          93                          94                          95

0                                     -9.8834503882356639e-05        -3.1110616135908900e-05         4.7858405610230910e-05        -8.2067483569105140e-05        -2.1084358935280678e-05         1.0828189652641390e-04         3.7238512223355906e-06        -1.4230023871478081e-06
1                                      1.2090727525839985e-04         3.7934231654035736e-05        -5.0610220672195122e-05         8.8014527638788104e-05         2.2682215289622308e-05        -1.0115343290379075e-04        -3.0233783137516377e-07         3.5020238749887319e-06
2                                      4.0065994282500629e-05         1.2289008295025708e-05        -1.6931207137379410e-05         2.9724214515695289e-05         7.2449916170736780e-06        -3.4622964455185293e-05         1.1008239457182463e-06        -3.2964515122678445e-06
3                                      5.0170470476013009e-05         1.6252983028289879e-05        -5.0267690551724796e-05         7.8405251740289048e-05         1.9970934249615644e-05        -1.9677818013390770e-04        -2.0018644673221175e-05        -1.6131870107807757e-06
4                                     -1.1282825387652886e-04        -3.4811010317396883e-05         2.9674759474724579e-05        -5.8847899583469891e-05        -1.4507184564635170e-05         1.0779057938301603e-05        -9.0868728694827757e-06        -6.2427723694652047e-06
5                                     -3.5067342439449526e-05        -1.2098217498337298e-05         1.0896264222186846e-05        -2.0355256051359075e-05        -6.8774461945199800e-06         1.2063654081445991e-05        -4.5715136423563573e-06         7.4159222306572069e-06
6                                     -2.3632306335866552e-05        -7.1538115324152129e-06         1.0037248485250292e-05        -2.2275848607182801e-05        -6.0525340451022104e-06         4.2818727594047155e-05         1.0247972626779530e-05         3.3052105680331532e-06
7                                      8.8972957296388144e-05         2.7236022066726913e-05        -1.4455372543988249e-05         3.6308824889859034e-05         9.0556092950318414e-06         6.3668133019740663e-05         1.9309929764870713e-05         5.6420103741257506e-06
8                                      2.6818831854401808e-05         9.2677339919770588e-06        -4.5670515839077306e-06         1.1435914398837574e-05         3.3792756507667007e-06         1.6861592669610441e-05         5.8408503492343575e-06        -7.8352323262492036e-08
9                                      2.1775940612854777e-04         6.8331577078851319e-05        -6.0522501531060193e-05         1.3215240948026647e-04         3.4003824506830668e-05         3.0867920241823608e-05         1.5173787673406045e-05         4.4281534100149150e-06
10                                     5.8819207111200552e-05         1.6640198387486794e-05        -2.9485692804028576e-05         4.9996987015646312e-05         1.3257397460785047e-05        -1.2505713225283730e-04        -2.0511504753776937e-05         2.6767356884659029e-06
11                                     5.3721222754771940e-06         9.3480159432642760e-06        -5.7986182834553761e-06         8.9227087042503215e-06         8.0009469653359306e-07        -3.8601686487877108e-05        -3.4613785705513037e-07        -2.3869556128194204e-05
12                                    -1.0856879129388835e-04        -3.4467855949399338e-05         4.4985725709674609e-05        -8.1094467105731325e-05        -2.0805479756330544e-05         9.8133215016091172e-05        -6.3249854769975751e-06        -2.9855960089240712e-06
13                                    -7.0390693492993996e-05        -2.0973644691721331e-05         2.5198853668613417e-05        -5.5700823448580426e-05        -1.4275900360540282e-05         1.0899152131250555e-05         8.0947955214058780e-06         9.7234619525032699e-07
14                                    -1.5158419962213516e-05        -7.7555221494799893e-06         5.2897261868360684e-06        -1.2698871871335399e-05        -3.9910667869610150e-06        -1.1971037385115257e-06         2.1433927317150242e-06         1.9277262622585280e-06
15                                    -2.3680054290982301e-04        -7.3262867203779724e-05         7.1791744006506852e-05        -1.5413860368914938e-04        -4.0103990569360795e-05         7.7029773705132132e-05         1.0561337825033162e-05         2.6080253352796907e-06
16                                     2.1605264802748792e-04         6.6309768446498482e-05        -5.6439251290221954e-05         1.0661030203310760e-04         2.8844310429753406e-05         1.1842085859973227e-04         5.6793146778938745e-05         2.4387181727958455e-05
17                                     6.9913833497605902e-05         2.6726229503524923e-05        -1.8745791615516056e-05         3.8573335586696905e-05         1.7562904197092991e-06         2.8262473866711815e-05         2.2560514587741194e-05        -1.5823970406022127e-05
18                                    -6.2634310819522135e-05        -2.2090854803617159e-05        -4.4182002549377462e-05         1.2028721795768874e-04         3.3897824173462080e-05        -4.4037042482186100e-04        -1.3183467824069505e-04        -3.0900869459233654e-05
19                                    -1.7385232016934002e-04        -4.4711379897191930e-05         4.3324966962043240e-05        -8.9798251347244338e-05        -2.7100197927607526e-05        -2.7749057400699179e-05         1.5506379360223692e-05        -1.3156868113195981e-05
20                                    -3.9594331536558461e-05        -4.4053564895264626e-05         1.4018217414591396e-05        -3.5107593729486401e-05         4.2916148051092172e-06         1.3171625903892564e-05        -3.7353494940039588e-06         5.1447341338694367e-05
21                                    -6.6973044426838467e-05        -2.1286890763127524e-05         6.5127204238921946e-05        -1.0784290783897750e-04        -2.7407172696675608e-05         2.2701549930551822e-04         1.8394348847694845e-05         2.9208604749033859e-06
22                                     2.2570460346412786e-05         5.1945612400129378e-06        -1.7543159422154234e-05         2.8268993468469445e-05         6.7930549524889306e-06        -8.2542588393879799e-05        -2.5508305773687444e-06        -1.1657961011089785e-05
23                                     7.3772712023546620e-06         9.3234805956887595e-06        -7.9741792508048750e-06         1.2752582029203793e-05         5.3800165869127847e-06        -3.3580225867638700e-05        -1.3603440454073060e-05         3.8889688836761516e-05
24                                    -6.9536905266431864e-05        -2.3440698621295782e-05         1.8728035764909459e-04        -4.4658210093510766e-04        -1.1543867452884066e-04         7.6271694730253555e-04         1.0196321696608551e-04         1.6346236149929983e-05
25                                     1.6144363672812188e-05         4.9954473878704997e-06        -1.1675999211205150e-05        -2.1967775776777902e-05        -1.0775492241413365e-05        -6.3007920458762589e-04        -1.0273486904313471e-04         5.0362876489125125e-05
26                                     3.9494072007635719e-06         1.0615527965475327e-05        -1.1329722437588443e-05         8.4054402198055532e-06         1.8136720896856957e-05        -2.1521041347080679e-04         3.3877348929671209e-05        -2.3094693745444648e-04
27                                     9.8611210602034044e-04         3.1252450537984128e-04        -2.0314646962749154e-04         5.3147823004726417e-04         1.3722480020758991e-04         8.9043379766708900e-04        -4.7120296013639790e-04        -2.9588946412710537e-04
28                                     2.7882980732209191e-04         7.7718515028873041e-05        -9.5026565204214873e-05         4.4938868878391803e-04         1.2342567919399042e-04         4.4719031542810386e-05         1.6226247044798074e-04         9.6276423623855298e-04
29                                     3.8183135375119436e-05         6.0563167040764151e-05        -1.6580448559134884e-05         1.1204176939061722e-04         1.1054838255689396e-05        -1.2310625247625409e-04         9.8828427338266880e-04        -3.0569910855100034e-03
30                                    -1.2834382820212137e-03        -4.1520750183594195e-04        -3.9653607285070514e-04        -6.3728255507817849e-04        -1.7927364970255345e-04         1.0057255684110629e-02        -5.4277634256606339e-03        -1.7750437458230652e-03
31                                    -5.4627304852901794e-04        -1.2272506287786439e-04         3.9101989706895795e-04        -5.7989066906629012e-04         7.0986123154960948e-05         2.2613083847578132e-02        -1.1737068792927713e-02        -4.2637226148263957e-03
32                                    -7.9562463316630539e-05        -1.6417745462566705e-04         1.2143815865233035e-04        -1.5174600086729372e-05        -6.5249615689746022e-04         6.0045894420893923e-03        -3.4384387775182150e-03         9.6930291286522093e-05
33                                     1.1251841287769010e-03         4.0300667667932078e-04        -4.3290779455133419e-04        -8.7591765691471353e-04        -2.9040972600494262e-04        -3.6472270278621096e-03         3.2758213765709714e-03         1.2092001507387935e-03
34                                     1.0442513787720944e-03        -1.2869499441499116e-04        -5.4418663766750267e-04         5.1074721935062597e-04         1.2334695782636351e-04         2.6373803456517866e-03         7.6990967863900528e-04        -1.4649238222510103e-03
35                                    -1.1727274856237484e-04         1.3319799667573171e-03        -1.4606120303739336e-04         1.7629817257314346e-04         1.8316064936065631e-05         1.0094009922655370e-03        -1.4943519127767757e-03         5.2934650172959535e-03
36                                    -5.9548797472433156e-03        -1.5382455867943264e-03         1.7170380108112006e-03        -6.4650942770166052e-05         4.5876172403038114e-05        -1.5011809913611299e-03        -3.7827374093312880e-04        -1.0426301075705990e-04
37                                    -1.4524628758488861e-03        -5.1619086422594052e-04         7.8241807585899639e-04        -1.4118934102066126e-03        -9.3673023445755448e-04         2.1997358476512179e-04         2.2010916886754800e-04         5.1424699656197823e-04
38                                    -3.9390018007095574e-04         6.3275086382769000e-04         2.4362022018917809e-04        -8.6691487588496741e-04         1.4428455677752510e-03         6.2257381900327684e-05         5.3150611136042712e-04        -1.4916069894382682e-03
39                                     9.2310571918835895e-04         2.4816586052893680e-04        -4.5045458043015932e-04         2.8776659245490627e-04         8.9962070441931006e-05         3.4573623912875111e-04         4.5674599374446014e-06        -1.4261828655703068e-05
40                                     4.9463014331403688e-04         2.0104500375158721e-04        -1.4681796207545103e-05         6.5841862621695028e-04         2.0704201362932168e-04         1.5409056149118900e-04         2.8488561742273281e-04         1.4148799520689710e-04
41                                     1.0820209139001958e-04         2.6317884531885331e-05         2.3530598072084438e-06         2.3914129530830342e-04        -1.8176757113572484e-04         2.4236478034897755e-05         1.4260524645571905e-04        -1.8874947289994221e-04
42                                    -5.8545109900361506e-03        -4.4231824476503000e-04        -6.9734864159746047e-03         9.2399857610485706e-04         4.8695859789309529e-04        -4.4125736104177245e-03        -4.7090163760558912e-04         1.7704500017208698e-04
43                                     1.1718170901791947e-02         2.5241592678442019e-03         2.7869416069789274e-03         1.3131310411812237e-03        -1.8229142107369783e-04         3.1173041489945472e-04         1.0985336820183537e-03        -1.3803032790276042e-03
44                                     3.4913175794978675e-03         1.4233055963090713e-04         1.0295546975946175e-03        -2.2674860440894187e-05         1.4627155983208454e-03         3.9296315153858861e-04        -1.3699502602936607e-03         5.7258909158464880e-03
45                                     2.2322210446544433e-01         6.4350158611279393e-02         1.1457825099149797e-03         1.5413635762536672e-03         5.0034777092401142e-04        -5.9790984926801560e-04         8.4754127113375200e-06         1.7114586441560148e-05
46                                    -3.1642684291959861e-01        -8.8291986510841136e-02        -1.9408171143834229e-03         1.2521405935564981e-03         1.9919765580454009e-04        -1.5478620761453341e-03         2.1966147934942182e-05         1.0990497244981444e-04
47                                    -8.9441782941924758e-02        -3.1817183603442233e-02        -5.8768350799358045e-04         2.2494823907337995e-04         3.5762729764551502e-04        -4.2270694365232242e-04         5.6160648626124929e-05        -1.8798764642286324e-04
48                                    -9.6922246961860005e-03        -2.7519941049105956e-03         5.7197321054746255e-03        -3.0958417881495684e-03        -9.4586188607952149e-04        -2.9971192572028635e-03         1.2096565682447186e-03         4.6600569663399205e-04
49                                     1.3507534744665838e-03         9.4419984770731206e-05         4.0456948094554246e-02        -2.8177137043597898e-02        -8.8189384399868231e-03        -2.6814816403159372e-02        -4.2258269100122203e-03        -1.3718654038525485e-03
50                                     3.6150713814799744e-04         9.5360918298666858e-04         1.0137717707896478e-02        -6.7494037744492974e-03        -4.1670286770841879e-03        -7.1917281946871827e-03        -2.1677016190039238e-03         3.2305312039905484e-03
51                                     1.5134306626200175e-03         3.4104472064416141e-04        -8.5083475562921243e-02        -1.0923680922800554e-01        -2.4889155579106426e-02         3.7700091299441574e-03         9.1634943580070488e-04         5.7078248588530306e-05
52                                     2.0197615958166201e-03         6.3712648535036798e-04        -1.5929312431970538e-01        -4.3393852029197222e-01        -1.0468415472402762e-01        -8.4154457475371940e-04         1.5158411159598435e-03         1.4719020486119270e-03
53                                     4.4511571456266408e-04        -2.6592257740131039e-04        -3.7630325392934455e-02        -1.0688348245208171e-01        -2.7473569978080547e-02        -4.5053072923416669e-04         1.4803446085627271e-03        -3.5438007026252351e-03
54                                     1.5974390066695321e-03         4.7209798186216952e-04         1.3515431759329750e-03        -3.4529455343637466e-03        -8.8199294904845252e-04        -6.5427227034932839e-02        -4.8158135937907257e-02        -1.2157105227443956e-02
55                                    -5.5335514451350723e-04        -2.3371182470556084e-05         2.0086653076510875e-03         3.7369449237000651e-03         1.3883937313083688e-03        -5.2278002860660040e-02        -3.2034889834014002e-01        -7.8656551824894366e-02
56                                    -6.5673279996408037e-05        -5.2556947474535645e-04         5.2565858173542093e-04         1.3725360297206384e-03        -1.3653302854354740e-04        -1.3337391169990097e-02        -7.8749983192265255e-02        -5.2091378376192141e-02
57                                    -1.1905861717598325e-03        -3.7044075650825370e-04         1.8524128637188817e-04        -6.6188868707361839e-04        -1.6980233130042943e-04        -3.3521474682995664e-03         5.7966666883765101e-04         2.1469481250621528e-04
58                                    -3.2959038212134026e-06         1.5747476009108198e-07         1.0472680334505199e-04         5.2880930748993877e-05         2.9226782754036319e-05         3.6273339881881068e-03         7.2958719481669128e-04         1.3918753626701786e-04
59                                     4.7217866276565149e-05         1.1793238512885580e-05         2.0536486064997111e-05         5.8469224289594939e-05        -4.3869384281771005e-05         1.1648913402905086e-03         1.9302543790866147e-04         1.4994381085180024e-04
60                                     3.5193504714045766e-04         1.0720724583964964e-04         1.1613142050570957e-04         7.0967157963583362e-05         1.7292623787766080e-05        -2.4231958483284331e-03        -4.6064774585932410e-03        -1.2234371198743038e-03
61                                    -3.9343856879803729e-04        -1.3597132003527658e-04         2.3676278106032314e-04        -3.2868011521491381e-04        -8.4829668313808344e-05        -3.1873035814642512e-03        -3.3969176726222385e-03        -7.5556559293523447e-04
62                                    -1.3997339040069904e-04        -1.4276860675045214e-05         6.9731285171793881e-05        -1.0327357002623409e-04        -2.1038866809510146e-05        -8.5077967488511770e-04        -7.8812193196903160e-04        -4.0813295508475051e-04
63                                     9.4690559855710238e-04         2.9595163701801687e-04        -2.6403373590419782e-04         5.6527111287038264e-04         1.4522080786955215e-04         4.1146168358957916e-04         1.0041556557469918e-04         5.6060297989983575e-05
64                                     2.5967288948941861e-04         8.3852870224451428e-05        -9.0245144416275461e-05         1.6274945198055035e-04         3.4340029682050166e-05        -3.9064961155144205e-04        -1.4606943862699386e-04        -1.0923162329563209e-04
65                                     4.4085413626075281e-05        -3.0591879490791778e-07        -1.5638443307321043e-05         1.7846781561757510e-05         3.1734638109397127e-05        -1.0542187248657444e-04        -1.1047983074145098e-04         1.9931952901342410e-04
66                                    -2.8461537671246862e-04        -8.9677420884036230e-05         1.3225574256079840e-04        -2.1249248958788041e-04        -5.4417007251979742e-05         4.3502650475555661e-04        -8.6021544778619658e-05        -3.2940666504422365e-05
67                                    -3.9068645178279429e-04        -1.2135855816033963e-04         1.1499596458822801e-04        -2.5889070004862883e-04        -6.5762917580937093e-05        -5.2333579450280349e-05         3.4967441398507269e-05         1.3285412534292689e-05
68                                    -1.0298660760493060e-04        -3.2468139214446030e-05         2.7816967365589054e-05        -6.6236270260420076e-05        -1.8991792355742384e-05        -4.1047864252151116e-05         2.6163341192069511e-05        -3.3446058988717819e-05
69                                     1.9829516448972498e-05         6.2787892806432131e-06        -8.6460870032162345e-06         1.4690120597288120e-05         3.7800605565507553e-06        -1.7322814218722712e-05        -3.5195194459484449e-07         2.2661719786428965e-07
70                                    -3.6948631538566532e-06        -1.1949327811728172e-06         1.3288346284715175e-06        -2.3988069726048951e-06        -6.6819636859166963e-07         3.5614064708754808e-06         5.3354265176135205e-08         1.0169541036151499e-06
71                                    -2.0846714468989956e-06        -4.5814729913439158e-07         8.0074569796045138e-07        -1.5015218312164737e-06        -2.7710805145535723e-07         1.8190558275443263e-06         9.7724520200585978e-07        -3.2405055235396883e-06
72                                    -7.5074908671446009e-06        -2.3521000804174138e-06         3.5142017210000728e-06        -6.0067275683355179e-06        -1.5247793633937043e-06         9.8196439307783232e-06         7.2104995639111060e-07         2.6140301552552653e-07
73                                     5.0647314158470415e-06         1.7643901073359547e-06        -1.9535824678617030e-06         3.2165520628724378e-06         7.5263979628343771e-07        -6.9714380077356703e-06        -5.1740405537202821e-07        -1.7430940160331433e-06
74                                     2.0247437735533054e-06         4.1409379995557179e-08        -7.5422807105638464e-07         1.1449361738857928e-06         5.6711117110240376e-07        -2.4152169905983256e-06        -1.7598978881117091e-06         5.0926960610148853e-06
75                                     8.9192379385041079e-05         2.8645339414436126e-05        -4.2361306548766077e-05         6.5558285296295619e-05         1.6645790720010431e-05        -1.5097307548751836e-04         1.0133209661257871e-05         4.5740389422343391e-06
76                                    -2.3026147820241771e-06        -9.0774379381890102e-07         2.2609443619868020e-06         4.2963090530775234e-07        -3.3103332561851739e-08         1.4448910484503839e-05        -3.0117290436994628e-06        -2.1758824382399609e-06
77                                    -4.2320771045437474e-06        -1.4391388272762986e-06         2.3996274847374472e-06        -2.6821846355939325e-06         1.7377892213569417e-07         1.0542018391016969e-05        -2.4163972064511870e-06         3.8205327010671774e-06
78                                    -1.6679874461655682e-06        -5.3408927042455402e-07         2.3486462833821695e-07        -2.4015475296288336e-07        -1.5428294905779161e-08         3.0533048568969553e-06        -4.9467093230575149e-07        -3.0473636504960173e-07
79                                     6.3353771182206840e-06         2.0709216253603947e-06        -2.4820974022862904e-06         3.3177129140930843e-06         6.2845827923253676e-07        -5.1134695646515153e-06        -5.8060283462333653e-07         1.0141924457752587e-06
80                                     2.1375601681289133e-06         8.8857576339182020e-08        -8.2743781169713094e-07         7.4446362957543725e-07         9.1180557789576414e-07        -1.7847484915231715e-06         9.2334948130177194e-07        -2.9351755435606699e-06
81                                    -1.9340860324940367e-04        -5.0466600961572539e-05        -2.6947809217884105e-05         2.1073377543171998e-05         9.7551314803339011e-06         4.3822688024221728e-04        -3.6618088804860820e-04        -8.5494784960246574e-05
82                                    -1.3675514131472876e-05         6.3751066746167655e-05        -1.1704142745243870e-04         4.7644656214710588e-05        -1.4931071006330749e-05         1.2401459510402377e-03        -4.9074180738322261e-04        -4.2951245784891585e-04
83                                     5.8520044921961769e-05        -2.0337777431414294e-04        -2.5890255613725578e-05        -6.6045095183499695e-06         9.0985174105483188e-05         3.5750823054632230e-04        -3.7279446738686627e-04         8.0359285612063435e-04
84                                     9.2435526165403028e-05         2.7670900067684674e-05         2.1763037025112842e-05         2.6809916415110552e-05         4.7688344578112999e-07        -4.3729435938090545e-05         7.4628595459366119e-05         2.3561598562372830e-05
85                                     1.2451991691233980e-05        -6.1317992230445291e-06         1.2257634961586295e-04        -1.5500077980268225e-04         3.5310835138201851e-06        -1.2196795276262715e-04         2.2925412093182713e-05        -7.7183080987333711e-06
86                                    -5.6720886152993391e-06         2.4927924583977902e-05         2.7538369640260749e-05         7.7724040774509355e-06        -1.8580390028589055e-04        -3.1127546812297050e-05        -1.3947363808465633e-05         5.9832934613674382e-05
87                                    -2.0822713844359236e-01        -6.1400321581440001e-02         1.1554485590624538e-03        -4.2654560829696528e-04        -1.2596839690855546e-04         3.0942229645472910e-04        -4.8263700807131072e-05        -1.9984558982561973e-05
88                                     3.0335662122089851e-01         8.5565016351458661e-02         2.4325043762439434e-03        -9.8227012591498410e-04         1.1596450241161316e-04        -2.0985778336859648e-04        -1.8113258898284641e-05        -2.8657696346185731e-05
89                                     8.5565016351458661e-02         3.0912039586929837e-02         6.5782052753178089e-04         5.5070733055220420e-05        -1.1740487479791840e-03        -5.9470447389590027e-05        -3.2085371094438383e-05         9.8995117949982745e-05
90                                     2.4325043762439434e-03         6.5782052753178089e-04         8.3411428427146800e-02         1.1417821196776230e-01         2.6162975254213853e-02        -1.3766471078183675e-03        -1.3562520661138232e-03        -5.3524828762651689e-04
91                                    -9.8227012591498410e-04         5.5070733055220420e-05         1.1417821196776230e-01         4.5761479355085494e-01         1.1241500510820029e-01         1.0128451133115748e-03        -1.3707266086051336e-04         2.0897525098688570e-06
92                                     1.1596450241161316e-04        -1.1740487479791840e-03         2.6162975254213853e-02         1.1241500510820029e-01         3.0625539769253980e-02         5.3799718148599227e-05         1.9924344585457276e-05        -3.8997885713829299e-05
93                                    -2.0985778336859648e-04        -5.9470447389590027e-05        -1.3766471078183675e-03         1.0128451133115748e-03         5.3799718148599227e-05         6.8659253576590099e-02         5.5707634889790011e-02         1.4152660191398889e-02
94                                    -1.8113258898284641e-05        -3.2085371094438383e-05        -1.3562520661138232e-03        -1.3707266086051336e-04         1.9924344585457276e-05         5.5707634889790011e-02         3.3611643292939508e-01         8.5224430867561374e-02
95                                    -2.8657696346185731e-05         9.8995117949982745e-05        -5.3524828762651689e-04         2.0897525098688570e-06        -3.8997885713829299e-05         1.4152660191398889e-02         8.5224430867561374e-02         4.5383433051782239e-02
96                                     6.3278808203033686e-06         1.0710014688515199e-06         2.6421110624582082e-05        -5.4740738366527433e-06        -9.4684584449835252e-07        -9.2160594870874767e-05        -5.2518968655319235e-04        -1.2345831353216216e-04
97                                     7.3472133502234187e-05         2.9352631947285526e-05        -8.2321184514316803e-05         8.3066140296848216e-05         1.6613016566397734e-05        -1.3621572697763912e-03        -4.3717343220451340e-04        -1.6626123565012407e-04
98                                     2.6127086376457157e-05        -9.8726141414245097e-06        -2.3737597191064747e-05         1.9175072957092494e-05         2.1830961454007744e-05        -3.6804102019336347e-04        -1.6516464332872675e-04         1.7075348558533474e-04
                                                        96                          97                          98

0                                      2.7446033428365330e-04        -3.3409013766441914e-04        -1.0871976294572682e-04
1                                     -5.0041266585530578e-04         3.1855041750045062e-04         1.1126177476111288e-04
2                                     -1.5806220416042619e-04         1.0604493586021969e-04         4.5982689179625282e-05
3                                      4.1856538829394016e-04         6.2154965254168333e-04         1.6398966250950257e-04
4                                      9.6366653882078623e-04        -4.1591973161828793e-05        -4.2839454822525861e-05
5                                      2.6111954779769970e-04        -3.2169970985679281e-05        -4.8642423428967805e-05
6                                      1.6033355172627353e-04        -1.8618309876747752e-04        -6.1525334691891990e-05
7                                     -1.2727145555624249e-03        -2.6977789598029973e-04        -3.0173211345638253e-05
8                                     -3.7816849592880433e-04        -7.3153857569290139e-05         2.9180298395944335e-06
9                                     -1.4411391075072862e-03        -2.6136276498844163e-04        -5.6577899879968973e-07
10                                     1.3653889851247369e-03         6.2574810741251126e-04         9.7271084529812523e-06
11                                     4.8302453219249762e-04         7.6354458500198564e-05         4.0640653978253117e-04
12                                     2.5116752872724954e-03        -2.0438052662386658e-04        -1.6225716929223059e-04
13                                    -1.8601564031653932e-03        -4.2276180863847743e-05         6.0535719054111218e-05
14                                    -6.5733176075743267e-04        -7.6270627404042483e-06         3.9195184585322918e-05
15                                     1.4041924757725475e-03        -6.8640386390088261e-04        -2.9757730922776865e-04
16                                    -4.6542039864030885e-03        -1.3746379476363875e-03         4.7650319002101420e-05
17                                    -1.4598058037457614e-03        -1.0863364226312237e-04        -8.7543836324420314e-04
18                                     3.0297846773267422e-03         1.3080045975796817e-03         2.6658879010112835e-04
19                                     1.4496690911453729e-03        -9.9408926043897754e-05        -1.4045691240877745e-04
20                                     2.9313253842123765e-04        -1.3879081923123671e-04         1.3112588865761898e-04
21                                    -5.8282660991657497e-04        -6.7871161346427105e-04        -1.8006005422762294e-04
22                                    -1.7822576594938558e-04         2.3924120185813354e-04         1.0659072166579091e-04
23                                    -3.1748862846314453e-05         1.2944008460324702e-04        -5.8915748603781219e-05
24                                    -2.1503160524830450e-03        -2.4330230492504508e-03        -5.3864472567489877e-04
25                                     1.2238071366011474e-03         6.9949976461394770e-04        -5.1935945137196492e-04
26                                     5.4993317558950209e-04        -3.7069919590635114e-04         2.1649151105151971e-03
27                                    -2.8673541332991854e-03         4.0292715008727140e-03         1.2789257013534555e-03
28                                     5.6160362608241830e-03        -1.4209839517256850e-03        -2.7136260532750582e-04
29                                     1.7226107180140782e-03        -2.0872598779100859e-04        -1.3704419853863010e-03
30                                    -1.2959315315302271e-03        -4.2045704077295788e-04        -7.8564910597999255e-05
31                                    -5.3393968323992859e-04        -2.1349906229255552e-04        -1.9917825138373023e-04
32                                    -8.9091449615917541e-05        -2.0416881784263185e-04         4.6266482201463160e-04
33                                     2.6986675062551412e-04         1.0526162234645247e-04         2.5179056669833577e-05
34                                     2.9152904209224295e-04         8.0819544637744287e-05         3.8127530320962677e-05
35                                     7.2573662845350559e-05         3.7802751772922182e-05        -4.8996843643431281e-05
36                                    -2.1820315852550990e-04         1.1265272140462173e-04         2.7666841160791034e-05
37                                     7.2818476058824949e-05        -5.8999433283373945e-04        -1.5318984056749367e-04
38                                     2.4748356754181597e-05        -1.4683080953848269e-04        -1.0551171125993737e-04
39                                     1.5980139579075423e-05         8.4450202760577391e-05         2.4628439013675411e-05
40                                    -6.9520871756895727e-05         5.1125503954125705e-04         1.4752363455752647e-04
41                                    -2.0408666941080798e-05         1.3777793172347204e-04         4.6460722840892542e-05
42                                     1.5316702823985724e-05        -6.5315195175471273e-04        -1.9383902158226125e-04
43                                    -1.1584555553257285e-04        -3.4929235505537515e-04        -7.7426401084674032e-05
44                                    -3.3806367956508573e-05        -4.5093944117767428e-05        -1.2571375013826125e-04
45                                     5.1083983238260638e-05         1.0507236629328344e-03         3.0440834486988264e-04
46                                    -1.2241618037708190e-05         2.9181232230777207e-04         5.1741804784639515e-05
47                                    -1.5072965840911054e-06         1.3666727952315859e-05         1.2025809256413821e-04
48                                     2.2311471928028990e-04        -2.7121111636676929e-04        -8.1794981108671217e-05
49                                    -2.1203716655419008e-04         9.5365302252762435e-04         3.8218817051692382e-04
50                                    -8.4136204833395805e-05         3.6807343714739544e-04        -2.5073544093147555e-04
51                                    -2.7169327490644585e-05         4.0520428304072675e-04         1.1728457646022124e-04
52                                     4.6059157472353666e-06        -3.5280430776559021e-04        -1.0252248809142443e-04
53                                     1.1984909566991277e-06        -1.0658051308251923e-04        -3.1281397456663394e-05
54                                    -5.7395748821332203e-04         8.7930003472216889e-04         2.4274734472164324e-04
55                                     1.8784730462335041e-04         4.8549263035291821e-04         3.4144165493742412e-05
56                                     6.5359910151541694e-05         4.9885031785395036e-05         3.2664639491040916e-04
57                                     1.8652830557698508e-02        -1.1699651048108864e-02        -4.2123710216136504e-03
58                                     1.4085319309418285e-02        -4.9038301780415079e-02        -1.4877952718682110e-02
59                                     3.3295296262351188e-03        -1.3679753103649168e-02        -4.7375060198458331e-03
60                                    -2.2466725783525632e-01        -1.7452670606808751e-01        -4.1637288828117278e-02
61                                    -2.1337221319608479e-01        -2.4490182246261663e-01        -6.0190439526659270e-02
62                                    -5.3070890305208868e-02        -6.1856928307632786e-02        -2.4629512761255495e-02
63                                    -2.3891481291887992e-03        -1.8872559521337928e-03        -3.5147447130128712e-04
64                                     1.9915645789511362e-02        -5.9359206743456183e-04        -1.6743928780806085e-03
65                                     6.0861474504407690e-03        -8.8169711599425486e-04         2.0384359510927487e-03
66                                     1.1190716402653258e-02        -6.6220435978919974e-04        -1.0464136041233993e-03
67                                    -1.0156426123833825e-02        -1.2114417421352081e-03         1.3837284959051341e-03
68                                    -3.8112051536656334e-03         1.0266681679116790e-03        -4.5475722961022952e-03
69                                    -8.4793121079810294e-05         5.5026094850631904e-05         1.9703020166376582e-05
70                                     3.1685324623563144e-05        -1.2804173354148929e-05        -6.1262810242826904e-06
71                                     1.4013216824781988e-05        -7.5482230740706659e-06         8.3558385108619922e-07
72                                     3.7499194324595831e-05        -3.4349950492500387e-05        -1.3335359734410283e-05
73                                    -2.7912720148912657e-05         3.6487107424615127e-05         2.2764549260592711e-05
74                                    -1.1639726906325807e-05         2.3063786822216091e-05        -2.9855769281541624e-05
75                                    -4.4041858601296009e-03         3.2432920246346021e-04         2.6575350961553486e-04
76                                     8.2927888461838985e-04        -4.0056303074934626e-05         2.8560476163415186e-05
77                                     4.2282089128949872e-04         4.8972102724900734e-05        -2.5797996295088936e-04
78                                     4.9010550960572555e-05         1.3474452878596305e-07        -8.1595601776610267e-07
79                                    -7.8781071142162301e-05         1.7645231233068444e-05         8.8914528814503793e-07
80                                    -2.4435259047529893e-05        -2.0980199902183896e-06         2.5884882100513562e-05
81                                    -5.7588889603143718e-06        -1.7622621421119357e-05        -3.6291428100227680e-06
82                                    -1.3564691016640970e-05         2.2364160765953655e-05         1.3245730637075607e-06
83                                    -2.9083412183084030e-06         5.6009262718295020e-07         2.1526365828559567e-05
84                                    -8.0382140199613465e-06         1.9886728824746891e-05         5.9641372220116797e-06
85                                    -2.9642973223383744e-06        -8.0673488980323617e-05        -2.3491657700455766e-05
86                                    -2.9403506465312021e-07        -2.3530332542069172e-05        -5.6616934207676768e-06
87                                     6.9305717512778225e-06        -1.2983936682005228e-04        -3.7801623936572086e-05
88                                     6.3278808203033686e-06         7.3472133502234187e-05         2.6127086376457157e-05
89                                     1.0710014688515199e-06         2.9352631947285526e-05        -9.8726141414245097e-06
90                                     2.6421110624582082e-05        -8.2321184514316803e-05        -2.3737597191064747e-05
91                                    -5.4740738366527433e-06         8.3066140296848216e-05         1.9175072957092494e-05
92                                    -9.4684584449835252e-07         1.6613016566397734e-05         2.1830961454007744e-05
93                                    -9.2160594870874767e-05        -1.3621572697763912e-03        -3.6804102019336347e-04
94                                    -5.2518968655319235e-04        -4.3717343220451340e-04        -1.6516464332872675e-04
95                                    -1.2345831353216216e-04        -1.6626123565012407e-04         1.7075348558533474e-04
96                                     2.0247045765423588e-01         1.8754174306389726e-01         4.6644090112199277e-02
97                                     1.8754174306389726e-01         2.9663102555959953e-01         7.5999015887955559e-02
98                                     4.6644090112199277e-02         7.5999015887955559e-02         3.1107798076289054e-02
   &MODES [&Type "ArrayOfDoubles", &Dim (99,99)] "The modes of vibrations"
                                                         0                           1                           2                           3                           4                           5                           6                           7

0                                      0.0000000000000000e+00         0.0000000000000000e+00         0.0000000000000000e+00         0.0000000000000000e+00         0.0000000000000000e+00         0.0000000000000000e+00         2.3786336708709441e-03         3.6863479558866701e-03
1                                      0.0000000000000000e+00         0.0000000000000000e+00         0.0000000000000000e+00         0.0000000000000000e+00         0.0000000000000000e+00         0.0000000000000000e+00        -1.9657787051409685e-02        -2.6037764813712682e-04
2                                      0.0000000000000000e+00         0.0000000000000000e+00         0.0000000000000000e+00         0.0000000000000000e+00         0.0000000000000000e+00         0.0000000000000000e+00         6.5568286470710904e-02         7.5377107451932122e-03
3                                      0.0000000000000000e+00         0.0000000000000000e+00         0.0000000000000000e+00         0.0000000000000000e+00         0.0000000000000000e+00         0.0000000000000000e+00         1.5854140966953935e-03         2.3773902336004992e-03
4                                      0.0000000000000000e+00         0.0000000000000000e+00         0.0000000000000000e+00         0.0000000000000000e+00         0.0000000000000000e+00         0.0000000000000000e+00        -1.2169702113384778e-02        -5.7559142512282851e-04
5                                      0.0000000000000000e+00         0.0000000000000000e+00         0.0000000000000000e+00         0.0000000000000000e+00         0.0000000000000000e+00         0.0000000000000000e+00         4.0882482951900688e-02         5.7258586746374183e-03
6                                      0.0000000000000000e+00         0.0000000000000000e+00         0.0000000000000000e+00         0.0000000000000000e+00         0.0000000000000000e+00         0.0000000000000000e+00         7.5261323078784366e-04         3.8141014707242502e-03
7                                      0.0000000000000000e+00         0.0000000000000000e+00         0.0000000000000000e+00         0.0000000000000000e+00         0.0000000000000000e+00         0.0000000000000000e+00        -5.3057045809853072e-03        -1.6088048836332112e-02
8                                      0.0000000000000000e+00         0.0000000000000000e+00         0.0000000000000000e+00         0.0000000000000000e+00         0.0000000000000000e+00         0.0000000000000000e+00         1.7138066752256868e-02         6.0231758469326317e-02
9                                      0.0000000000000000e+00         0.0000000000000000e+00         0.0000000000000000e+00         0.0000000000000000e+00         0.0000000000000000e+00         0.0000000000000000e+00        -2.1845448145500188e-04         2.7525803738483847e-03
10                                     0.0000000000000000e+00         0.0000000000000000e+00         0.0000000000000000e+00         0.0000000000000000e+00         0.0000000000000000e+00         0.0000000000000000e+00         1.8228666173003079e-03        -1.5338469137093823e-02
11                                     0.0000000000000000e+00         0.0000000000000000e+00         0.0000000000000000e+00         0.0000000000000000e+00         0.0000000000000000e+00         0.0000000000000000e+00        -6.8158421413909206e-03         5.5444317056270995e-02
12                                     0.0000000000000000e+00         0.0000000000000000e+00         0.0000000000000000e+00         0.0000000000000000e+00         0.0000000000000000e+00         0.0000000000000000e+00        -1.1494882988058836e-03         4.0335620794988668e-03
13                                     0.0000000000000000e+00         0.0000000000000000e+00         0.0000000000000000e+00         0.0000000000000000e+00         0.0000000000000000e+00         0.0000000000000000e+00         8.4550627956987701e-03        -3.0011872787411051e-02
14                                     0.0000000000000000e+00         0.0000000000000000e+00         0.0000000000000000e+00         0.0000000000000000e+00         0.0000000000000000e+00         0.0000000000000000e+00        -2.9554979082681062e-02         1.0717042283852594e-01
15                                     0.0000000000000000e+00         0.0000000000000000e+00         0.0000000000000000e+00         0.0000000000000000e+00         0.0000000000000000e+00         0.0000000000000000e+00        -2.4981474830691562e-04         2.0562251917404970e-04
16                                     0.0000000000000000e+00         0.0000000000000000e+00         0.0000000000000000e+00         0.0000000000000000e+00         0.0000000000000000e+00         0.0000000000000000e+00         2.0729004796672208e-03         6.7592283552024850e-04
17                                     0.0000000000000000e+00         0.0000000000000000e+00         0.0000000000000000e+00         0.0000000000000000e+00         0.0000000000000000e+00         0.0000000000000000e+00        -7.0434892533168675e-03        -3.5403211457443839e-03
18                                     0.0000000000000000e+00         0.0000000000000000e+00         0.0000000000000000e+00         0.0000000000000000e+00         0.0000000000000000e+00         0.0000000000000000e+00         5.9821446716631487e-04        -1.0425514064388481e-03
19                                     0.0000000000000000e+00         0.0000000000000000e+00         0.0000000000000000e+00         0.0000000000000000e+00         0.0000000000000000e+00         0.0000000000000000e+00        -4.5177302020409172e-03         1.3724650374790755e-02
20                                     0.0000000000000000e+00         0.0000000000000000e+00         0.0000000000000000e+00         0.0000000000000000e+00         0.0000000000000000e+00         0.0000000000000000e+00         1.5790051508622383e-02        -4.9538156006132421e-02
21                                     0.0000000000000000e+00         0.0000000000000000e+00         0.0000000000000000e+00         0.0000000000000000e+00         0.0000000000000000e+00         0.0000000000000000e+00         1.5207027219553918e-03        -7.3674016714927090e-05
22                                     0.0000000000000000e+00         0.0000000000000000e+00         0.0000000000000000e+00         0.0000000000000000e+00         0.0000000000000000e+00         0.0000000000000000e+00        -1.1625493395408764e-02         1.4452821182950203e-02
23                                     0.0000000000000000e+00         0.0000000000000000e+00         0.0000000000000000e+00         0.0000000000000000e+00         0.0000000000000000e+00         0.0000000000000000e+00         3.9768805764911271e-02        -4.9795886330675172e-02
24                                     0.0000000000000000e+00         0.0000000000000000e+00         0.0000000000000000e+00         0.0000000000000000e+00         0.0000000000000000e+00         0.0000000000000000e+00         6.4013597773032965e-04        -2.8101946438699281e-03
25                                     0.0000000000000000e+00         0.0000000000000000e+00         0.0000000000000000e+00         0.0000000000000000e+00         0.0000000000000000e+00         0.0000000000000000e+00        -4.5213173818061808e-03         2.4533675117497624e-02
26                                     0.0000000000000000e+00         0.0000000000000000e+00         0.0000000000000000e+00         0.0000000000000000e+00         0.0000000000000000e+00         0.0000000000000000e+00         1.6240183577063021e-02        -8.9805139153342137e-02
27                                     0.0000000000000000e+00         0.0000000000000000e+00         0.0000000000000000e+00         0.0000000000000000e+00         0.0000000000000000e+00         0.0000000000000000e+00        -2.0777502282266468e-04        -2.7258431982082917e-03
28                                     0.0000000000000000e+00         0.0000000000000000e+00         0.0000000000000000e+00         0.0000000000000000e+00         0.0000000000000000e+00         0.0000000000000000e+00         1.0244002258436968e-03         1.9893149479506853e-02
29                                     0.0000000000000000e+00         0.0000000000000000e+00         0.0000000000000000e+00         0.0000000000000000e+00         0.0000000000000000e+00         0.0000000000000000e+00        -2.9825094515019308e-03        -7.5297562962010609e-02
30                                     0.0000000000000000e+00         0.0000000000000000e+00         0.0000000000000000e+00         0.0000000000000000e+00         0.0000000000000000e+00         0.0000000000000000e+00        -6.9259746789776227e-05        -2.1103938985280175e-03
31                                     0.0000000000000000e+00         0.0000000000000000e+00         0.0000000000000000e+00         0.0000000000000000e+00         0.0000000000000000e+00         0.0000000000000000e+00         4.5525664057700905e-04         1.5425772173636557e-02
32                                     0.0000000000000000e+00         0.0000000000000000e+00         0.0000000000000000e+00         0.0000000000000000e+00         0.0000000000000000e+00         0.0000000000000000e+00        -1.4646983644492526e-03        -6.0007559141705011e-02
33                                     0.0000000000000000e+00         0.0000000000000000e+00         0.0000000000000000e+00         0.0000000000000000e+00         0.0000000000000000e+00         0.0000000000000000e+00        -1.9331814593121527e-03        -2.0965424725862335e-03
34                                     0.0000000000000000e+00         0.0000000000000000e+00         0.0000000000000000e+00         0.0000000000000000e+00         0.0000000000000000e+00         0.0000000000000000e+00         1.6096920307082759e-02         1.0537986363224856e-02
35                                     0.0000000000000000e+00         0.0000000000000000e+00         0.0000000000000000e+00         0.0000000000000000e+00         0.0000000000000000e+00         0.0000000000000000e+00        -5.7766140347017055e-02        -4.2055496361875049e-02
36                                     0.0000000000000000e+00         0.0000000000000000e+00         0.0000000000000000e+00         0.0000000000000000e+00         0.0000000000000000e+00         0.0000000000000000e+00        -1.7688468691276825e-03        -1.1108026501550270e-03
37                                     0.0000000000000000e+00         0.0000000000000000e+00         0.0000000000000000e+00         0.0000000000000000e+00         0.0000000000000000e+00         0.0000000000000000e+00         1.6093413869312914e-02        -1.8716756641099176e-03
38                                     0.0000000000000000e+00         0.0000000000000000e+00         0.0000000000000000e+00         0.0000000000000000e+00         0.0000000000000000e+00         0.0000000000000000e+00        -5.7717757931585727e-02         6.3877200896363152e-03
39                                     0.0000000000000000e+00         0.0000000000000000e+00         0.0000000000000000e+00         0.0000000000000000e+00         0.0000000000000000e+00         0.0000000000000000e+00        -2.2846914610938195e-03        -2.4789587235622508e-03
40                                     0.0000000000000000e+00         0.0000000000000000e+00         0.0000000000000000e+00         0.0000000000000000e+00         0.0000000000000000e+00         0.0000000000000000e+00         3.1450825861932707e-02        -8.4259104794733100e-03
41                                     0.0000000000000000e+00         0.0000000000000000e+00         0.0000000000000000e+00         0.0000000000000000e+00         0.0000000000000000e+00         0.0000000000000000e+00        -1.1444935861767347e-01         3.1985247771249288e-02
42                                     0.0000000000000000e+00         0.0000000000000000e+00         0.0000000000000000e+00         0.0000000000000000e+00         0.0000000000000000e+00         0.0000000000000000e+00        -1.0543907573965075e-04         2.9737335577453893e-04
43                                     0.0000000000000000e+00         0.0000000000000000e+00         0.0000000000000000e+00         0.0000000000000000e+00         0.0000000000000000e+00         0.0000000000000000e+00        -8.6677343254563011e-04        -9.1262274119028736e-03
44                                     0.0000000000000000e+00         0.0000000000000000e+00         0.0000000000000000e+00         0.0000000000000000e+00         0.0000000000000000e+00         0.0000000000000000e+00         3.0934713578818439e-03         3.5432366450508734e-02
45                                     0.0000000000000000e+00         0.0000000000000000e+00         0.0000000000000000e+00         0.0000000000000000e+00         0.0000000000000000e+00         0.0000000000000000e+00         9.8100297497948340e-05         1.5814412085558044e-03
46                                     0.0000000000000000e+00         0.0000000000000000e+00         0.0000000000000000e+00         0.0000000000000000e+00         0.0000000000000000e+00         0.0000000000000000e+00        -1.7972335294274546e-03        -2.3278847913705270e-02
47                                     0.0000000000000000e+00         0.0000000000000000e+00         0.0000000000000000e+00         0.0000000000000000e+00         0.0000000000000000e+00         0.0000000000000000e+00         5.5110417458408278e-03         8.8993977991039072e-02
48                                     0.0000000000000000e+00         0.0000000000000000e+00         0.0000000000000000e+00         0.0000000000000000e+00         0.0000000000000000e+00         0.0000000000000000e+00         1.6456564939358034e-03         1.9808383274400100e-04
49                                     0.0000000000000000e+00         0.0000000000000000e+00         0.0000000000000000e+00         0.0000000000000000e+00         0.0000000000000000e+00         0.0000000000000000e+00        -1.6748533401186341e-02        -2.2734471566824019e-03
50                                     0.0000000000000000e+00         0.0000000000000000e+00         0.0000000000000000e+00         0.0000000000000000e+00         0.0000000000000000e+00         0.0000000000000000e+00         6.0701135747634041e-02         9.8966740860353015e-03
51                                     0.0000000000000000e+00         0.0000000000000000e+00         0.0000000000000000e+00         0.0000000000000000e+00         0.0000000000000000e+00         0.0000000000000000e+00         3.4716729845418177e-03         1.6118488136314226e-03
52                                     0.0000000000000000e+00         0.0000000000000000e+00         0.0000000000000000e+00         0.0000000000000000e+00         0.0000000000000000e+00         0.0000000000000000e+00        -3.2462656104140154e-02        -9.8915424502784392e-03
53                                     0.0000000000000000e+00         0.0000000000000000e+00         0.0000000000000000e+00         0.0000000000000000e+00         0.0000000000000000e+00         0.0000000000000000e+00         1.1847442475337150e-01         4.0049464196413316e-02
54                                     0.0000000000000000e+00         0.0000000000000000e+00         0.0000000000000000e+00         0.0000000000000000e+00         0.0000000000000000e+00         0.0000000000000000e+00         1.6346342279974246e-03        -9.1888510052101017e-04
55                                     0.0000000000000000e+00         0.0000000000000000e+00         0.0000000000000000e+00         0.0000000000000000e+00         0.0000000000000000e+00         0.0000000000000000e+00        -1.6225474288031911e-02         9.9206923177098290e-03
56                                     0.0000000000000000e+00         0.0000000000000000e+00         0.0000000000000000e+00         0.0000000000000000e+00         0.0000000000000000e+00         0.0000000000000000e+00         5.8030363420024128e-02        -3.8171157465870131e-02
57                                     0.0000000000000000e+00         0.0000000000000000e+00         0.0000000000000000e+00         0.0000000000000000e+00         0.0000000000000000e+00         0.0000000000000000e+00        -1.0353579742251569e-03        -2.6324280117045831e-03
58                                     0.0000000000000000e+00         0.0000000000000000e+00         0.0000000000000000e+00         0.0000000000000000e+00         0.0000000000000000e+00         0.0000000000000000e+00         7.6762209063305437e-03         1.4817002559086183e-02
59                                     0.0000000000000000e+00         0.0000000000000000e+00         0.0000000000000000e+00         0.0000000000000000e+00         0.0000000000000000e+00         0.0000000000000000e+00        -2.5755493541490437e-02        -5.6985890229569826e-02
60                                     0.0000000000000000e+00         0.0000000000000000e+00         0.0000000000000000e+00         0.0000000000000000e+00         0.0000000000000000e+00         0.0000000000000000e+00        -1.9493598476911500e-03        -2.6125737088580243e-03
61                                     0.0000000000000000e+00         0.0000000000000000e+00         0.0000000000000000e+00         0.0000000000000000e+00         0.0000000000000000e+00         0.0000000000000000e+00         1.4785485036680821e-02         1.3831170628892751e-02
62                                     0.0000000000000000e+00         0.0000000000000000e+00         0.0000000000000000e+00         0.0000000000000000e+00         0.0000000000000000e+00         0.0000000000000000e+00        -4.9813011061529272e-02        -5.3887228806063357e-02
63                                     0.0000000000000000e+00         0.0000000000000000e+00         0.0000000000000000e+00         0.0000000000000000e+00         0.0000000000000000e+00         0.0000000000000000e+00        -1.1696814081934234e-03        -1.0116648891477795e-03
64                                     0.0000000000000000e+00         0.0000000000000000e+00         0.0000000000000000e+00         0.0000000000000000e+00         0.0000000000000000e+00         0.0000000000000000e+00         8.5999423770589875e-03         3.1993787450423565e-03
65                                     0.0000000000000000e+00         0.0000000000000000e+00         0.0000000000000000e+00         0.0000000000000000e+00         0.0000000000000000e+00         0.0000000000000000e+00        -2.9135861114635578e-02        -1.4494901523517583e-02
66                                     0.0000000000000000e+00         0.0000000000000000e+00         0.0000000000000000e+00         0.0000000000000000e+00         0.0000000000000000e+00         0.0000000000000000e+00        -2.1880133700635730e-03        -3.9729214381961658e-04
67                                     0.0000000000000000e+00         0.0000000000000000e+00         0.0000000000000000e+00         0.0000000000000000e+00         0.0000000000000000e+00         0.0000000000000000e+00         1.5600136987279379e-02        -6.6162136928074773e-03
68                                     0.0000000000000000e+00         0.0000000000000000e+00         0.0000000000000000e+00         0.0000000000000000e+00         0.0000000000000000e+00         0.0000000000000000e+00        -5.3013240869727835e-02         2.0065689728680579e-02
69                                     0.0000000000000000e+00         0.0000000000000000e+00         0.0000000000000000e+00         0.0000000000000000e+00         0.0000000000000000e+00         0.0000000000000000e+00         2.3881618271932121e-03         5.4074155270076281e-03
70                                     0.0000000000000000e+00         0.0000000000000000e+00         0.0000000000000000e+00         0.0000000000000000e+00         0.0000000000000000e+00         0.0000000000000000e+00        -1.9670729483036581e-02        -1.1306177425446040e-02
71                                     0.0000000000000000e+00         0.0000000000000000e+00         0.0000000000000000e+00         0.0000000000000000e+00         0.0000000000000000e+00         0.0000000000000000e+00         6.4086782804620060e-02         4.9584485769186532e-02
72                                     0.0000000000000000e+00         0.0000000000000000e+00         0.0000000000000000e+00         0.0000000000000000e+00         0.0000000000000000e+00         0.0000000000000000e+00         8.1617057404696389e-04         5.8071541849103658e-03
73                                     0.0000000000000000e+00         0.0000000000000000e+00         0.0000000000000000e+00         0.0000000000000000e+00         0.0000000000000000e+00         0.0000000000000000e+00        -5.6882050939495764e-03        -2.8628383323651491e-02
74                                     0.0000000000000000e+00         0.0000000000000000e+00         0.0000000000000000e+00         0.0000000000000000e+00         0.0000000000000000e+00         0.0000000000000000e+00         1.7835050380230495e-02         1.0584178993630497e-01
75                                     0.0000000000000000e+00         0.0000000000000000e+00         0.0000000000000000e+00         0.0000000000000000e+00         0.0000000000000000e+00         0.0000000000000000e+00        -1.7826855071302059e-03         2.5494062151770096e-03
76                                     0.0000000000000000e+00         0.0000000000000000e+00         0.0000000000000000e+00         0.0000000000000000e+00         0.0000000000000000e+00         0.0000000000000000e+00         1.2784038017874913e-02        -2.5335850671053255e-02
77                                     0.0000000000000000e+00         0.0000000000000000e+00         0.0000000000000000e+00         0.0000000000000000e+00         0.0000000000000000e+00         0.0000000000000000e+00        -4.4151572936802899e-02         8.8809299679884032e-02
78                                     0.0000000000000000e+00         0.0000000000000000e+00         0.0000000000000000e+00         0.0000000000000000e+00         0.0000000000000000e+00         0.0000000000000000e+00         2.2423627470924633e-03        -8.5764382551707619e-04
79                                     0.0000000000000000e+00         0.0000000000000000e+00         0.0000000000000000e+00         0.0000000000000000e+00         0.0000000000000000e+00         0.0000000000000000e+00        -1.6948768310386560e-02         2.4716042854444342e-02
80                                     0.0000000000000000e+00         0.0000000000000000e+00         0.0000000000000000e+00         0.0000000000000000e+00         0.0000000000000000e+00         0.0000000000000000e+00         5.8093373877953054e-02        -8.6203933990212686e-02
81                                     0.0000000000000000e+00         0.0000000000000000e+00         0.0000000000000000e+00         0.0000000000000000e+00         0.0000000000000000e+00         0.0000000000000000e+00        -3.6515452430764248e-03        -2.8522493009976776e-03
82                                     0.0000000000000000e+00         0.0000000000000000e+00         0.0000000000000000e+00         0.0000000000000000e+00         0.0000000000000000e+00         0.0000000000000000e+00         2.8845738431690793e-02         1.4595043184964771e-02
83                                     0.0000000000000000e+00         0.0000000000000000e+00         0.0000000000000000e+00         0.0000000000000000e+00         0.0000000000000000e+00         0.0000000000000000e+00        -1.0479379427069674e-01        -5.7732929826744724e-02
84                                     0.0000000000000000e+00         0.0000000000000000e+00         0.0000000000000000e+00         0.0000000000000000e+00         0.0000000000000000e+00         0.0000000000000000e+00        -2.2224485228812063e-03        -4.4504119662263954e-03
85                                     0.0000000000000000e+00         0.0000000000000000e+00         0.0000000000000000e+00         0.0000000000000000e+00         0.0000000000000000e+00         0.0000000000000000e+00         4.3485029668426115e-02        -5.1617534962965827e-03
86                                     0.0000000000000000e+00         0.0000000000000000e+00         0.0000000000000000e+00         0.0000000000000000e+00         0.0000000000000000e+00         0.0000000000000000e+00        -1.5239777608294400e-01         1.2205593610877929e-02
87                                     0.0000000000000000e+00         0.0000000000000000e+00         0.0000000000000000e+00         0.0000000000000000e+00         0.0000000000000000e+00         0.0000000000000000e+00         8.5160983567789898e-04         2.0179323590386717e-03
88                                     0.0000000000000000e+00         0.0000000000000000e+00         0.0000000000000000e+00         0.0000000000000000e+00         0.0000000000000000e+00         0.0000000000000000e+00        -1.5528319302353270e-02        -2.7119607667994816e-02
89                                     0.0000000000000000e+00         0.0000000000000000e+00         0.0000000000000000e+00         0.0000000000000000e+00         0.0000000000000000e+00         0.0000000000000000e+00         5.5022161049601614e-02         1.0345282196663208e-01
90                                     0.0000000000000000e+00         0.0000000000000000e+00         0.0000000000000000e+00         0.0000000000000000e+00         0.0000000000000000e+00         0.0000000000000000e+00         4.6002047178744752e-03         7.5757609722478154e-04
91                                     0.0000000000000000e+00         0.0000000000000000e+00         0.0000000000000000e+00         0.0000000000000000e+00         0.0000000000000000e+00         0.0000000000000000e+00        -4.3611765547775433e-02        -5.3539997979216011e-03
92                                     0.0000000000000000e+00         0.0000000000000000e+00         0.0000000000000000e+00         0.0000000000000000e+00         0.0000000000000000e+00         0.0000000000000000e+00         1.6260756912205701e-01         2.2599070379882579e-02
93                                     0.0000000000000000e+00         0.0000000000000000e+00         0.0000000000000000e+00         0.0000000000000000e+00         0.0000000000000000e+00         0.0000000000000000e+00         3.3748870497180114e-03        -4.2175310945578685e-04
94                                     0.0000000000000000e+00         0.0000000000000000e+00         0.0000000000000000e+00         0.0000000000000000e+00         0.0000000000000000e+00         0.0000000000000000e+00        -2.9317041401948171e-02         1.3373579909990118e-02
95                                     0.0000000000000000e+00         0.0000000000000000e+00         0.0000000000000000e+00         0.0000000000000000e+00         0.0000000000000000e+00         0.0000000000000000e+00         1.0514351606254996e-01        -5.1346135287939361e-02
96                                     0.0000000000000000e+00         0.0000000000000000e+00         0.0000000000000000e+00         0.0000000000000000e+00         0.0000000000000000e+00         0.0000000000000000e+00        -2.6848616824834103e-03        -8.6200847130256755e-04
97                                     0.0000000000000000e+00         0.0000000000000000e+00         0.0000000000000000e+00         0.0000000000000000e+00         0.0000000000000000e+00         0.0000000000000000e+00         1.9788176746160305e-02         3.3565010802285920e-03
98                                     0.0000000000000000e+00         0.0000000000000000e+00         0.0000000000000000e+00         0.0000000000000000e+00         0.0000000000000000e+00         0.0000000000000000e+00        -6.6841698927336643e-02        -1.8566141755583843e-02
                                                         8                           9                          10                          11                          12                          13                          14                          15

0                                      1.0881917148212883e-02        -7.9731651104351459e-02         2.5785881289708953e-03         2.8892980623179761e-03         4.6856945902873483e-03         7.4511769558161717e-02         5.5415471999727354e-03        -6.4435103773215555e-02
1                                     -3.0217621160829496e-02        -4.9652975293432260e-02         2.8641222248690350e-03        -1.5706093536655863e-02        -1.2934028326753270e-02         2.3381496992238744e-02         2.6229020111901244e-02        -2.8593530965211753e-02
2                                      1.1469799053951894e-01        -1.4441354995704985e-03        -4.4310639177147868e-03         5.4194666580473103e-02         4.8935729664114476e-02         8.1645284756617952e-04        -7.2037440810776468e-02        -1.5995717492399173e-02
3                                      5.3823558862484940e-03        -5.1046629330352075e-02         1.2331371266723296e-03         4.6154883064717219e-04         4.3529740773581279e-04         4.8092561779487668e-02         1.9105917913898266e-03        -8.0060165054546967e-03
4                                     -7.0956382705971146e-03        -2.9337974679674313e-02         2.3704861184560113e-03         7.8802237643011818e-04         5.6730668771486133e-03         6.3226385898107725e-03        -1.4090332203905738e-02         1.6051415748133445e-03
5                                      3.2114392131614322e-02        -4.4067250780065311e-03        -5.7145217947939331e-03        -1.5931072836371783e-03        -1.7137303016819500e-02         1.5908673908043543e-03         4.4599055067532166e-02         6.5363076799314834e-03
6                                      2.3050890217953305e-03        -2.4115344107201134e-02         2.5454038013688861e-03        -1.0424381378168984e-03        -2.8908728096282982e-04         4.4612689603170837e-02         2.0104197555229335e-03         2.2536733318011891e-02
7                                      1.4611362687833235e-03        -4.1188246217605598e-02        -1.1683301129759913e-02         1.0318954035454657e-02         5.1925381973175798e-03         4.7124205974342064e-03        -4.5011908206539310e-02        -1.7501976161636495e-02
8                                      6.0669714051173008e-03        -7.7148594526875724e-03         4.3540110570785648e-02        -3.3961346629720945e-02        -1.4254921734247486e-02         3.4772985785419329e-03         1.5694243935864538e-01         3.0730776848836783e-02
9                                     -1.8034786873556334e-03         1.2588991570042017e-03         1.0053559551849861e-03        -1.2408159517395525e-03        -1.4522570435930502e-03         3.8056765856368649e-02        -6.6484017510522074e-03         4.7412705506211704e-02
10                                     1.3984350227493308e-02        -2.1926404346710636e-02        -7.2698213067176332e-03         9.7005664116247871e-03         5.5224514792713061e-03        -2.6108660218064480e-03        -1.5928031636471086e-02         1.1348186165935999e-02
11                                    -4.1449970305162766e-02        -7.0958236316781458e-03         2.6388386232003510e-02        -3.2414382918731527e-02        -1.8031885052142923e-02        -1.1543187904696673e-03         4.6296798471864957e-02         1.1149817079522886e-02
12                                    -4.5496708947014679e-03         3.0397761651563108e-02         2.1370646253838325e-03        -2.2490749120116157e-03        -1.3661191601176481e-03         4.0131087541916612e-02        -2.2305270777792631e-02         9.9489967528261225e-02
13                                     1.8994590246338375e-02        -3.4834443604576451e-02        -2.0760323135945134e-02         1.4941273664905309e-02        -3.2468698771801960e-03        -2.7940435735064194e-03         3.6998952544208277e-02         4.4745958150459253e-03
14                                    -5.5177072452482864e-02        -9.2417934906072509e-03         7.4013996058636275e-02        -5.0008438741171536e-02         1.3774439832749400e-02        -6.1949808953159742e-03        -1.2485439152219989e-01        -3.0248718687654403e-02
15                                    -2.5205946244753041e-03        -1.8613909065321290e-03        -1.5130653598003523e-03        -3.0672400087066229e-04        -2.1754336393914114e-03         3.4306453544447578e-02        -4.7085153400828637e-03         3.7502849656864387e-02
16                                     1.7344637532843560e-02         1.2297753144346736e-02         8.5104146099021817e-03         3.5321795693962206e-03         9.8479533867766311e-03        -1.3946564308091150e-02        -2.2985421873139629e-02         4.9553071336376681e-02
17                                    -6.1484852045748904e-02        -2.5601337125422314e-03        -3.1350926919306944e-02        -1.2476840972353055e-02        -3.7673785754983195e-02        -3.8734832789048454e-03         4.9856445485633109e-02         2.3028156257093601e-02
18                                    -6.9323542493183034e-04        -2.4092581328352177e-02        -1.4943722675142569e-03        -8.4644563591307885e-04        -2.2042261437113259e-03         2.0862901632627846e-02        -3.8166636867964492e-03         2.2804418909938579e-02
19                                     1.5957356193019752e-02         2.3532686938031944e-02         1.2086028613100855e-02         7.1377376792148631e-03         1.2713915983008648e-02        -1.0708676454190245e-02        -1.1496832086224923e-02         5.7362657556675113e-02
20                                    -5.9851036763666834e-02        -1.0697587996079578e-03        -4.4791731741758940e-02        -2.4806229135904568e-02        -4.8373036395230121e-02        -2.6237991710489116e-03         7.1297520572765902e-03         1.2677599984968112e-02
21                                     3.1463729332233000e-03        -5.3050245530558517e-02        -7.5102805107113142e-04        -3.3982204376366607e-04        -1.7727487869693536e-03         4.2067295680853184e-02        -7.9809993500262017e-04        -6.0357769898843287e-03
22                                     5.9887982324062844e-03         4.6355007404849527e-03         1.4109486205861620e-02         5.7229748211990970e-03         1.8263876948089373e-02        -4.6864404497671663e-03        -4.8398702221415209e-03         4.9190697805625599e-02
23                                    -2.0819049719212335e-02        -2.6504123046840375e-03        -4.9691846194765181e-02        -1.9251192745712530e-02        -6.4834107153031117e-02        -9.6270157591936162e-04        -9.7514083709977148e-03        -3.8293565905175796e-03
24                                    -1.8863499841924427e-03        -2.2689318992963111e-02        -1.5768260998104888e-03        -7.9891300206588755e-04        -4.9249266574827799e-04         6.6800806012518865e-03        -7.0865083945103246e-03         2.8097465079836990e-02
25                                     2.1482245523733498e-02         4.8498020572794301e-02         1.1018084196966423e-02         6.4597613109351332e-03        -4.9344446561662382e-04         2.5979911443145915e-03         1.0147997331739662e-02         3.5764684674504173e-02
26                                    -8.6255672060814123e-02         2.5355548698637914e-03        -4.3431867744153571e-02        -2.2979383131829328e-02        -4.0457626869949683e-03        -1.0097320694790980e-03        -5.6184906270096716e-02         5.5489393483303326e-03
27                                    -1.6800083464543137e-04        -7.9102242963116978e-03         5.5432002599352999e-04        -1.2607808823086833e-03         9.1631457618486110e-04        -5.6525200309847992e-03        -1.2237775273449898e-03         3.1645542842852407e-03
28                                     2.1949215446720807e-03         5.5375083610930263e-02        -4.9317205618098769e-03         8.1266873904462487e-03        -9.8141699200507970e-03         1.1208475880106525e-02         4.4998245877074100e-03         6.0736843707978804e-03
29                                    -2.2698830469327521e-02         1.2094891815816732e-02         1.1185637077587749e-02        -2.8921174356954495e-02         2.9095045812951303e-02         2.5150172084818382e-03        -2.1741649047693396e-02         6.1281594114217155e-03
30                                    -2.4887338902094354e-04        -4.7724347341545114e-03         2.2718333537954894e-03        -3.4146757411046091e-04         2.6340957545176436e-03        -3.7314308670769979e-02         4.7502586633193172e-04         5.3474320044293996e-03
31                                     1.3963954107000924e-03         4.5410473984255240e-02        -1.9110150913703949e-02         1.2800992381084605e-03        -2.3958737111119364e-02         3.2720405453784462e-02         4.3551811750234667e-03        -5.0766708040782343e-02
32                                    -1.7605991505543359e-02         1.2826645675801175e-02         6.3736415003970759e-02        -5.3665808391103074e-03         8.4300143808984873e-02         1.1001394537026947e-02         1.0605028916122717e-02        -7.5522323616077072e-03
33                                    -2.7563376263543258e-03         3.1503092509367961e-02         1.2550130507370436e-03         2.8980765192869771e-04         1.0958094249941196e-03        -4.5904171097639772e-02         4.7595610700897429e-03        -1.8577730348705319e-02
34                                     1.4158744707557839e-03         3.7807091316207221e-02        -2.0087160653550734e-02        -3.7614053603598633e-03        -2.1381575904082205e-02         3.1940127804606387e-02        -4.4935380321443365e-04        -5.2057278108182579e-02
35                                    -1.5582674115437112e-02         1.0951885454050630e-02         6.8368567510735459e-02         1.2508174226999649e-02         7.7054471056317075e-02         1.3179115224884802e-02         3.1929573539851090e-02        -2.6313302445469065e-02
36                                    -3.6420977242620448e-03         4.6993496697529349e-02        -1.8526506128684314e-04         4.0844323215269359e-04        -4.6993933701964461e-04        -4.3338416041351191e-02         7.2947433983414729e-03        -3.6286029425256078e-02
37                                     1.5185706289635112e-03         6.7212061476526485e-04        -9.4615119225534405e-03        -5.9507940923611505e-03        -5.5875331908200494e-03         1.3701642801338567e-02         1.0285395237678079e-04        -3.6500327382783915e-02
38                                    -5.2548576909071856e-03        -2.7052025704434279e-04         3.3831933507816367e-02         2.0674474759481008e-02         2.1642388128860063e-02         6.8737147490994686e-03         2.0266826762609252e-02        -1.3541766844073816e-02
39                                    -6.8948248732464542e-03         8.9875711807711728e-02        -8.9584609915229233e-04         5.8316022301056270e-04        -7.2261491348044732e-04        -2.6632958497400928e-02         1.6624263765236673e-02        -9.6467984861839884e-02
40                                     6.5275507132064555e-04        -9.1794422466393837e-03        -7.8007400518528879e-03        -1.6870281343514405e-02         2.7096837036927040e-02         1.0364142746728188e-02         9.9156920874018985e-03        -2.7695511093372097e-02
41                                     1.1479356721334241e-03        -5.8671534812290366e-03         2.8551206773635051e-02         6.1200895401821297e-02        -9.9636979214575316e-02         1.5247393723814135e-03        -2.3538468449605582e-02         9.3237692798214583e-04
42                                    -1.6250779087664047e-03         2.2375663681328827e-02        -1.0526921920747574e-03        -8.9997428711665760e-04         9.4912109300170739e-04        -6.0010735749009510e-02         6.1090055788758559e-03        -2.4530554128881950e-02
43                                     1.6781994180252310e-03        -2.7842364246506320e-02         5.9313966259029972e-03         6.8958735380649193e-03        -1.5243990212619535e-02        -9.1913129240078929e-03        -2.8481548451877881e-03        -2.2636344513328049e-02
44                                     2.3032032865892907e-03        -7.0849644348900771e-03        -1.8708618775196275e-02        -2.5222215785089881e-02         5.7574856904243507e-02         1.4832437790074651e-03         2.4926204287590393e-02        -7.8254457563777455e-03
45                                    -2.1309726016671402e-03         3.5433460543116517e-02        -4.3572727357312361e-03        -2.8840438132505608e-03         8.6903550093923935e-05        -5.4159232321351489e-02         6.1536531177753331e-03        -3.4308916389370801e-02
46                                     1.0444349758675746e-04        -6.4766680572295537e-02         3.5207817022678473e-02         2.6446033050622354e-02        -1.1642758917511936e-02        -3.1181232823553048e-02         3.7029190507486230e-03        -3.6777462927108014e-04
47                                     1.8450699023908789e-02        -1.8832077220652606e-02        -1.1916892594923423e-01        -9.5927945222978053e-02         5.1767203600730553e-02        -7.7392365665519443e-03        -4.7122772032479792e-03         2.9361739825286819e-03
48                                     8.6223907339276853e-04        -1.5837411918987555e-02         1.8337242321752451e-03         5.1214240115054121e-04         1.2280432702627539e-03        -7.3101120912853298e-02         2.8472014778805114e-03         6.1382712521847421e-04
49                                     3.3166443213893293e-03        -1.8576860941617153e-02        -9.7685441120954359e-03        -6.8220845596159829e-03        -4.8669699498958890e-03        -5.2423964576514374e-03         1.8186133735517381e-04        -3.1821797775738604e-02
50                                    -6.2743101406432444e-03        -3.8166470169611363e-03         3.6883895739649064e-02         2.4268500418203161e-02         1.9197004218628109e-02         2.3108599946045074e-03         1.8245311252532304e-02        -7.7846180516463279e-03
51                                     2.8795969598587271e-03        -4.2390445409919673e-02         2.5428779174530001e-03         1.7748359567104481e-03        -1.5050047064620548e-03        -1.0893441246919593e-01         7.2104660404948657e-04         1.8312206098031181e-02
52                                     4.8421718662952891e-03        -5.2224357287243270e-02        -6.4017957622829929e-03        -1.7701068780246184e-02         2.8591651771766251e-02        -4.4520434808822326e-02         4.1472082659166224e-03        -5.5618645521456145e-03
53                                    -2.3970859849846505e-03        -1.3049060206812806e-02         2.9678072855768175e-02         6.4556909641491453e-02        -9.8615202643686492e-02        -8.2475246113047750e-03        -2.9598740340246051e-03        -1.9360853185977377e-02
54                                     1.4639356668788694e-03        -2.7274235552664894e-02         3.1974960856810397e-03         4.1439811191231748e-04         2.6655930253454297e-03        -6.8525740899434112e-02         1.2682079784035009e-03         7.4930879631578016e-03
55                                     2.7765984691141715e-03         1.9625616935817460e-02        -2.0914300983858169e-02        -5.4829807269992188e-03        -1.8358275457350332e-02         1.6891725874120016e-02         4.9881808818263915e-03        -5.6104601149319394e-02
56                                    -1.5519288513205238e-02         7.1068802208990893e-03         7.3209305482836176e-02         1.8935635362034822e-02         6.7223122089525619e-02         7.6457800555051227e-03         1.1547004002648005e-02         4.2693611669804427e-03
57                                     1.0682318395532036e-03         8.9404115368270018e-03        -6.5009363501007959e-04        -1.6715426055542017e-03        -1.3773880040791585e-03         2.7030426371107936e-02        -1.8748592185888243e-03         3.3120792189662096e-03
58                                    -1.5469030415664810e-02         4.7495252554297533e-02         1.6961736236664586e-03         1.1308792251702973e-02         5.8738624039767883e-03         6.9909446810347171e-04         4.5584539239624452e-05         1.4941871126687951e-02
59                                     3.9556239470608344e-02         1.3893996926977863e-02        -1.1116777737046979e-02        -3.9828402408244631e-02        -2.4895779075528160e-02        -9.1169472429026665e-04        -9.9960221824192171e-03         6.1056866151341189e-03
60                                     4.1223105140547785e-03         1.7179612279916958e-02         6.5762498008290136e-05        -2.4214283327018433e-03        -2.1898591510298620e-03         5.4423421582590698e-02        -2.0320125006406541e-03        -1.8710237349879089e-03
61                                    -4.6163803530764817e-02         5.0460510366763724e-02        -7.2511939875603637e-03         2.3007021907003961e-02         1.5445652180809498e-02         1.6505974640708642e-02        -1.8524797136742742e-03         1.5432301702618804e-02
62                                     1.4121539137965561e-01         2.3679211840339404e-02         1.8075660137959762e-02        -7.7664450884440142e-02        -5.6544588049931170e-02         3.9942562861708759e-03        -5.2204044145757900e-03        -8.9512158590245429e-04
63                                    -1.8510446119134024e-03         1.5766317292482856e-02        -3.0598451424859881e-03         1.8939596863381857e-03        -6.0219533383610864e-04         3.7979433893765333e-02        -3.3878045238814681e-03         1.7057558080467019e-02
64                                     2.7302689472468765e-03         2.6893677444594814e-02         1.6346581752553251e-02        -1.2693837186299775e-02        -1.4877896301049057e-03        -1.5936930661530197e-02        -1.0521297064706166e-02         4.2932962976330272e-02
65                                    -1.5677008195643657e-02         4.4734365972629456e-03        -5.9166012543730849e-02         4.1839997625953196e-02        -1.5353521335821722e-04        -6.0207589501119615e-03         1.2227488080423064e-02         1.6787720361864752e-02
66                                    -2.5048911437002253e-03         3.8422833840794972e-02        -5.0458016334475400e-03         5.7645166477133768e-03         1.2241601711869550e-03         5.0337660584499594e-02        -9.4763934398322223e-04        -1.4754573529655941e-03
67                                    -2.5947741067846803e-03         1.7758710393140427e-02         2.7320235203621580e-02        -4.1355293846691801e-02        -1.6547123190740694e-02        -1.9978982276833472e-02        -1.1398904473688401e-02         4.7073202348292167e-02
68                                     4.6578336141503357e-03         4.6136001362969935e-03        -9.5809147873132300e-02         1.3981194522298290e-01         5.1738650688079334e-02        -7.9630373442825930e-03         1.3770689920161004e-02         1.5655576431373421e-02
69                                     1.2111044821580819e-02        -7.3893570901450087e-02         4.0981072238571092e-03         3.3246770179101316e-03         6.2460144328901294e-03         6.8631771467564509e-02         5.3149518894761863e-03        -5.1759949540128705e-02
70                                    -3.8608338921927388e-02        -7.5932983125715600e-02        -6.9731001793049384e-03        -1.8495639667862582e-02        -2.3174676736804907e-02         4.9511598142545757e-02         2.4492619200464184e-02        -8.5919104844131941e-02
71                                     1.4746670620379237e-01        -1.9318004263487423e-03         3.3842473731055353e-02         6.2176104059363656e-02         8.7121654127012033e-02         6.4998373235825345e-03        -3.3132900774682117e-02        -1.0743020107848318e-02
72                                     3.6674951178666008e-03        -2.1924897142528932e-02         4.6086988418828703e-03        -1.1553058960385670e-03         1.2779682010146214e-03         4.4239859313504305e-02         2.1373532136985734e-03         2.4867274776749729e-02
73                                    -6.3158099894322136e-03        -6.5072363943005376e-02        -2.4707427253461482e-02         1.1300315820986492e-02        -4.3801013777174389e-03         9.7551029419672176e-03        -4.4733824600804425e-02        -4.2061929211764118e-02
74                                     3.8622282796309311e-02        -9.2994232647573560e-03         9.0470818522740470e-02        -3.6829826315114479e-02         2.1144826314585353e-02         4.8112980632508120e-03         1.6895215130239311e-01         3.2392742510267761e-02
75                                    -5.4749919901634350e-03         4.6914392687565448e-02        -1.1510399710026222e-03         9.1308358956866480e-04        -1.2752970804095771e-03         3.9486625633765059e-02        -2.6979866220113388e-02         1.3706918345611474e-01
76                                     1.6130372324390147e-02        -1.7999136871026420e-02        -5.5887171798775391e-03        -4.5808405100685639e-03        -9.5478220993804094e-03        -2.8997439852182752e-03         2.8846075654546145e-02         3.2040195421064989e-02
77                                    -4.9835656524867586e-02        -5.7584530442541101e-03         1.9722933925574188e-02         1.6594464239654341e-02         3.2688478412945046e-02        -5.8233875927476845e-03        -1.1155579431232250e-01        -2.1941693199993124e-02
78                                     5.6293289172139127e-03        -7.8493320091863869e-02        -7.7786900819663363e-04         5.2107462451338551e-04        -2.8127796809863356e-04         5.8832217976458219e-02        -1.0095343206499123e-03        -3.7300252632533379e-02
79                                     1.0840147168930231e-03         1.6024221114961098e-02         1.9340279000242901e-02         1.9165413926065496e-03         1.5609835679000679e-02        -1.1868998610236697e-02         2.0908144105222421e-02         6.9258681629788668e-02
80                                    -7.1783965880937786e-03         9.0443240607392182e-04        -6.8924539346560870e-02        -6.7607753698885574e-03        -5.7733325761884294e-02        -5.8085726130211925e-03        -1.0437359012619085e-01        -2.0855330685230454e-02
81                                    -4.1712833358228891e-03         5.0540569917143341e-02         1.0672882163979657e-03         7.8631888805611025e-04        -4.1960656023946056e-04        -4.3732740428839366e-02         6.1088920735578077e-03        -2.9650572137717251e-02
82                                     7.5524280807134090e-04         5.9072812883612644e-02        -2.3865501447744540e-02        -6.6833297280292992e-03        -1.6257169854140375e-02         3.3541096160943487e-02         2.6145232253657626e-03        -6.2506894623071657e-02
83                                    -1.8844847832097621e-02         1.5427632942384518e-02         7.9562000665842361e-02         2.3696674830881743e-02         5.4774010692397714e-02         1.3215158421840947e-02         2.7984810046304300e-02        -3.9881653763682731e-02
84                                    -8.5731197806646550e-03         1.0821981515333945e-01        -3.3520855242955195e-04         1.0762165538923917e-04         1.4326323701386058e-03        -2.0500006280094511e-02         2.1437839633040898e-02        -1.2524244804779969e-01
85                                    -7.7450524934274728e-04         1.7996478792399500e-02        -1.3500720906349076e-02        -2.2731457091450104e-02         4.1086902232399608e-02         2.0161780597935917e-02         2.6854522140561561e-02        -7.4321765132830966e-02
86                                    -2.4570246350485805e-03        -2.8160012203820336e-03         4.9250122705193584e-02         7.7550807978637587e-02        -1.3381874676042441e-01         4.5782250818017815e-04        -5.3781142725717102e-02         8.0622081958311859e-03
87                                    -4.2229496729667985e-04         1.1233622024181440e-02        -3.2882299754404642e-03        -2.5128110844717523e-03         5.1893260998082556e-04        -6.6619597841565820e-02         4.2525937225599301e-03        -1.6866201418812319e-02
88                                     4.8267358689388660e-04        -8.1975384775144433e-02         4.2943832160415821e-02         2.9832074112548818e-02        -1.7752385740969732e-03        -3.8380232786516616e-02         1.7820122617517562e-02         5.7681747661197597e-03
89                                     2.1693330367520688e-02        -2.3771336803973423e-02        -1.4302910196984828e-01        -1.0658560894848831e-01         1.8786137878043438e-02        -1.4393477481458866e-02        -5.8499354861680244e-02         2.8547292860123530e-02
90                                     4.9585641103642771e-03        -7.3729584206694204e-02         3.8757706924551229e-03         4.1509911839470961e-04         8.1807712345802240e-04        -1.5441511410148281e-01        -6.0882980349554524e-03         4.2482443753471578e-02
91                                     4.3546068920373368e-03        -4.1150821513110794e-02        -5.2423794271989595e-03        -1.1550049802085209e-02         3.2734239241771934e-02        -2.6933631459618291e-02         4.1592774263037480e-02        -3.3571284090317899e-02
92                                    -2.9699367227379943e-03        -1.9578946583949004e-02         2.3320018170822999e-02         4.1188408370327063e-02        -1.1848779819432854e-01        -2.3718725224445660e-02        -1.4731097235700050e-01         6.4805069944542618e-02
93                                     3.2597408183946074e-03        -5.3214036808672906e-02         4.1008612085454421e-03         9.9563328071517214e-04         1.4238154604625005e-03        -8.8411149190391197e-02        -8.8885000303234266e-04         1.6702241939053206e-02
94                                     3.6832430584250136e-03         2.5470441710200069e-02        -2.4955670538650072e-02        -9.7204602309279055e-03        -9.9700254826026267e-03         2.2895626684642210e-02         1.0447478473971050e-02        -6.0213735196207922e-02
95                                    -2.0427309749625713e-02         8.0498242211950802e-03         8.7311510054568553e-02         3.4190684399799588e-02         3.6985473226110933e-02         7.8946703064863115e-03        -7.8394278639587270e-03         1.5217740896368580e-02
96                                     3.2061489565271030e-03         1.9351786018522551e-02        -1.7990228126933006e-03         1.7129881306624077e-03        -3.1501012344753085e-04         7.2040450858853647e-02        -1.6606849648516198e-03        -3.9849194590972359e-03
97                                    -4.4842297009251998e-02         4.7487462305566316e-02         2.3412397376562501e-03         1.8408707631780155e-03         6.8822403759003174e-03         2.6112963199150536e-03        -6.7611179980215071e-03         1.7966336162976462e-02
98                                     1.3901491028809115e-01         2.4160859611702831e-02        -1.3299881829350131e-02        -8.3319926417713634e-03        -2.9058615203786393e-02        -6.6048440786030274e-04         1.2214301011301757e-02        -6.0585161706208407e-04
                                                        16                          17                          18                          19                          20                          21                          22                          23

0                                     -1.4260391647651997e-02        -1.6724728750250664e-03         2.4502167569457707e-03         1.7410425075541959e-03        -1.0644209276170719e-03        -1.1258001973051081e-02         2.7716108992684096e-03         1.2886162634499534e-01
1                                     -4.6663405647303690e-03         1.0235537000696271e-02        -7.8375794462105276e-03        -3.2434152769265076e-02         1.1829226857257678e-02         8.9274368786924278e-04         9.2638799251331429e-03         5.2553443001674478e-02
2                                     -9.0629852644066190e-03        -3.4579086459696810e-02         2.9675566176047212e-02         2.9180479659209620e-02         4.0166481593080818e-02         7.6660851668984792e-04         2.9608798796611907e-03         1.1953163320748507e-02
3                                     -1.3867715483937223e-03         1.1281604407569756e-03        -1.1399111869857918e-03         1.5230884261608664e-02        -1.6916832792993598e-02        -5.7262550850302194e-03        -1.4309024685928873e-03        -1.2134980004022270e-02
4                                     -1.3525770185094297e-03        -8.4987252062152293e-03         6.6444903253860274e-03        -3.9573277188380135e-03         1.6911139475108646e-02         3.6377068280041024e-03         5.7476510960335573e-03        -3.3884811821643976e-02
5                                      7.1886793986149448e-03         2.8977581155693138e-02        -2.2360823497179220e-02        -2.4351037834379884e-02        -1.4844182539608860e-02         1.5519938397563252e-03         8.0758587621457213e-04        -9.4068483910420084e-03
6                                      1.9567623284931046e-03        -2.0507168524081325e-03        -7.0109424805774956e-04         1.2878761195797658e-02        -1.7783481223647608e-02        -3.0053253316399626e-03         2.7539313626254052e-03        -5.4647872383809352e-02
7                                      1.2152163362999638e-02         1.1362706022890006e-02        -3.0188078727594694e-04         8.8195759127765415e-03         2.9965614016502818e-02         3.6031072538256453e-03         2.5023229092992808e-03        -3.0644232662243174e-02
8                                     -4.6419617858378212e-02        -3.8315469894898181e-02         2.3045061319983797e-03        -6.8618970946188115e-02        -5.8633266532874255e-02         4.6437759438781694e-04         1.6175311061504859e-03        -9.4026604783163086e-03
9                                      8.6422583770793052e-03        -5.9073950768386843e-04        -1.3352520691422630e-03         1.9376231271122691e-02        -1.6868024907407714e-02        -2.8057204551371006e-03         6.4090331342051251e-03        -3.3756357703098212e-02
10                                     5.5337318612084354e-03         1.1633176710996432e-03        -1.2977729531901861e-03        -1.3360875427660263e-02        -2.1632999134820301e-03         3.4374060682504175e-03         2.8764170699747396e-03        -3.3177714046240342e-02
11                                    -7.9647804847825347e-03        -3.8838941815813521e-03         3.7757132245928820e-03         2.6413976693585965e-02         2.9942591111300033e-02         1.6259552186888321e-03         4.9494572872777283e-05        -8.2772668483727975e-03
12                                     2.1105287683920712e-02        -1.2030492264353714e-04        -3.6162936783540813e-03         5.1106254620342483e-02        -5.5307324210388108e-02        -1.1768942330057245e-02         1.6435708153881207e-02         5.9905530961754216e-02
13                                    -8.4527137665040466e-03        -4.7719668065763542e-03         1.8383237577499641e-03        -1.1305294698420882e-02         2.0584987619050411e-02         6.9872225727080134e-03        -1.2075119331489074e-03        -7.7169152414600484e-02
14                                     2.7110202509239536e-02         1.7019680697969060e-02        -4.6567235946862878e-03        -1.9320604386039376e-02        -4.5666706940009323e-03         2.4085706233040989e-03        -3.6177039622949987e-04        -2.5251981373093008e-02
15                                     6.6492313879904785e-03        -6.9260280871910021e-04        -5.1409800826360427e-05         1.7350816733719746e-02        -5.6959776102742726e-03        -1.2047164246135548e-03         4.3247498683266616e-03        -3.4827599456122835e-02
16                                     1.3025260204585916e-02         2.2785951919243666e-03        -8.3104896388894560e-03        -2.1487978676775387e-02        -5.3609898783442467e-02        -1.1772980959859694e-03         1.0870144941267836e-03         5.7036168350130538e-04
17                                    -4.6218479999695691e-03        -8.6021379422496630e-03         2.3830485621479193e-02         1.3432224881986640e-01         1.1957844181979416e-01         1.2348400495407565e-03        -1.3306840732256087e-03         4.3725123837677158e-03
18                                     5.5576904785785810e-03         8.6193876080820303e-04        -1.0058796848009042e-03         1.8599760711972880e-02        -1.6602722381345605e-02        -2.6909140678471012e-03        -3.4663291062400257e-03        -1.5080164425439968e-02
19                                     6.3646876909888772e-03        -6.7781973720665335e-03         5.1669618488687109e-04         2.4660950114936274e-03        -1.7870800612300557e-02         6.3883432694821646e-04         2.5765401732348566e-03        -8.4086684424528012e-03
20                                     2.0078252938628024e-02         2.2241676396772211e-02        -6.4156156709798502e-03         2.8524584705166157e-02         2.2924386823898565e-02         5.7040239130842589e-04         1.2596876921638614e-03        -1.7579647725924190e-03
21                                     2.3385706009347185e-03         5.9408531879011975e-03        -3.7954498277637480e-03         1.4711064653898310e-02        -1.6882398758750767e-02        -4.6270210111247359e-03        -2.1257043382241882e-03        -2.0992723559599288e-02
22                                    -1.1761934633435566e-02        -3.9340117189197110e-02         2.2264796993979978e-02         1.6710853827287972e-02        -6.1964128363035877e-04         1.3028853419949765e-03         4.3636440636451246e-03        -3.6630908572874030e-02
23                                     7.3781316478717024e-02         1.3343522848124068e-01        -7.9676932140388151e-02        -2.6934831113458714e-02        -2.5959400280367535e-02         1.5468225991757734e-03        -1.5443246972663743e-03        -8.3887473853329116e-03
24                                     4.9102557216647675e-03        -3.7698049073333394e-03         1.4641435664163756e-03         1.2033245608512176e-02        -1.8010024729874091e-02        -8.9488684191924765e-04        -5.0634221438580016e-03        -1.9102768185850716e-02
25                                     1.3224050957049083e-02         2.4210854198032355e-02        -1.4690209361606411e-02         5.2741566929551667e-03         3.2687041251594995e-02         2.2564622361497407e-03         2.7934670066431877e-03         3.2786706816584285e-02
26                                    -2.4731056461308753e-02        -8.3639902556368509e-02         4.8960590867608886e-02        -6.9667491612240021e-02        -6.1339076660845121e-02        -1.7436326275665633e-03         7.1905660127437633e-03         4.7032163227143766e-03
27                                    -2.7325218307342391e-04        -1.8883395073901177e-03         1.0172689106771181e-03         9.2242975161951728e-03        -1.0378692539615984e-02        -3.5425676097773374e-04        -1.1218304651228309e-02        -1.2478405846360683e-02
28                                     9.0963663624039435e-03         1.3554138192001261e-02        -6.5486954786147036e-03        -1.6027291926487681e-02         2.2737356682637887e-02         4.5420155509469238e-04         3.6909941040861975e-03         3.5991687996802989e-02
29                                    -3.1942481800258452e-02        -4.6694528001941703e-02         2.3184482931517300e-02        -1.7736357959277665e-02        -5.0315769507398552e-03         1.2165689506213872e-04        -1.1000866735410388e-03         1.3423263868330055e-02
30                                     8.7941113278498350e-04         3.7018934245683442e-04        -5.9112628187945519e-04        -3.2438303858414942e-03         3.1792506458683373e-03         3.2199572108576658e-03        -1.2819207578279855e-02         2.1063704284465588e-03
31                                    -5.3774712074075226e-03        -1.8108522498220469e-03         8.4749686905192211e-03         2.0721728394575461e-02        -2.2738053131789181e-02        -6.9589491149239487e-03        -8.7972612297414383e-03        -9.1602333105717925e-03
32                                    -1.9211744164535621e-02         8.0845761169855476e-03        -2.4825400162019420e-02         7.1198208540867924e-03        -3.7464176828390524e-03        -1.2110262452556873e-03        -1.0086174957704459e-02         2.2056186039773741e-03
33                                    -1.8424720208535762e-03        -1.4039484660995348e-03        -2.6321985767466562e-03        -3.7772417208184585e-03         4.3095239611049699e-03        -5.6338384395529300e-03        -4.0797161456323776e-02         6.9520245358370078e-03
34                                    -3.2727096470477481e-02         1.8437127164852195e-02         3.2636455582224028e-02         2.4245509375954041e-02        -3.4419365042500837e-02        -5.8697146091331301e-03         5.0221751543470215e-03        -1.5315048932771703e-02
35                                     7.6474462504640892e-02        -6.6044949683361165e-02        -1.1418168809887398e-01         2.2763355998374743e-02         9.8759400805764966e-03        -1.6268182765707129e-03        -3.1708506173453496e-03        -2.6143244503475426e-03
36                                    -6.1479082422996332e-03         8.2276757190107301e-04         1.0282218685026031e-03         2.5159030458624110e-03        -2.7516583228332577e-03        -4.5265976545970010e-03        -3.8355743403380785e-02         2.9105660411962481e-03
37                                    -1.8625143700625943e-02        -1.6295980743701456e-03         2.9270719277576774e-03         1.8215212706481455e-02        -2.3581196040789218e-02        -3.3474535835625693e-02        -1.6015124375961108e-02        -1.6169635002268912e-02
38                                     3.6282049713444821e-02         5.7572103375930547e-03        -1.3842366567403128e-02         1.5251236024510860e-02         3.6615554937413507e-03        -1.0989099445838158e-02         1.0932673976166817e-03        -9.0707026103865104e-03
39                                    -1.5336828686361742e-02        -3.7472409426824745e-04         1.4146934755098731e-03         4.7496054457877676e-02        -4.9450470360979396e-02         4.8152840167831445e-02         1.2558831996709718e-01        -1.8382287446047779e-02
40                                     8.4691022194404823e-03        -6.6062988712787974e-03        -1.3595880854117955e-02         1.2973180138176431e-02        -8.3713181378369771e-03        -5.0442777451180670e-02        -6.1318951240404769e-02        -1.3753264254460735e-02
41                                    -5.7841569459043375e-02         2.5509110550006011e-02         4.7311810516896161e-02        -4.0021912150727075e-03        -1.2562654131192537e-02        -1.3299682887093840e-02        -1.0247446698052888e-02        -6.1557576281053190e-03
42                                    -3.5011853235061802e-03         1.6789857479098263e-03         2.5190415364045927e-03        -7.0614260977526992e-03         6.6064424370999896e-03         1.3372877574051539e-02        -7.5095345724058279e-02         7.9610399021161626e-03
43                                    -1.5126474157387024e-02        -8.9557718566235633e-03        -4.5945179953104419e-03         8.0386434314120743e-03        -1.3315443224591004e-02        -1.2530998571164581e-02        -3.0282351164377976e-02        -7.2354598400262609e-03
44                                     3.6860089007334160e-02         3.2344635594551793e-02         1.5239977648200523e-02         1.2437609139412957e-02         5.7269538266151790e-03        -6.8333313669120561e-03         5.4443882813859379e-04        -9.2744356438421490e-03
45                                    -9.0343839101739518e-03         7.0349291649991926e-04         7.1753819203147122e-04        -8.9621897529275126e-03         8.6832523060349585e-03        -4.6330533916923246e-02        -9.8083764448338995e-02        -1.3541367923006599e-04
46                                     9.4715604045685648e-03         2.2499121456348481e-03         3.7561706826690165e-03         1.5153510272999380e-02        -1.5855435323937576e-02         1.6715880327578536e-01        -1.1148102316919852e-03         1.6377724074085259e-02
47                                    -7.9857910911320194e-03        -1.0169940785593891e-02         4.9711448797513189e-03        -1.7026642953252736e-03        -9.5893909453438359e-03         4.8762449304434449e-02        -2.6711936396091392e-03         8.7851372594882488e-03
48                                     2.4412847570809892e-03         1.8518667949860720e-03         2.5473125452640704e-03        -1.1867488803970063e-02         1.1618004740603481e-02         3.4242038493085318e-02        -2.3283641143271593e-02         1.3582405600995634e-02
49                                    -1.0597654316168745e-02        -1.2289643773935459e-02        -7.3247371060318981e-03         1.0470796800635543e-02        -1.4230049491666367e-02        -2.0923967476527493e-02        -2.4547079750282353e-02        -1.1581695235152912e-02
50                                     1.2161172454619092e-02         4.3882171575843523e-02         2.3050785527969578e-02         1.1078926864650342e-02         2.2393483855340534e-03        -8.8582405174811672e-03        -8.5909495165837431e-04        -8.1283017260190028e-03
51                                     8.0542762805644510e-03        -1.1983598360591503e-03        -5.8777790342117743e-05        -2.4270455020952653e-02         2.5328249706768460e-02        -3.2013766146394167e-02         6.8613811329191920e-02         2.6063535187697273e-02
52                                    -2.1027634101458990e-02         2.0825241884866379e-02        -3.2589594843169833e-03         3.6454988870136384e-03         2.9899578861789108e-03        -1.0534511937991210e-01         9.3549618721899361e-02        -2.0993202965982191e-03
53                                     7.0752140292112714e-02        -7.4537727911702989e-02         1.2090738729770530e-03        -8.4263243753018909e-03        -6.5475822061436531e-03        -2.9862041794068900e-02         1.9931144267464975e-02         1.5015654494472794e-03
54                                     2.1860407295971361e-04         3.8652328773829403e-03         2.3594148730520419e-03        -1.3039462082341927e-02         1.3119150316076935e-02         1.3617631972061254e-02        -1.9322726203695611e-02         6.8346503377534227e-03
55                                     1.1085051023857026e-02        -3.3020226772748393e-02        -1.5572260386163151e-02         1.8899069568181173e-02        -2.0633548854709669e-02         7.0907490013933780e-03        -3.3995675969822801e-02        -1.3556362108994833e-02
56                                    -7.7536444489186271e-02         1.2075092764081675e-01         6.4037306277144837e-02         8.7002897314969047e-03        -7.4740687712105298e-03         2.3480149299231153e-03        -1.1462138330423019e-02        -2.2371346121245568e-03
57                                    -9.9928874151792744e-04        -1.6195800685127892e-03         1.4152942875971439e-03        -5.1535344790593247e-03         8.1300773995351544e-03         1.7334184842116667e-03        -2.9205198357084581e-03        -3.4024241667420345e-02
58                                     7.0613782943523776e-03         1.1054544217453631e-02        -9.4707490477541467e-03        -2.8622893520028364e-02         1.4804526563485236e-02         1.8716029981998149e-03         1.8787527740586204e-03         5.2983642587283719e-02
59                                    -1.8064336349187554e-02        -3.8223163022955843e-02         3.2812178684506255e-02         1.7956024884246143e-02         2.8497801258174332e-02         4.8253262418115130e-04         1.2587375013555664e-03         1.7982660856438976e-02
60                                    -2.8016127399520412e-03         3.0835864909760987e-04         3.2275439784451088e-04        -8.6362068397494066e-02         9.0181291873070821e-02         2.2474165358661372e-02         2.9565835101249112e-02        -7.0743733175689286e-02
61                                    -5.1783290183150714e-03        -4.1731632302566719e-03         2.2238580543529128e-03        -7.2255536012229601e-02         8.1552062451336810e-02         1.5948840787693225e-02         2.1760453143243336e-02         4.1628571551880933e-02
62                                     1.6862759372528527e-02         1.3084613272717732e-02        -5.9243066003838258e-03        -3.1164016764495022e-02         7.6823635400594661e-03         3.3858346155774132e-03         7.5001399194081619e-03         1.3041665835151071e-02
63                                     1.5492605929998361e-03        -1.0869732300488649e-03         5.8404459276838649e-04        -6.4180243406647903e-03         1.1002077276415331e-02         1.0382234157130348e-03         3.6619144787327501e-03        -2.0549371652057294e-02
64                                     1.2948816851607762e-02         5.6586935372453361e-03        -7.4795387699357306e-03         5.7854832945067620e-03        -3.1495166951677624e-02        -3.4580974708046512e-03        -5.2376298099350372e-03         3.2283338889418797e-02
65                                    -1.0912002233156949e-02        -1.9922328104704144e-02         2.1962487792888199e-02         4.8864844959689215e-02         3.3904567437484247e-02        -7.9970737304937436e-04        -1.3864286679645705e-03         1.1376058189118654e-02
66                                    -2.6918998625362401e-03         7.4809442464193754e-04        -6.6640707405542763e-04        -3.3439064924863586e-02         3.0798916971475594e-02         2.2598007586202375e-04         3.5450421707783000e-04         3.9439165732164473e-02
67                                     8.9468452733071097e-03        -5.9856696443055411e-03         6.2617119431558621e-03         3.3896961686589386e-02        -1.0918783608877426e-02        -1.9563260575282001e-03        -4.6994070570346557e-03         1.0067595079205299e-02
68                                     6.6279427753217863e-03         1.9804630162120362e-02        -2.5362846790430920e-02        -3.3746348189134023e-02        -4.8316701403662614e-02        -8.4866393774212661e-04        -1.8406120978988120e-03         1.0856325730630465e-03
69                                    -1.4032625981958395e-02        -5.6497597881027739e-03         4.2901561930120081e-03         5.2893445864207102e-03        -4.4265124439968892e-03        -1.0036999591992226e-02         1.7461937175949282e-03         9.5145047838366872e-02
70                                    -1.3912931997192262e-03         3.4911438781905342e-02        -1.9790800195692196e-02        -4.7537094220569377e-02         2.6559608508175105e-02        -4.5666267887938330e-03         1.3625105530559622e-02         2.0244068773191753e-01
71                                    -6.2517072566341050e-02        -1.1797134651219046e-01         7.3910336931884341e-02         2.0539050042821985e-02         3.6251702408961056e-02        -1.0411211854987126e-03         5.2692117039644330e-03         3.5840628856394385e-02
72                                     7.4301647686100477e-04        -4.8166676285257108e-03         2.5558847235220347e-04         9.3408998235672627e-03        -2.0861137664566598e-02        -2.8904632033629621e-03         3.1668403699836442e-03        -5.6059935426191275e-02
73                                     1.8138708366542553e-02         2.9071175792659599e-02        -6.1117944161290629e-03         3.3771189040053086e-02         4.8035465265542233e-02         1.5828661838744630e-03        -1.9482874158087519e-03        -1.3660839797899522e-02
74                                    -8.2527597936156077e-02        -9.8338687693046517e-02         2.4000754455355263e-02        -1.4224524036041072e-01        -1.3164013403235977e-01        -1.7280879577713164e-03         3.1294777698217522e-03        -3.1143330482592876e-03
75                                     2.8954355974708940e-02         1.8637718116031291e-05        -5.4424034863483706e-03         7.6974950734805953e-02        -8.2960606927927269e-02        -1.7631562675884269e-02         2.3549110395080529e-02         1.1520902963359426e-01
76                                    -3.5540740069224010e-03        -8.0236060863949007e-03         3.7570446476676731e-03         6.6904215964445910e-03        -1.0218722116119080e-04         2.2025164260074427e-03         4.2347830089975586e-03        -2.6620385032508097e-02
77                                     3.1071537079341200e-02         2.7177121761943403e-02        -1.4854714969328818e-02        -1.2925846057427276e-02        -7.3635308073142988e-03         1.3513832432840035e-03         3.5515300564144443e-04        -1.1700150818768452e-02
78                                    -2.1815385085553756e-03         8.1551440089674392e-03        -4.2650695964178142e-03         2.0727309196568980e-03        -6.4594202012996996e-03        -3.4453049420114616e-03         5.1006408494321388e-04        -4.6444373239211349e-02
79                                    -1.9900863834269630e-02        -5.3201884482129869e-02         2.9876956490337774e-02         3.2796908549044372e-02         4.9137182266930863e-03         9.3576994151193269e-04         3.3246720108150835e-03        -2.6346720023807391e-02
80                                     1.1207666166058143e-01         1.8053390838647895e-01        -1.0688652410267568e-01        -6.3992426848016426e-02        -6.4502122021501893e-02         1.1933689689292380e-03        -2.4005678517310890e-03        -4.7702166213087023e-03
81                                    -3.2081596027566037e-03        -3.8385849815878682e-03        -3.9359206959013833e-03        -2.6605690625265007e-03         2.8624611608491011e-03        -6.5905141067326592e-04        -5.1990476593163304e-02         9.4431922754764641e-03
82                                    -4.6493571210671852e-02         4.3347685568842186e-02         5.4241893545580198e-02         2.5019437279389201e-02        -3.7094992642515624e-02        -1.6667792224212006e-03        -7.2838825411608759e-03        -1.3511544839030979e-02
83                                     1.1356582891217781e-01        -1.5418238164964534e-01        -1.8752185463240856e-01         2.4125665816102815e-02         1.3212046088244764e-02         1.0924733292334228e-04        -9.3864663935456071e-03         7.4318145032546798e-04
84                                    -1.8790578023659139e-02        -3.2974040851585281e-03        -2.3973730313205897e-03         6.9070788482935214e-02        -7.1355996858588677e-02         7.2581716766337318e-02         2.0501688868759807e-01        -2.7926924699012059e-02
85                                     2.4478654714626152e-02         5.6248266781284140e-03         3.5516820377409475e-03         5.1225338466673938e-02        -4.0788394089905679e-02        -1.6140683021119928e-02         8.4764082951808123e-02        -4.3104202322634691e-02
86                                    -1.2566042668725605e-01        -2.7322710948082751e-02        -2.5305366077259677e-02        -1.9541207931735406e-02        -1.7168041711804936e-02        -5.3358590512613694e-03        -8.7816264640761296e-02         3.9494923100367049e-02
87                                    -2.9248747840661692e-03         1.5922555331738012e-04         2.8470871362054504e-03        -4.7572652910752378e-03         1.9568610983294295e-03         1.0101929709921274e-01        -8.5852073867789119e-02         1.9778116324522494e-02
88                                     7.0512364328922703e-02         4.3121638455314842e-03         5.3545840956176191e-02         1.4125192575615697e-02        -2.3392610550119278e-02         2.7749664676478525e-01         6.8580621898419476e-03         3.1612451165710757e-02
89                                    -2.0162643043776576e-01        -1.8898823406522280e-02        -1.6047662448418454e-01         1.3893611535737165e-02        -2.7663671425289301e-03         7.4719368026672853e-02         1.3670110222693469e-04         1.0202909073261530e-02
90                                    -1.3864831935760543e-02         3.2144315859392644e-03        -2.5965062361446190e-02        -3.3949450003864491e-02         4.3973200802794002e-02        -1.3288995412489224e-01         1.9853292160935704e-01         3.8878663918234781e-02
91                                     1.4182187304975113e-01         1.3194228715196051e-02         1.5708339897766102e-01        -1.4519983867224353e-02        -1.6704624260258063e-02        -8.8055756729963242e-02         5.0900819599558882e-02        -1.8816178251008897e-03
92                                    -5.6662509825123419e-01        -4.8951277531825314e-02        -6.2109990169201656e-01         7.7760453820240105e-02         5.0708583031453744e-02         2.1007132715525813e-02         3.5411711153068452e-02        -1.5719722620598224e-02
93                                    -2.5685352172667361e-03         4.4231942491231553e-03         5.7023530182502796e-04        -2.5202691428249414e-02         2.5814119362535137e-02         1.3347420570477253e-02        -3.2125345231174933e-02         4.1946191114257247e-03
94                                     3.0578849886660760e-02        -4.7100652851141539e-02        -3.5531808451283564e-02         2.2243301469893690e-02        -1.6539234775406555e-02         6.7441391832881196e-03        -3.0078588672591961e-02        -1.4841080095700397e-02
95                                    -1.4786561842875806e-01         1.7220162390687507e-01         1.3832335884813429e-01        -3.0418304837204432e-03        -2.3003829001131283e-02         2.1818898254001890e-03        -1.0182254176863399e-02         1.4900253954928837e-03
96                                    -4.1585229532939520e-03         1.3162726186938972e-03        -7.4452163351882523e-04        -1.5778478472665292e-01         1.6400449041800783e-01         4.2491557262393072e-02         5.8676594786954403e-02        -1.0700818643518319e-01
97                                    -8.6071320570630418e-03        -1.1629505225201770e-02         1.1273895987765169e-02        -1.5459089951488335e-02         2.8225780337946774e-02         1.0399771592326495e-03         7.6887285679382901e-04         6.6672868424998241e-02
98                                     3.5241711727709277e-02         3.8776739708784577e-02        -3.7779725637939542e-02        -2.3745472685599366e-02        -2.0814368185179670e-02        -1.6020507672404578e-03        -1.3708434150964380e-03         2.2927449375193990e-02
                                                        24                          25                          26                          27                          28                          29                          30                          31

0                                      8.9926624790054241e-03        -3.8550614449135726e-02         2.0175600132987188e-04         1.0324499269573257e-02        -3.5163103030498057e-02         1.9689312265251251e-04         2.2529541598039103e-03        -3.7806213752875170e-02
1                                      1.2245929257102344e-03         5.3042267567144259e-03        -3.4931134854783341e-03        -3.0279792473649862e-02         1.0355251804112119e-01        -9.5451566305779808e-04        -2.3127911691111971e-02        -1.0418202027824251e-02
2                                      7.1300906256160403e-03         3.0505874594985308e-03         8.4699895133003283e-03        -2.5571044211723949e-02         2.8689602209943404e-02         2.5393052759939698e-03         6.5417223780011746e-02         5.0277522351944721e-04
3                                     -1.9629899025452868e-03        -8.7898638112281421e-03         4.2498251783862763e-04         2.8073992783718832e-02        -8.0992471489264903e-02        -4.7816293820766035e-05         1.5036363901254748e-04         4.3736706323361740e-02
4                                     -4.4527836086671185e-04         2.1878899586783126e-02         3.2496367808560189e-03        -2.3200168684103795e-02         5.1148040473929623e-02        -8.9404976885009118e-04        -3.3165596635449015e-03         4.1514038862996580e-02
5                                     -9.8964335695456082e-03         6.4569692379248247e-03        -1.1518529623747787e-02         1.2658408764362111e-02         2.5270835756547646e-02         2.0222052929260177e-03         2.3627495597851383e-03         1.0605437739160268e-02
6                                     -4.8636239752906964e-03         4.2217692333110625e-03         1.0587687654705076e-03         1.7348215275925703e-02        -4.8825846658564979e-02        -1.4112307613926690e-04         8.1674100816247705e-04         6.4896047563815035e-02
7                                     -3.8777169461198724e-03         1.7689087201788044e-02         8.8370385504793188e-04        -1.2392254539132522e-02         2.3578741479994090e-02        -1.2368595435830183e-03        -5.7007589656355344e-03         3.1598798996026231e-02
8                                      3.6747352240401876e-03         5.2001357932957605e-03        -3.2703636513655853e-03         1.0895593985707183e-02         1.4104733369049965e-02         3.6436434270428566e-03         1.3525884341735721e-02         7.2573480195963595e-03
9                                     -3.5222886615522294e-03        -2.5362957655636828e-03         1.0298681013753400e-03        -2.7707739738102384e-03         4.5754057234630276e-03        -5.0155796713913670e-04         2.1926150486051369e-04         2.9461121593207570e-02
10                                    -1.9351698280667569e-03         1.5411011956446384e-02        -2.6343616343189069e-03        -1.7371901752597425e-03         3.5428638220657512e-02         2.1085363621200000e-03         2.1536526582388834e-03         1.3855302368141673e-02
11                                    -2.6257381823472084e-03         5.0086930541085395e-03         8.1999310657680270e-03        -3.3491633229397202e-02        -1.3866698880755752e-03        -7.1893714811770712e-03        -8.2394590217577859e-03         2.9557365964023412e-03
12                                     2.7697348680005987e-03        -5.8455565315822806e-02        -1.0703619307138661e-04        -3.2207339925982847e-02         9.7461946624336521e-02        -4.3414008469979260e-04        -5.2075762534935718e-03         6.0583008261993899e-02
13                                    -5.9745930277493500e-03         3.1473572955901953e-02         1.2181242059317446e-03        -2.9529167311475400e-03        -3.0716801518098379e-03        -7.1268725888903287e-04         1.8061935020361442e-03         5.7998329961297642e-03
14                                     3.8849497965202134e-06         1.1565424154088601e-02        -3.4723570043334764e-03         1.5257044691302844e-02        -2.8791127469618926e-04         3.0114754997909608e-03         2.4638272381206114e-03        -1.1166617350386371e-03
15                                    -3.2238649342657987e-03        -2.7903280945585225e-04         1.4804707296502938e-03        -3.8546169287727305e-03         3.1297981555982748e-03        -5.4545982799681996e-04         1.0864901320482533e-03         6.7010224040382604e-03
16                                     1.0108096622854525e-03        -9.9914731454037696e-03        -6.2326316778459111e-03         1.8699967750977937e-02         2.4557453903258225e-03         3.3911635122115700e-03         1.8462264920441221e-03        -2.9540011895047704e-02
17                                    -1.9856936538244887e-03        -2.5453688668521340e-03         2.0282495895580985e-02        -5.9753135643877540e-02        -2.1132827219409324e-02        -1.0577451421022859e-02        -1.6649167377977899e-03        -8.9686119606099419e-03
18                                    -3.5272788133470167e-04        -3.5525069357978472e-03         1.0137000716852942e-03         1.0935047542871727e-02        -3.7609030439969021e-02         5.7021879520238901e-05         2.0005412352151319e-03        -4.7030967392884685e-03
19                                    -3.2694937848235482e-03        -9.5118087221617909e-04        -5.8778736826542600e-03         1.0244922199099943e-02         4.8936414630287948e-03         1.0986076193819543e-03        -4.7777163353315171e-04        -1.0359571796028746e-02
20                                     9.3010000234575330e-03         3.7006182420940996e-04         1.9285831065601521e-02        -3.7288655864275592e-02        -9.8424896635209719e-03        -3.1761386515809006e-03         5.8081375196872877e-03        -2.8425130163294327e-03
21                                    -3.1884306365909548e-03        -5.2778992718758499e-03        -3.8609489394359381e-04         2.3408133819836668e-02        -6.4503440652667540e-02        -7.6537178028742385e-05        -1.0248448461179719e-03         3.9529389214312607e-02
22                                     4.5258741235256550e-03         7.9229253549772394e-03         7.6153816279530325e-03        -1.1320623825057849e-02         8.0094295745346202e-04        -1.6589104010033049e-04         7.6890002838621062e-03         2.4237806732620795e-02
23                                    -2.6427214807292848e-02         1.6652648839856489e-03        -2.5489261228505904e-02         3.3141947923424356e-02         1.4714403801348986e-02         3.8389543368793532e-04        -2.6389034725204832e-02         4.5613092758743957e-03
24                                     1.9869854559691597e-03        -2.9617909246886122e-04         2.0427056437174059e-03         7.1849619002646503e-03        -2.8297679873571367e-02         3.4908124937072643e-04         2.1935005966517273e-03        -2.2347666678820360e-02
25                                    -1.3796714663606591e-02         4.7264574268328337e-03        -1.4644541769052171e-02         2.6669242574920520e-02        -3.1320291676115768e-02        -2.4266794703893348e-04         4.6120909201928338e-04         2.5387336738270514e-02
26                                     5.6093969133494813e-02         3.3476314008293239e-03         4.9522968241269595e-02        -4.7272076099828357e-02        -2.6021263277878372e-02         6.2256969173024818e-04        -4.2575950183349620e-04         8.3372132679292287e-03
27                                    -1.5882756832400031e-03         2.3316621682698740e-02        -2.7305723502701320e-03         5.6234613599002812e-03        -7.8844840991315855e-03         3.0585560186436375e-04         2.2158115678786905e-03        -6.0319164838506599e-02
28                                     1.3337103948489066e-02         1.3802336998122116e-02         1.5374694091082683e-02        -5.5455665713270630e-03        -3.9400918492122183e-02         1.1300715256826219e-03         3.4716822074765867e-04         1.3617178312565030e-02
29                                    -3.7569930487223908e-02         1.3334600270762664e-03        -5.3043433387317020e-02         6.1215703498449577e-02         9.3817792604478662e-03        -4.2035372997746524e-03        -1.7975341048894478e-03         7.0981511497500600e-03
30                                    -2.5937952596124050e-04         1.2662027187360833e-02        -2.7201348356573037e-03         2.2339915261377023e-03        -9.4836669615192791e-03        -3.4810945476312726e-04         1.3882421078992946e-03        -3.7275352928258509e-02
31                                     1.6517419366606403e-02         2.7668556451974791e-03         1.3644710709182436e-02         7.6244944802192384e-03        -1.8991036169831797e-04         5.7671193972587314e-03        -1.6750675423714799e-04        -1.3022839402392657e-02
32                                    -6.7209346388292901e-02        -9.3026830085599544e-04        -4.0432948832973561e-02        -2.1634510181954739e-02        -8.0737943930231561e-03        -1.9334426235247719e-02         1.7307991731286404e-03        -2.1571179752200762e-03
33                                     3.9610471657642423e-03        -4.2340797542429831e-03        -1.3585290575845359e-03        -9.1076193455542030e-04         3.1671948560678696e-05        -1.2821469297156546e-03        -5.9218397093550006e-05         3.7517707360863952e-03
34                                     1.8947706138112536e-03        -1.2491030962920727e-03         8.1313315225478976e-03         9.3986441988301323e-03         1.3694685553233131e-03         1.3583523405642573e-03         4.9626550737786265e-06        -1.8362156971001888e-02
35                                    -2.3054350482667803e-02        -2.5906239758945442e-04        -1.7370874921950375e-02        -2.8202566985374457e-02        -1.0271472728980470e-02        -2.8605340982799385e-03         1.9569273705902302e-03        -5.6993328721706695e-03
36                                     5.6976252343552925e-03        -9.7923903500974751e-03         9.0970184149684026e-04        -1.1395811034033284e-03         6.3109251630775604e-03        -1.0857630359984921e-04        -6.2762191945747584e-04         1.2832965424238223e-02
37                                    -1.7786390998179049e-02        -6.7833647327099223e-03        -1.2323068975952183e-02        -7.0506956756865857e-03        -1.4949011074453589e-03        -9.4383073530175977e-03         1.4710957672927902e-03        -2.0463777593713837e-02
38                                     6.7286489070647396e-02        -5.6845407459508823e-05         3.9261907879349286e-02         2.4470179404424169e-02         8.3326050130231796e-03         3.0722362583307860e-02        -2.4995114809120982e-03        -5.9815094886753817e-03
39                                    -1.6375325681334728e-02        -1.1798721986211314e-02         5.8534075994506642e-03        -9.4526331793237043e-04         6.7031760578707003e-03         7.2200633225749287e-04        -2.1054123895001281e-04         7.4076814366216054e-03
40                                     1.3142612600997256e-03        -7.9026765225115383e-03         1.4316688827741912e-02         3.8626057431600047e-03         3.1606249404943321e-03         2.2132888095731328e-03         4.5774617005644975e-04        -2.3193194930928619e-02
41                                     2.1024071694335872e-02        -2.3026066072884335e-03        -6.8233584033725952e-02        -1.8245325207281671e-02        -6.2425666338911702e-03        -1.5056007717628755e-02         1.3273284689858487e-03        -6.4306320714872887e-03
42                                     1.2584116369474077e-02        -1.8160103594666670e-02        -6.4187038526435081e-04        -4.0244537802743303e-03         1.5559159705425249e-02         1.5380279621839352e-04        -1.5995701474621955e-03         3.4797418697770484e-02
43                                    -2.7097781019190664e-02        -1.3148770616840524e-02        -2.5940881418543213e-02        -2.0410090184234890e-02         1.9633115606816267e-03        -1.0404339549495401e-02         8.2730253408389476e-04         1.1438069615744881e-02
44                                     1.1046742241520816e-01        -5.8701083535039628e-04         8.5511535012694720e-02         6.1678244574219034e-02         2.2938287807472677e-02         3.6918048726784301e-02        -4.6050748799379296e-03         2.2794181247597495e-03
45                                     1.0468317244537282e-02        -2.6260294597689721e-02        -5.8681335390773949e-03        -8.5051384970222695e-03         1.9954131004593943e-02        -3.1935439381203874e-03        -1.5575243797884414e-03         4.2747442737503666e-02
46                                     1.7236211891817430e-02         3.5264730442027465e-03         7.4869596279594185e-03         3.7361072631779593e-03         1.4858730488127509e-03         2.3051315879086993e-02        -2.3752269870336287e-03         1.6060688011415965e-02
47                                    -5.8415919921411812e-02         7.4880057828943184e-04        -2.3125727545973255e-02        -1.4128123148340612e-02        -5.4523227703208018e-03        -7.5185791958247566e-02         5.5874674200324850e-03         2.8948320354010315e-03
48                                     5.9430286122177083e-03        -1.3064426038858162e-03        -3.3394160079857629e-04        -1.3327022819319420e-03         4.1531026349934629e-03         1.9649167885576382e-03        -4.2728403238480821e-04        -4.4428581813103930e-03
49                                    -1.6680431255276847e-02        -1.8212561648164257e-02        -1.4676825517182069e-02        -1.1741814648296529e-02         7.8969025461317760e-03        -7.0297463049438340e-03        -1.3817529879870535e-04         2.3247023894182775e-02
50                                     6.8543576390419705e-02        -3.5445887127569047e-03         4.8866635278770040e-02         2.7984397729029185e-02         1.2716379940931577e-02         2.2651969722043828e-02        -2.2884568868473589e-03         6.8587176836775975e-03
51                                    -7.6328103761196583e-03         1.4088894655880197e-02         2.2188540184599091e-03         1.5151623056222393e-03        -5.2534360133910819e-03         1.1101676748348510e-03        -2.7758353159861043e-04        -7.5310719165442453e-03
52                                    -1.4512462091635342e-03         4.5935471802918909e-04         1.0851787046007994e-02         3.2008051645439047e-03         1.1443294086464220e-03        -7.8375743455837306e-05        -6.6854299796786074e-04         2.5168970020243299e-02
53                                    -4.0938214035118076e-02        -1.0193004553826865e-03        -2.0887913700774172e-02        -8.1135208815474730e-03        -2.6570531770520314e-03        -3.2600490045022294e-03         3.9819073959513711e-05         7.0488210576659356e-03
54                                     2.7548872065186795e-03        -2.1625729753287342e-03        -2.6495171241031285e-03        -2.7594494835581338e-03         2.4491300864417798e-03         3.6196742666274906e-04         1.7570693673082000e-04        -1.1697160214983104e-02
55                                     1.1535517936307556e-02        -1.5619377282507148e-02         2.3835865861777444e-03         6.5197132037908868e-03         1.3724828292019412e-02         2.6814321909663526e-03        -1.2935234711999391e-03         1.2015154440821657e-02
56                                    -3.6852255503560999e-02        -5.1371890331423139e-03        -7.2805650352676995e-03        -3.6941494525496929e-02        -9.0463111981047267e-03        -7.7392582923124448e-03         2.1094225971451663e-03         3.3278261447222120e-03
57                                    -3.1954377823211404e-03         3.2250171553497693e-02        -2.7014289615164225e-03        -1.4151083529665002e-03         2.7935562250447531e-02         1.5056378420826634e-03         2.5880331568191679e-03        -8.5781382853749991e-02
58                                     7.5142828392589997e-03         2.2039014360650797e-02         1.6358263887683456e-02        -2.9718072262086496e-02        -6.9114327181761429e-02        -8.2105492664978231e-03        -1.5864564575736786e-04         1.6456942388507850e-02
59                                    -1.0719452551881994e-02         2.5339060570042701e-03        -5.8843989214032721e-02         1.6727487782950021e-01         3.7459594704955614e-02         2.8431061884515545e-02        -1.2791808452290852e-05         8.6695135591183890e-03
60                                    -3.6384110518021908e-03        -8.4870578314396816e-02         3.3838883856855328e-03        -1.6362305003540085e-02         3.7965399136940949e-02        -2.9862917645639725e-04         1.2366733072719743e-03        -5.8184123708165794e-02
61                                    -2.7220013934123495e-03        -5.1617936639329787e-02        -1.0542882767905206e-02         3.8544534850035207e-02        -5.0830827415013262e-02         2.3336798347701419e-03        -1.4663630909688729e-03         5.7068668592637324e-02
62                                     2.3824739679716218e-02        -1.0877280914756616e-02         3.6508650740966389e-02        -6.2360202757499456e-02        -4.1232703575669417e-02        -8.1008815414750201e-03        -8.0178227339282033e-04         1.9040320058740876e-02
63                                    -2.4391883241961540e-03         4.5323812186488649e-02        -1.1851232699896458e-03        -3.3512858539754028e-03         2.0128824694460354e-02         7.1953180412235728e-04         1.7995511921168668e-03        -5.4448437583803182e-02
64                                     3.2897124149964744e-03         1.6687505860594851e-02         4.5354311927132979e-03        -8.8874621802477634e-03        -3.4223976914530156e-02        -3.3358606578573276e-03         2.0548571655859471e-03        -7.5178565257821420e-02
65                                    -1.2818596093961499e-03         2.3459558979457497e-03        -1.8969440083746219e-02         6.5204434905858533e-02         1.1837540770718476e-02         1.3289717547870774e-02         1.2425038894216167e-03        -2.0025861936243533e-02
66                                     9.3310780251485944e-04         1.8474751923542029e-01        -3.3715344821288870e-03        -9.0768948896719909e-03         2.6512885939102171e-02        -1.7841946843272805e-04        -1.2289722463954332e-03         1.5792918451440218e-02
67                                     2.8209027597296721e-03        -2.5255545363935383e-02        -7.3526666439428811e-04         1.6634170261393719e-02        -3.1998967384812761e-02         2.1334931219118424e-03         3.7849486335476755e-03        -1.1262053644834490e-01
68                                    -4.2070054661315160e-03        -1.4644012395917514e-02         2.4518711308521637e-03        -1.5115040092760681e-02        -1.7585329816964462e-02        -4.8848285166576445e-03         9.5129050317895795e-04        -3.3840931801243840e-02
69                                     7.0281870663580362e-03        -3.1924538561975788e-02         7.2810516701048112e-04         1.4984124551193587e-02        -5.0266393282951842e-02        -2.7848108336062686e-03        -4.3146363753999779e-02        -1.9458336815935114e-02
70                                     9.1081445380079666e-03        -2.5357987598467920e-02        -6.1931532504603667e-03        -4.8782501272114802e-02         1.6722554989250113e-01         1.7559675909597550e-02         2.6044535655037709e-01        -8.9574206356503303e-02
71                                     1.9108898201942486e-02        -5.6785020751077707e-04         1.2679910437344849e-02        -3.4396136096913464e-02         2.1644219702457491e-02        -5.9233885139568995e-02        -8.9984840412609846e-01        -5.5149876660387134e-02
72                                    -4.2108311926305556e-03         4.7305495593209217e-03         1.0142213144594605e-03         1.7464038808073731e-02        -4.4449340695938498e-02         4.3031711796063588e-04         3.3741214102626306e-03         6.3450012302379219e-02
73                                    -7.4579733868472163e-03         1.0654924008567839e-02         1.3075229509423930e-03        -4.6482533475054105e-03        -3.0631991118077545e-02        -5.0741506244473119e-03        -2.4450728854070288e-02         4.8168012545441709e-02
74                                     2.0859859632889784e-02         2.3880128730329919e-03        -4.0650908287630525e-03         4.5835839398013931e-02         1.2785474022425559e-02         1.6601480278464927e-02         7.4778366246068706e-02         1.1527009369256502e-02
75                                     6.4640711519892875e-03        -1.2230305926232121e-01         7.3910343882390176e-04        -4.9485583566419120e-02         1.4070002887200839e-01        -1.0447673888445601e-03        -7.9566573680764467e-03         5.4978136776992315e-02
76                                    -2.1752567926633356e-03        -9.8963470359337280e-03        -2.4432518820881508e-03        -3.6697598580101563e-03         3.9570447895602212e-02         1.6709673853979752e-03        -1.7548900163248829e-03        -9.1163581984621676e-05
77                                    -3.8148756680259050e-04         2.8815130758797353e-03         8.8742060735442982e-03        -3.1325053374698986e-02        -4.6963287145717850e-03        -5.7140605797881419e-03         5.2852522898388541e-03        -2.5845423525328714e-03
78                                    -6.1722710542187484e-03         8.7629225677818903e-03        -5.7026273326648224e-04         2.0660434244405019e-02        -5.1897193612786482e-02        -6.0724542936662458e-04        -6.9828780809151362e-03         1.0353765744217855e-01
79                                     7.7197378840800201e-03         2.3057157132091773e-03         1.1684123027126092e-02        -1.8041748459972015e-02        -5.7976909519296309e-03         6.0707623807212930e-04         3.0246763614111674e-02        -2.7635264557552925e-03
80                                    -3.3127295215204348e-02        -8.4678882992015865e-04        -4.0172053807194220e-02         6.1497982380040742e-02         2.0501502801547097e-02        -1.5179435005063325e-03        -9.8868690810727577e-02        -8.9277774520523014e-03
81                                     1.7557158845779291e-03        -1.1019992179217163e-02        -1.2514989260211282e-03        -2.2443167056339945e-03         2.6834755970636696e-03        -1.3605503683639596e-03        -7.4874116705312408e-04         2.5459203381442325e-02
82                                     1.3544560055348213e-02        -8.6623035002315746e-03         3.1569950520400201e-02         1.7568019923330281e-02         8.4474488090427614e-03         3.4903712398348138e-03        -1.4495936694049259e-03         5.3002908851523447e-03
83                                    -6.8523476330443159e-02        -3.3654896945096982e-03        -9.0818965696447471e-02        -5.9808601485677328e-02        -2.0215798347839938e-02        -9.9821094629500666e-03         3.8687198346162950e-03        -1.6241793435332855e-04
84                                    -3.9757366991467154e-02        -1.4028002342694471e-02         2.5819176096943834e-02         2.7772349994891134e-03         9.6911366610597585e-03         4.2562767051934113e-03        -3.8035625844925146e-04         8.8894124184862346e-03
85                                     1.5229373606367791e-01        -1.0469754330915635e-02        -1.9006242666844222e-01        -4.5140529247172947e-02        -1.2666362015681261e-02        -2.8260553353638522e-02         3.2399913063482877e-03        -2.1170064620792642e-02
86                                    -5.6978092248890067e-01        -5.4084958641347153e-03         6.7461288716139922e-01         1.5469599250797494e-01         5.8448886970015143e-02         9.8306912057237489e-02        -8.2306071175304828e-03        -7.4721869834882696e-03
87                                     9.4332090141326895e-03        -1.3544688763639685e-02        -6.0765492199980368e-03        -9.0760731763940838e-03         1.2209446950772345e-02         1.6337746391053294e-02        -2.7987183941494279e-03         4.0148698272175244e-02
88                                     2.3759331449435806e-02         1.3712389877203530e-02         4.9100328653806299e-02         5.5756386246246306e-02         1.3090612639444542e-02        -2.2720358262292065e-01         1.3708712615575011e-02         1.2569347351968697e-02
89                                    -8.3810128621615007e-02         7.1603807736711619e-04        -1.6771593157568584e-01        -1.9526824222878345e-01        -6.7441407204412593e-02         8.4258228549691561e-01        -5.3272345010291787e-02         5.7006626770856935e-03
90                                    -1.0753777473095539e-02         3.3585307999861196e-02         1.4763763768158109e-02         1.0980005517479879e-02        -1.4018514705733027e-02        -8.5881732524628988e-03         1.9820958361922153e-04        -2.0679714010860043e-03
91                                    -6.8647870922843773e-02        -6.7417003734242514e-03        -1.9754987879379231e-02        -2.4010590677395222e-02        -4.4922882723615705e-03         5.5824947095214558e-02        -3.8503917328554932e-03         2.4202766695766015e-02
92                                     2.3676296607435401e-01         4.0582864372748105e-03         8.8612514957640581e-02         9.1300395035276580e-02         3.1170352540251908e-02        -2.1975800159948472e-01         1.2439990974666887e-02         5.7598658575798772e-03
93                                     5.4307276199109340e-03        -2.2124856742440205e-02        -5.7308368877281822e-03        -7.7150542434277275e-03         1.4207357098688506e-02        -2.3364349911846193e-03        -5.9128725193722750e-04         1.5727806040449887e-02
94                                     3.0220107870642627e-02        -1.3449614295260575e-02         1.5904513771415746e-02         1.7624904863662309e-02         1.4849798151050059e-02         1.1911604117380329e-02        -2.0777914536431416e-03         7.0987738637872362e-03
95                                    -1.0814277901981216e-01        -5.2558162104038740e-03        -5.4479934652151930e-02        -7.3978488098493625e-02        -2.2702745053247313e-02        -4.0147418027175183e-02         5.6292239107510137e-03         4.2658862422662004e-04
96                                    -5.2041962022076824e-03        -2.2754023028788994e-01         6.1949042731654722e-03        -2.2538253241870483e-02         4.4737580467837990e-02        -9.3673765164397965e-04        -2.3305052373081634e-04        -2.7575558498011687e-02
97                                    -3.2540500307392622e-04         4.8957817620091180e-02        -1.5380667665687801e-02         5.7800767695922954e-02        -5.0681894555296980e-02         5.3368162072167050e-03         2.3507418596381658e-05         3.1194240576193449e-02
98                                     1.9063248242576145e-02         2.4946447316621781e-02         4.6812374173702175e-02        -1.1794235955860681e-01        -6.1772122027240015e-02        -1.7736497217849215e-02        -1.6480237423753489e-03         1.2862042931071283e-02
                                                        32                          33                          34                          35                          36                          37                          38                          39

0                                     -9.0583991359230558e-03        -5.0036438051975361e-04         4.0336591840336812e-02        -1.9794030927715908e-02         2.6113276328201243e-04         1.8743149336860384e-03        -3.7793274077451615e-04         9.3986111569198012e-03
1                                      4.8301654470127037e-03        -9.6892810166359234e-04        -1.7401572547398665e-02         3.5425730919468401e-03         1.3075870266580640e-04        -6.7374410680410862e-02         2.2934674325949859e-03        -3.2822409547617608e-02
2                                      1.9783288974611303e-03         3.1220473960396457e-03        -7.3072112775040389e-03         1.8770862195973772e-03         3.0425508743557438e-03        -1.9735116732958240e-02         9.9872492836009817e-05        -1.0125458718666863e-02
3                                      5.1173858537208641e-02         1.8765628439549316e-03        -3.3539226352075659e-02         2.4894833282225234e-02        -2.9368860598195338e-04         2.2430836273008209e-02        -6.4149623221125280e-04         1.9329591935290935e-02
4                                      3.9701838427931534e-02         2.7019789431655425e-03        -5.1985953086904672e-02         2.6110673936577667e-02         8.0542987111940488e-04        -2.9803378961727398e-02         6.5686976052152794e-04        -8.4114315087128189e-03
5                                      9.6400391402991416e-03        -3.7810260719802935e-03        -1.3914727274363303e-02         6.8341642057476613e-03        -9.3910952131547032e-04        -9.2718109389357435e-03         1.5862013766103286e-03        -2.0183046602085405e-03
6                                      5.0330013874456715e-02         3.0438383773170944e-04        -2.8389773133228394e-02        -4.0853199727260486e-03         1.3266954092694767e-03        -9.3778452524138814e-02         2.2882961615899294e-03         4.9960427839789443e-04
7                                      1.5411849792763914e-02         2.2570120497779288e-03        -3.2850464251998973e-02         2.0356808866596333e-02         1.8108529488026096e-03         4.1712428998695109e-02        -1.2157324558767996e-03         1.9279408359553551e-02
8                                      2.7554383961274982e-03        -4.0963602628417695e-03        -8.7476490516875515e-03         6.4526720906196147e-03        -8.0159131871474186e-03         1.6521712547100772e-02         3.3102399487700579e-05         5.4185662075293952e-03
9                                     -3.4872851106348086e-02        -2.0681004125002894e-03         3.5859819450445182e-02        -5.0627217966767592e-02         3.1255374775275256e-03        -6.0789999394044614e-02         1.0476214143952515e-03         5.1895668909732219e-03
10                                    -4.9696144208470336e-02        -8.1810029838288462e-03         2.1705453944894801e-02        -1.9038167994547245e-02        -1.2843959026047907e-02         7.9622367494401811e-02        -1.5623217977723683e-03         3.5689063501994737e-02
11                                    -1.3689507462188040e-02         2.1186206580648244e-02         4.3958436240274625e-03        -3.8383610127138458e-03         4.0297199529171594e-02         2.7551888965447247e-02        -3.7143700202061729e-03         1.2116040914271651e-02
12                                    -1.8207819403657944e-02        -1.1912880050523559e-03        -2.1787292880226565e-02        -1.1009109991638000e-03        -9.9751523355930149e-04         6.2677060510667557e-02        -1.8601312226108162e-03         3.6888748045652307e-02
13                                    -7.6455928258260697e-02        -1.5294414720031660e-03         5.7898835964298498e-02        -5.5203444255801919e-02         3.0039383752928491e-03         5.7500154261955219e-02        -2.5025557694645035e-03         5.1548577532853815e-02
14                                    -2.1298092621133597e-02        -8.9572760421938492e-03         1.8013285046419452e-02        -1.5804030603871439e-02        -1.1450103121802540e-02         1.3737432826325309e-02         3.5407556851879077e-04         1.3069888982693397e-02
15                                    -3.6434839570720474e-02        -1.7634402569569924e-03         3.6711638773360700e-02        -4.3417125979361905e-02         1.7382648557496177e-03        -5.1290981400735139e-02         1.1123109586913045e-03        -8.1372639909500222e-03
16                                     6.8024384100883453e-03        -5.0886163809912123e-03         1.6518650897937800e-02         1.3488935711077234e-02        -5.1435958025232292e-03         2.0346299705836339e-02        -1.4112325734558004e-04        -2.0422152011713143e-02
17                                     2.5301085356114537e-03         2.1841825148152093e-02         3.3494490991141483e-03         4.8238849912610677e-03         1.4453359622489554e-02         8.1688471737918576e-03        -8.5589286836229919e-04        -5.9164178328805148e-03
18                                    -4.9768849285819934e-02        -1.7631105310792763e-03         2.3837857554716135e-02        -8.1709671474158429e-03        -1.8925545694892687e-03         2.4038148707771795e-02        -1.9663445898525429e-04        -4.0600347442730930e-02
19                                     4.6816168619404595e-03         2.6656284718115414e-03         2.2188207759453436e-02         1.6843932779963100e-03         6.6123174690891177e-03        -4.0037291926298964e-02         1.8813509329711625e-03        -5.1399693974297125e-02
20                                     3.8393667426334802e-03        -7.7303338887223204e-03         5.4939508831846765e-03         9.7926961724430803e-04        -2.2480485307491766e-02        -1.3987782422561870e-02        -1.1904528832064535e-03        -1.5510621761267763e-02
21                                     3.8861543338021380e-02         2.0614078796495853e-03        -3.5734642546144856e-02         2.8218313211951774e-02        -2.6725167232291883e-04         2.9414265695295278e-02        -6.5076024761407129e-04         6.2867961232156737e-03
22                                     6.5617505125099909e-02         1.8568166111303968e-03        -3.0386372114187387e-02         3.5001108455390506e-02        -1.4050764290062547e-03        -4.6856468977929062e-02         1.4188765538004652e-03        -4.1685503331452038e-02
23                                     1.7253638658159879e-02         4.1447655511335640e-03        -7.0971880075164214e-03         8.7052667882867724e-03         5.4799445166163674e-03        -1.5214909043845514e-02         1.0312764256406365e-03        -1.2569012795123020e-02
24                                    -5.6408086946381747e-02        -2.1359359800872373e-03         2.3234669342804517e-02         2.3993098635884378e-03        -2.3191778652849162e-03         1.1431975693470471e-02         6.4972636704126716e-04        -6.6012436967434848e-02
25                                    -5.0245396738419379e-02         3.7852634380366708e-03         3.6398130174751173e-02        -4.0722766736246502e-02         9.1056091543571405e-03        -7.5475780122746264e-02         1.7565223306841005e-03        -3.6450125237371192e-02
26                                    -1.1237297098830465e-02        -2.5490531894954951e-02         9.6543733023776272e-03        -1.1143921387223041e-02        -2.6697981461491837e-02        -2.2468929751292589e-02         2.3844209405510623e-03        -6.8073501739183261e-03
27                                    -2.0751288437337961e-02         5.0610630168138456e-03        -1.6246996227815589e-02         1.0190853181151305e-02         3.5132035711334542e-03         2.6145282885874248e-02        -5.8264311883539160e-04        -1.9138865648535772e-02
28                                    -6.3288522815189143e-03        -3.8001718594040543e-02        -3.8444232379447516e-03        -2.4932894825350497e-02        -2.8010335735254951e-02        -3.5820391966897409e-02         2.7240798229255870e-03         2.4725671763813933e-02
29                                    -4.5733179074524495e-03         1.2315806700743190e-01        -1.2717208271231988e-03        -1.3479667322268961e-02         1.0089278366388875e-01        -1.0281064312077974e-02        -7.2363828976376617e-03         7.6772812158634515e-03
30                                    -4.2174953838121837e-02         2.3136428412073398e-03        -3.2029147313448345e-02         2.8187587004995306e-02         2.5707827972425400e-03         3.5758958594379379e-03         4.1921263550933203e-04        -1.6891694190443292e-02
31                                     3.2063899470789178e-02        -2.0248068715642938e-02        -3.5277198082819962e-02        -9.1587286969199128e-02        -2.2377292507526250e-02         1.0458828515911270e-02        -5.6158116240349616e-04         2.5089377106710789e-02
32                                     8.5656046766084334e-03         5.6235966290224267e-02        -8.4197224372191438e-03        -2.8469606085916897e-02         8.5643659556220192e-02         2.7626144235976574e-03        -2.8037860674152526e-03         8.7344434400384290e-03
33                                    -3.2063378240797122e-02        -6.3168716906952620e-04         1.5672631411182011e-03         4.4660442103551981e-02        -2.2180695772869448e-03        -4.8413861504857568e-02         5.2304363945062061e-05         9.7258203556727249e-02
34                                     1.1069835545781528e-02         1.1290820627245105e-02        -5.4721221299433867e-02        -8.2879449160909710e-02         1.7788965680754262e-02         1.8926213321145319e-02         5.2772881230056775e-03        -1.5876909579403773e-03
35                                     5.8744351339832784e-03        -5.6429880939127861e-02        -1.5146528529239037e-02        -2.3338463066269403e-02        -5.8666471386987780e-02         5.5794931793706152e-03        -2.3137072697030119e-02        -3.6102140470382210e-03
36                                    -6.9925043865704806e-03        -4.0558239697665674e-05         4.6441988002536459e-03         1.3944092811536741e-02        -1.2957773703885341e-05        -3.4587438556337849e-02         5.5515407559595959e-03         8.8464992703256404e-02
37                                    -6.4148074873413993e-02         3.4079904730114708e-03        -5.6619844417772222e-02         4.4362962815248201e-02        -7.8507013799492963e-04        -1.4516521309950492e-02        -4.8645851999415755e-02        -3.3407664174091704e-03
38                                    -1.6624145683059657e-02        -1.0025965908323609e-02        -1.5286182048797725e-02         1.1208735451490882e-02         2.0021797765475491e-03         1.8611067470218534e-03         1.7903786768907445e-01        -2.5228845337929513e-04
39                                    -2.1887122004936806e-02         3.4049661648669813e-03         1.1608099961921352e-02         5.0312435413847140e-02         1.1353179574347888e-04         4.4591011475361296e-04        -4.8635061205019067e-04        -2.1211424502068706e-02
40                                    -8.5203235531633392e-02        -2.7383394345469434e-03        -8.3605238504467994e-02         5.3275700391306816e-02        -2.5268758818720858e-03        -3.1593286094611796e-02         1.2145908599494921e-02         3.2738387588589053e-02
41                                    -2.2825238542986102e-02         9.6977477119139562e-03        -2.3445067794808552e-02         1.2491459547203555e-02         7.5722631681374017e-03        -9.7798823892591424e-03        -4.0257318759648532e-02         9.0807402377191000e-03
42                                     3.6295004285777969e-02         1.5170822157743733e-03         3.9389907048844604e-02        -1.0146396475667516e-02         1.3343875495360341e-03        -1.7983382517250096e-03        -4.2849646912913262e-04         1.7497435406304409e-02
43                                    -5.8710542947487086e-03        -1.0331906448534810e-02         2.5784665242158049e-02         3.8945767071960520e-02        -1.6054699793894917e-02         9.5508047742864245e-03         1.2411301970821124e-03        -4.4093566428745651e-02
44                                    -4.4507081999394108e-03         4.6400629330815582e-02         5.1378980292498431e-03         9.7576047545373627e-03         5.5790876479320253e-02         3.1921372956642108e-03        -2.9167371166757298e-03        -1.4396273573148509e-02
45                                     4.4033661572413861e-02         6.7698675447003926e-04         5.7172338487181916e-02         3.1660368312263386e-04        -1.1450673884162207e-03         1.0756161557353060e-02        -3.6618289969495905e-04        -1.4280030997626982e-02
46                                     5.6135831655767165e-03         5.5672262381656901e-03         2.2791997196695845e-02         1.1499656853818761e-02         5.3072342595721902e-03        -1.9326505259741153e-02         2.8684910246492353e-04         4.3340799526474967e-02
47                                     9.4798403392814244e-04        -1.7872980937315267e-02         4.8525113004864937e-03         3.7322300064808142e-03        -2.0282166445251628e-02        -5.6484105818869410e-03        -6.0342121355156807e-04         1.2354072724079221e-02
48                                     2.8787855012638616e-03        -2.6006319738860139e-03        -5.0700325459646124e-02        -4.3930046373631480e-02        -1.3445984753091345e-04         2.3673188341831564e-02        -5.2417874438993282e-03        -6.3110560908102423e-02
49                                     1.9242203728744786e-02         2.8814807878497998e-03         6.5450915010763139e-02         3.5396744116472631e-02         7.0477786855756000e-03         2.2399445867531797e-02         4.6621036907681060e-02        -5.6514935198185755e-02
50                                     5.0026288883367282e-03         2.5741720797379693e-03         1.9983130876025809e-02         1.2156366912934917e-02        -2.7701534733629442e-02         3.3493201901916008e-04        -1.6798636471492034e-01        -1.3899187106962184e-02
51                                     6.4258136890789977e-03        -5.1314627668973840e-03        -8.2439228972182879e-02        -8.3027180347549301e-02         1.7084248310122708e-03        -1.2251298055319338e-04         6.6219781434486628e-04         5.1501991313382825e-03
52                                     3.2019768975860792e-02         7.7302025855887615e-04         8.1073864561538658e-02         2.3115722750017994e-02        -4.4293312517396360e-03        -9.8033623190289174e-03        -9.9324737901152552e-03         3.7345199897357385e-02
53                                     8.4139449182602574e-03         7.7050600019101471e-03         2.4434018856481873e-02         8.1757717363232698e-03         1.4694420138077540e-02        -1.5046025326287316e-03         3.7060450696624114e-02         1.0222658738637844e-02
54                                    -1.8862788682661554e-02        -1.2076095227083125e-03        -2.5584891316802590e-02         1.3625879441019822e-02        -1.7714824148980211e-03         2.4225792479506233e-02         1.0086148470860817e-03        -8.1990333214535693e-02
55                                     5.6078829766884754e-02         1.2337385745670837e-02         1.3719685141590906e-03        -8.9022450047132190e-02         1.7291167140340451e-02         4.3650169184448820e-02        -8.8147881685277461e-03        -5.6408812812836093e-02
56                                     1.7025834274952002e-02        -5.5521555186543718e-02         1.8783401200839444e-03        -2.1647031523197368e-02        -5.8761399362431840e-02         1.2082141911625212e-02         2.5937828714627194e-02        -1.4655144350726925e-02
57                                     3.0195036635407353e-02        -9.1906831994081331e-04         1.2468511300017747e-02        -8.5774047574079925e-03        -1.8331085272197606e-03        -1.8047987274346193e-02         2.9478581812782394e-04         2.3338485777191009e-02
58                                    -1.1654671100872937e-02         9.6300036350525225e-03        -1.0050978459296037e-02         3.2335387926684805e-03         2.0613679674283011e-02         7.8453729223511102e-03        -1.6665879032652837e-03         7.0994075566906756e-03
59                                    -3.2893735329391923e-03        -3.4800066451725474e-02        -3.4880145004802460e-03         2.0399380479937143e-03        -7.0341420579950312e-02         2.3598016489812315e-03         5.0324425608288363e-03         1.4189330102059574e-03
60                                     2.6013120545576900e-02        -4.2695271316108046e-04         4.6959897348034666e-03         1.2903073349177729e-02         2.0334545467020626e-03         5.4845652772802607e-03        -4.3649350384193739e-04         7.9224145018238490e-03
61                                    -2.0227176999744568e-02         1.1024919800789446e-02        -2.0867773063141630e-02         2.6907345370637409e-02        -1.4681474104717703e-02         4.1424118300072282e-02         8.6491635007337391e-04        -9.8626719423872428e-03
62                                    -6.4002883395973594e-03        -3.6671209491006690e-02        -5.6787200278805867e-03         1.0232263963039154e-02         4.4821823824633560e-02         1.2537003724899258e-02        -5.2899416774265804e-03        -3.4817360436375645e-03
63                                     2.6289998906066078e-02        -1.7693772768868816e-03         1.8892288549154885e-02        -6.9947609686229085e-03        -6.8032006195559277e-04        -3.0759556471210515e-02         6.5857538743572901e-04         2.0993466264752288e-02
64                                     5.0260040114833232e-02         2.0121734120972210e-02         5.7683033924236723e-03         3.2694754865832086e-02         9.3490786136008787e-03         3.1609539792420656e-02        -2.6331750472732523e-03         1.6012079899652597e-02
65                                     1.5192622239503548e-02        -5.6182177650988666e-02         1.5937286920071842e-03         1.2518819543766544e-02        -3.4726859804294796e-02         9.9983628771389121e-03         5.5108138644938635e-03         3.9562924477520734e-03
66                                     2.0023730759049351e-02         2.9452581543525304e-03         1.1742407000710185e-02         3.8882575902101563e-02        -5.1041524735432752e-04         4.5053965644639357e-02        -1.0764114626452511e-03        -9.1366782523556334e-03
67                                     6.1551286061759497e-02         2.5471518489009791e-03         1.4039540072287669e-02         2.2754907423295920e-02        -8.6270842399347909e-03         1.0465101609517535e-02         4.6432156191119755e-04         3.2003928951027508e-02
68                                     1.6963837900681896e-02         4.2252051828841819e-03         3.7800931787681023e-03         5.3167885572761048e-03         2.8432785082294722e-02         1.4467527880099027e-03        -3.8159412894765029e-03         9.5678696297062799e-03
69                                     3.9488591976410874e-03        -8.3079616886146492e-04         2.3551453548325448e-02        -9.4443205491723317e-03        -1.2277216401997205e-03         1.4621977666642083e-02        -6.9565785000957263e-04         1.6504227848712884e-02
70                                    -5.2248388105411527e-02         2.2591353205809431e-03         5.7813692719511076e-02        -4.1947472951863712e-02         8.9607499985409067e-03        -1.1678863290299378e-01         3.4610851824393159e-03        -6.0883805111460944e-02
71                                    -2.0247293449988664e-02        -1.8445397534854774e-02         2.1995399124297356e-02        -1.4468688493180400e-02        -2.5390538379960644e-02        -3.7819077391517533e-02         8.4072869368305024e-04        -2.1075264174093607e-02
72                                     4.2488533827380888e-02        -1.4328704674307390e-03        -2.1472954487135112e-02        -1.1180591660503216e-02        -1.4897852717065279e-03        -9.8911167543879103e-02         2.4942501542908973e-03         1.0576942619128882e-03
73                                     9.0590295885044553e-02         1.4870429445280242e-02        -9.5479602648890716e-02         8.6515903726595025e-02         1.9511271127552878e-02         1.0318757904846836e-01        -3.2686379637180368e-03         2.4557141818691366e-02
74                                     2.4899944911238307e-02        -3.0673477566811293e-02        -2.5512630572432696e-02         2.5646278203505037e-02        -7.2456081305618009e-02         2.9805953585354761e-02         2.4265841551598102e-03         5.4639260290641754e-04
75                                     2.4506230831555054e-02         3.0671460727103184e-03        -7.1796214501304356e-02         4.1264909491449495e-02        -6.9857254833849110e-04         1.0755177547205350e-01        -3.0402265649272712e-03         4.9076767740591082e-02
76                                    -3.7269658421193626e-02        -8.1453674473855459e-03         1.4659681340793786e-02        -1.4749310573600957e-02        -3.6162145788047797e-03         9.9790423453155391e-02        -2.3666032456196098e-03         6.1456890270671916e-02
77                                    -1.2289115837404118e-02         2.3330747073323655e-02         6.8208468908687809e-03        -6.5661299703655618e-03         8.7556120064207158e-03         2.5251380186455025e-02        -3.5640167161442456e-03         1.4404751959926642e-02
78                                     9.1537814625529526e-02         3.9364802009293634e-03        -1.0667711821596010e-01         4.9712921531371537e-02         1.8907000126981142e-03         2.7033456461165718e-02        -8.6543735334415096e-04         6.3558110321818156e-02
79                                     4.2960066149365095e-02        -1.7594491882158580e-03        -3.7112979213314303e-04         2.6522228567496149e-02        -1.0445744623734451e-02        -4.7142940056827919e-02         1.4796759282197495e-03        -6.9236759615086976e-02
80                                     7.3692519946086136e-03         1.4221388347040922e-02         5.6178083858658984e-03         4.4530940247038756e-03         3.4916227797529668e-02        -1.4200959218966459e-02         1.4003534604292128e-03        -2.1365652552157891e-02
81                                     9.2646983217655934e-03        -3.7878917760822577e-03         2.5396668598275170e-02        -9.9533411137866200e-03        -4.4479803247789319e-03        -5.0679522907270867e-02        -8.2375081629466485e-03         1.3175694976922925e-01
82                                     5.5320291714451131e-02         2.2214288329804627e-02        -3.1779256378986834e-02        -1.4198524307259283e-01         4.4385066992125126e-02         1.8664926760297407e-02         6.9255829533835384e-02         3.8335432800748137e-02
83                                     1.7383810466874882e-02        -1.0272395554991490e-01        -1.0539740134687264e-02        -3.5061207879286682e-02        -1.5140899033420027e-01        -2.3556273267947860e-03        -2.5758641996241971e-01         5.5112765761821045e-03
84                                    -2.2368463206051376e-02         4.6499562577845075e-03         2.9540458787174873e-02         7.3316496708583603e-02        -1.1350051839171887e-03         2.5771892492990868e-02        -1.2508228688824603e-03        -9.9038943194653811e-02
85                                    -8.5567369289129336e-02         3.6780160102070983e-04        -6.0157966060474209e-02         8.3004813306045755e-02        -6.8100273203157717e-05         2.3931739017998923e-03         1.3626866175497654e-02        -7.2880328373080283e-02
86                                    -3.3322544269432673e-02         6.1008861093121355e-03        -1.7943443042806918e-02         3.7929614723849675e-02        -6.3148969979314167e-03         9.6678050520012011e-04        -4.8992823678687195e-02        -2.9009113334393717e-02
87                                     3.9407853586547879e-02        -9.5438988260971176e-05         3.9581961926109126e-02        -1.5863730532899609e-02         1.8668931892355879e-04        -2.2515206167408573e-02        -4.6627246424403812e-04         7.7247126210268371e-02
88                                     1.8053418998663388e-03        -1.6646275347929897e-03         8.4371858692938988e-03        -4.4958142351468584e-04        -1.4782901121213306e-03        -4.2845862704390732e-02         2.0261687252334020e-03         1.0883408286515577e-01
89                                    -1.4855444613743835e-03         4.9522210383806022e-03         2.7416458929912114e-03         1.6446349923852246e-03         6.7725303608054494e-03        -1.4828313929582847e-02        -6.9661323003638552e-03         3.4627982231343626e-02
90                                     3.0688690996696286e-02        -8.0149254064443877e-03        -7.4278262290752670e-02        -1.2102480885476267e-01         3.8322941184347687e-04        -3.8959375228451901e-02        -2.4313558872184646e-03         1.3448076812087079e-01
91                                     2.4588154568709924e-02         2.6889672678344066e-03         8.1347090526324412e-02         3.6919197471727450e-02        -2.1614120363124250e-03         2.7624986454288569e-04        -1.2479019051098090e-02         2.2962882152185540e-03
92                                     1.0064072696027928e-02         3.8138953622137393e-03         2.1464354172207812e-02         3.9659445103610415e-03         6.9936994821852951e-03         3.6861455296551375e-03         5.1422732825053864e-02        -1.1948875688430275e-03
93                                    -1.9570572955324057e-02         2.0274729341390818e-03         4.5382395341712227e-02         1.0000782221982008e-01        -3.9653654514138423e-03         2.6142101917269182e-02         8.0873718198106442e-03        -1.3480568546318286e-01
94                                     5.6202165041008917e-02         2.8556920688277688e-02        -1.0175975196302846e-02        -1.0376883293306073e-01         3.1787065645478237e-02         4.2503864269436038e-02        -7.0050913302877313e-02        -4.7422511180867315e-02
95                                     1.9651699163782725e-02        -1.1758589702318388e-01        -3.3964092672167925e-03        -2.8148359195972830e-02        -1.1063385490602240e-01         1.7260031211649415e-02         2.4668938457379103e-01        -6.0353489951705877e-03
96                                     1.4247117348503915e-02         3.3504222721032005e-02        -1.4419883945547203e-02         3.4704563160781306e-02        -2.9595439266901991e-02         4.1807764555661008e-02         2.7479431383475731e-03        -9.6480521240310414e-03
97                                    -7.9164595455296152e-03        -2.0106493913794887e-01        -4.4606850956779194e-03         2.2480772774701573e-02         1.7813582918395715e-01         1.5844522044206430e-02        -2.2438357116176182e-02         3.0398498650014870e-03
98                                    -1.7829707103163728e-02         6.7692909645967969e-01        -1.1176986735971600e-02        -4.3266561097248947e-02        -6.0142343528781583e-01        -5.5116211086217275e-03         7.4886638380849482e-02         4.2370535134776555e-03
                                                        40                          41                          42                          43                          44                          45                          46                          47

0                                     -5.9019604834066829e-05        -7.3071564354442037e-02         1.6429612528151543e-02         5.4728885221250849e-03         2.5587682329490159e-04        -3.0475307289098202e-05         6.2361726793087782e-04         8.0073014534268563e-04
1                                      1.2316051550223344e-03         6.1845661694534329e-02        -1.9975435830636792e-02        -2.1741394340742112e-02        -1.0722770260646584e-02        -1.4978663718791922e-03        -1.3935681421184938e-03        -2.9354082220277036e-02
2                                      2.8586083003117647e-04         2.4976211617817264e-02         1.3162717536818641e-02        -8.4218407279314667e-03         3.8506752689771391e-02         3.1787536447597728e-03         4.7647307259942491e-03        -8.2202436158911856e-03
3                                      5.8138505119252452e-04        -1.9081109855388079e-02         6.9589637380983377e-04         1.6219476186999249e-02        -8.6989961488207652e-03        -1.5736395812028755e-03         3.1155638096449671e-04         3.7280217271912122e-02
4                                     -7.3658293472089187e-03         5.3146523048035653e-02         1.5580358920919210e-02        -9.8164680043817953e-03         5.6987979452642987e-02         1.3230414906766604e-02        -2.1021912938213555e-03         1.6121468754865458e-02
5                                      2.6143295810902172e-02        -1.9193258588953835e-04        -9.2826002654666548e-02         5.7001973392813180e-03        -1.9096965864107193e-01        -4.4839143178019542e-02         6.8580060232797209e-03         1.4751156198121748e-03
6                                     -1.3512966403382758e-03         7.8022071792348637e-04        -4.8067864414632769e-03        -8.3610566758819185e-02         6.9495094699715621e-04         6.7114257349539484e-04        -1.0695768202990813e-03        -2.4315555611671636e-02
7                                      5.2541743991422014e-03         1.9707098528651688e-02        -7.8128670583767264e-03         2.2227072053174767e-02        -1.0054481707090933e-02        -8.0553407480686481e-03         6.9670252451233938e-03         5.2496757366419823e-02
8                                     -1.8861432861397520e-02         8.8845987909190027e-03         1.5406121683484025e-02         8.6608036435708372e-03         3.6958557387878274e-02         2.9190305657914559e-02        -2.3600972965181929e-02         1.7332547145351908e-02
9                                      6.1551982013662724e-03        -1.6066993950087181e-02        -1.0862389007212283e-03        -8.4236711691375393e-02         1.1920767484885598e-03        -3.4157216412159411e-03         4.7549623081216902e-03        -5.3046178931758475e-02
10                                    -4.4342775234071811e-02        -1.6241375986390649e-02        -2.8139198636651565e-03         5.6645172644640028e-03        -1.6442883547722803e-02         1.6956495333161164e-02        -3.0388551873817046e-02         2.0609160814478122e-02
11                                     1.4782524553991322e-01        -8.9411814538744531e-04         2.2262813113631090e-02         2.2402005007438690e-03         5.6151661205643938e-02        -5.6738235384048236e-02         1.0385944907425920e-01         9.8503538403487655e-03
12                                    -2.2466728157224283e-03        -2.8690655580012056e-03        -5.6880563910734541e-04        -7.9680319741467116e-03        -1.0710011602992515e-03         6.1105886581638684e-04        -6.6139602109577950e-04         2.2452215413755010e-02
13                                     7.0173577659429325e-03        -3.9443551694180901e-02         7.8081374633478771e-03        -5.1501326460179520e-02         5.5466518326134310e-03        -2.8269555288642475e-03         5.1718692875304829e-03        -5.6724761142548877e-03
14                                    -3.0032114264187875e-02        -1.3186644607159714e-02        -8.5788361336346427e-03        -1.3581341214559761e-02        -2.2939686042704324e-02         8.9613185212838037e-03        -1.7228496188358856e-02        -2.6300240635488649e-03
15                                     4.9223952948116074e-04         5.0848059112352725e-03        -3.4678092183314316e-03        -3.4836650505309937e-02        -5.7216970730370148e-04         1.4674061890463388e-03        -2.8956833113529903e-03        -1.9805401576866263e-02
16                                    -1.4976939149778732e-03        -4.1982209601112208e-02         1.2379791570389681e-02         3.9777644620896419e-02         6.8075914893118647e-04        -1.2448456657852151e-02         1.9168943068883372e-02        -3.7325634411327198e-02
17                                     6.4985185575304584e-03        -1.3147647698711774e-02         1.1286137727524101e-03         1.3302037231410394e-02        -3.4107378765271565e-03         4.2992345322038529e-02        -6.6190824714158367e-02        -1.3437421384132226e-02
18                                    -6.6559721808025296e-03         5.7360101608595976e-02        -7.0216657646751841e-03         5.1810950194742265e-02         2.6560379054921960e-03        -4.0823176315149170e-03         2.9303264723351493e-03        -3.5635567640597970e-02
19                                     5.1914575415144888e-02        -7.6737841292077544e-02         1.1166252985152982e-02         6.3591628234058492e-02        -7.1350636500331494e-03         2.8398352620544715e-02        -2.1790605522684938e-02        -4.5063382995625727e-02
20                                    -1.7338181590371840e-01        -1.7661535710751342e-02         3.7213647278677021e-02         1.5743582900584224e-02         2.1210836159084437e-02        -9.6785239987711422e-02         7.4328732313027390e-02        -8.9986365499806764e-03
21                                     2.7738757805102055e-04         1.8197473759909419e-02        -1.5246081633362935e-03         2.5732748251143453e-02         2.4800622826695001e-03         2.0918081175702917e-03        -1.6256681358549417e-03         1.9705811112042212e-02
22                                    -3.6716911048960844e-03        -8.5221044551399922e-02         1.8675971075814601e-02         6.0836744642702160e-02        -1.0458471016372171e-02        -9.8111755649495525e-03         8.6244311739665375e-03        -4.1930272580843815e-02
23                                     1.4555208787712061e-02        -2.3841942566996489e-02         1.8708569287753916e-02         1.5004103846812023e-02         3.2541442188475239e-02         3.4558090870002924e-02        -2.9863578918590008e-02        -1.3615243933836653e-02
24                                     3.8488711620955356e-03         7.1940220156118284e-02        -1.0484659934199402e-02         7.6464594416981654e-02         1.6754579799670936e-03         1.5813643459795922e-03         6.0417347479681972e-05        -3.8265498983674498e-02
25                                    -1.1785016466187541e-02         2.0311342603247847e-03         7.6071691553408951e-03         5.5691603820588104e-02         3.4247043643884012e-03        -8.9865226402201463e-03        -2.8880067158998978e-03         1.2920506101701573e-01
26                                     4.6654848277862995e-02        -6.0959542317315166e-03        -1.4259164284210240e-02         1.3608137057426941e-02        -1.1093147295775350e-02         3.2567284058462341e-02         1.2028824059540512e-02         3.8404808321657456e-02
27                                     5.3125727287818005e-04         8.1309610406968574e-02        -1.4248101755339514e-02         1.9619699807726355e-02         1.5941863299555998e-03        -3.8528136742524304e-03        -4.8609837453344532e-03        -2.7051922360853846e-02
28                                    -7.3193814075988575e-04         1.8886527570848556e-02        -1.3894068862312078e-02        -9.8606900950621718e-03         1.3574878324259696e-03         2.8046437932034912e-02         3.5951944880055361e-02         7.4892155503379437e-02
29                                     1.9019400959134618e-03         9.2039877421476960e-03         2.8226783478533829e-02        -4.6335683119558832e-03        -3.8237337743586100e-03        -9.5507150684301906e-02        -1.2142202005727500e-01         2.4215938721385815e-02
30                                    -1.4124107233259553e-03         4.9863974399770902e-02        -1.0044950859237737e-02         1.5934456658864430e-03        -4.8961220425510908e-04         4.5921027600113887e-03         4.2227182694965781e-03         2.9644557431588994e-03
31                                     1.3794099919070647e-02         2.8886499209379107e-02        -4.1526431710916783e-03         3.5376687353533866e-02         1.1320641905494543e-02        -3.6179554129127961e-02        -3.2176732705757362e-02        -2.3499986110921470e-02
32                                    -4.9963556797538153e-02         8.1309801905220646e-03         4.4243353434324277e-04         1.1586722576947296e-02        -3.5834112217502573e-02         1.3055100941478634e-01         1.1491670638277758e-01        -8.9086054909771339e-03
33                                    -1.4111817924741723e-04         2.4029397298530753e-02        -4.1352077009421629e-03         4.5637794317500938e-02         2.8295868982899631e-03        -7.3807895613429704e-04        -7.0111874969206519e-04        -1.9910590869469096e-02
34                                    -3.8913742631096725e-03         1.9240307476714930e-02         9.2295801928729999e-03         2.6178651628180567e-02        -6.9660975122604529e-03         6.6559369564919233e-03         3.9983623563486304e-03        -2.9372974874995506e-02
35                                     1.4315705045781642e-02        -3.8739383189207504e-03        -3.8250863465095306e-02         8.7808435346271446e-03         2.7082957339161089e-02        -2.3429715303668084e-02        -1.5355834284360019e-02        -7.8205743179368091e-03
36                                    -1.0633925748646817e-04         1.3456796305117185e-02         3.1589654894729324e-03         4.4022973689211174e-02         9.2793277537764354e-05        -4.2195733590757203e-04        -9.0470114063504544e-04        -3.1868042639710110e-02
37                                    -4.0995157425466394e-03        -3.6424515571490214e-02        -2.7849726903937399e-02        -1.2734700437762151e-02         1.4060276195253867e-02         1.9270067677902806e-03         3.3870978060918122e-03         5.5885917026942192e-03
38                                     1.4410604473640683e-02         1.7873757425746806e-02         1.2237473890766301e-01        -1.2660217419000091e-02        -5.4829382921467912e-02        -7.0538592028196907e-03        -1.2164718841773376e-02         2.8586421911692382e-03
39                                    -2.0717231050319511e-04        -2.1786247521145618e-02         2.9307608725537846e-03        -2.0963683161557521e-02        -8.5294781385685848e-04         3.6163021576716227e-04         4.2893774808436773e-04         9.2119130801161016e-03
40                                     1.2166988357813413e-03        -4.9812228758295038e-02         1.7101940628673595e-02        -6.5047151118193232e-03        -3.3993987458884457e-03        -2.3451930063296653e-03        -2.4213068834307390e-03        -6.6064212864566400e-03
41                                    -5.8376514583056002e-03        -1.8431549980772850e-02        -2.0732814568284210e-02         5.2487278761151833e-04         8.4771612243297496e-03         7.3253632522863564e-03         7.3073180493992401e-03        -2.2746097613361611e-03
42                                    -6.6726559009634939e-04        -6.0908476136597011e-03        -2.9320208705713941e-03         6.0237612759069699e-03         2.2620177616908760e-03        -6.3527809003439690e-04        -4.5063796242686757e-04        -8.1227325284648055e-03
43                                     6.5412991370644253e-03        -2.2124846116328596e-03         4.1601618425237609e-02        -3.3542269011266987e-02        -2.0522368647890147e-02         2.3228626436932213e-03        -1.8493177972748575e-04         2.5612946029454287e-02
44                                    -2.2642629146847417e-02        -3.5791632018997432e-02        -1.4813034202502778e-01         1.4123910568889807e-04         6.9990470216197823e-02        -8.0442735221718104e-03         2.1076470159520516e-03         7.1079992422482417e-03
45                                     3.4090528368758429e-04        -1.9604289653189989e-02         3.7384849599094981e-03        -1.7188805172970060e-02        -8.6248398566449451e-04        -6.4107626298796558e-04        -6.1339751414235674e-04         4.0480620374301344e-03
46                                    -1.8196305053636800e-03        -1.5930271792788924e-03        -6.3667424920871045e-03         1.6080399002612589e-02         3.7686039713046801e-03        -8.5822150557313774e-05         1.4522755135371322e-04        -9.7933526490234287e-03
47                                     5.8983994671076376e-03         6.3796476325995626e-03         2.6485264226895542e-02         3.0532233922838121e-03        -1.1366532685286899e-02        -1.2188281377857346e-03        -2.4481498215667219e-03        -2.6854485981715396e-03
48                                     7.1245304862917007e-04        -2.2115641953955923e-02         6.6757414347095121e-03        -3.3644209448230329e-02        -3.3341948158271822e-03         5.5983998139898055e-04         4.0651078940936601e-04         2.2549316371919086e-02
49                                    -4.2767529139377666e-03         4.5942093315742023e-03        -3.8527220861265019e-02        -2.2630991599079379e-02         1.6195105981284569e-02        -6.2619263724460650e-04         2.9876235159690128e-03         2.1796187650144318e-02
50                                     1.6913938929233437e-02         3.1937189956429586e-02         1.2367252160565477e-01        -1.3247509098787738e-02        -6.0865757733905880e-02         3.6514805777905879e-03        -8.3823520332933395e-03         5.7985491691576047e-03
51                                    -4.5961956379876400e-04        -4.1792115008781709e-02         7.6596524503064894e-03        -4.1523790327209781e-03        -5.3810411658017821e-04         2.8833826159025213e-04         2.2881576502398884e-04        -1.4012728750396338e-04
52                                     1.4835542449880559e-03         3.7823004192953182e-02        -2.9906516281499564e-04         2.6401154846296650e-02        -9.4910827539731763e-04        -1.4206759694471924e-03        -1.7881771108232162e-03        -1.4426346669942483e-02
53                                    -6.0032008948576691e-03         5.9802408694386482e-03        -2.5478925909705703e-02         8.9614896112959926e-03         1.0068936474025351e-02         5.0165556904995792e-03         6.0360055021342635e-03        -4.1250670618434172e-03
54                                     7.3088988059711690e-04        -7.7462132523501489e-06        -3.6103859111663262e-03        -4.3336815008881292e-02        -6.1778470030166596e-04        -5.5357243872192994e-05         6.6855312783857242e-04         3.5078371232356152e-02
55                                    -2.9111193800112874e-03         9.5264997203125396e-03         9.8788010484952352e-03         1.1358753604886313e-03        -8.1728894773805631e-03         7.3336815297537260e-03         4.1736380135583544e-03        -9.7114158546490539e-03
56                                     1.2250825817077031e-02        -6.9417483668262649e-03        -3.9986887291301329e-02         3.0399028163474802e-03         2.8774097244138614e-02        -2.5779158367054328e-02        -1.4794157803069051e-02        -3.1872359334020068e-03
57                                     5.0868135793850596e-04         1.7933547096065761e-02        -3.8376097218983203e-03        -1.1226154774765195e-03         1.5308748030785199e-03        -1.0625421113603943e-03         4.5930067791595157e-03         6.1110833159106523e-02
58                                    -4.3580056739728661e-03         4.0989930829191237e-02        -1.2715959601435655e-02        -3.0857822795604128e-02        -8.1673742727615684e-03         7.7133326003511931e-03        -2.9335616349400035e-02         8.4430791711975189e-03
59                                     1.3655849898794386e-02         1.2037110861842240e-02         3.8672387467611354e-03        -9.7245469469879175e-03         2.9503596921627517e-02        -2.6946178281513175e-02         1.0021544317754906e-01        -2.3668442533127635e-03
60                                     1.2667986664589186e-04        -2.7607168813619562e-02         8.2190390329152114e-03         3.8543013577905509e-02        -2.4993465955433324e-04         4.1863438823795858e-04        -8.5596543607158941e-04         2.6445949074759958e-02
61                                     4.7487335364010665e-05         2.7781391119573416e-02        -8.3331497957288454e-03        -4.1725470987768305e-02         1.7649151126749023e-03        -1.7240488584562158e-03         5.2657072867575844e-03        -8.1407193075356571e-02
62                                    -2.1072229431954577e-03         9.3452390402826522e-03        -2.5330603552127760e-03        -1.3819646148949481e-02        -5.3265677635831515e-03         4.5223500732054587e-03        -1.9497922180675455e-02        -2.4924087425091123e-02
63                                    -3.7460134089650516e-04         8.0642141461887227e-03        -6.0851014997974785e-03        -3.9431676261655384e-02        -1.9271696280914697e-03         4.6735374416044910e-03        -3.0700417139243319e-03         3.4208371118609582e-02
64                                     6.2151256402032476e-04        -5.4608577645215233e-04         8.2805556088569269e-03        -3.3180451510164348e-02         1.0091051128622866e-02        -3.3334681227951447e-02         2.1039362154299763e-02        -1.5822474205959534e-02
65                                    -4.1020941797963173e-03        -7.7383278967563156e-03        -3.4109331048208388e-02        -6.5254579312731629e-03        -3.5411855264608653e-02         1.1245007015646831e-01        -7.2112702488913660e-02        -1.9786040331081964e-03
66                                    -2.0275260554145102e-04        -4.3130772759914823e-02         1.0581647591967261e-02         1.3474725775530317e-02        -1.4578437603827741e-04        -1.6035289456748575e-03         6.6081677431359517e-04        -2.7146788962837762e-02
67                                     6.1039678293015171e-06         1.3851004173858438e-02        -1.0921426327977189e-02        -6.5865654989170727e-02        -3.2981411592767169e-03         1.0339062416009176e-02        -6.2485489985707656e-03         6.3972181579470952e-03
68                                    -2.6511081717458607e-03         8.3287283293684324e-03         8.5795645164985397e-03        -2.0552610750596560e-02         9.7340853858729082e-03        -3.6842382994354592e-02         2.0989735453379878e-02         2.0261731413901795e-03
69                                    -4.3625251290917875e-03        -6.2046740515752416e-02         1.4083260692531283e-02         9.7842324064861350e-03        -6.2777051726750155e-04        -7.4494065807233136e-04         6.4390297082534233e-04         1.8038416747159395e-02
70                                     2.7475736298182597e-02         4.9859547307638452e-03        -7.0239249428265113e-03        -3.7120806059058709e-02        -4.3585690212929124e-03         3.5354184165474660e-03        -1.7009309803495834e-03        -1.0244529482861768e-01
71                                    -8.9529874606180435e-02         5.9390122574475160e-03         1.0481918089390370e-02        -1.1446049025190254e-02         9.8968166198480385e-03        -1.5799821375531500e-02         4.4410974329121824e-03        -3.1959892153262462e-02
72                                    -1.4975114557204685e-02         2.2920178823962294e-04        -7.9971577552827560e-04        -9.5263891407406112e-02         8.8050078955683019e-03         6.3794111296077418e-03        -8.0592749074002868e-03        -3.3844837195326598e-02
73                                     9.2992951807889718e-02         8.1258785454129609e-03        -2.8570815967440960e-02         1.2872767418765543e-01        -6.2357419918183159e-02        -4.4629547115951469e-02         5.2277639564002533e-02         1.5180627436251926e-01
74                                    -3.1590069997275066e-01         2.4598101187448592e-02         1.1571589910262285e-01         3.1301681997854609e-02         2.1971421117084111e-01         1.5818399834474262e-01        -1.7747277877621856e-01         4.1465977552022033e-02
75                                    -4.5000432184419637e-03         2.9037592504349917e-02        -2.5034535110617013e-03         3.5213257500136645e-02         2.9108592238794397e-03        -4.9525764588950630e-04        -1.4422819231636099e-03         7.8885070090295786e-02
76                                     2.2309139724762929e-02        -1.4708341702522979e-02        -7.5507023673955630e-03        -9.7482584288540210e-03        -1.0459166298478042e-02         7.8725071994070351e-03         1.0313099458552320e-02         4.7388146496166801e-02
77                                    -8.1745225608242836e-02         1.7298421501751580e-03         3.2686769949377123e-02        -4.5600954989293641e-03         3.5982537455455037e-02        -2.5822900526881139e-02        -3.4800664572702505e-02         5.5019097862853217e-03
78                                     9.0195525729115638e-03         1.1059599789350041e-01        -2.1593652155507809e-02        -5.4271228135508942e-02         1.6881561645283292e-02         1.0958394649326474e-02        -4.1804961549721858e-03         1.2350206974798222e-01
79                                    -6.8044170787118857e-02        -1.2828355278834516e-01        -1.9532916275620533e-03         1.0164482851963053e-01        -9.7059743003746909e-02        -6.6103503463435229e-02         2.5491550440967559e-02        -8.9461616296212590e-02
80                                     2.3630235643182232e-01        -2.4054467874647451e-02         1.2983031032687412e-01         1.5312349327748402e-02         3.2609108498826445e-01         2.2616998562016355e-01        -8.7529371517783450e-02        -3.1161059482146286e-02
81                                     1.2040116511563782e-03         3.8172107189028900e-02        -5.1156372167404842e-03         8.8344110173028206e-02         5.5700026145240680e-03        -6.4066074991004571e-03        -6.5118632832811595e-03        -4.7251825429511576e-02
82                                    -1.6863325398255080e-02         3.2833167694081407e-02         1.2495030616306042e-02         7.0629716003154597e-02        -1.8067410514780568e-02         5.5779326530818449e-02         5.0668669824350900e-02        -6.1372545159763120e-02
83                                     6.0346064021964477e-02        -4.8197584930189516e-03        -5.0406141312283242e-02         1.9081540148825189e-02         7.2244037799174002e-02        -2.0076926028455563e-01        -1.8544198442849297e-01        -1.1459587147190056e-02
84                                     6.3339541401221701e-04        -3.8706692552355093e-02         3.9212892903613778e-03        -6.7701795448333449e-02        -2.2952726155177597e-03        -4.3982963000839981e-04         9.4001916226453970e-05         4.4631940166807320e-02
85                                    -4.9641097000668551e-04        -7.5102035263817313e-02         1.2112695707687462e-02        -6.9995436965624797e-02        -3.7233908859436197e-03         1.5655900085277813e-03         2.0215336920565785e-03         4.2056384459277382e-02
86                                     3.6216514347166841e-03        -2.6869267257801057e-02         1.1073347829028562e-03        -2.5835516204237317e-02         2.4648525542884433e-03        -9.1853981673046241e-03        -8.6433169658053574e-03         1.4420034267705021e-02
87                                    -4.3716691758907027e-04        -6.7870550049567505e-03         2.3278057998049840e-03         3.2510238114758942e-02         1.5361736314856594e-03        -9.1945370625819275e-04        -1.2291030916977430e-03        -3.4102783010465078e-02
88                                    -1.4099771001184255e-03         8.8412757084398354e-03        -3.0637706465951368e-03         5.1685777389531909e-02         3.6291025273190126e-03        -4.9403298082008199e-04        -6.1119813784377987e-04        -3.7579568317767438e-02
89                                     2.3555799262440723e-03         6.0777200569547369e-03         1.1134036515657366e-02         1.5618680249555008e-02        -4.3821020466020171e-03        -4.7299499240266468e-04        -1.4087408937006993e-03        -1.0961564357903335e-02
90                                    -1.5738348035158924e-04        -2.5861642707610849e-02         1.1364954250555061e-02         6.5619464693135232e-02         9.6728139185582357e-04        -2.1096982355531522e-03        -2.8596816029720193e-03        -5.6577915942885811e-02
91                                     7.4409127336742562e-05         3.3998961069438748e-02        -3.6419601684533104e-03         7.6395626419678555e-03        -1.1538783296074044e-03         2.2917206878475889e-03         1.9947151477128049e-03         9.0708503831725385e-04
92                                    -6.2911104289752647e-04         6.9947432507272778e-03        -1.7194056850559546e-02         3.1575410864156436e-03         9.2195525151977098e-03        -7.2092184637316190e-03        -5.6476991031702969e-03         3.0126636859332086e-04
93                                     2.1104755142598774e-03        -2.4042520249345192e-02        -2.0015566043936396e-03        -9.5592049257596776e-02        -1.0354938440422510e-03        -4.7347987506485330e-03        -2.6589573345772899e-03         8.8005904191370138e-02
94                                    -1.5181534746810407e-02         1.5966706758421906e-02         1.1752949979969089e-02         1.1272145721220261e-02        -2.0925786248326198e-02         5.6436119252630340e-02         4.7331703478165524e-02        -2.0832631180721570e-02
95                                     5.6513223996967864e-02        -8.3575941528076878e-03        -4.8762936966532701e-02         8.5323005381616693e-03         7.6326913525789145e-02        -2.0358366518465504e-01        -1.7173924879326227e-01        -6.7572603086078651e-03
96                                     1.9248072411857029e-03        -4.8740432259923590e-02         1.1983735750188251e-02         5.8612032997765399e-02        -6.5638140399748828e-04         4.0960025213721664e-03         7.2187337120499366e-04        -5.8396185439414820e-02
97                                    -1.1225393773322158e-02         4.7550404022517687e-02         1.0749455585038279e-03        -5.6869776458214810e-02         4.4507199001903820e-03        -2.5105839105505373e-02        -6.4637658756503845e-03        -1.7521611470562245e-02
98                                     3.5859755533776870e-02         6.5663757034057618e-03        -5.2212117194243880e-02        -1.7132937529986347e-02        -1.4292315058584144e-02         8.3411629989596767e-02         2.0991688614850488e-02         1.6897492170475403e-03
                                                        48                          49                          50                          51                          52                          53                          54                          55

0                                      5.4237823477948268e-04        -2.9047900922844833e-02         4.3084043406997174e-04        -1.3617420354308225e-03        -1.0039002429825239e-03         1.8481490399945736e-02         4.6643246582436516e-04         9.4390487725851984e-05
1                                     -1.7219044265686155e-03         2.3694708406604443e-02        -2.0957035067150015e-03         6.3226546251383626e-03         1.6266656754337888e-03        -1.6803326336015875e-02        -3.1525079887246475e-04        -1.0347673613108718e-04
2                                      8.5944011131286850e-03         8.3605536936155224e-03         7.8204855747004837e-03        -2.2807521755937078e-02        -8.4607457056366710e-03        -5.6288250090230935e-03        -5.5620019715743086e-04        -2.3905738411314335e-05
3                                     -2.0336778581037549e-03        -3.4148944110118668e-03        -1.5661286122053580e-03         4.3851603919187881e-03         1.6150142133406484e-03        -3.0695503069383265e-04         1.2627042868032252e-04        -4.3891314354086202e-05
4                                      6.7067399814322833e-03         1.2034123682091483e-02         1.0350885250312076e-02        -2.6582186056811046e-02        -6.9104950735072871e-03        -6.6570514406056299e-03        -6.8611408981622600e-04        -6.7844839031682317e-05
5                                     -2.4348772706034784e-02         3.3752517173005251e-03        -3.5212866019467735e-02         9.0900757480184502e-02         2.3961904385157884e-02        -2.6814070760714042e-03         1.9823950238467623e-03        -1.0328242643841094e-04
6                                     -1.0578719242501050e-04        -1.0313152860652229e-02         1.0677063015193059e-03        -2.3133096956178558e-03        -5.9658370184317881e-03        -1.4596069564523438e-02        -1.9180743473536449e-04        -5.9660940611126398e-04
7                                      8.0693847671153352e-04         7.0553216639858097e-03        -9.2287305894364086e-03         1.3856374593151904e-02         3.7411449298504734e-02        -2.2025652818182927e-03        -1.9524180425880164e-05        -2.7186930410857835e-05
8                                     -7.1784584097504120e-03         2.6932052083190124e-03         3.1904344466968007e-02        -4.6518964328053150e-02        -1.2655282356152295e-01         8.0322877686413835e-04         3.4981315839665276e-04        -3.5064564853753000e-05
9                                      4.9056737538349044e-03        -8.0574161163092309e-03        -2.3742905292941964e-03        -6.2822807309939664e-04         2.9681439571646565e-03        -6.8558138900292453e-03        -2.7606825011066289e-04        -2.1036133513613171e-04
10                                    -2.5597436326863947e-02        -4.4834830653089960e-03         1.3603923683511465e-02         1.9169599404651710e-03        -2.2663147686936676e-02         3.7999379205730472e-03         6.9902484796028729e-04         1.3543804968296533e-04
11                                     8.5213806207456125e-02        -7.7677807358067345e-04        -4.7405945724851982e-02        -6.4466388025872035e-03         7.8170069779431542e-02         1.2130219806419039e-03        -1.9918509018971723e-03        -2.9030056866298710e-04
12                                    -4.0987017099830287e-04        -1.2563101864093115e-02         2.9288151359549612e-03         6.0812143232619881e-04        -2.3103662656775496e-04         9.1009326947803365e-03         2.9115156803598887e-04         4.1151300863610189e-05
13                                     3.2947279793676341e-04        -2.1599699703297774e-02        -1.5289840054131101e-02        -2.5269394053660335e-03         3.7891902835017533e-03         1.0658792525515019e-02         4.7882775778693360e-05        -1.0811798346878399e-04
14                                    -1.0929304518906113e-03        -5.7565896599820693e-03         5.2309027706038444e-02         8.7400319338684206e-03        -1.2266879347387478e-02         2.6701959784387586e-03         9.8711170523968560e-04         2.7850693462437581e-04
15                                    -5.2821095008229518e-03         9.3487402985870782e-03         1.6222439370612042e-03         7.2080300133675829e-04        -5.1268953681460599e-04         1.3588919472397285e-04        -1.3632675031698848e-05         3.1014742152473795e-04
16                                     3.7889436673939077e-02         5.4376041491319728e-03        -1.2283140267067401e-02        -6.0244973287675342e-03        -5.6700433940406851e-05        -1.6626310417724107e-02        -9.1404764145122902e-04        -6.3307009142935585e-04
17                                    -1.2577946770069018e-01         7.9436930419700543e-04         4.2313983995053157e-02         1.9862140062895887e-02        -7.0555147990739085e-04        -4.9733598258034908e-03         1.3185110580453557e-03         1.5370980332853554e-03
18                                     4.4067645753351585e-03         5.7725792015667667e-02        -5.6668653764898973e-04         1.8615911620474700e-03        -1.8565277675227374e-03        -3.6055911093785101e-02        -1.0218594491332746e-03         4.6188235920810921e-06
19                                    -2.1837293747458051e-02        -2.2537653673782222e-02         3.3625939208555616e-03        -1.3264637403589080e-02         1.0438581671748678e-02         1.8734191177880145e-02        -6.4363595803975521e-04         7.2082425071721588e-04
20                                     7.9338740975704106e-02        -8.7851779542440431e-03        -1.1725882658457658e-02         4.4918979337225981e-02        -3.7007689270795369e-02         6.5465855744258807e-03         3.2849213912258218e-03        -1.2550294956456219e-03
21                                    -1.4327542987675559e-03         1.9424693682878785e-02         1.0581042730454188e-03        -5.2216076861282120e-03         3.4472588378742001e-03        -1.0987681481642305e-02        -4.9285847805889650e-04         9.7438270730005903e-05
22                                     7.3378273789214358e-03        -5.8945467467559291e-02        -6.5521191436943953e-03         3.6628932469577324e-02        -1.5350938044615011e-02         6.3902973099163082e-02         2.4518505317034211e-03         7.1933963236381284e-04
23                                    -2.0361314023388866e-02        -1.8040099515745017e-02         2.2034703442655613e-02        -1.2346969795386711e-01         5.3878136576661961e-02         2.0011240654452044e-02        -3.2969330712903119e-03         7.7664784887896006e-04
24                                     5.7588375973391720e-05         5.4495706836864805e-02         1.0614709264762939e-04        -5.8761587342976926e-04         1.8534702765401177e-04        -2.6248504994141292e-02        -9.5400616379790197e-04         1.2353155343897189e-04
25                                     4.2727515358451486e-03         2.6792022814035601e-02        -9.1422273569295200e-04         3.5882419837440240e-03        -2.5349732590258826e-03        -3.4937327345207596e-02         1.0356125313297545e-03        -1.1574495695442547e-03
26                                    -2.5615803775851972e-02         5.4690260439597300e-03         3.4421753442655523e-03        -1.2058130183227243e-02         9.8121150937666244e-03        -8.8778447699349641e-03        -5.3650745431942570e-03         1.2687867224459388e-03
27                                     2.0185326609612666e-03        -3.8376410611030760e-02        -4.7267530389030205e-06         5.0418711823940103e-04         2.0262065848846152e-04         8.4951893487826058e-02         3.5123497480660233e-03         1.1662497183992080e-03
28                                    -1.0799203711598714e-02        -2.4385940242035657e-02         6.1198802688662676e-04         7.2048261760143120e-04         3.4250830759979204e-04         4.5139512558963459e-02        -1.1779699766961194e-02         1.2744334143532697e-03
29                                     2.9978695168396501e-02        -6.0693985581139571e-03        -1.9950960145272202e-03        -1.0335947277061775e-03         7.3137229150572124e-04         8.3178467814422237e-03         4.3782902907617723e-02        -1.6796053008511912e-03
30                                    -5.3421349804494211e-05        -7.6326030043002424e-02         7.0397549763510917e-05         4.7112961844835051e-04         2.5267304787385302e-04         8.6747267310568171e-02        -7.0362044118603331e-04         8.6798584518526080e-04
31                                     1.4138773276031341e-03        -2.0535502767209401e-02         1.5604000861144977e-04         5.4726574785537814e-05         2.9708898371154558e-04         2.5526989908973244e-02         2.1417958432116899e-02         5.4480724563323632e-04
32                                    -2.6657255069974825e-03        -1.2918343446723306e-03        -4.9437126272432110e-04         2.2365041013597657e-04        -8.6930507443523815e-04         6.1519296327937996e-03        -7.4745297348692522e-02         1.8029795170731555e-03
33                                     4.7845366288867510e-04        -9.1038178509803433e-02        -5.9784241113642807e-05        -7.3243811929759120e-04        -2.5102953525385290e-04        -7.1881403183963341e-02         8.5114592173940755e-04        -5.1649218473215162e-03
34                                     1.4311127341267822e-03         8.2545846069106300e-03         3.2916473809989705e-05         9.4992181414756593e-04        -2.7309854721213324e-04         5.7403180638961951e-02        -2.2897638250840378e-02         2.9415325619930991e-02
35                                    -2.1189828838245198e-03         4.9315435535490938e-03        -8.2396558254141944e-05        -2.1387651862726518e-03         1.4179834975250095e-03         1.7679636957234946e-02         9.0902030194222036e-02        -1.0014394076535589e-01
36                                     8.3914920982101882e-04        -4.1458885340715720e-02        -3.9002658273624375e-05        -4.3116133117749851e-04        -2.4624375980395461e-04        -4.7401807365627747e-02        -1.1612411006214757e-03         3.9274788369317916e-04
37                                    -4.8456543220088089e-04         1.9068883072696826e-02        -2.9299345359250030e-05        -9.0134978092396058e-05         1.3508812099513633e-04         9.5543161462244338e-03         4.9175388287706458e-03        -1.3795877377576765e-02
38                                     1.0833660666220979e-03         5.7817137349253263e-03         7.6585570571237744e-05         6.5754704501940983e-04        -3.3439586901836717e-04         3.1138017767771389e-03        -1.6679196197684105e-02         5.0541871799897428e-02
39                                    -2.6989518285965610e-04         1.7737181421456381e-02         6.2270860179083340e-06        -1.6078324691014741e-05        -2.5621017222698042e-06        -7.6374313947231197e-03        -6.6363415221265385e-05        -3.9803360026849745e-04
40                                     2.0433716617464980e-04         4.4632941541168911e-02        -1.2755694183503558e-05        -6.3189161862562207e-05        -1.4803423122130573e-04        -2.5625067732373583e-02        -2.0440090188368351e-03         3.0534478729186943e-03
41                                    -4.1997035788614751e-04         1.2009993363384642e-02        -1.6951789940022856e-05        -2.7347402793848427e-04         1.1527151189375299e-04        -6.6784117356031127e-03         6.8929417758104867e-03        -1.2827966252668844e-02
42                                     1.9566240717426418e-04         2.9636860812369548e-02        -2.2215286356643411e-05         7.9297946059217697e-05        -2.1039136848103460e-05         2.2438995853217092e-03        -7.3073468231382689e-04         1.3400742791462120e-04
43                                    -4.9424306954095297e-04         1.8106574783511653e-03        -1.0856593613560218e-04        -2.0900761980816290e-04         2.0622374380341603e-04         6.5409604451023666e-03         8.7541530569795589e-03        -8.8026732357256030e-05
44                                    -6.7586644504843084e-04        -1.1457819643216201e-04         3.9698201385212712e-04         1.0583882565451876e-03        -4.3342219664277692e-04         2.7664832484327346e-03        -3.2719704841633057e-02        -8.7975924279752105e-04
45                                    -1.6078170542837509e-04         1.0429306719575725e-01         5.4136112295286064e-05         7.3605755412683429e-04         3.3487004470498681e-04         8.1864341943821473e-02         2.4619289958250912e-03         2.3910243341736439e-03
46                                     1.7726885551349843e-04         3.5380842648607552e-02         3.7262636584802256e-05         2.6128694417302829e-04         5.8234142110751916e-05         2.5265744625975205e-02        -7.2173106827685648e-04         4.9108429466241212e-04
47                                     2.0716494606145861e-04         6.7372210150785780e-03        -7.3927883327304421e-05        -1.1651210593819170e-04         8.9411126879967865e-05         4.5433563390290185e-03         5.6456432408019284e-03         1.1703214693456949e-03
48                                    -4.9602481946877633e-04        -3.0502079399722777e-02        -7.5789457424741704e-06        -2.0746765241613720e-04        -6.6428974918498234e-05        -2.5412866623923173e-02        -1.4590359903192884e-03        -2.4801525153359360e-03
49                                    -9.9704029474039619e-04        -4.9031790816099811e-02        -1.7031759450337404e-04        -3.4932217087255563e-04        -1.0184682106119637e-04        -3.0232625252524608e-02         2.5893522413006982e-03         1.2069106689993331e-02
50                                     1.7259154524598278e-03        -1.2644879215599219e-02         5.7077560854659553e-04         2.9207180872474275e-04         3.0085740302877029e-05        -6.4037215884447871e-03        -1.4469821148027645e-02        -4.8906485617026582e-02
51                                    -1.0842085269096274e-04         4.2902786380869321e-02        -2.5657772543894672e-05        -1.0946090617250635e-04        -5.1754520075324446e-05        -2.2985930934804468e-02         2.1026941968988781e-04         1.1004887738943554e-03
52                                     4.7375304813437153e-04        -1.7520803857851572e-02         4.6016990770265805e-05         9.3645032874154234e-05        -3.9410216975550525e-06         1.3270316529840507e-02        -8.0209500528419307e-04        -2.6922586010597232e-03
53                                    -1.3558958826207326e-04        -5.9862857118583189e-03        -1.9962543800142895e-04        -2.1199181738183788e-04         2.6845048492291547e-05         3.8820638063841498e-03         6.1235618416074110e-03         1.2424960034334090e-02
54                                    -8.2908642094383419e-04        -8.7376109466095961e-02        -5.4071171466946515e-05        -2.6062128217287512e-04         1.2731648989411332e-05        -9.2738221175756742e-03         1.9130549200554333e-03         1.5384461856645327e-03
55                                     7.1443823599847724e-04        -4.7233908214341841e-02         3.4741533096269009e-04        -2.2373711919053958e-04        -6.1200868700003925e-04        -1.0384922799263441e-01        -2.8046974336663033e-02        -3.0481685139861256e-02
56                                    -1.3948397505980730e-03        -1.2258525730018373e-02        -1.4913953808138713e-03        -2.1582170244653616e-03         4.6717418178793637e-04        -3.2880554489602608e-02         8.6750931567309453e-02         9.9746036655720322e-02
57                                    -5.1433233014888903e-03        -1.8628116157382923e-02         7.9305351914819150e-04         7.0369358040639441e-04         4.0606853703646103e-04         5.5628591347102338e-02         9.0716376033352466e-04         1.0022964273109602e-03
58                                     2.5087982709067345e-02        -1.6119492216375333e-02        -4.2927116597797580e-03        -1.2618128060368306e-03         4.0395812262911422e-04         4.4743782794972847e-02         2.9960422893941701e-03         4.8992662957756002e-04
59                                    -8.6340788541928878e-02        -3.6817018539630972e-03         1.4848544239676371e-02         5.5093211662591837e-03        -3.9792956826455140e-04         1.0901683788600873e-02        -6.6514373411129205e-03         1.1877730562494110e-03
60                                    -1.9079622473284881e-04         8.3388826670929023e-03         6.0261700136132478e-05        -1.5456484624174780e-05         1.7169872394204582e-04        -1.2373350448803583e-02        -1.6690073350177713e-04        -2.1280670616664879e-04
61                                    -8.4608769850279503e-04         2.6085270558201083e-03         4.9913109146962993e-04         6.4522706463386207e-05        -4.2288117517891500e-04         7.9062867928286849e-03        -3.9653973053428178e-04         5.5753112529885115e-05
62                                     1.0069619144170712e-02         4.5214645337597625e-04        -2.1994279907257335e-03        -5.2806837990662116e-04         2.6005839573241594e-04         2.6940539272889597e-03         1.4122129814660611e-03         2.3273153321226776e-04
63                                     6.1530252209761041e-03         4.8432182377613868e-03        -2.5690360380025111e-03        -8.6685445911034145e-04        -6.4166895486534827e-05         1.6301565161872575e-02         2.8711842997941958e-04         2.7357655290354438e-04
64                                    -4.6949406315194099e-02         2.2533974562524570e-02         1.5697867440954492e-02         5.9656620203222396e-03         3.0557000834854361e-04        -3.5800413898818405e-02         9.8723192367833812e-04         1.9033794793450742e-04
65                                     1.6036043131203981e-01         6.6263763808203681e-03        -5.3422667270545961e-02        -2.1132181165813203e-02        -1.4528918624755853e-03        -1.0788738200010596e-02        -6.0261972397448477e-03        -2.8819903837457562e-03
66                                    -1.0582141596955029e-03         2.1019458092819045e-02         1.5843111976111054e-03         1.5855104055069095e-04        -4.2273831369575206e-05        -4.2595985568374774e-02        -8.1395988279585037e-04        -6.7113796265182873e-04
67                                     1.0911487168560682e-02         3.5341188605406748e-02        -1.0036987760384969e-02        -3.1222847619914703e-03        -1.0566481969510929e-03        -4.5800413669951044e-02        -1.4346174870040872e-03        -9.2656683441355353e-04
68                                    -3.8449069513082489e-02         9.4654640602411799e-03         3.4498400893124115e-02         9.7959374242387338e-03         3.2088786691095465e-03        -1.1767179016293393e-02         1.9168148415373558e-03         5.9788051511612214e-04
69                                    -9.5401600887074653e-05        -2.2653857646516715e-02         4.6221821031417767e-04        -2.3809985336253996e-03         1.4194192635644658e-04         1.2853569044065108e-02         3.2653680273974977e-04         3.1158839206572204e-05
70                                     1.3848532232135207e-03        -8.7855726942485893e-03        -2.0858578307224583e-03         1.2668013931254156e-02        -5.3774724033406546e-03         1.1823501443304969e-02         4.3513989718010584e-04         2.1177241729894254e-04
71                                     2.8456775349309654e-03        -1.6733099208660110e-03         3.5760287116845500e-03        -3.8539781599680530e-02         2.6666158606018057e-02         3.2552539356192293e-03        -8.3411244658655964e-04         6.6977937923261646e-05
72                                    -4.6510578456252227e-03        -1.1670274159843475e-02        -6.2648224308221529e-03         1.1468515658506411e-02         3.0809138581300410e-02        -1.6015340796626615e-02        -3.3179423712817859e-04        -6.0232241458821995e-04
73                                     2.9422990202707906e-02         9.2661425260974883e-03         3.8297295074519497e-02        -7.5104962018884322e-02        -1.9979319715560398e-01         1.2649185242091495e-02         1.1031752642871727e-03        -5.2987139459360526e-06
74                                    -1.1158086807868185e-01         2.3763016539629809e-03        -1.2725183284531721e-01         2.5766644273388328e-01         6.8236778944944088e-01        -7.2211697998389234e-05        -1.8338193277597763e-03         8.7711487178060204e-04
75                                    -1.5860564933637439e-02        -3.0153063305286220e-03        -4.0230361641774647e-02        -8.0672659848665014e-03        -7.9866395447824867e-03         1.3054457961531797e-02         3.3701255715801340e-06        -1.0510199715090011e-04
76                                     8.5156545384435373e-02        -1.1660806778247022e-02         2.4397341768612935e-01         5.1199841437334200e-02         5.3771256014466529e-02         1.2196434423518821e-02         2.8477656041122693e-03         1.5163833586620786e-03
77                                    -2.9711219111329229e-01        -2.7734421474301559e-03        -8.4052996193200991e-01        -1.7556289791808574e-01        -1.8275399687557065e-01         5.7307707223466561e-03        -8.2192437655814708e-03        -4.9701401356892893e-03
78                                    -2.4612539996302437e-03         5.7399747535597706e-02        -3.7170345165089933e-03         3.1775184745186334e-02        -1.0630734076349492e-02        -6.5832950120878350e-02        -4.6129457600546365e-04        -1.0862106908850287e-03
79                                    -3.2423201480172950e-03        -7.4791593642994911e-02         2.4782222355238467e-02        -1.9846695824893124e-01         8.5539858254446766e-02         9.0113478254613619e-02        -2.5772438600735977e-03         1.6672013879748548e-03
80                                     2.0642271964715270e-02        -2.6293679064412274e-02        -8.4884312531879988e-02         6.7669737225982740e-01        -2.9259220274814862e-01         2.5549986178226600e-02         1.5223729711897956e-02        -4.6368243000642238e-04
81                                     1.9472648853684610e-03        -1.0285120365481334e-01        -1.1053618184378959e-04        -7.1899461563672740e-04        -8.9387378635866546e-04        -1.4836783692556393e-01        -2.1367602488728567e-02         1.4019989023061856e-02
82                                    -3.9609481621014223e-03        -8.0285456891806932e-04        -4.2722349800669574e-04        -4.6061097352782104e-03         1.8735601787906397e-03        -2.3801232702565216e-02         1.5601056884728079e-01        -1.5024930371217274e-01
83                                     2.0577344487454227e-02        -3.0309036154511954e-03         1.1902534736173834e-03         1.5664832829444753e-02        -7.7891013162687166e-03         1.0900683251313138e-03        -5.6089286383569070e-01         5.4345050404420525e-01
84                                    -1.1147589243401845e-03         5.8752051335050647e-02         3.2415096630681999e-05         4.6683546982364367e-04         2.4440078860959292e-04         3.9577106366442440e-02        -3.9092813311366768e-04         1.2799568053075176e-03
85                                    -1.3688785544093193e-03         1.0290487148110375e-01         2.1087736595552938e-05         4.3717906714861116e-04         2.4831529504259071e-04         3.8821055026992332e-02         1.3747868349955142e-03         2.8482067661775926e-03
86                                     5.2137843647696988e-04         3.2702264925885308e-02        -6.7185487333303096e-06         4.7932871485869091e-04         1.4714238167533255e-05         1.2082240803957787e-02        -6.7248658112963001e-03        -2.9872515727161421e-03
87                                     7.8944198451828828e-04         9.3324470920554542e-02        -1.0839007121985375e-05         4.3932864643046683e-04         1.1420729293260210e-04         5.0357064555118486e-02         2.2320217452956848e-03         2.1035763088768011e-03
88                                     1.1011804495501311e-03         2.4593591391673535e-02        -9.4292888870023739e-05         6.1657905179302494e-05        -1.4959113850194936e-04         5.1696090085747196e-04        -9.2315289892693137e-04         5.7191106552103412e-03
89                                    -4.0421083864926468e-04         4.6428405142206596e-03         2.2110583951656868e-04        -2.9023535148859844e-04         1.8446904438637829e-04        -1.6817495779295874e-03         5.5777403820766250e-03        -1.7793725650097212e-02
90                                     1.3235715039255022e-03         1.3874154076990586e-01         5.9281877670064206e-05         5.0148328888456270e-04         2.7812452445795501e-05         3.6185877827173876e-02        -1.0011672181711754e-03        -1.2046808170259752e-03
91                                    -1.7782262923103816e-04        -4.4901069070963674e-02         6.4810462278178844e-06        -1.5588994771895747e-04         1.1588108418524109e-05        -2.2906245884139805e-03         1.7946880397240184e-03        -1.1811740753184814e-03
92                                     8.3081885411440820e-04        -1.4992272620218202e-02        -1.3155102947990543e-04         8.1820595503880920e-05        -1.3109480694203628e-04        -1.5745838464475031e-03        -3.1322939146340694e-03         8.7989486286281938e-03
93                                    -2.2966480476818976e-03        -1.3990051513592172e-01         3.1344728518985335e-04        -2.9181173259317905e-04        -3.0273017584840769e-04        -8.4613524802553394e-02        -1.8065927406600815e-02        -2.0135412481293639e-02
94                                     2.7569840526146274e-04        -4.0672244831031601e-02        -3.4429008825355946e-03        -5.1563955471296743e-03         8.9745135063385979e-04        -1.0036796784223546e-01         1.4891700874879982e-01         1.5415153596946796e-01
95                                     1.4702810226489530e-03        -1.7480147603623876e-03         1.2230566736639102e-02         1.6016901181700554e-02        -4.9157035973639166e-03         1.9777233716597076e-03        -5.5216730142457648e-01        -5.6622124533705154e-01
96                                     4.6355142443831321e-03         3.3721704720845312e-02        -5.9606652869028016e-04        -7.9883469908962994e-04        -4.2487318861129383e-04        -7.6075699857132695e-02        -2.0417787930125395e-03        -1.2100868130149969e-03
97                                    -2.0565455243145708e-02        -1.7026833350602070e-02         2.6745172497935742e-03         1.7942094611777756e-03        -3.4178634040369130e-04         5.5936719485553787e-02         4.9091665481386035e-03         1.7944417019597958e-03
98                                     7.0971341832418683e-02        -7.1001504690192995e-03        -8.5941058073872537e-03        -4.7188691922233515e-03         1.8665945382186986e-03         2.2127218775748601e-02        -1.3165260830175536e-02        -3.3516384080501394e-03
                                                        56                          57                          58                          59                          60                          61                          62                          63

0                                      6.6409817570706846e-03         2.9645227905602582e-02        -3.2944479001413328e-03         2.5220498533828342e-03        -1.4867005601787615e-02         9.7328156763648033e-03         4.7773382520853672e-03         1.1010609855482121e-03
1                                     -3.7498696487224662e-03        -4.1556853369243515e-02         6.1750805653436941e-03        -5.7297874599568357e-03         2.9608330389422694e-02        -1.3537822135050673e-02        -6.6476829634718931e-02         1.6250962640286894e-02
2                                     -1.4296230882697265e-03        -1.3605562743601583e-02         1.9576665111690366e-03        -1.8133869504821428e-03         9.3598927628542154e-03        -4.4402798890118087e-03        -1.9666734144974884e-02         4.7015281644413364e-03
3                                     -5.1822126971319115e-03        -9.9533425603710191e-03        -5.4081985737947308e-03         6.6531172171989594e-03         2.4198226297099053e-02        -3.2221783222134261e-03        -8.0148861156502119e-02         2.0856941920671685e-02
4                                      3.8496921147659537e-03         1.5299089451531399e-02        -4.9892351942019417e-03         5.3232277268636125e-03        -4.7235200502077314e-03         1.7072768075420179e-02        -7.3033083758643974e-03         5.8677199331838362e-03
5                                      1.3471410183774042e-03         4.9862676756542721e-03        -1.2412547028836762e-03         1.2866469191767788e-03        -2.4133017506032550e-03         5.2003321546055543e-03         1.2909364747263688e-03         8.4460666227209700e-04
6                                      1.0567649232088717e-01         9.2008799913111172e-02         3.9527765367026686e-02        -3.3948986842662988e-02         4.6804311274545821e-03        -5.1342421510556874e-02         2.6427445322883197e-02        -1.3432115138798962e-02
7                                      5.4228776984053678e-03         1.0302101593529465e-01        -1.8105078095125796e-02         3.1893310157095858e-02         4.5896091561069673e-03         2.5090827934777380e-02         2.5153740552294163e-02        -3.3798901366134766e-03
8                                     -3.2184966771338546e-03         2.5717070671744096e-02        -7.0116728840279056e-03         1.0737034898528976e-02         9.7894538104557958e-04         9.5825404845400822e-03         6.5027251972423136e-03        -4.8973275550739286e-04
9                                      1.2748867009549844e-02        -2.0233774762706408e-02        -3.3068949310269039e-03         7.5168766789254745e-03         2.1657666310934597e-02         4.9234552389121070e-02         2.0520645918455888e-02         1.1859080439604460e-03
10                                    -5.8693417023944561e-03         1.2537464450028376e-02        -6.3352138669661336e-03         1.1199888100667386e-02         1.9043244154028693e-02         2.1527138154846404e-02        -7.2899704017405790e-03         5.1880334532206597e-03
11                                    -2.2469399893537837e-03         4.6561152762375517e-03        -1.6893064322952424e-03         2.9333585422851804e-03         4.6651512194155875e-03         4.0915739088731818e-03        -3.1212357364454883e-03         1.4798079490518765e-03
12                                     1.0798231074349194e-02        -6.2842565738670557e-03         1.0683219463861538e-02        -1.7722341627343999e-02        -1.7273623183011417e-02        -2.5556739550931282e-02        -1.8224120123273696e-03        -2.3485199861016026e-03
13                                     1.2775650815180971e-02        -3.3038495810692216e-02         1.6553345845611092e-02        -2.9198968312853815e-02        -3.5348239843011130e-02        -4.6231013903034232e-02        -6.5337084391692340e-03        -4.2475320287054114e-03
14                                     3.2097566301331304e-03        -9.3531127276043728e-03         4.3600824445950747e-03        -7.7461486308600426e-03        -9.6226039067775562e-03        -1.2383999326277166e-02        -1.8366097227267210e-03        -1.1484994840687385e-03
15                                    -7.3869357283814469e-02         1.0402006970433192e-02        -5.5131970393708402e-02         6.9553147057195064e-02         2.2644306677293599e-02         9.5671487452433202e-02        -1.2473046829479177e-03         1.1404203666675336e-02
16                                     3.0942062795921831e-02        -9.8011993754614085e-03         1.6296455431551941e-02         1.5609604200015081e-03         1.1150724210188141e-01         5.4116861565011172e-02         3.1554603855249538e-02        -2.0298303052740437e-03
17                                     1.2384195060796676e-02        -3.2857834905070530e-03         7.2436508413687021e-03        -2.6691600225794616e-03         3.1567987352390262e-02         1.1579554493436754e-02         9.2781849191958896e-03        -1.1035972279019341e-03
18                                    -2.7007195275703985e-02        -3.3584807820939960e-03         1.0501644716077653e-03         2.1617173289262145e-02         9.3211799177029792e-02        -5.9869557107102860e-05        -2.1771969110616969e-02         3.3205199333461622e-03
19                                    -8.5211011731291149e-03         1.1379543765163681e-02        -2.2988729361252116e-03         8.8426138762153633e-03         3.6070038018254341e-02         3.4272831821847059e-02         3.6554745896624538e-02        -5.8865133925497526e-03
20                                    -1.2686134041004383e-03         3.4286536448719625e-03        -7.4168963430862019e-04         1.6627614990218965e-03         6.4972839447056639e-03         1.0034528067998101e-02         1.1649609877154795e-02        -1.8697081361476640e-03
21                                    -4.4558917550499129e-02        -1.2516139796614253e-01         1.0201818824648018e-05        -1.1333067396557678e-02         2.9856035406197702e-03        -1.1817774821607596e-02        -6.4312102735855333e-04        -2.7806978748953388e-03
22                                    -5.9576110360656631e-02        -4.7914946007220446e-02        -5.1260747460024000e-03        -1.3877640257306027e-02        -7.7417815053820352e-02        -3.3641758190842093e-02        -2.7474170276924966e-03        -2.9059094666395494e-03
23                                    -1.5420097996334833e-02        -8.3036890268420802e-03        -1.5249926962248705e-03        -3.5571902273199658e-03        -2.2860983714545799e-02        -9.2882588136783805e-03        -7.6472930554454107e-04        -7.2050393245004041e-04
24                                    -7.9236890798970727e-03         2.8258670733203511e-02         1.1385914696617707e-02        -1.0446298621483746e-02        -6.1313393009924416e-02        -6.8386511260084826e-02         2.5012902438298547e-02        -1.3005976602687841e-02
25                                     5.1302129652900125e-02        -1.3166823044008645e-02        -1.3131602104475688e-02        -1.1376423930508852e-02        -6.0638335242027726e-02         1.2259477138587316e-02        -2.0130692688626155e-02         5.2670933726169083e-03
26                                     1.5252496583177158e-02        -5.0945677226812112e-03        -4.3436552698311653e-03        -2.8157366184833714e-03        -1.4929109732190797e-02         6.4916398826160727e-03        -6.9373800862532432e-03         2.0711496115582697e-03
27                                     1.5080401487232116e-02         2.4959159236600342e-02         3.8524328100986889e-02        -6.1675490476362019e-02        -3.5756034246738760e-02         1.0701164237210363e-02         6.3687828791320882e-03         4.3218667747341307e-03
28                                    -3.1927292514178307e-02        -1.4734980506300668e-02         2.8470482215954194e-02        -1.5818115467744070e-02         7.7382185375940452e-02        -2.5624328419342569e-02         6.9359648283723024e-03         3.5945647872904981e-04
29                                    -1.0063458747644227e-02        -5.2905046079752011e-03         7.0727259160827732e-03        -2.0117443457956237e-03         2.4021907472689865e-02        -7.8707930444788261e-03         1.7315741407198106e-03        -6.3383097405477563e-05
30                                     6.9373146047376114e-02        -1.2822730449927211e-02         5.8803947792768823e-03        -1.5250112004376037e-02        -2.4052990838039797e-02         8.4688643931670304e-02        -2.3155493400560442e-02         2.6521748814064532e-02
31                                     1.9776831911886349e-02        -6.2608042733093058e-03         2.0156524957755911e-02         4.6041284499614898e-03         7.0702807225517528e-03         3.3756969031647495e-02        -1.1579841967291454e-02        -3.5508159857502446e-03
32                                     3.3936786138617473e-03        -1.1331060470247318e-03         5.3716019566704166e-03         1.7053637848734665e-03         2.3169804737451522e-03         6.5035850290451188e-03        -2.4284246783785293e-03        -1.9379390720641516e-03
33                                    -1.5832279246536608e-02        -1.6518943405844044e-04         7.8722855901567634e-02         4.0669814771194621e-02        -1.6498432380877764e-02         2.9477916375440786e-02        -1.5102790159873978e-02        -1.3823544550966026e-02
34                                     7.9251774878923431e-02        -3.2759650678056841e-02        -6.6465648720983705e-02         8.7010279274643304e-02        -1.7217389067752944e-03        -3.2696285280264394e-02         7.3462228523004216e-03         1.0932075126688975e-03
35                                     2.2309476194192462e-02        -9.1581238820830583e-03        -2.0770168995770465e-02         2.3057615733286980e-02         1.4343986515913862e-04        -1.0024859857788509e-02         2.5504610796990694e-03         8.5130861557434253e-04
36                                     4.0241054899852573e-03        -4.2175719887062443e-03        -2.9517920183169517e-02         1.2162009526039231e-02         6.7073263506371179e-03        -1.1698610053789050e-02         4.0155843412302281e-03        -1.3072343700566028e-03
37                                     4.7692331467009070e-03        -5.2849648914758433e-03         4.2913257831226209e-02         3.7985378015280027e-02        -1.1383432074085107e-02         2.1820966942181330e-02        -1.1894664888854389e-02        -5.0991971232522979e-03
38                                     1.1829042522832794e-03        -1.3044767338194025e-03         1.2709173954534683e-02         1.0063392226581515e-02        -3.3508736856220438e-03         6.3925824514687131e-03        -3.4585171962957916e-03        -1.5240743044994342e-03
39                                    -1.0913661819451578e-02         4.9862532344802299e-03        -1.5325606238467730e-02        -2.1206279993069850e-02         5.0767922158116629e-03        -7.3987971191477571e-03         5.7547343862566647e-03         5.1527431882182669e-03
40                                    -2.0626591339573057e-02         1.3146660060613165e-02        -6.1623772685784763e-02        -6.4770904493938797e-02         1.0938068770990949e-02        -1.9375807303252279e-02         1.1516715563404408e-02         1.1369934334413362e-02
41                                    -5.3612365372009184e-03         3.4762156619036360e-03        -1.6537586755750795e-02        -1.7202794872135687e-02         2.8753938337699393e-03        -5.1597519568743694e-03         3.0148243792813400e-03         3.0001045143123544e-03
42                                    -5.0128987446027406e-03         4.3375737417809777e-03        -3.2214685299741426e-02        -1.9705850816955091e-02         7.5504320304066079e-03        -2.3166741870396846e-02         1.4496200487790283e-02         2.6192101654565522e-02
43                                    -9.5226802922102598e-03        -6.5384314596773968e-03         9.2357924288517412e-02         7.0131443847270047e-02        -5.3557682970710382e-03        -2.0578522778403450e-04        -7.5347155119053315e-03        -3.8956602128507850e-02
44                                    -2.3780051351219508e-03        -1.9610252073068010e-03         2.6478973265386518e-02         2.0104417759677615e-02        -1.7168426108992679e-03         5.7628284959303667e-04        -2.5396170261827796e-03        -1.1761799485269880e-02
45                                     1.0489943153822798e-02         4.5805072787823169e-04         1.7561557811331601e-02        -4.1938203000417831e-03        -7.0164923300355085e-03         2.0727143101283679e-02        -1.2342534131502207e-02        -2.2204643512475537e-02
46                                     3.0756848126822400e-03         2.8720107598125336e-04         1.4935647711277093e-02         3.8087249762381406e-03        -4.5889968094966916e-03         1.1018342402650672e-02        -1.1228518511770416e-02        -3.4562378573647919e-02
47                                     5.7453744195441964e-04         5.1786669527347438e-05         3.6640602349792494e-03         1.2163654835461765e-03        -1.0654778725270654e-03         2.4682889025046087e-03        -2.7526837227400229e-03        -8.8963094634661403e-03
48                                     4.4555066637940472e-03        -6.7286674731477985e-03        -3.4126756754567958e-02         5.1056958356226470e-04         8.3523845841178869e-03         3.7194141608341082e-04         7.0818881480143065e-04         2.1096525486723097e-02
49                                    -9.8053144329533822e-03        -4.9312612518931731e-03         3.9264044756163484e-02         4.8355524691955802e-02         3.3968214683373387e-04        -3.1911975333247029e-02         2.5174821360227324e-02         5.2477326921250948e-02
50                                    -2.8278565973229525e-03        -1.2664939870376305e-03         1.1909881851483719e-02         1.3678554384412539e-02        -9.0707139029087041e-05        -9.0747070128250756e-03         7.3453198016258060e-03         1.5289231132933727e-02
51                                    -2.9630094383545594e-02         4.5426908391406323e-03         6.8782795129129368e-02         3.6644408203673422e-02        -5.1295502401374222e-03        -2.2862178785722904e-02         2.5235285852115763e-02         6.2252652858501296e-02
52                                     1.7748775124481510e-02        -1.1934855936767963e-03        -5.2365887233967991e-02        -3.0393955058001177e-02         3.1143011341597422e-03         7.3368801180172683e-03         1.4463464449824331e-04         1.8905523830931768e-02
53                                     5.6633256007732275e-03        -3.8566754360738092e-04        -1.6386709153448798e-02        -9.6658077521540060e-03         9.6989627896234762e-04         2.9027413558194736e-03        -1.0470039015139216e-03         2.1830464932965461e-03
54                                     3.7608322618390568e-02        -1.9359929795294543e-02        -8.3824920203444980e-02         1.1352834981107314e-03         1.9656947446605344e-02         5.5540834164039725e-03        -1.6480290666049207e-02        -4.3470442481195637e-02
55                                    -6.1703761253167795e-02         3.6389713695430703e-02         1.2077866314461208e-02        -1.0608982527400783e-01        -1.8969294790750324e-02         3.9589901352990606e-02        -1.6475773294719418e-02        -2.2658420769588610e-02
56                                    -1.8298291620421375e-02         1.0706510510712490e-02         5.9602312556600893e-03        -2.9520922876576913e-02        -5.8317199260677693e-03         1.0820504585161305e-02        -4.1433820070865190e-03        -5.3171645713019512e-03
57                                    -7.0405669808926485e-02         1.9123423340695538e-02         1.2983611744345163e-02        -2.7054102587296163e-02         3.8888134621533912e-02        -4.0922187682543049e-02         2.2974867124460115e-02        -1.1941204633744984e-02
58                                    -3.4901778208251334e-02         2.6132546427082236e-03         2.8158816153482494e-02        -3.4196110127076296e-02         5.1255207509688386e-02        -3.7897702648925717e-02         2.0851960935048226e-02        -2.1361435480324637e-03
59                                    -7.3897675660252538e-03        -3.8930232359318027e-05         7.5986188496931020e-03        -8.7889792317849512e-03         1.3313110952858209e-02        -9.3646339787233929e-03         5.1469233610970232e-03        -8.5744139258930475e-05
60                                     3.7154295036652941e-02        -1.5759089755139895e-02         2.5579133014862664e-02        -2.2667774343558020e-02         4.2053880175513411e-02        -1.9737242968683111e-02         1.2587251643217163e-02        -3.3692600846805055e-03
61                                    -3.5974495708115201e-02         2.0261296122155274e-02        -2.4526078179980485e-02         2.0677254289059043e-02        -3.7579233552477061e-02         1.1359337107094898e-02        -2.5418872698124797e-03        -1.9393296628759406e-03
62                                    -1.2022107555374086e-02         6.6058056012713237e-03        -8.2890851034093677e-03         7.0550535354702293e-03        -1.2950363952992530e-02         4.3057998754218643e-03        -1.3560738743274522e-03        -4.1114214228770443e-04
63                                    -1.0607837328819290e-01         3.0511221120685324e-02        -5.9912966836121212e-02         5.8127754678999478e-02        -6.5345194544198432e-02         1.9818752972379180e-03        -1.4870605337495114e-02         2.5107603676688644e-03
64                                     4.1984720928496470e-02        -1.0839697928854513e-02         1.3228541522765400e-02        -1.1901149800253275e-02         1.3447562646157185e-02        -4.8203872069970113e-03         6.5806333256588686e-03        -3.1711781121093671e-03
65                                     1.7112980665772291e-02        -4.5733831668500133e-03         6.5554564089676907e-03        -6.1151079566918818e-03         6.8981808091864768e-03        -1.4750604812082222e-03         2.6029567494764605e-03        -1.0492163001800815e-03
66                                     4.4940920029245816e-02        -1.0783065578397340e-02         1.1124763769743244e-03         2.5410579865475852e-03        -1.0344680663621403e-02         1.0049785125055869e-02        -8.0032509937199136e-03         2.9363765615137024e-03
67                                     1.4978996597844569e-02        -5.5818266907380863e-03        -1.7742771261532446e-02         1.6986584214833528e-02        -4.7123345057477291e-02         4.4630045530761253e-03        -2.0601980477164241e-02         5.6628127133776032e-03
68                                     2.3828949880706847e-03        -1.1374058967253888e-03        -5.2668016551703587e-03         4.8994061113512817e-03        -1.3440419185300241e-02         8.9782634947126281e-04        -5.7249949241424836e-03         1.5348033993431061e-03
69                                     4.2514872292372091e-03         2.8989776808169301e-02        -9.7177024029055040e-03         1.2725642230386502e-02         1.9936546021243312e-02         2.2286114923015653e-02        -1.1448556106037103e-01         3.7386436571707080e-02
70                                     5.0160316356852690e-03        -3.0246906303592572e-02         3.2229929346710193e-02        -4.8264553630310562e-02        -1.3311222047452678e-01        -6.7660395607866797e-02         4.8131579161540095e-01        -1.5017603972645538e-01
71                                     9.9983641366038984e-04        -1.0632837744600455e-02         9.9212132116662955e-03        -1.4871371249471365e-02        -4.0379621266354249e-02        -2.0938834395696784e-02         1.4761568297293495e-01        -4.6113271174814376e-02
72                                     1.1366857045238547e-01         7.4983398076962915e-02         4.8189307339967589e-02        -4.6032849150908030e-02         4.2557052039681430e-03        -6.5244119571337786e-02         8.7365608393230928e-03        -9.6282991193986471e-03
73                                    -2.3791635614136452e-02         3.6073070223368853e-01        -8.7833737041972559e-02         1.4327209534875024e-01         7.4412314703449951e-03         1.3729160565757920e-01         2.7978987480603090e-01        -6.8156480454268684e-02
74                                    -1.1619335089497997e-02         1.0562432994778365e-01        -2.8620386200930915e-02         4.5256234944849365e-02         3.2842416339803546e-03         4.4136459366145089e-02         7.8622035845887422e-02        -1.8568934131468411e-02
75                                    -1.1347666484689069e-02         5.5683114116205822e-02        -8.5203105166476809e-03         6.6155111230886817e-03        -5.7820079609706025e-02        -5.5229823213504933e-02        -2.5459125564078863e-02        -1.8373460520855914e-03
76                                    -8.2519451611988790e-03         2.4819944079180416e-02        -2.1919362708638372e-03        -5.5699422707733148e-03        -6.8216603200021694e-02        -6.9189996336646020e-02        -3.0734614131921641e-02        -2.3308715626450291e-03
77                                    -1.6137630286639317e-03         3.4732911524916299e-03         2.1280984267457240e-04        -2.6144650571810306e-03        -1.7179311049649686e-02        -1.7847650885683398e-02        -7.5215930485543038e-03        -6.6454115681398058e-04
78                                    -2.2660312813939827e-02        -4.3490876298028081e-01        -1.3306424842828809e-02        -5.8709575061282097e-02        -1.1703263831289455e-01         2.5704923275032981e-01         4.6248108005208216e-01        -9.4796146372649298e-02
79                                    -7.3684445159596712e-02         8.0365296724985477e-02         5.1119098446368247e-04         5.6130268688390989e-03        -3.0229047555325558e-02        -1.5413700703722563e-01        -2.0381348776898581e-01         3.6510244264419900e-02
80                                    -2.0491384820386579e-02         4.3273028280692821e-02         7.9915779280380740e-04         4.2984790697959269e-03        -3.4052810583741675e-03        -5.6978038091793519e-02        -8.0883584011785123e-02         1.5037183779546456e-02
81                                    -1.1154723043400346e-02        -2.2252752130354499e-02         5.2532743490738609e-02         2.0244499277324421e-01        -2.0529403557928368e-02        -1.6289371094456406e-01         1.9475423084420102e-02        -1.3369052676559626e-01
82                                     8.6152397369251052e-02        -5.8726198913084546e-02        -1.0289353980029653e-01         2.6486097945301884e-01        -1.7828521697675129e-03        -2.4342000437893546e-01         4.5844038744679509e-02        -1.2611417352257986e-01
83                                     2.7076331290789572e-02        -1.6003510423606555e-02        -3.2599818874435943e-02         6.8095816683645366e-02        -4.8058587045510357e-04        -6.3430268171368084e-02         1.2497270474421066e-02        -3.0807146886865526e-02
84                                    -2.3720853068882500e-02         8.1643021360317831e-03         1.1010812182603237e-01         1.3870418812397749e-02        -2.3283981822863033e-02         4.1631879411084129e-02        -2.9337207271426167e-02        -3.1485912476056019e-02
85                                    -3.9592876456181814e-02         1.8252147602203263e-02         1.1065642764574850e-01        -1.8360829553423236e-02        -2.8135058406999425e-02         4.7163077989050055e-02        -3.6229637758131268e-02        -3.8104100115766357e-02
86                                    -1.2166120411290116e-02         5.7666233492776556e-03         2.9241141018752421e-02        -8.6134547321199181e-03        -7.2507315615472200e-03         1.3664292858350498e-02        -9.7425575157360205e-03        -9.2621100103901961e-03
87                                     1.8766594154889207e-02         1.3008372209099454e-02        -1.9822294297709880e-01        -1.4649261003760924e-01         2.4688891140537673e-02        -3.7832507563842002e-02         7.3382386186743864e-02         2.8668265409958826e-01
88                                     9.7474058740311571e-03         9.1881435714171785e-03        -1.4746337761177000e-01        -1.0210094647980379e-01         1.9514672840984713e-02        -3.3256147060700916e-02         5.4517206756649020e-02         2.0297369357951389e-01
89                                     2.1138241594746143e-03         2.4700403708879004e-03        -3.8033314271156582e-02        -2.6224248012660729e-02         5.0392718831107127e-03        -8.6854530682353628e-03         1.3581885523168597e-02         4.9969691442002161e-02
90                                    -2.6333660564947368e-02         3.7458780498726640e-02        -3.5388504432790957e-02        -1.5883830426404846e-01        -1.1430655213995338e-02         1.2331495149890219e-01        -1.8961851052497286e-01        -6.3205424265786314e-01
91                                     1.7956474537136280e-02        -1.0244594570954125e-02        -2.7337906900436915e-02         2.0726271720217692e-02         4.9946104690481389e-03        -3.0921598931859886e-02         5.6052255951635467e-02         1.9966157454244077e-01
92                                     5.4177859712625032e-03        -3.3786494475480599e-03        -5.8884071745943069e-03         8.4714988669009512e-03         8.9938205026894970e-04        -1.0801399705998209e-02         2.1603878386165773e-02         7.8044808305159849e-02
93                                     1.7356251058580321e-02        -4.9353277326881120e-02        -2.6435328724603940e-01         9.0930060207465996e-02         1.5821453234199434e-01        -2.4654510590339429e-01         1.1046008173696584e-02        -3.2641938801490822e-01
94                                    -6.0562002466588452e-02         4.4178542816896170e-02         4.6030478965754192e-02        -1.3033596605685460e-01        -4.5344468848870098e-02         8.9359459279514664e-02        -2.4143304560863738e-02         2.1612273922845655e-02
95                                    -1.5817882512281601e-02         1.2625283972473731e-02         1.8820917282328601e-02        -3.5686581451597837e-02        -1.6768648031401486e-02         2.9994167593649982e-02        -5.4782558227015896e-03         1.9505715180749422e-02
96                                     1.4355553571664972e-01        -2.2152496512243689e-02        -1.9922295694926657e-02         4.7924271758315512e-02        -1.8216619038854731e-01         1.5113336810512815e-01        -1.0052284347529612e-01         5.6237929359944823e-02
97                                    -1.1347411193278745e-01         2.4840394237798800e-02         9.7942076073629248e-03        -3.2422091477525339e-02         1.2598414628625690e-01        -1.1470968462008937e-01         8.0326275225390695e-02        -4.5676639361231543e-02
98                                    -4.1041572884625462e-02         8.3364777556678132e-03         4.2218232365691267e-03        -1.2326192243554027e-02         4.7022669894648393e-02        -4.1765781198729972e-02         2.8920208275716244e-02        -1.6441913073126150e-02
                                                        64                          65                          66                          67                          68                          69                          70                          71

0                                      2.2326530470201406e-03         4.8694298423328022e-02         1.8916556024570340e-02        -3.8712595635304317e-03        -2.2566972137394295e-02         1.5831643339725088e-02         1.1839609919724423e-02         4.6349583968424432e-03
1                                     -2.0596901009404534e-03        -3.2332803802758478e-02        -5.6869372675109012e-02        -5.3568689299554554e-03        -3.7664587813741830e-02        -2.3006757939269831e-02        -1.6297124078932128e-02        -1.3039753968981118e-03
2                                     -7.3141395238083065e-04        -1.1802597279752566e-02        -1.7543478766913062e-02        -1.3942224444377757e-03        -9.9314055901587057e-03        -7.4955490178607188e-03        -5.3350118664908328e-03        -6.1896358397499395e-04
3                                     -1.4844827444439356e-03        -1.8669062603041936e-02        -3.8649173570684793e-02         8.1544219606418061e-04         8.5226417670370164e-03        -2.0406560398821914e-02        -1.8417063354178316e-02        -7.1148304988162625e-03
4                                      2.3781414940759259e-03         8.0944491670027069e-02         4.8623553642159069e-02        -1.0154163346754608e-03         7.7647257178980857e-03         3.6236456506545667e-02         3.1778023859689399e-02         4.1381300795616588e-03
5                                      7.5919275897948994e-04         2.4747866480539529e-02         1.5952658307709065e-02        -3.8619993886560147e-04         1.6653189460398437e-03         1.1613682560095590e-02         1.0209920396245374e-02         1.5490370737197621e-03
6                                      8.3872639133169137e-04         4.8580196941852716e-03         1.1445686134223242e-02         8.7824220635711620e-03         1.4296956386540089e-02        -6.2767405186903602e-02        -3.2170001638234837e-02        -6.8809084711570117e-03
7                                      1.2030558786688464e-03         2.3651348949265742e-02         4.5963371231227186e-02         4.7892126456491738e-04         2.3669116574988096e-02         4.0146350889449206e-02         2.9442254259819250e-02         2.0643623228258339e-03
8                                      3.2191744942485233e-04         6.6090984743512942e-03         1.3154824037203642e-02        -2.0473687890983162e-04         6.6009336784959684e-03         1.4577567515477310e-02         1.0066274673626471e-02         8.8414691668685711e-04
9                                      1.3300517741623183e-03        -1.0071846580520001e-02        -1.1043178378177842e-02        -1.1968973569398314e-02        -1.5489842125848859e-02         9.8634076980292626e-02         4.4445305012064298e-02         1.6774756021404384e-02
10                                     3.9224610696271898e-03         5.3130709744156880e-02         5.7740035495126005e-02         6.0483684046304586e-03         5.4702361933198294e-02         1.5351041264212330e-02        -4.2306755902799037e-03        -1.2467187652997878e-04
11                                     1.1117692565724415e-03         1.6036027468497482e-02         1.7379657579050183e-02         2.3065569327519451e-03         1.6691392484152769e-02         3.8444014638559238e-05        -3.2333779447282053e-03        -8.0114853640255574e-04
12                                    -2.6612827231245330e-03        -1.7568909009124618e-02        -2.3644188311513756e-02        -2.0090345033313235e-03        -1.4528397026283351e-02         4.0806820293603765e-03         1.8147639180148327e-02        -6.9149957425218881e-04
13                                    -3.4272578004933101e-03        -4.1834657700489011e-02        -4.2050889739029755e-02        -1.0630161777221065e-03        -3.2940759951668404e-02        -2.8763058526148903e-02        -6.6642590253615545e-03        -2.6832078057339183e-03
14                                    -8.3618469802045222e-04        -1.1424393268678994e-02        -1.1140239654703959e-02        -1.9393542106473221e-04        -8.9255350700118991e-03        -8.7014741002201228e-03        -2.8854863856460299e-03        -7.7003438281988404e-04
15                                     2.4095007121321236e-04        -3.9410974438498980e-03         4.7824412713208713e-03        -5.1903116957067270e-03         1.3399530675686295e-02         3.8077747268100599e-02        -3.9328311820077775e-04         1.7082755397762744e-03
16                                     8.3420671439461327e-03         3.5589482932657242e-02        -2.0633456493148312e-02        -1.3952772947903927e-03        -1.1403504663927661e-02        -6.7291122538367040e-02        -5.8006562137436934e-02        -2.7099897147970487e-03
17                                     2.4608969653678952e-03         1.0633635052165641e-02        -6.2611047674806979e-03        -1.8454496045204355e-04        -3.9675985015290302e-03        -2.1376141047435172e-02        -1.6987629075763611e-02        -8.7175304974609707e-04
18                                    -2.2461779560626139e-03        -3.9764766535686585e-02         1.0784084688906527e-02         1.2509179644836711e-02         8.5338602472574993e-02        -1.3730822375445801e-02        -2.0445818106395136e-03        -4.2491281754544561e-03
19                                     1.9612853855954554e-03         2.2345313438608846e-02        -2.1621800325043440e-02        -2.3428279246806159e-03        -2.6392692998439042e-02        -3.5778015624246366e-02        -1.1565992846116742e-02        -3.4988674920351341e-03
20                                     6.6364937785052972e-04         8.2580111886748162e-03        -6.7449487050662768e-03        -1.2349417291263550e-03        -1.1521162466944844e-02        -9.9289859366458212e-03        -3.3062768112830498e-03        -8.6290559188687856e-04
21                                    -3.7063561249109952e-03        -5.9304529221531677e-02         7.7680538804022880e-03         8.3921978118203337e-03         6.0790695654569411e-02         8.5724007948665311e-03         9.4984495871268775e-03        -5.6370424679073414e-03
22                                    -2.0655175413349914e-03        -1.1617351808404256e-02         1.6069820379829517e-02        -6.6746281338244361e-04        -3.8208350038899214e-04         3.4784530763747171e-02         1.4829852947328614e-02         6.3846000948477180e-03
23                                    -4.4657222812923621e-04        -6.6707826396052953e-04         4.3185365774159263e-03        -5.9076830673153848e-04        -2.8904671707270222e-03         9.8061702684782790e-03         3.9131245934567625e-03         2.1183172219383303e-03
24                                    -6.4885667327317046e-04         8.0204764159512876e-03         5.7649508925594478e-02        -8.2269675193315725e-03        -1.0191442296827932e-01        -8.2042809009368143e-03         1.0312126430455693e-02         6.3386775108222101e-03
25                                    -5.9454728710949169e-03         1.5567087467497593e-02        -4.9169953784956234e-02         1.1817173940056828e-02         4.2298065780073356e-02        -1.7315937722494621e-03         1.6759015833524977e-02        -1.1271149181072179e-02
26                                    -1.6895066598230691e-03         4.1814848151271377e-03        -1.6848512247188231e-02         3.7861708021806918e-03         1.6789406504696777e-02        -1.4138360141379886e-04         4.4328911786806740e-03        -3.5491497438785253e-03
27                                    -1.7994462965682131e-04         5.8608295630794137e-02        -9.5323012609429061e-02         6.1368188508978934e-03         4.7506667187135587e-02         7.5313536617095500e-02        -5.1483461959639883e-02         3.5913510134669001e-02
28                                     6.5468373752808262e-03        -4.6665397219269912e-02         8.5705249134253300e-02        -1.6213093316515631e-02        -4.8607738488234846e-02         2.1825677345793958e-02        -6.9870445643677614e-02         4.0880923074671893e-02
29                                     1.9139909163513381e-03        -1.5985080990570145e-02         2.8839547800750150e-02        -4.8613796522129112e-03        -1.6073141245223157e-02         3.3171284633719553e-03        -1.8334632192863388e-02         1.0580582565186994e-02
30                                    -2.1135616088545171e-03        -3.2166848227854303e-02         2.3966124503673993e-02        -9.2656857316568281e-03        -2.3594823179728967e-03        -5.9081965563582105e-03         7.1416591638354008e-03        -2.9410244677796186e-02
31                                    -2.0103509258692909e-02        -1.8951373417057757e-02         1.9112492925421054e-02         2.4124076562204555e-02        -8.2684040054544568e-04        -9.4200240165266975e-03        -8.9243755884008229e-03         3.3954017129520682e-02
32                                    -5.5289586856185373e-03        -4.0403930221245511e-03         4.3940724304556075e-03         7.1107845457523654e-03        -2.4311442358932917e-04        -2.3138298565759555e-03        -2.6878424619259547e-03         1.0399226843040274e-02
33                                     5.1145775283114876e-02        -1.3033688275370280e-02         9.3334984739537885e-03         2.9044089830185471e-02        -4.5763150255390328e-03        -2.6139421394691605e-02         3.2384497674366318e-02         2.3290040262242555e-02
34                                    -3.3422922369969951e-03         2.9615199148350156e-03         2.2673005926756957e-03         3.8118212121151636e-02        -1.3314432005839372e-02        -7.3996440487083372e-03         1.8764971377299364e-02        -2.8704464560492284e-02
35                                    -3.0345862956876863e-03         1.2265842954822168e-03         3.6868742334857086e-04         9.5375654743447922e-03        -3.5409800456426832e-03        -1.3188300284793428e-03         4.3107434338338470e-03        -8.5755693942697487e-03
36                                    -6.6049651468106013e-02         2.6039801567105474e-03         3.0426573713852527e-03         2.6999959976600277e-02        -5.5365029511891175e-03        -4.7434816435041171e-03         4.4804809149614436e-03        -2.2821613244127830e-02
37                                     3.1237345213100155e-02        -1.6038824222241073e-02         1.7762889941104726e-02         7.9856952963736738e-02        -2.0353999222564496e-02        -3.7974024790474487e-02         5.2479709694698881e-02        -1.9544998770537649e-02
38                                     1.0894339450779843e-02        -4.5244268851580534e-03         4.8230515678784275e-03         2.1235754690099942e-02        -5.4610401262054692e-03        -1.0346040593075933e-02         1.4352285138262515e-02        -4.7459025636302941e-03
39                                    -5.7271788487573694e-02         6.5623625240159552e-03        -2.9444506698814718e-03        -2.0322183975890393e-02         2.5876699762415892e-03         3.2699809910628451e-03        -2.8851187165990035e-03         8.0605647835133350e-03
40                                    -2.4636779669419660e-02         1.2302476810547055e-02        -1.2513785176136539e-02        -5.3088954197896075e-02         1.2776114746849953e-02         1.8898804725094514e-02        -2.4145022161883051e-02         2.1065055794338098e-02
41                                    -5.1046595840015894e-03         3.2139282523827445e-03        -3.3771941175753852e-03        -1.4079311620231606e-02         3.4446632004768289e-03         5.1266273511368383e-03        -6.5754431636648875e-03         5.5863374276859060e-03
42                                     3.0444890280759930e-03         1.0886291612751831e-02        -1.1153994689339699e-02         1.5098487596077839e-02        -5.2273510536785892e-03         5.8991756784255278e-02        -7.7820614576767394e-02        -1.1130782612892386e-01
43                                    -5.7717503989599586e-02         7.5544094810953291e-03        -2.5506586759246330e-03        -1.8638076073376815e-02         4.1519930218700350e-04         2.1327337466371273e-02        -3.5894164730717153e-02        -7.0231160566562395e-02
44                                    -1.6337295646339567e-02         1.8221856342335852e-03        -4.0255721996618058e-04        -5.7436142355487673e-03         2.8006802545713061e-04         4.2410296031002923e-03        -7.7465656381237469e-03        -1.6223054939046071e-02
45                                     6.1346557230297872e-03        -6.7997514761715741e-03         6.0887971144123511e-03        -1.2338854008332468e-02         3.3483244566781269e-03        -3.1819800900293842e-02         4.2243014224459266e-02         7.3304283589803440e-02
46                                    -2.1039860357485562e-02        -3.4758587448573057e-05         1.3664455119316162e-03        -2.3100168466197439e-02         4.6889308930178767e-03        -1.4324019999077498e-02         1.7145954386395802e-02         4.1572441006065448e-02
47                                    -6.0485912049520552e-03         1.7363371389289448e-04         2.1659147011449695e-04        -6.0884561588479425e-03         1.2139810910497826e-03        -3.1259552579875061e-03         3.6248356680038448e-03         9.5175347964191522e-03
48                                     2.1698640411016025e-02        -1.7919314998297190e-02         2.4890987305702137e-02        -6.7389568699337987e-02         1.9947516139066823e-03        -3.9380649453920787e-02         1.9654614523568804e-02        -3.0529799503747609e-02
49                                    -2.0929438047846791e-02         1.6482854439894286e-02        -1.8547140461137975e-02         3.6305453527870048e-02        -3.9590996351907080e-03         4.3549577382077855e-02        -3.7427293463530187e-02        -4.9846402473357192e-02
50                                    -6.3867515905788041e-03         5.0493819546137114e-03        -5.8581480916725060e-03         1.1800751449486379e-02        -1.0390245951407331e-03         1.2910033377397221e-02        -1.0645946609320212e-02        -1.2179263248247188e-02
51                                    -1.9664210025262512e-02         1.5138584184411254e-02        -1.8882594071124251e-02         3.0864870971200543e-02         2.4241231659517378e-03         1.5586704357841692e-02        -4.4721279787585449e-03         3.3827068206979269e-02
52                                     2.1132128142858173e-02        -1.0580976865940632e-02         1.0865042943483607e-02        -2.6688588329235704e-02         2.8444815084447740e-03        -2.2659464458198820e-02         1.7415774075853201e-02         1.6373284710840402e-02
53                                     6.3405545626853774e-03        -3.3359003751375709e-03         3.5502126490830001e-03        -8.1041643512835358e-03         6.4123005993826454e-04        -6.4832730584840530e-03         4.7107026314392028e-03         2.9806972688171088e-03
54                                     7.7144348026028375e-03        -1.9258047823455905e-02         2.5573280517772089e-02        -4.0738224189001956e-02         7.3727062412291854e-04        -2.8285367975049446e-02         1.2994137955768465e-02        -1.3119193786465587e-03
55                                     1.7363531760510822e-02        -2.1128570509746343e-03        -2.8263595008894979e-03         1.1027464736429645e-02        -1.5290981122084372e-03        -4.0384229225818831e-03         1.8810553837427271e-02         2.8203384601242741e-02
56                                     4.5702644141928954e-03         5.4356869523597973e-05        -1.6157749174291430e-03         4.3458431602871311e-03        -4.5116047438754762e-04        -1.5851472776391438e-04         4.7285520341229939e-03         7.6765213810487502e-03
57                                    -4.3406131112974306e-03         5.3297100315067597e-02        -7.7169955944468904e-02         1.2133860426355688e-02         5.2310460448942435e-02        -6.3259972899867317e-02         2.4118463413834834e-02        -2.0752173958000155e-03
58                                     4.3940645053257435e-03        -1.3309814085813269e-02         3.5570449706723468e-02        -2.4814560518745133e-02        -3.3576397303919724e-02         5.4553397147003892e-02        -1.0736161425898057e-02         1.1608872995645739e-02
59                                     1.5014587352069635e-03        -6.1856354103076968e-03         1.3744668633881900e-02        -7.8386247168145060e-03        -1.2074223218876592e-02         1.8610859492545127e-02        -4.1155394925946947e-03         3.3964110010258094e-03
60                                     3.9264872382929160e-03        -1.1310602143335667e-02         1.8774013789505852e-02        -1.1366760777298309e-02        -2.0366963916182135e-02         2.7749066925178902e-02         5.0205071819714911e-02        -2.5726526438992453e-02
61                                    -3.3647837267702313e-03         2.8290543027148823e-02        -4.2473076459328477e-02         1.3143169710257295e-02         2.5698127695962098e-02        -4.1294635516915562e-02         1.3049858305735566e-02        -1.1146305979327356e-02
62                                    -1.1315598458623245e-03         8.7174998783913545e-03        -1.3197658483874480e-02         4.3566750928157811e-03         8.4132681772517356e-03        -1.3269815913540373e-02         1.4877756019740713e-03        -2.0699964988060184e-03
63                                     3.8918182275300161e-03        -4.6576107610833125e-04         3.3734678955705109e-02         1.7860290610535112e-03        -3.2205920437039265e-02        -7.9365827551374543e-02        -5.9956241039714607e-02        -1.4796170537011075e-02
64                                     2.1871626399832000e-03         7.7402454179590784e-04        -5.4395533696489059e-03         7.3905007030974532e-04         1.7034675327443254e-03         1.3105440980775342e-03         4.6869850760512992e-03        -4.8236154481156365e-03
65                                     4.8608611417588315e-04         2.2515205385204443e-04        -3.1020793092465752e-03         1.4961353039862944e-04         1.9209167787269852e-03         3.9101823528302276e-03         3.9781028142872096e-03        -7.1114658115898493e-04
66                                    -1.4599439545592082e-03        -1.1520247524774712e-02         5.9351060403746167e-03         9.9494865792741790e-04         2.5966938066651147e-03         1.5892351568073303e-02         1.5541298473598645e-04         6.3857497204549973e-03
67                                    -4.5111555337567751e-03        -2.2924620125963094e-02         1.2977352614369931e-02         1.8601988961565371e-04         5.6393332932972995e-03         3.7389653219004088e-02         2.5048231655220007e-02         4.7056111436791894e-03
68                                    -1.2129929966794553e-03        -6.2312780649218134e-03         3.5823013269540107e-03         2.3917910252802310e-05         1.5624237335243255e-03         1.0276538108313738e-02         7.3209444344590827e-03         1.0998259081689444e-03
69                                     3.7351619380984239e-03         1.0681852677595917e-01        -3.0510227369852649e-02        -2.1658283957965575e-02        -1.2716370527437812e-01         2.2355923598169777e-02         1.7438842509214961e-02         1.2128180125828485e-02
70                                    -8.1872923094560377e-03        -2.9422315190866483e-01         1.7833177878094236e-01         7.7396674147730618e-02         4.5034987414440319e-01        -4.8122431798832382e-02        -4.1601951844118662e-02        -3.5550427097527988e-02
71                                    -2.6106228917367933e-03        -9.1862606798326335e-02         5.3946700889953902e-02         2.3800166233197400e-02         1.3860716628048239e-01        -1.5167234274835696e-02        -1.3042094388940077e-02        -1.1035380362177960e-02
72                                     2.4658059772736580e-03         4.6915662413867860e-02         4.9066152234646700e-02         1.4111616135878005e-02         3.9508114767677911e-02        -7.1449920544645093e-02        -3.3140724653356719e-02        -1.0260418947964037e-02
73                                    -1.7500426311024764e-02        -4.8648826023782060e-01        -3.7301620966488341e-01        -4.5919667987805883e-02        -2.1373625244087369e-01         6.3822575197379244e-02        -6.2286170176294592e-03         2.9101433933398372e-02
74                                    -5.1965302524942716e-03        -1.4348261039408777e-01        -1.1313350119407725e-01        -1.4622480420854584e-02        -6.7244152060117801e-02         2.2341845243013012e-02        -8.6847568315424916e-05         9.2016481852730970e-03
75                                     5.7312778374119140e-03         4.9989146068561738e-02         1.1342048669405677e-01         2.9719461023028484e-02         6.2615382881458792e-02        -1.9063235373794785e-01        -1.6883866759796484e-01        -2.2504618354520771e-02
76                                     3.9869592124698490e-03         3.0577377826053211e-02         8.8369009685432320e-02         2.8602157650817625e-02         4.9631359590624910e-02        -2.0149825205602362e-01        -1.6920569828023097e-01        -2.4623075172367948e-02
77                                     7.9409344781749950e-04         5.6758948310010335e-03         1.9125406901718892e-02         6.7662716296813252e-03         1.0890006932407730e-02        -4.9242816703426007e-02        -4.0467041495365778e-02        -6.1129129126683479e-03
78                                     2.2679830845365786e-02         2.4343867639982664e-01        -5.5094642072374148e-02        -2.0422620203892943e-02        -2.2735663799112804e-01        -9.6224959200733984e-02        -6.9295577933729285e-02         1.4642401239794104e-02
79                                    -1.3917255088471804e-02        -1.4624735919966625e-01         4.6923358221576297e-02         1.2488623523806261e-02         1.2892960941730389e-01         8.5055984869054357e-02         5.2143118720439134e-02        -1.8179769605936832e-03
80                                    -5.1473431162535211e-03        -5.4005003825842286e-02         1.6283734071443033e-02         4.5649598831167433e-03         4.8093146356376230e-02         2.9281135235291897e-02         1.8449225689561425e-02        -1.2109131382497295e-03
81                                     2.6188746454053169e-01         8.9230130472805355e-02        -1.0739694461008599e-01        -3.4317036809698731e-01         8.4321098772116534e-02         5.9369252916434606e-02        -4.4092937126169761e-02         7.3173582287730382e-02
82                                     2.1382277319251414e-01         1.1183566938408654e-01        -1.2042797557436076e-01        -3.5509071427224531e-01         7.9704419850143121e-02         8.2478386028930178e-02        -6.0880349648250946e-02         1.8050398254203195e-02
83                                     4.7766159428741982e-02         2.8849201812683113e-02        -3.0298150200423729e-02        -8.7742638981111787e-02         1.9231966860040944e-02         2.0889793108990883e-02        -1.5087353299843216e-02         2.5305127141853432e-03
84                                     3.8002867043160299e-01        -2.4879553769458634e-02        -4.7540777806090277e-03         2.8745117707239649e-02         1.0465129943558428e-02         1.8905555649593155e-02        -3.6443893172352318e-02        -2.0500607542812674e-02
85                                     5.7874133984343190e-01        -3.0189471841744652e-02        -1.6002156765311026e-02         1.1402727388325228e-02         2.4367450675676392e-02         4.0656148479320843e-02        -7.0084776285130101e-02        -1.4524705246007864e-02
86                                     1.5434225965123419e-01        -8.4366954645323875e-03        -3.9875744275524099e-03         3.7382245163228821e-03         6.4165931359282738e-03         1.1000613620353806e-02        -1.9108734309291091e-02        -3.7815433308366121e-03
87                                     2.8439768000448601e-01        -2.3016163136570435e-02         1.4218864739256587e-04         2.4948431485427341e-01        -4.1228859290837840e-02         4.2539839205860248e-02        -2.0869718722493019e-02        -1.4254351948855712e-01
88                                     1.8994785719550022e-01        -1.3008801804625847e-02        -2.6212522828109762e-03         1.7587015543686724e-01        -2.8800110345351286e-02         3.9461396082586656e-02        -2.7544559362559558e-02        -1.2072922988332235e-01
89                                     4.7216931870738291e-02        -2.9957919377975729e-03        -8.6549542082008004e-04         4.4169408845920223e-02        -7.2731755820692511e-03         1.0689325320977976e-02        -7.8829671215078952e-03        -3.1356208254464460e-02
90                                     5.5097617564345011e-03         4.2040312132053448e-04         1.1447273528732236e-02         1.0882529353784315e-01        -4.9823741979442747e-02         1.2461021835396460e-01        -1.2833877775199412e-01        -3.5657211324659122e-01
91                                     1.6005001307394705e-02        -7.0743201228192299e-03         3.3318160414334669e-03        -4.6937102665541151e-02         1.6186682512229426e-02        -5.0804734707050374e-02         4.9113973593505743e-02         1.1460228726186222e-01
92                                     4.7730088971597437e-03        -2.6910139487052970e-03         1.1451727448212100e-03        -1.8663074625566715e-02         6.3399479934897482e-03        -1.9061660706217207e-02         1.8358310869211195e-02         4.2258097276688569e-02
93                                     3.7342759965678228e-02         9.1470388927878274e-02        -8.2449104717905342e-02         5.0935985892202129e-01        -5.5071048214414615e-02         1.2294988374430542e-01        -3.1057709292630794e-02         4.0733858092556380e-01
94                                     1.2967516730647811e-02        -2.1549407980539226e-02         1.5066027592268993e-02        -8.3231677783230526e-02         8.3567891895025611e-03        -2.9305273262546182e-02         2.7833375281489478e-02        -4.4367948077256109e-02
95                                     2.2834680408625055e-03        -8.5072757490067211e-03         6.5450407926377976e-03        -3.7395522952160552e-02         3.9370982618225237e-03        -1.2112434328171535e-02         8.9918312554992698e-03        -2.1216010503565270e-02
96                                    -1.8649091698698442e-02        -7.0868474768025005e-02         5.3400693451426721e-02         1.5214231535937938e-02         4.3942813522210938e-02         6.2167285947590786e-02        -4.3459653580245028e-01         2.4856486803401104e-01
97                                     1.3558770767373598e-02         6.9033635722470163e-02        -6.1491666678678225e-02        -7.1740170966862931e-03        -2.6425114576519384e-02        -6.0713304889088729e-02         3.5967749832381080e-01        -2.0720171036555848e-01
98                                     5.0880991190429730e-03         2.3996947412279989e-02        -2.0873547410644192e-02        -2.6143709766147968e-03        -9.9358812195646604e-03        -2.0798846526028970e-02         1.2692291661879243e-01        -7.2846536185874750e-02
                                                        72                          73                          74                          75                          76                          77                          78                          79

0                                     -3.4773672425448738e-03         8.8708781766667650e-03         2.6282706007543528e-02        -5.3928987526616137e-03         2.5505945366609013e-02        -2.2568190835435703e-03        -1.1812183459852512e-03        -2.1698554199711157e-03
1                                      2.3530419151684902e-03        -5.4658071856058255e-03        -2.1520265770037766e-02         6.7123438825261164e-03        -2.7305400194904721e-02        -3.1717803571305728e-02         2.7438827579132585e-02        -7.0320253881536463e-03
2                                      8.8996004176772553e-04        -2.0331790137932443e-03        -7.5685512652879459e-03         2.2181635187734443e-03        -9.2243033826457134e-03        -9.1784928613224872e-03         8.0940036045179919e-03        -1.9522723948029476e-03
3                                      7.4194167153954849e-03         1.6936890552689945e-02        -4.6086871572895587e-02         1.6232881140439467e-02        -6.0420756043787854e-02         8.4172100005706851e-02        -3.1533257796070441e-03         5.2617925674872355e-03
4                                     -5.9338918082857094e-03         4.1331822183882906e-02         6.2732051169690634e-02        -1.5881071482101099e-02         7.0921728630633035e-02         9.8083319857116158e-02        -6.4351660466985677e-02         1.4628147068651285e-02
5                                     -2.0730083222326905e-03         1.1365178112491716e-02         2.0586063686071365e-02        -5.4218969472625764e-03         2.3641390995414020e-02         2.4889463638745581e-02        -1.8720030855917891e-02         4.0400988385926855e-03
6                                      6.1172422782998384e-04         1.8171675078691905e-02        -2.2670043072705245e-04        -1.8129271093831896e-03        -2.0867936466243764e-03        -1.8939037131300272e-02         2.3921393498907120e-02        -1.2810068655735479e-02
7                                     -4.1703526658219683e-03        -7.8101950122147171e-02        -1.6612604910315677e-02        -1.0908441624931268e-02         9.6295285714717519e-03        -8.2816778592318660e-02        -4.0339928812450514e-02         2.0800590573967718e-02
8                                     -1.2409493517707467e-03        -2.3747509465311005e-02        -4.9078504940295205e-03        -3.1158058865159181e-03         2.8866660856923495e-03        -2.3365382123117763e-02        -1.2955243216396602e-02         6.6913704452179904e-03
9                                      2.3956937527995783e-03        -9.6911252461262962e-02        -2.7999216091032137e-02         1.9124391164962940e-02        -3.0289266423257570e-02        -3.0459966350540636e-02         3.4254690524417625e-02        -3.8435101390737613e-03
10                                     8.8526970143497554e-03        -1.3049434484696967e-02        -5.1645733242268309e-02         2.9704035482155593e-02        -8.2544838014648056e-02         1.3218341231989157e-02         1.1192965911273396e-01        -4.0296797739099846e-02
11                                     2.4677242976427951e-03         5.2407726773645200e-04        -1.3852309271270541e-02         7.8239528590039447e-03        -2.2787371274079499e-02         5.2613759934015004e-03         3.1235128162836304e-02        -1.1641540530694650e-02
12                                    -5.5193493270014223e-03        -1.6722111311314257e-02         1.5183689494272028e-02        -1.2598115746400880e-02         2.7324259876039550e-02         2.8504444415269253e-02        -2.6552099530413101e-02         2.9337752357090495e-03
13                                    -4.9248216015406344e-03         2.2339164077148463e-02         2.9178701748541862e-02        -1.4808910719460463e-02         3.9444027507425899e-02         9.7563299230148549e-03        -4.4587996147030420e-02         1.3435818965261786e-02
14                                    -1.2074588066647897e-03         7.4167309751230629e-03         7.8410306795888424e-03        -3.7361969127927201e-03         1.0251085382162581e-02         1.4672503744165306e-03        -1.1799448705627717e-02         3.7906513066245959e-03
15                                     7.2955192442799768e-03         1.2111161370550239e-01         1.2158266581359852e-02         1.0551508146253389e-02        -1.9764357711527500e-02         2.9857830702499314e-02         2.5490925897225705e-03         8.4707094640186064e-03
16                                     1.2729172563991592e-02        -2.9686411388911191e-02        -4.7519723626234904e-02         1.2784252465891219e-02        -2.9751614239920007e-02         1.0246405688994870e-01        -3.8989493140547102e-02         7.0141950994192471e-03
17                                     3.3940892401474057e-03        -1.4143592962076188e-02        -1.4459539043070973e-02         3.2954504995653493e-03        -7.8497843041344124e-03         2.8640723079924182e-02        -1.1540556700487746e-02         1.6822828907191475e-03
18                                    -3.2261709343408052e-03         5.1534826513298528e-02         7.7414669010708120e-02        -2.0393993481385722e-02         8.9494087906005743e-02        -4.4239197355340577e-02         1.1887701311519240e-02        -2.3490905281230223e-02
19                                    -4.5124621542262239e-03        -3.0237220706902622e-02         3.6326874408231387e-03        -2.0602348122041609e-02         3.2339765092856083e-02        -1.1109921801192323e-01        -4.2610990838147178e-02         1.5698904341312079e-02
20                                    -1.1825575873820448e-03        -1.1146578760925258e-02        -2.4068520289312043e-03        -5.1336578896951889e-03         5.4561110785664854e-03        -3.0516514485197207e-02        -1.3004468689888386e-02         5.6340648183005708e-03
21                                     5.2321452161311309e-04        -7.0019169205158188e-02        -3.3131074035230204e-02        -6.0806402677523082e-03        -5.5881933131129752e-04        -5.4468547971663311e-02        -4.7155054907397062e-02         2.3331929876687002e-02
22                                    -8.2122221906556748e-04         4.0042619805496442e-02         2.5604818773219552e-02         9.4718335258789886e-03        -3.4749929493095950e-03         1.2927861045154011e-02         6.0186172543484712e-02        -2.3771716470019032e-02
23                                    -2.3561534613998194e-04         1.4934680830594462e-02         8.9954777416872255e-03         3.0596142763344466e-03        -1.0104394565281893e-03         6.2796060970466928e-03         1.9780796276159314e-02        -8.0229309783592922e-03
24                                    -1.2060193006918222e-02        -3.0319308849270803e-02        -1.1836089602767087e-02        -8.5533981107613812e-03        -2.6636523221874688e-02         3.8645111593898100e-02         3.0019846772504799e-02        -3.2018849178189093e-03
25                                    -4.2111495184013800e-03         1.6508235793422420e-03        -4.7509426249769185e-03         5.4502837346431980e-03        -1.3577529003087025e-02         2.9858668155772622e-03        -6.8792784482921750e-03         6.2375660884585763e-03
26                                    -6.8293388564213942e-04         1.7606438470412970e-03        -8.3793580284193870e-04         1.9704624488212801e-03        -2.7815055408958087e-03        -8.3261712143058099e-04        -3.3088751384250416e-03         1.9683111394116631e-03
27                                     2.6782731944847517e-02         2.2107177585202555e-02         1.2439175532048990e-02         8.9095531098880840e-02        -4.6863423112353468e-02        -2.1015978545288718e-02        -5.0403433162086370e-02         4.5006075190720328e-02
28                                     1.9444288033628077e-02        -1.6105621193484354e-02         7.4334890956903521e-03         1.4399914020973223e-03         2.7508701949571418e-02         2.0743531213912186e-02         2.0383731573948346e-02        -1.4046677470665207e-02
29                                     4.4881391692142038e-03        -5.6002934559331741e-03         1.8019818353371365e-03        -3.2462290867333451e-03         9.8596235689166756e-03         6.9268930638582077e-03         8.0925248611923746e-03        -5.7054275560510454e-03
30                                     1.1875903022078593e-03         2.5772265399494888e-02        -9.3038846052310220e-02        -1.1327000328681122e-01         4.2489673758269196e-02        -1.0634827696700856e-04         1.2425836686452384e-03        -4.3102643594291910e-02
31                                    -7.7943292416552318e-02        -1.2237955825673099e-02         7.9208789532718107e-02        -9.6379503862042082e-02        -8.4333352991958280e-02         2.1342944816660618e-03         1.7735531413767051e-02         7.9225249672524603e-02
32                                    -2.1755550231636792e-02        -4.1915102538336788e-03         2.4978832788847386e-02        -2.2976506776237811e-02        -2.4985847649928127e-02         5.9226704820205427e-04         4.7850955515554398e-03         2.3482105597951837e-02
33                                     1.3328339894199593e-02         3.0822470817257691e-03        -2.5647260392291517e-02         8.4024375017867654e-03         3.5531549678797028e-02         3.8362945496899078e-03         3.8085740745064524e-02         8.7535873293203628e-02
34                                    -5.9077835161276335e-03         4.8597230040438128e-03        -5.2862054137862401e-02         5.5987827162102134e-02         6.2134688147662751e-02         2.8354381499791064e-03         1.2353483513890958e-02        -3.4931785888712100e-03
35                                    -1.5422659097639596e-03         1.2617736027391059e-03        -1.3870744650466879e-02         1.5128999330710775e-02         1.6152833663405395e-02         6.7040835317683668e-04         2.3071947759766586e-03        -3.5409705572850194e-03
36                                    -5.7143320018049913e-02        -1.1552526771704135e-02         4.8558516088410095e-02         4.6548993507551747e-02        -4.0118950139940365e-02        -4.9970038115966257e-03        -4.9186325836655533e-02        -1.2457801124920688e-01
37                                     8.3493599564304549e-02        -1.5482850600785095e-02         3.8670343525386883e-02         9.2540664230420053e-02        -4.6981609432289184e-03        -3.1118299650768045e-03        -2.3668780519572212e-02        -4.4424530928859000e-02
38                                     2.4654649369652698e-02        -3.9490208048098829e-03         9.2741070974115634e-03         2.4188887455274744e-02        -1.2291552008619446e-04        -7.1330646487167970e-04        -5.0829444898189882e-03        -8.6104411601492185e-03
39                                     3.5576342926813519e-02         2.6208714336287322e-03        -4.4916948643601521e-03        -1.7236771270555281e-02         5.6258759619129184e-05         2.7817637866166879e-04         7.2754363383345901e-03         2.4717838198985841e-02
40                                    -2.0523452478298114e-02         1.0261347923493586e-02        -2.5764919460032246e-02        -3.8824803288071752e-02         8.1354932271807574e-03         9.8856089586274866e-04         1.1578151556853116e-02         2.4902578491462532e-02
41                                    -6.6886089358924473e-03         2.7651173328372778e-03        -7.0068611989824144e-03        -1.0213329469107732e-02         2.2605758495413270e-03         2.6215895304023020e-04         2.9861405698665428e-03         6.1673863349193982e-03
42                                    -9.1312945473160531e-02        -3.2478110779561534e-03        -1.7506527819803889e-02         4.0035046712363055e-02         2.3537972169394749e-02         1.8563234373649901e-03        -2.0156352802545071e-04         7.3271484367493983e-03
43                                     8.3941941906565537e-03        -2.0705588177789908e-02         7.7912004338741181e-02        -3.1901923588359304e-02        -6.8946436347668977e-02        -4.3632408795476747e-04        -8.3850866607527511e-03         2.0709726937372847e-02
44                                     4.6802987169229301e-03        -5.5945072813413047e-03         2.1884451637702591e-02        -9.8491015621383956e-03        -1.9600410634952412e-02        -1.7129087968925373e-04        -2.2891681316697201e-03         5.5284039422377109e-03
45                                     3.6433407181683301e-02         8.3354153774577704e-03        -1.2285420212561463e-02        -1.2566169705202931e-02        -8.1934733355742344e-04        -1.8976752530999405e-03        -2.1109499791270850e-03        -1.2572752439235820e-03
46                                    -2.4566593171128075e-02         8.9407824298729580e-03        -2.4822293205231303e-02         1.5297849147711514e-02         1.3684335272026407e-02        -1.4166373072083040e-03        -5.3250061777066074e-03        -1.3533681288570408e-02
47                                    -7.7483358325803062e-03         2.2307921384972953e-03        -6.4631384948509660e-03         4.5444105017887898e-03         3.7659421103159612e-03        -3.3977021531347612e-04        -1.4053780441825388e-03        -3.6892556803184628e-03
48                                    -3.5699171375065892e-03        -2.4619027086942927e-02         3.9421871030920354e-02         9.6291294299352417e-02         3.4052617880517312e-02         1.0515252801996907e-02         6.1593981385684032e-02         1.2937994672496989e-01
49                                     1.8829861775566798e-02         1.1671177963412301e-02        -6.0589505039508627e-02        -4.2128239876659382e-02         5.8671862153715386e-02         4.7734044400128120e-03         2.9144177382112602e-02         2.9289005964408779e-03
50                                     5.0102544260383639e-03         3.9683744095581229e-03        -1.7776035961387490e-02        -1.4333406206131459e-02         1.5025516031456987e-02         9.7990217854415705e-04         6.1251475688121450e-03        -3.0656125417742215e-03
51                                    -3.7610516975611877e-03         1.3167563666723914e-02        -2.1343443679982733e-02        -2.9109736567771761e-02        -8.7677133353614642e-03        -3.9771165625881863e-03        -1.8339791846007807e-02        -3.3286766739716582e-02
52                                    -1.3110506234803794e-02        -4.8278703544650725e-03         1.3444888658251285e-02         2.7864292703698466e-02        -3.4489016519174405e-03         3.7065727031403877e-04         1.6234408519034138e-03         1.3851474967787592e-02
53                                    -3.3248985373068468e-03        -1.7239412696603185e-03         4.1769790609442825e-03         8.4909525694062456e-03        -4.5364064402474873e-04         2.4453641611679868e-04         1.1154844455048170e-03         4.8607602812830155e-03
54                                    -1.0713532092679844e-03        -1.7708687814992886e-02         6.2523840606900305e-02        -2.3130892856106818e-02        -5.2556714261257222e-02        -2.8435278237469281e-03        -3.1113014283582607e-02        -7.3315532017686869e-02
55                                     3.2910914443202828e-02         1.5068596432780763e-02        -4.1459468914838420e-02         7.4856199203923151e-03         1.4296305011242844e-02        -4.6406869154758321e-03        -2.3964952920911709e-02        -4.8182822157566529e-02
56                                     9.2445480327299438e-03         4.7360795900433569e-03        -1.3503022438793937e-02         2.7685563158838192e-03         5.6352939406095438e-03        -1.1988190571097328e-03        -5.6849849840672250e-03        -1.1124536925948645e-02
57                                    -8.0504739349714968e-03        -7.8052352597124675e-02         4.3137418075475151e-02        -1.7864083067950478e-02         6.0115428576563629e-02         3.0086488297763499e-02         9.2545566250720482e-02        -5.2540793393200426e-02
58                                     2.4711932293482550e-02         2.6344694847679706e-02         7.1356752646176212e-04         5.1622907959880338e-02         1.6850349347444634e-03        -2.6343036402363650e-02        -2.7486879061235075e-02        -1.9674194520910116e-02
59                                     7.5727230554022071e-03         1.1027532620960675e-02        -1.6623700606499781e-03         1.5889551374066085e-02        -2.0091304911805385e-03        -8.9839983311145941e-03        -1.1977559370582548e-02        -3.5812254741059519e-03
60                                    -3.7163188653401083e-03         4.6231396554073982e-02        -1.8103454157747580e-02         4.7037972421728634e-03        -2.7562318942216158e-02        -1.4356896164112081e-02        -2.1104901465658611e-02         1.4772176524412860e-02
61                                    -1.2224658580911360e-02        -2.6040851744239601e-02         4.0235966683607408e-03        -1.8943377517200998e-02         4.1178143582835947e-03         1.2014826502072157e-02         1.7152685968109305e-02         7.0241569223438013e-04
62                                    -3.4361429260077242e-03        -9.6633458522260695e-03         2.0016766728148884e-03        -5.7355568221941055e-03         2.4043935188757769e-03         4.1404063403216408e-03         5.9148630731646785e-03        -4.4675621741493521e-04
63                                     4.1596787131029569e-03        -2.9130088393894915e-02        -5.0828721748413831e-02         7.1445034319678300e-04        -1.9262642687796944e-02        -3.7283270949580853e-03        -9.8183752082799586e-02         3.1470200093504500e-02
64                                     1.0959228677403420e-04         2.8065853326387207e-02         1.2031974237327370e-02         8.2049703688824253e-03         2.2688344840199768e-03        -9.0146050533415605e-03        -2.4541410581373001e-02         2.4386810072006344e-02
65                                    -1.5420013386588692e-04         9.5306744864103021e-03         5.7711711900599585e-03         2.3740580050387134e-03         1.5657513727188306e-03        -2.4723421907402988e-03        -2.8929410349038029e-03         5.7420257491423102e-03
66                                    -7.4821281459753943e-04         9.1702082799487925e-03         7.0811482768578342e-03        -3.5820884046967316e-03         2.1757890332251410e-03        -2.7567088734744569e-03         1.7345348914283253e-02        -5.4834371489295751e-03
67                                    -5.7806238774484346e-03         1.0038478083890645e-04         8.2920340941100359e-03        -1.2280739596219436e-02         4.6372145603983273e-03        -5.4247701789650908e-03         3.2274843175077665e-02        -1.5894726389624005e-02
68                                    -1.7067392483234658e-03        -3.8080756542504206e-04         2.1235281213977599e-03        -3.4381926186280759e-03         1.2436340181942887e-03        -1.4786003269547827e-03         8.7404402320129596e-03        -4.4426426622988600e-03
69                                    -7.0467216218893201e-03         6.2778994569832160e-03         4.1546306801849807e-02        -7.3629994010735739e-03         3.6014835465102958e-02        -4.7587303283631505e-02         2.1736515612542282e-02        -1.0449901921000409e-02
70                                     1.9272073645835084e-02         7.1615660064558041e-03        -9.1852547020709316e-02         1.6672250901027322e-02        -7.6158790844600463e-02         1.9944120274659041e-01        -8.5802319456489765e-02         3.3386088444370278e-02
71                                     6.0254385120471765e-03         1.9036651914511192e-03        -2.8853765412061111e-02         5.2288251482750150e-03        -2.3984110953810978e-02         6.0956850639088386e-02        -2.6276110789622824e-02         1.0306443935134199e-02
72                                     1.9452691551389035e-04         3.1434812759500363e-03        -1.0736299208410348e-02        -4.1316189256937579e-03        -6.6208487764357780e-03        -3.4240288401162909e-02         1.7937896664133490e-02        -1.0093520084789932e-02
73                                     7.7493061340474017e-03         9.5167422329612283e-02         4.9531522020778762e-02         3.4496457468521209e-02        -1.5339474014963024e-02         4.5943391614814907e-02         1.3884552691750215e-01        -5.2448384285589088e-02
74                                     2.1795584329765806e-03         2.7746890585394594e-02         1.5432119529408764e-02         1.0252399627152622e-02        -3.8960769906777838e-03         1.4148513599045735e-02         4.0310484767187821e-02        -1.5074467337529910e-02
75                                     2.0506218201490602e-02         2.5449701624232107e-01        -2.2187678458721258e-02         3.9594962267939939e-02        -9.5980763829051935e-02        -2.8358926017618463e-01         1.1105229919832779e-01         5.3132381014022144e-03
76                                     1.9019344730466667e-02         2.6808644442629698e-01        -1.5614869846753544e-02         3.6335384197660164e-02        -9.1206631473235933e-02        -2.6613596190552286e-01         1.1283094299412831e-01         1.3654307588096986e-03
77                                     4.3703485784855108e-03         6.5505938916887260e-02        -3.1554248460128687e-03         8.3718508415882732e-03        -2.1357256599442237e-02        -6.3527197312607808e-02         2.6944134167151437e-02         2.3925359805594034e-04
78                                    -6.6507170525615875e-03         1.0375212992646742e-01         7.4869672312988994e-02         1.9759135515981757e-03         1.9646861617976075e-02        -9.5389773662701779e-02         1.3568450135690108e-01        -5.9483002638127350e-02
79                                     1.6750690343054471e-03        -3.2418890309268672e-02        -1.4819679503135796e-02         5.5776199090816197e-03        -7.0752227681258866e-03         2.8629206470359127e-02        -1.3275787820213407e-02         9.1296897924551517e-03
80                                     8.2196020064744760e-04        -1.4279015495897690e-02        -7.7813713213880902e-03         1.5272115193550974e-03        -2.9898815137399488e-03         1.2662213076793574e-02        -1.0033488566209992e-02         5.3822769795081717e-03
81                                     2.0584142222610480e-01         2.0142969689869263e-02        -7.5353673910933082e-03        -1.3993706188578298e-01        -5.0361384325022379e-02        -1.0513394650613496e-02        -2.4444093470762072e-02        -8.6119736865634799e-03
82                                     2.0356086944557672e-01         2.1473264881497006e-02        -3.1699274954971303e-02        -8.7545816404783955e-02        -2.5461196808187477e-02        -1.2727203207266351e-02        -5.9090319632315501e-02        -1.2358128612050572e-01
83                                     5.1642893007233480e-02         5.3885040993320319e-03        -8.9065896931211086e-03        -1.9441249107830360e-02        -5.2827808192173016e-03        -3.1374477402403254e-03        -1.5542193607960634e-02        -3.3649353361025043e-02
84                                    -2.4102868155816423e-01        -6.0659169299119627e-03         1.6935046039470186e-02         1.0507272437558005e-02        -1.5839014467358640e-02         3.1434830443361096e-04        -2.0501247717394606e-02        -7.8736696478667031e-02
85                                    -3.9510891809056825e-01        -2.7730341723550375e-04        -8.0297026066318680e-05        -2.1292662913917015e-03        -1.1626284619082409e-02         8.7942182524398276e-04        -2.5312344471046116e-02        -1.1217343290290746e-01
86                                    -1.0703871124861242e-01        -6.7963642386421549e-05         1.3163844976138669e-04        -7.6487453653978430e-04        -3.3261257673721030e-03         2.4019172678425556e-04        -6.8015257854551446e-03        -3.0034002376722168e-02
87                                     3.6897329424075109e-01        -4.9206070248620074e-02         1.7939889404170659e-01        -2.0878957654730101e-01        -1.3881690303834487e-01         2.5257699543547573e-03         1.3944369464996163e-02         4.7735371940054831e-02
88                                     2.3115621357877938e-01        -3.6282299989038209e-02         1.2632779455112111e-01        -1.3567498476712034e-01        -9.3799472535364123e-02         2.3392887238257664e-03         7.9972700761713218e-03         2.3303708878364981e-02
89                                     5.6046315452535210e-02        -8.9688262373644780e-03         3.0878021827906565e-02        -3.3087007452760990e-02        -2.2810282861468033e-02         5.8827771542215382e-04         1.8633858737619872e-03         5.3014968421120417e-03
90                                     1.7880439133400033e-01        -2.5518843405292774e-02        -2.6425839468995908e-02        -6.9881349200062004e-02         1.0175112766190930e-01         1.8359570654257563e-02         8.3396376321607318e-02         5.2007422686614041e-02
91                                    -6.0606884939772697e-02         4.7023978192414981e-03         1.4043593648221105e-02         3.9506521006121106e-02        -2.9308546169033160e-02        -4.9271221808928267e-03        -2.2557327125615027e-02        -6.3939040616054202e-03
92                                    -2.1576639094295351e-02         1.6794792047395010e-03         6.0172092175885226e-03         1.3151337868849486e-02        -1.2241144984073929e-02        -1.9825062874919367e-03        -9.2787268858484546e-03        -4.1569478594119733e-03
93                                    -8.4021420688210363e-02         7.4377110747736952e-02        -8.4064640708076718e-02        -7.5566981934076960e-02        -3.6628843375698807e-02        -1.0124781791223211e-02        -1.4833744901092860e-03         1.3772010339144830e-01
94                                     5.2407206194041843e-02         2.0352162651743212e-03        -2.3730718172041036e-02         1.0934207681588363e-02         1.3339202184042666e-02        -4.1832525309738935e-03        -3.3724117513529404e-02        -9.7137985009228670e-02
95                                     1.5980365001072746e-02        -1.4673054167227879e-03        -3.9026563482712140e-03         5.3607132090113000e-03         4.0164133264921006e-03        -9.8462894124044581e-04        -9.8901045176190052e-03        -3.1182645521580277e-02
96                                     8.5813841239249442e-02        -1.7361094541594305e-01         1.3374146153249405e-01         7.1016990823060983e-02         1.6682312562392096e-01         3.4680494190445166e-02         5.3841167898349383e-02        -7.7055568470038999e-02
97                                    -7.4880034055635633e-02         1.3451921483064261e-01        -1.0806991572570018e-01        -6.2372056712652182e-02        -1.3907250915284569e-01        -2.6714371741121592e-02        -4.0379398783928051e-02         6.5992658533255324e-02
98                                    -2.6157222533466300e-02         4.8020119262166268e-02        -3.8185678389188835e-02        -2.1513767634152890e-02        -4.8762992752585506e-02        -9.5064291424775856e-03        -1.4501388305993458e-02         2.3267508035968953e-02
                                                        80                          81                          82                          83                          84                          85                          86                          87

0                                      7.5304068210000361e-03        -2.9888027286943245e-02         5.6822106752336553e-04        -9.3462744572574766e-03         1.4398036364121198e-02        -9.5177561110458477e-04        -7.5110218008120920e-06        -2.8722097898966465e-03
1                                     -1.5281171891066670e-02         1.3357136221926575e-02        -8.3394799356639629e-04        -1.7819386682085849e-02         3.9041806558958178e-03        -9.7437557240635222e-05         4.1985762276615518e-03        -4.3828231135241303e-03
2                                     -4.8591221103653475e-03         5.3605151827487438e-03        -2.7482454246647903e-04        -4.7909270339821352e-03         4.4433105901554003e-04         8.9043631686203238e-06         1.2222145735086903e-03        -1.1380475132336777e-03
3                                     -3.4333431496288189e-02         1.0404919811040890e-01        -1.1505061043970578e-03         8.2317695274675154e-02        -1.0982200423976543e-01         8.0576602211299506e-03        -5.7285403279556365e-03         3.1872941047622005e-02
4                                      6.3969748977727212e-02        -5.5840349255094290e-02         7.6368687158648221e-03         9.1501014400398858e-02        -1.8349424397748667e-02        -1.0270156869437814e-03        -6.9989269656085939e-03        -5.0353130309767876e-03
5                                      2.0395784275987844e-02        -2.1259463651980511e-02         2.2997542161798433e-03         2.3065707020090913e-02        -3.0211221956271338e-04        -6.8158741553328377e-04        -1.7869751260786309e-03        -2.9703063454949614e-03
6                                     -3.4378661602397602e-02        -1.4604601432507958e-02         7.6275483440468991e-04        -3.2746122149937468e-02         4.2424362920431460e-02        -4.6784107809681166e-03         8.4760808247252000e-03        -2.7205463329053197e-02
7                                     -2.1939019142720600e-02         7.9117988509518414e-02        -1.1587350366156629e-02        -7.8628960747695875e-02         1.1280300657303061e-02         2.4312658702291185e-03        -1.1431284871491153e-02         4.0907698794078240e-02
8                                     -4.9078856127405283e-03         2.3931918647017755e-02        -3.4309158510184741e-03        -2.1552410684248378e-02         1.3564726684146139e-03         9.2396494696718977e-04        -3.7419891074822443e-03         1.3241508929977899e-02
9                                      6.5634597254820043e-02        -6.8036620535078390e-02         4.6757779074685802e-03         4.5716207754343118e-02        -7.6108691888791061e-02         1.1542255954737800e-02        -5.3761814967113004e-03         4.3807370809848117e-02
10                                    -4.3223150206212466e-02        -4.7483469580723969e-02         7.6834926310657276e-03         8.1126375797956150e-03        -2.0785371843300714e-02         1.0835770876726420e-03         3.2666811618362317e-02        -5.8400098692383683e-02
11                                    -1.5662862732737617e-02        -1.0844214287092899e-02         2.0441892109727476e-03         3.0796416021296630e-04        -2.6493717907195339e-03        -2.0186726707682639e-04         9.8215341723436999e-03        -1.9097264138523664e-02
12                                    -4.1698578410933385e-02         1.7351595175017047e-02        -1.4208804023887976e-03        -1.4614120317479943e-02         8.3669315581530717e-03        -1.2593210879225031e-03         3.6241190051050478e-03        -1.0465702895880870e-02
13                                     2.5268502826034842e-03         1.5176139764593043e-02        -2.2344268432144248e-03        -4.4758707408332487e-04         7.1277182167389019e-03        -8.3561533587931519e-04        -7.7570683728171615e-03         9.9579565665753999e-03
14                                     2.7449929758490504e-03         3.6296163245762114e-03        -5.7961389305175557e-04         5.8259439243219999e-04         1.6945578438179443e-03        -1.8245640059038237e-04        -2.4480706126245181e-03         3.4224712271727839e-03
15                                     4.4841478248833756e-02         1.1369236483447681e-01        -1.0614789107983956e-02        -5.7155710219430937e-02         7.4325943551366805e-02        -1.3243285659697488e-02         8.8699938143208773e-05        -2.6730079763359088e-02
16                                     1.1910458323280925e-02        -4.9925780690183358e-02         7.2328327692735839e-03        -2.8055839253101775e-02         8.5384624081151120e-02        -5.5869166675914152e-03        -1.4304354996489178e-02         2.0074177490820980e-02
17                                     1.4802809458243501e-03        -1.9733877963489885e-02         2.6004250072000816e-03        -5.6397588167407999e-03         2.1661287970723073e-02        -1.0404635284019784e-03        -4.1922341797578149e-03         7.0661727901816665e-03
18                                    -9.1796075138887476e-02        -7.1880364280067541e-02        -1.3275678724587695e-03        -1.5891550604297061e-02        -5.8543617377165395e-02         7.9699577628981003e-03         5.6533039208181554e-03         2.5596047538449466e-02
19                                    -2.0965570679702741e-02         6.7774974707478869e-02         9.2749378755808281e-04         1.0640836235048109e-01        -3.3924786781622640e-02        -2.4897423829114379e-03        -9.7664037701051809e-03        -2.0046413513772593e-02
20                                    -2.0629829877675740e-03         2.3012844948070332e-02         3.3518066504313311e-04         3.1852466771641934e-02        -7.3367141722997320e-03        -1.0911650758369949e-03        -3.1082464526790391e-03        -7.0016432212212237e-03
21                                     8.2523477538674797e-02        -3.1581134776892422e-02         3.9820343969371652e-03        -6.9705949916525328e-03         9.4465412951783262e-02        -9.6240178307881487e-03        -3.3490321068658027e-04        -3.9744205502243272e-02
22                                    -3.5103179259408576e-02        -3.0304674520699539e-02        -3.5348022779655374e-03        -6.6958093678249994e-02        -8.5012520542668800e-03         3.7866157084507695e-03         6.6402192303000925e-03         1.7125310414066872e-02
23                                    -1.4044873360670534e-02        -7.4093199383945853e-03        -1.2196498170300993e-03        -1.9301229378484448e-02        -6.7950482902703179e-03         1.5397407753335686e-03         1.9597000723216430e-03         6.8206334221143205e-03
24                                     3.3752311671005952e-02         3.2857460028213083e-02        -3.9790053971624313e-03         4.2843696109778080e-03         1.4015693603010027e-03        -5.7568773392070217e-04        -3.5483364328942305e-03        -4.9082352160189297e-03
25                                     2.5537314093073745e-03        -1.8079921025054166e-02         4.3386985877888404e-03        -8.7621570768845192e-03         4.3308492009283992e-03         2.3766418978418326e-03         1.0745740371983075e-02        -8.2662514800281393e-03
26                                    -7.2172881397367464e-04        -6.7130693500008689e-03         1.4423324211893572e-03        -2.7524050015759922e-03         1.2089946997995704e-03         6.9977370780436600e-04         3.2505001922609328e-03        -2.1885727335036521e-03
27                                    -2.3041472213661721e-02        -1.4790385017509752e-02         2.9727789575715532e-02        -1.1013970949216582e-02         7.8935910416529278e-03         7.7845641604350211e-03        -5.0406680226682890e-02         4.5998302945357748e-02
28                                     1.1999464278092637e-02         5.8900118805495227e-03        -2.4219111252829110e-02        -3.6326000010105580e-02        -1.7299255418902999e-02         5.0261242712652740e-03        -8.3312084876682943e-02         9.9495325057508271e-02
29                                     4.4323981852632897e-03         2.3319275321094135e-03        -8.2189867196377723e-03        -1.0169910528682989e-02        -5.3874021371424557e-03         1.2330240287380277e-03        -2.2297717614930396e-02         2.7159797202679702e-02
30                                     3.9503508202096424e-03        -1.0228792611938887e-02        -9.5235746183574582e-02         1.3645654957032497e-02         8.7040207764343194e-03         2.3371087036714557e-02         6.2805804272728291e-02         1.4251572698958593e-02
31                                    -8.3171938038859496e-03        -4.9352733274762185e-03         3.4642079222875054e-03         7.0637848147925781e-03         2.5434276988546283e-03         7.4179745632816041e-02        -2.1835221588389991e-02        -6.2300508710754106e-02
32                                    -2.4573201546641116e-03        -1.0547492929161529e-03         4.1107969708252317e-03         1.5395723024242492e-03         4.6026360644379951e-04         1.9831518379647577e-02        -8.0572327076549443e-03        -1.7815269870838566e-02
33                                    -6.2828777938101644e-03        -3.8373438227135019e-03         4.7873171016417339e-02        -7.7821166440672088e-03        -1.7869782832621528e-02        -9.1419941627809753e-02        -2.2658273948513094e-02        -2.3238788696789751e-02
34                                     3.6125767470669696e-03         4.5034941998266546e-03         5.2607595560126445e-02        -6.9266927097189337e-03        -8.9544758109341323e-03        -9.9684812355641472e-02         1.4150725596046927e-02         2.4906872465158752e-02
35                                     1.1791761513024971e-03         1.3486450134114238e-03         1.2929746006229153e-02        -1.6707701237539496e-03        -1.9477835807116429e-03        -2.4800230118413261e-02         4.5450277337907782e-03         7.5157997944611428e-03
36                                     1.1182610982282064e-02         1.5875262403807495e-02         3.5495165577701951e-02         9.1448012947214236e-03         3.1063642450055679e-02         7.2902379185722177e-02         7.7721918084041788e-02         8.0584198464030310e-02
37                                     3.0048395153408876e-04        -2.0595270465541520e-04        -8.5241423562564977e-02         2.4070190845312304e-03        -2.0744682775492005e-03         7.7067381335482396e-02        -5.8287464048798969e-02        -5.4745580048984534e-02
38                                    -2.4235073718205057e-04        -5.1594125046211449e-04        -2.4538401164250878e-02         3.9623471703852765e-04        -1.4770460728963375e-03         1.9127909816675254e-02        -1.8353834849972120e-02        -1.7462349499916513e-02
39                                    -2.7715546362791495e-03        -3.9369270973620080e-03        -1.0428022868038409e-02        -9.3647487735005477e-04        -4.1377565095007994e-03        -7.0199797303763098e-03        -1.0097766573506898e-02        -1.0952788515225772e-02
40                                    -1.3360968468464961e-03        -1.7159470072426672e-03         2.1702608844494133e-02        -1.6839861035463496e-03        -1.5719024403861757e-03        -1.1661524974655089e-02         5.6791708273266454e-03         5.4159458926176882e-03
41                                    -2.9201948187742660e-04        -3.6588574475629134e-04         6.2804759724106726e-03        -4.4496540165190278e-04        -3.1778810397786831e-04        -3.0192806753776280e-03         1.8405350280032849e-03         1.7987018226921919e-03
42                                    -3.3543116001243612e-03        -1.1917212835916163e-02        -1.1298704840472643e-01        -3.5131106055997338e-03        -2.2444469717819309e-02        -2.9485877311915178e-02        -7.7709796400575432e-02        -7.6848460090072693e-02
43                                    -4.3472552482771692e-03        -6.7516148009109890e-03        -4.3297786420777536e-02         8.7865128618845600e-03         6.7241999611653523e-03        -1.1127531457111979e-01         7.2727571224251025e-02         5.6798708619427839e-02
44                                    -1.1087074894822434e-03        -1.5277303139781136e-03        -8.7734523849548520e-03         2.5284713939910004e-03         2.4960973511456833e-03        -2.9864528454300609e-02         2.2271997986922538e-02         1.7845520012959862e-02
45                                     2.4613811987427269e-04         5.3500270700834827e-04         3.5051178909578928e-02        -2.3734788442066729e-03         6.4175186686072424e-04         6.7044964651757407e-03         6.4021690434679247e-03         9.6348129600781190e-03
46                                     8.9166437042117487e-04        -2.5650405566309280e-04         6.8668945744897797e-03        -2.5608669196095892e-03        -2.5662614001642440e-03         1.3591611586215501e-02        -1.2497814237770704e-02        -8.1769316128475177e-03
47                                     2.3793182108492646e-04        -8.2244647910006307e-05         9.2051303374454880e-04        -6.3201549819332805e-04        -7.0891684858086473e-04         3.5501706081101665e-03        -3.5795653879898944e-03        -2.4875227988647871e-03
48                                    -9.4607170914977456e-03         1.0176395258822803e-02        -1.5530769087855011e-02         2.0305983984282214e-02         3.4400541142841877e-02         7.8340586449397745e-02         6.9736774287324749e-02         4.8329741819854097e-02
49                                     6.6809861545727251e-03         1.4360547959109311e-02         1.1236917578982826e-01        -5.8478365477548323e-03         6.2784557381422726e-03         1.1302497299462898e-01        -2.2152498243134516e-02        -1.1497385019876230e-02
50                                     2.1076855645700081e-03         3.6308256212705882e-03         3.1220105812584820e-02        -2.1946374408994577e-03         7.1483171302135949e-04         2.8731880133964882e-02        -8.1235906391900776e-03        -4.5689707883057777e-03
51                                     1.5275517122944086e-03        -3.5710178041210650e-03         1.6249848645483178e-03        -3.7009799970696249e-03        -5.7663335498003773e-03        -1.2911618136989333e-02        -8.1362297895615290e-03        -4.1163214275664215e-03
52                                    -2.2587183261906095e-03        -1.8452958245093985e-03        -2.5794273992146548e-02         2.4739384655436967e-03         8.1569610329455540e-04        -9.6854328296293955e-03         3.5339254052650371e-03         4.1442219142708513e-04
53                                    -6.5121382189270145e-04        -3.6271581736953664e-04        -6.9311926583761905e-03         7.8643910715105203e-04         4.1078746473784426e-04        -2.0809792781038014e-03         1.1677772630666510e-03         2.1155440647249629e-04
54                                     9.4864049113833147e-03         3.0008170786679574e-03         8.6442669987819812e-02        -2.4047130654363390e-02        -3.3482804162869043e-02        -5.0807431713197501e-02        -9.5014723778527321e-02        -6.0689665047999546e-02
55                                     1.3357176385270517e-03        -5.7208246576710359e-03        -4.0070906521831422e-02         2.2475947970712623e-04        -1.6342657142607625e-03        -3.6889838308796538e-02         1.7440359532400043e-02         2.1052790238033747e-02
56                                     8.9442840671768962e-05        -1.6903666935149241e-03        -1.3664922259416148e-02         7.5869216076697064e-04         5.4168451088440386e-04        -8.6455148525827440e-03         7.6302942118274680e-03         7.7095176591177690e-03
57                                     5.7282311271745941e-02         4.6770481184272843e-02        -1.3584780512194097e-02         1.2421393919928563e-02         8.6331220111688731e-03        -1.9343155062481601e-02         1.7193221088156140e-02        -2.6360748414634667e-02
58                                    -2.8011987559106281e-02         1.8583574429266256e-02         3.8037560207311555e-02         6.1244096441727125e-02         3.1522365148812875e-02        -2.1039799412039199e-02         1.0016085171576555e-01        -1.1313959168088350e-01
59                                    -1.0651099483759805e-02         3.4776728333509202e-03         1.1741678092098334e-02         1.7454988051875165e-02         8.9086001137863406e-03        -5.3624706227180406e-03         2.8669740470035478e-02        -3.2093301281482689e-02
60                                    -1.1450298368001368e-02        -8.5543496592723565e-03         4.8348251361961013e-03        -1.3192816817971615e-03        -2.2486898238929412e-03         3.8097248089992526e-03        -1.0988573692241870e-03         3.2699558289594546e-03
61                                     1.2798861637995125e-02        -1.3348003711500741e-03        -1.0104814624715351e-02        -1.0188090526670794e-02        -2.5469405905274088e-03         2.5827519506921035e-03        -1.9476776588697564e-02         1.9233085327694785e-02
62                                     4.2448957074835468e-03        -2.0898532177830069e-05        -3.1750075430958791e-03        -2.9253199951379894e-03        -6.6185183556924810e-04         5.9958215378657493e-04        -5.6193242988106839e-03         5.4817866819698198e-03
63                                    -5.7150503701451028e-02        -8.9718792327900865e-02         1.9120749048842336e-02        -1.4495340873307217e-02        -4.1269678028473207e-02         1.7766607362881846e-02         3.3151324789892946e-02        -1.2504589630758628e-02
64                                     9.9015282589530212e-02         1.7393234156218105e-02        -7.9755404791047139e-03        -1.1556092261934300e-01        -1.3005447807956574e-01         2.1374809630171940e-02         7.0381197164932255e-02        -3.4223412393126672e-02
65                                     3.1625725746219212e-02         9.1000134348937761e-03        -3.1866310774733230e-03        -3.3306008655946275e-02        -3.6370902425466749e-02         5.5063692913103895e-03         1.9248823666213936e-02        -9.4925865874629662e-03
66                                    -3.5675005651135258e-03         1.1853173482842922e-02        -4.1475556757781537e-03         1.6313406687448701e-02         2.4822975188464616e-02        -4.6013581901618150e-03        -2.0971700558371838e-02         1.3590670145726052e-02
67                                    -5.6282165517718724e-02         7.6345116968868946e-03        -2.6201738122932842e-03         5.8113434547562001e-02         6.1489077614275398e-02        -1.0888573581645633e-02        -4.6997015132785182e-02         2.4818574174637550e-02
68                                    -1.6386584762869392e-02         1.7031485378717129e-03        -5.7374257236085708e-04         1.6387353065128934e-02         1.6984537889765030e-02        -2.9919148244220125e-03        -1.2896108702418214e-02         6.7077813292030167e-03
69                                     8.1671938129835395e-03        -5.7760564303864850e-02         4.8956635916098479e-04        -3.6132534673972747e-02         3.5930188955158732e-02        -2.1361848738822918e-03         2.7130911425428538e-03        -8.7984055528053263e-03
70                                    -2.6966352706047105e-02         1.5024184501806320e-01        -1.7291507484643684e-03         1.1806021980289279e-01        -1.1600218775181736e-01         7.5389401161723678e-03        -1.4534724307401752e-02         3.8900635182887985e-02
71                                    -8.2046298613744125e-03         4.6695277890629779e-02        -5.1696659004422658e-04         3.6430054274475050e-02        -3.5710718975064740e-02         2.2989083583163697e-03        -4.4021549909655381e-03         1.1802909832651420e-02
72                                    -5.5406584067277026e-02         1.3794777778341569e-02        -1.9020448527732592e-03        -5.3529667212231159e-02         4.6760425500040420e-02        -4.7760530302649682e-03         9.0205024724997786e-03        -2.5298726194023145e-02
73                                     1.0473663095359995e-01        -2.3874104252227327e-01         1.9698820333985564e-02         6.9517899921407209e-02         3.5534735986552726e-03        -6.6849654854849968e-04         2.1658595065129814e-02        -5.3379391671183336e-02
74                                     3.3345593454635204e-02        -7.1188169826164160e-02         5.8724268203201252e-03         2.2365244331063006e-02        -7.1183565216525330e-04        -3.2438492830228651e-06         5.9988121885380706e-03        -1.4622844314889144e-02
75                                     3.0314067846792830e-01        -5.7440314192694568e-02         3.6401231986488672e-03         1.4265442736669212e-01         2.4776280782357993e-03        -1.1741102158432559e-03        -7.1008392274070173e-02         1.1052048920505160e-01
76                                     2.9514811736960933e-01        -7.2577675856465879e-02         7.3254145112642815e-03         1.8327062366312860e-01         2.2599953619639658e-02        -4.9497813764708990e-03        -8.7186572702521781e-02         1.2034015299774109e-01
77                                     7.1056226448965296e-02        -1.8006957230660408e-02         1.9718549903266114e-03         4.6587290221562765e-02         6.9458626363518841e-03        -1.4377873570844157e-03        -2.2172080514543595e-02         2.9932483149934911e-02
78                                    -2.0175521824917625e-01         2.0746183587826251e-02        -9.8377004695469079e-03        -7.0306448594588192e-02        -8.1003974987460564e-02         1.0708053666754407e-02         6.0892170592204749e-03         4.0043856111852280e-02
79                                     8.7501318554183860e-02        -6.8734800446673211e-02         2.4036783121105130e-03        -5.3233695118371026e-02         7.4230844526789172e-02        -5.0253837261183265e-03         5.4929611906953078e-03        -1.7605035972351159e-02
80                                     3.4862566199572835e-02        -2.1124704919621397e-02         1.1549478663418920e-03        -1.2399369111883754e-02         2.5438367530537968e-02        -1.9731900568540602e-03         1.3422483341274235e-03        -7.0217523635670081e-03
81                                    -5.6868639725346530e-03        -1.4229987157721696e-02        -1.4775400307450398e-01         1.3099947501906822e-02         8.1472890268790982e-03         1.1009796200524256e-01        -2.9434923474303383e-02        -5.2413805363561911e-02
82                                     5.9653109299229335e-03        -4.7490451750341958e-03        -1.5642042411685841e-01         1.4551534674595270e-02         1.9208314430264151e-02         1.1594030980987267e-01         7.2858271515229287e-03        -1.3323685872777382e-04
83                                     1.8065308070192240e-03        -9.4298533410860463e-04        -3.8876046391323735e-02         3.5662581464737304e-03         4.9895602569948495e-03         2.8455972110736815e-02         2.7733196125225628e-03         1.4328830539245641e-03
84                                     1.0656026326547403e-02         1.5857026414594237e-02         6.6817601158983900e-02         4.2155966698870949e-03         1.7695319167273436e-02         3.4253664319020567e-03         5.7249833535533701e-02         5.5620886952153073e-02
85                                     1.6357803365583921e-02         2.4280893977605036e-02         1.2556181388050391e-01         4.7109146652518225e-03         2.6793961989388101e-02         7.2401818805809606e-03         9.1517056676717584e-02         9.0622188017993779e-02
86                                     4.3739362621215052e-03         6.4929624732574355e-03         3.3720950503413005e-02         1.2443307898061713e-03         7.1856207055108210e-03         2.3947292087587871e-03         2.4424549912034754e-02         2.4190872415010656e-02
87                                    -7.0802666351768638e-04         5.4653407348336444e-03         7.3333906151056033e-02         7.2012137380514192e-03         1.5863856936655686e-02        -7.9568759889328586e-02         9.4586820178690842e-02         7.8511560998177479e-02
88                                     5.6512765141699273e-04         5.2464918426763712e-03         3.6938600599702900e-02         6.6574609125987306e-03         1.2489630570487008e-02        -5.0421076484407336e-02         6.3896530910973123e-02         5.1135097063795494e-02
89                                     1.7733006896601187e-04         1.2803116143538873e-03         8.5114220945019768e-03         1.6071827206188094e-03         2.9680677042551598e-03        -1.2152977871962688e-02         1.5100330746504610e-02         1.2029293313260163e-02
90                                     1.0537342682412326e-02         3.1772517818668557e-02         1.6443739749799818e-01        -1.2192117488859474e-04         1.9891045513148381e-02         1.2625944924589852e-01         6.1603957753391470e-03         1.0337451568748400e-02
91                                    -4.3581470156272076e-03        -1.0204292463175847e-02        -6.6092531004594154e-02         1.5744739729074968e-03        -5.5747542436136652e-03        -4.1520390196597687e-02        -2.3830818324134580e-03        -5.5906856333874178e-03
92                                    -1.4620197052789905e-03        -3.8249565908743065e-03        -2.3367471216416399e-02         3.8992162063761785e-04        -2.2228488884415637e-03        -1.6331267388326468e-02        -6.5742814548831784e-04        -1.5386367455834170e-03
93                                    -3.4868445271584302e-02        -2.7595562753988615e-02        -2.4010450434420039e-01         4.7112073981797779e-02         4.2147795980369544e-02         1.7220661783478888e-02         1.3903317882275684e-01         4.4222543506988690e-02
94                                     1.0097423070161076e-02        -1.6029097329994196e-03         1.1789691096070387e-02        -1.3437182967582719e-02        -1.6475701073989463e-02        -5.3067821993592813e-02        -2.3643731626616402e-02         5.8144866133449406e-03
95                                     3.6827423420904728e-03         2.2741712709621630e-04         9.7945944440963016e-03        -5.0177314378795261e-03        -5.8429733938168051e-03        -1.5715983786326441e-02        -1.0543389375313152e-02        -5.5281717197943762e-05
96                                     4.6760848633151761e-02         7.9597107312810403e-02         6.3768555703827799e-03         1.3001040861749630e-02        -1.6063742269697274e-02        -2.2144379749694122e-02         1.1291376181612625e-01        -1.1016263235913350e-01
97                                    -3.3965995132668445e-02        -6.5395402619075366e-02        -8.9201079879306384e-03        -8.9873610437658305e-03         1.8423938763922849e-02         1.8856350460857801e-02        -9.4665581145508090e-02         9.2330024975354780e-02
98                                    -1.1930872639914653e-02        -2.2922979402641496e-02        -3.0074517272462497e-03        -3.5262191193257391e-03         5.8475365422519330e-03         6.6469403303845041e-03        -3.2813910966227176e-02         3.2192179154310795e-02
                                                        88                          89                          90                          91                          92                          93                          94                          95

0                                      3.0621721902986186e-03         1.9193823476983208e-04        -6.1157460895180076e-07         3.5263745022084768e-04        -4.8555637002608266e-06         1.3179777880093757e-04        -3.3860447811868859e-06        -2.0090204918579737e-04
1                                      2.3264843537518540e-03         4.5391162355206728e-04        -5.3636030032581043e-06         3.4812511431108575e-05        -2.0366104394564497e-05         2.1416819450692973e-04         9.1973377181672880e-06        -7.2226751192208029e-05
2                                      5.1298355806757290e-04         1.1985930638006408e-04        -2.9429402074280753e-06        -6.8334875261986561e-06        -6.7812756911073002e-06         5.6360234967116052e-05         4.0205515878054427e-06        -1.0367833821033569e-05
3                                     -3.5673331049839205e-02        -1.2168397606342628e-03         8.5966136072182117e-06        -4.0592667053009832e-03         5.7424925967432848e-05        -1.2514159713293974e-03         1.6084945436436503e-04        -3.0344378853802621e-05
4                                      2.8584329257676854e-02        -3.7649359731657152e-03         1.8768345137485039e-05        -9.1180977233115899e-05         6.8449557638605995e-05        -1.0631704929049994e-03         9.5093826517569533e-05         3.5656094131212223e-05
5                                      1.0073007950149173e-02        -1.0532462404023056e-03         4.2123187579599023e-06         1.5987639500627122e-04         1.6312579488970094e-05        -2.5337787190850850e-04         2.1350867233994243e-05         1.2675083331171004e-05
6                                      3.8795343947765452e-02         8.3822291745085431e-02        -5.2816158703786175e-06        -7.4710453618098151e-04         3.2210947603442591e-05        -5.0476450995951428e-04        -3.0312744721804733e-06         1.0349921440266748e-05
7                                     -8.4886031517734786e-02         7.1416404691012946e-03        -2.8005204025148542e-05        -6.1228683624880867e-04        -2.1135256484131951e-04         3.3888356771587377e-03        -1.5372848139808069e-04        -2.8039129959784268e-05
8                                     -2.6661347802511393e-02        -1.7350023776262736e-03        -7.9022615107676237e-06        -1.4463316260031328e-04        -6.4453219922238990e-05         1.0163482856136575e-03        -4.3787300921367651e-05        -8.1307009443641733e-06
9                                     -7.1396224286595658e-02        -2.0627822234393772e-03        -7.6800793395679450e-06         1.8320647627851692e-04         7.6455738505773067e-05        -1.3225221263351171e-03        -2.5372746530414946e-04        -7.7601061161879575e-05
10                                     1.0289831482864290e-01         3.6414816882096349e-03         2.3582684436418595e-05         2.2327854972339309e-04         4.5960061706988066e-04        -7.4081217878319127e-03         1.7009809429275501e-04        -2.3389450809546712e-05
11                                     3.3390487143731211e-02         1.1593701373635485e-03         7.7949683206789047e-06         5.6882173334137152e-05         1.3031501822416603e-04        -2.1123992264845100e-03         6.1991964384895437e-05        -3.2091384645900704e-06
12                                     1.8778798076070767e-02         4.2569310968398080e-04        -2.0466289546604505e-04        -1.9155024822424713e-03        -2.8089473664259837e-03         4.4378196172516961e-02         1.1607163666991810e-03         5.4554569284050544e-05
13                                    -1.3788335662105080e-02        -4.6105532743828887e-04         1.8223208026446020e-04         1.5573241209899814e-03         2.4860802321230468e-03        -3.9116375110930982e-02        -1.0051534867169790e-03        -4.0066721073052146e-06
14                                    -4.9237491541623182e-03        -1.5316407047817713e-04         6.4282496244401954e-05         5.4449453115421834e-04         8.5628299286641331e-04        -1.3498264880137261e-02        -3.4698699344516519e-04        -3.7565886003640856e-06
15                                     2.5017641233694307e-02        -3.1519424060815615e-04        -1.9055293455108557e-05        -4.5520810892377963e-04        -1.2109515542367982e-04         2.2640688241829499e-03         1.6393260637120473e-04         8.8661140348009565e-05
16                                    -7.6767439989654546e-02        -2.6133976569562900e-04        -1.9836350065450695e-05        -3.0266807603663301e-04         9.0390867489866243e-05        -1.1759481946095913e-03        -8.9016354481180864e-04        -6.9452168564680658e-05
17                                    -2.3579410656056222e-02        -6.2927125722919355e-05        -4.8693725236314435e-06        -6.6411995238651011e-05         3.1742586970400679e-05        -4.5227069738926055e-04        -2.6761553324237128e-04        -2.3572458305358447e-05
18                                    -3.3702337520795614e-02        -1.4444478844120095e-04         1.1074498863480608e-04         2.6868161769642994e-03        -6.8309461281709457e-05         3.6351013548247009e-05         6.8647628094203070e-04        -1.0195093836332948e-06
19                                     9.4427893744062977e-02         4.2865880658642490e-05        -8.2074555162889659e-05        -3.3511471309870065e-03        -4.0194173174995829e-05         3.3806474952759869e-04         1.9969361809807630e-04         5.8003743388145183e-05
20                                     2.9122396824984513e-02         1.9858324238770634e-05        -2.7157709624919984e-05        -1.1034865828972802e-03        -8.9990264742209628e-06         9.8413581337883574e-05         2.8212301593489122e-05         1.7433401857938772e-05
21                                     6.4096144587844406e-02        -1.8540496291159664e-04         4.1328239791818944e-05         3.5292164180860570e-02        -9.0888376516801950e-05         2.3530990250129912e-03        -2.1029402798822274e-04         3.7268825563422674e-05
22                                    -5.1652972252275088e-02         6.0633429835351023e-04         1.1490891544032339e-04         7.4011227126391493e-02        -1.3609345278274988e-04         3.1665600918913913e-03         3.9850217538468426e-05        -7.4741040451350555e-06
23                                    -1.8049903709677077e-02         1.8492894698525806e-04         3.0621864205576482e-05         2.0110153743287878e-02        -3.6529670567751414e-05         8.2093613330991484e-04         2.1582082481826109e-05        -3.0616721172768330e-06
24                                     2.3840805554908519e-03        -6.0577201796995312e-05        -4.3341105465544215e-04        -1.8979522031262801e-04         1.4228058498967476e-04         4.8591088802955548e-04        -4.9744538767642363e-04         4.6435670192368085e-05
25                                    -1.4976712151921917e-02         2.4923170056671414e-05        -5.5059472120503553e-04         3.3211909637219340e-04         4.8695618821072152e-07        -4.0935763081624153e-04         2.2472389972434307e-04        -6.2973374408881591e-06
26                                    -4.4588961022935429e-03         9.1202254320551447e-06        -1.3853209056256807e-04         1.0550936746035257e-04        -5.2727911935073527e-06        -1.3957692710589006e-04         8.6809423660936291e-05        -3.2823311869050616e-06
27                                     3.9694584495745498e-02         1.7863002866442572e-05        -5.2781730891099095e-04        -1.4563617317213580e-04         5.6739389540714633e-05        -2.8176861943693426e-04         8.8631737631010118e-05        -3.3475237342315341e-04
28                                     7.4079764983225480e-02        -1.0468902775946626e-04         6.2597400811530829e-04        -1.0076092259664411e-04        -3.7689897239131582e-04         1.0904465790868042e-03         1.1699011732366187e-03        -1.1714555899127830e-04
29                                     2.0015305796393074e-02        -3.1104896476932889e-05         1.9825790719229906e-04        -2.2892822287999509e-05        -1.0873455182996521e-04         3.2997491853796045e-04         3.4232913647649313e-04        -2.3026707625551352e-05
30                                    -5.8800950379977023e-03        -2.2372096143290180e-06        -8.5246184961271102e-04        -8.9055140910793061e-06        -2.6036394805747974e-03        -1.8938639103307104e-04        -2.5389675297420912e-04         4.1979113875867039e-04
31                                    -2.6488781237789191e-02         2.0494290878438155e-06        -2.6229540171732518e-03         4.0453608527640598e-05         2.0171600332867393e-03        -2.8641950581207738e-05        -2.1031762877002396e-04         1.1687571958677651e-04
32                                    -7.1999986425958376e-03         9.5634754832055555e-07        -6.9694752267761111e-04         1.1797121996970994e-05         6.4006736579421287e-04        -3.9351651375111752e-06        -5.3062124209167841e-05         2.0084844790055451e-05
33                                    -9.1847380714922110e-03        -6.5180396910649736e-06        -6.1236547244380046e-02         1.0067802829689804e-04         2.8984697722198033e-04        -2.6574649969892143e-04         6.0903880554219597e-05        -4.0925414197261732e-04
34                                     7.0609930791666921e-03         4.6709758732732307e-06         5.3932315122687209e-02        -6.9752331815912263e-05         8.2368156856899336e-04         3.4021626143216331e-04         7.1597321401557819e-05        -1.1220741444975611e-04
35                                     2.2081542829309317e-03         6.9211419819116724e-07         1.6846432594396887e-02        -2.2875543590278988e-05         2.1718369359251353e-04         1.0248105240750505e-04         1.8059611558141128e-05        -1.8707044657261517e-05
36                                     2.3800611599403401e-02         7.2091202076313668e-06         3.3762837917448952e-03        -9.6794299173502024e-06        -3.3600575422708590e-04        -8.5281701705808719e-05        -1.4984038918381742e-05         1.2827878456809641e-03
37                                    -1.1813880308634887e-02        -8.5876511914820435e-06         1.9066886792803754e-03        -2.2875782513284581e-06        -3.5666074955105464e-05         1.0953624810212006e-04        -1.0286912650485387e-04         3.0699478464681807e-06
38                                    -3.9559258587331600e-03        -3.5735559760276094e-06         4.2705758217821140e-04        -6.5706361677008897e-07         1.6327617397451506e-06         3.2967341239237487e-05        -2.8209307520353150e-05        -4.1838302704145185e-05
39                                    -3.2845283770943298e-03         1.4954439865756879e-06        -3.8170783569619856e-04        -5.6064872772824052e-07         1.1977626405052523e-04        -2.6492415496217347e-05         7.4715992187859953e-05        -8.4011141044832165e-04
40                                     6.9085835241495250e-04         4.7467373968828077e-06        -1.3061982895622723e-04        -9.7831856052209756e-07         1.1874668731260535e-04        -3.7355294430822717e-05         1.8573008759240420e-05         3.2460383776778990e-04
41                                     2.8391863120355950e-04        -5.8176044791490323e-07        -2.6927998266053389e-05        -7.3470670391614162e-07         3.0599071020256912e-05        -9.3213983081831425e-06         2.5336857856563645e-06         1.1200631480406241e-04
42                                    -1.9420507476672379e-02        -1.4127766220154003e-05         4.8729187268516582e-04         8.7826706820823858e-06         3.2071358537225759e-04         1.8988916324247100e-04        -1.2447955947454515e-04        -2.2152601238947201e-03
43                                     1.2808929925290674e-02        -9.2506769045166893e-07        -2.4614592572975400e-04         3.4526330065909180e-06         3.6658231081586963e-04         5.9491426334934793e-05        -9.8785200013618742e-05         1.2738884228705224e-03
44                                     4.0802247418808583e-03        -3.5446471873940702e-08        -8.1767860329041384e-05         5.7527226941239569e-07         9.6237875143604184e-05         1.1337577739875245e-05        -2.4297430758567509e-05         3.9505300482500858e-04
45                                     2.3772412084367622e-03         7.1453302790488995e-06        -8.5665310726399188e-05        -3.8757175628503931e-06        -7.1473478177398283e-05        -9.0530190501821487e-05        -3.1264997745322665e-06        -3.7174770498259770e-02
46                                    -1.6575904784575308e-03         7.4294559088650319e-06        -8.5193996986084600e-05        -4.3057107406690431e-06        -1.9656836544567148e-05        -8.3871119702381386e-05         2.1264511002180489e-04         4.5153360487237636e-02
47                                    -5.1633752867941227e-04         1.4763201812315909e-06        -2.0674245003212023e-05        -1.2756463704708681e-06        -3.5597129012951301e-06        -1.9916782613426098e-05         5.5486958218920887e-05         1.3109060829142049e-02
48                                     1.1318060154707469e-02        -2.3082912710648715e-06        -1.5711536793159187e-04        -5.9144520862187335e-06         3.5678517712572481e-03         2.5083302003342929e-04        -4.3385006824284185e-05         1.2745049278912771e-03
49                                    -2.4464868457119799e-03         8.4390913186328516e-06        -2.4457108261434848e-04        -4.0121134909022668e-06         1.0448566642360399e-03        -5.7614799281930288e-05         1.8851896273913807e-04         4.7351019695713743e-05
50                                    -1.0025611833362643e-03         3.1305147397190892e-06        -6.1874752481256692e-05        -9.5826341499894582e-07         1.9086664307955254e-04        -2.2571984678444798e-05         5.1470773929763829e-05        -1.5022747276215289e-05
51                                    -8.7173062397709279e-04         3.8192402060811984e-06         9.0118334478073812e-05        -2.0786573252653057e-06        -3.1071368442629982e-04        -6.5362505605867763e-05         7.3181274407914851e-05        -4.6224947159077862e-06
52                                     3.2781862805057018e-05        -6.4497150655668821e-07        -3.0075325409962366e-07        -9.9457177305029960e-09        -2.1309084670439207e-04         2.4668890706334841e-06         2.7316084797442896e-05         4.6787491701883832e-04
53                                     2.7338487853867047e-05         1.2016529552619403e-06        -4.4092485934081840e-06         2.1131046459503783e-07        -4.3880786872211432e-05         2.7225505491517325e-06         2.8003331416495726e-06         1.2590274242864227e-04
54                                    -1.2714578793664541e-02         9.1894927939396618e-07         7.1964092551929262e-04         1.4692428106784027e-05        -1.4651301713993864e-02        -9.2264665017022772e-04         2.6405585925709800e-04        -4.5642261473970012e-04
55                                     7.0160031447381362e-03        -5.7573342129643901e-06        -2.1669200936176128e-04         6.2804219831275108e-05        -7.9228142979697699e-02        -5.0397516175367113e-03         4.7163015384865979e-04         9.7391281336663198e-05
56                                     2.3600256130894928e-03        -6.6680510384867936e-07        -8.2258051383265018e-05         1.7140922263791451e-05        -2.1483244198128165e-02        -1.3686200871661578e-03         1.2521855126287597e-04         3.8239889057408596e-05
57                                    -2.8942354329800905e-02         6.5282388320891992e-05         2.4450042864538788e-04         7.2437501151425843e-05         1.8173047994040934e-04        -1.4145579276024743e-03         3.5000850216167749e-04         3.8568422051654092e-04
58                                    -8.7007759116278685e-02         2.6193734775102306e-05         8.1434037903162637e-06         5.5760457660715225e-06         4.9603195960563060e-04        -1.1477749731338745e-03        -4.7641968617542904e-03         2.1294739605211693e-05
59                                    -2.4314962902195838e-02         5.9234831211584970e-06        -6.3990936094672042e-06        -1.3126476483938731e-06         1.4478868306475805e-04        -2.7852294826840370e-04        -1.4050510201554633e-03        -9.9869164357500210e-06
60                                     2.8548879366253914e-03         1.8878688758303447e-05        -1.9750191965727503e-05        -5.0000111632943004e-05        -1.1293010683098173e-03         9.4027782887646117e-04        -3.7419923973835111e-02         4.3854730786672838e-05
61                                     1.3146464424742450e-02        -5.3863841115573463e-06        -1.5906275705439578e-05        -3.1325537374119760e-05        -1.0291107342676937e-03         9.3619619146741422e-04        -4.4611640789816241e-02         2.4657101393835357e-04
62                                     3.7253029358853907e-03        -2.7748312558432232e-07        -2.2903932220631005e-06        -6.6038132990030970e-06        -2.6339192165257465e-04         2.3340460781887094e-04        -1.1469208105086108e-02         6.9929992273803720e-05
63                                     3.1009059364245166e-03        -3.5685832477864117e-05        -1.1897667483880449e-04         2.4405154724715741e-05        -8.6474162379206014e-05         1.3654658819083180e-03        -3.7681817051597564e-04        -3.1708002115310874e-04
64                                     3.9345768572240647e-02         2.1859135474606271e-04        -1.4407595822982706e-05        -4.2286595645708939e-04        -6.3625479713108428e-04         8.8933896208094783e-03         2.4874785886413540e-03        -9.3364861623337547e-05
65                                     1.1421081965786131e-02         6.6692828507134742e-05         3.0419787278602597e-06        -1.2488395122872985e-04        -1.8280214418369550e-04         2.5547791904939094e-03         7.4332046385323979e-04        -1.5383528718761201e-05
66                                    -2.6672102537352868e-03        -4.7117136424063638e-05         5.0892653780002879e-05         1.7589323634918560e-04         2.7921169001905775e-04        -4.2131867716974540e-03         7.7542865839822287e-04         6.6455171074854722e-05
67                                    -1.4115240248869132e-03        -6.6958432245142651e-05         4.0876933801455092e-05         2.1444036683556874e-04         2.6966839874509964e-04        -4.1281210427693230e-03        -1.2058207379646395e-03         1.0136132106397361e-04
68                                    -3.1124979972526121e-04        -1.5438764868999951e-05         1.1519127927991099e-05         5.4852997728872701e-05         6.5338139769556216e-05        -1.0103012427872509e-03        -4.0754956514879511e-04         2.6393343409722974e-05
69                                     7.4078256596436989e-03        -5.8420235539015592e-03         2.4511886953392113e-05         6.5160681594835152e-04         7.7655524938775947e-05        -3.9031151398352004e-04        -2.9708294233444279e-04         3.5208604041977853e-03
70                                    -3.8435778482684396e-02         2.9250865645785778e-03         1.9177944383352528e-05        -1.7737223839824499e-03         9.4259441240876729e-05        -1.2528824342631674e-03        -4.7169181517551195e-05         7.7238023833936346e-04
71                                    -1.1579238275283940e-02         1.4777605235372752e-03         3.1000395048031178e-06        -5.5255328483979184e-04         2.3118409206943309e-05        -3.5497302969615246e-04         1.8314982588173842e-06         6.2553473673045037e-05
72                                     3.1916387423232398e-02        -9.4830684851791491e-01         8.0981906242195967e-05         6.9346053535613182e-03        -2.1145210112441006e-04         4.7473139960441182e-03        -1.1347820536427690e-05         6.2635232572439415e-05
73                                     9.7187898667936423e-02        -8.6820370268169578e-02         9.7423234080439120e-06         1.0628419526349138e-03         7.0968028338372436e-05        -1.1302626161363771e-03         1.7773415233574271e-05        -1.3058882801523001e-05
74                                     2.7153359408951652e-02         1.7594369463109584e-02        -6.9356224233569901e-07        -2.7578651354359379e-06         2.8462689590518985e-05        -5.3961453631264989e-04         6.7077779247892462e-06        -7.1037380451368146e-06
75                                    -1.7606651109527219e-01        -4.1816920507670901e-03         2.9787477005911028e-03         2.7334521653812144e-02         4.1594865039837586e-02        -6.5725244575043396e-01        -1.9571174694502105e-02        -7.0976644074585325e-04
76                                    -1.8920348460702094e-01         1.5661401625730958e-03        -3.0926280581666785e-03        -2.7848524696309711e-02        -4.2200850947049347e-02         6.6477444668561325e-01         1.4798046014058470e-02         3.8452495412066406e-04
77                                    -4.7116788972043910e-02         6.4948624702918867e-04        -1.0412780147475221e-03        -9.4091857356934077e-03        -1.4267958316424410e-02         2.2484019081405460e-01         5.2197589845969106e-03         1.4298968519044184e-04
78                                    -6.7234616177304279e-02        -2.6301799784897236e-03        -6.4175448142805998e-04        -4.0069929189186171e-01         6.4943850303782039e-04        -1.6112108464135261e-02         9.9422620881489394e-05        -2.1908120928346541e-05
79                                     2.8974044838648547e-04        -6.7541047103640761e-03        -9.8992742825795388e-04        -8.3259671481095765e-01         1.4207232943946966e-03        -3.4379203375391999e-02        -1.5134385177796166e-04        -6.9424528999035513e-05
80                                     3.2057468463705758e-03        -1.8661997619856469e-03        -2.5926790344280915e-04        -2.2612014670429695e-01         3.8701311793536353e-04        -9.3493991364959287e-03        -4.7774196171174432e-05        -1.8573340296785545e-05
81                                    -1.4120464236500393e-02         6.4456582962750034e-05         7.0410872683744929e-01        -1.1093356268175444e-03         2.1107359074267401e-04         3.1907203987995613e-03        -1.1906288392878918e-04         9.4219374987171065e-04
82                                     4.7317614743604885e-03        -6.5148230891017494e-05        -6.1335446941776184e-01         8.2483946593346559e-04        -7.8662941778941250e-04        -2.7777560160111518e-03         3.6216774862178795e-05        -7.3560473289871302e-04
83                                     1.6813708648108511e-03        -2.1191326267691715e-05        -1.9231509212640793e-01         2.6642236384035405e-04        -2.0922394944929596e-04        -8.7168278659868726e-04         1.3205583333317861e-05        -2.2041709434006325e-04
84                                     1.4890868620121855e-02        -2.4765408321844355e-05         1.4724781872246977e-03         1.1534926423141926e-05        -9.7535743220998768e-04         2.9252691301453787e-04        -9.8537079386071648e-04         1.2068943085352888e-02
85                                     2.3921563092644406e-02         8.4753082391027797e-06        -6.3072333379326669e-03        -2.8508314141533148e-06         5.9261177444928296e-04        -1.2173745783819122e-04         5.1931576042873041e-04        -7.6148604605279502e-03
86                                     6.3856088916931422e-03         5.1294761716275202e-07        -1.5536193212168040e-03        -2.1709084174290292e-06         1.8479924342413131e-04        -3.8444815667529050e-05         1.6826078336020612e-04        -2.4191660967464259e-03
87                                     1.7270620559073000e-02         3.7226991835047834e-05        -1.1205372384438972e-03        -2.1423286462442154e-05        -3.8382088077571755e-04        -5.1984870092758101e-04         2.0274565535268593e-03         5.9804921852342818e-01
88                                     1.1366613289942712e-02        -5.2068210021388156e-05         1.0000650924435455e-03         3.3198413126747509e-05        -3.4977339573116839e-05         7.0723114013438240e-04        -2.6503514217822576e-03        -7.2944900507655652e-01
89                                     2.6717877227952947e-03        -1.4556259182905724e-05         2.9456711783849913e-04         9.4895571171301745e-06        -4.8928686666411112e-07         2.0064073261633834e-04        -7.6469143663059362e-04        -2.1163596118715833e-01
90                                     2.9985119020430055e-03        -1.4043936815190920e-05        -1.0154660277234576e-04         1.2448342634629945e-05        -3.0815653274250984e-03        -1.3570253618587476e-05        -4.6925670860339334e-04        -5.4371246877253452e-03
91                                    -1.5301409819990410e-03        -1.8449721508891060e-05        -6.0043377420959470e-04         5.8098105835098459e-06         5.7054983415486486e-03         6.1503710509129962e-04        -1.0769287743449011e-03        -8.4962937546001639e-03
92                                    -4.0903526492745186e-04        -2.3940567472400800e-06        -1.2998139125618480e-04         1.6966190364105171e-06         1.3611648956362737e-03         1.4745508718071843e-04        -2.6356608874308115e-04        -2.1331304182709717e-03
93                                    -5.3053674731753323e-04         3.9214155159916520e-07        -9.7770964662556928e-04        -1.7068846835134640e-04         1.7776082049488814e-01         1.1691366750052239e-02        -3.0513289689547301e-03         7.4050897675062403e-04
94                                     6.5320205783648217e-03         7.4272034494357413e-05        -1.2112626398508082e-03        -8.4478674606925427e-04         9.0192257899782247e-01         5.7214255563790936e-02        -5.2092087426373083e-03         1.7034634621053947e-04
95                                     1.6363872794365188e-03         2.2477660809895479e-05        -3.0494544168242570e-04        -2.2909356915941725e-04         2.4440543541010101e-01         1.5498797375694555e-02        -1.3830186896863896e-03         2.6827444596191848e-05
96                                    -4.3619628295751757e-02        -8.9966123410290449e-05         1.5989720352175082e-04         3.4054859401616268e-04         3.7874929254905951e-03        -7.6079172812563954e-03         5.8533930618432628e-01        -1.8507830691147130e-03
97                                     3.3557500262800119e-02        -9.6857295955361832e-05         1.0664400304028798e-04         9.4906209867780592e-04         5.1602010581451663e-03        -2.4610400636681459e-02         7.4491960025259074e-01        -2.7430201945979824e-03
98                                     1.2005233824936909e-02        -2.2035841513001261e-05         2.7987337249593040e-05         2.6394057600578294e-04         1.3647104336003372e-03        -6.8819733048041251e-03         1.9352524234312785e-01        -7.2545792022058874e-04
                                                        96                          97                          98

0                                     -5.9376691672300141e-02         3.9258341031565478e-04        -1.7895787850875130e-04
1                                     -1.1496879712490315e-02         6.1507505038708207e-05        -1.9261321464749216e-05
2                                     -5.6050481256223915e-04         3.6817062602696060e-06         4.0243427640372401e-06
3                                     -1.8931330732025527e-03        -8.7270908051273512e-07         9.7750082494072477e-06
4                                     -7.0415615971515532e-04         1.6918143671281689e-05        -1.1526031900939550e-05
5                                     -1.2563622904762496e-04         7.8225537962163711e-06        -3.2699399882492242e-06
6                                      1.1390274559188989e-03        -4.6215739777229916e-06        -1.4450404309365589e-08
7                                     -6.5068440907655681e-04        -3.4856121799095105e-06         7.9443147174737890e-06
8                                     -2.5089132908719613e-04         8.4591761443381721e-07         2.0857244264546903e-06
9                                     -3.1876853332657017e-04        -2.4086353138114731e-05         2.5721587396024189e-05
10                                     2.2524330323343616e-04        -1.1187583218724256e-05         1.3388035951040525e-05
11                                     8.0018787595517401e-05        -2.0599199151263315e-06         1.9057703629082881e-06
12                                     3.4338891994024686e-05         2.1422623903413791e-05        -2.1067029954209628e-05
13                                    -1.2473465525646434e-04        -1.2745747564514882e-06         2.3269618101316811e-06
14                                    -3.6388083467268102e-05        -2.3655413615457760e-06         3.6531941057460813e-08
15                                     2.6658451340078916e-04         2.8000728580669252e-05        -3.2745155885957936e-05
16                                    -3.4127575186688140e-04        -2.0718685536598385e-05         2.0619225552045289e-05
17                                    -1.1228707188002361e-04        -7.2025682270934950e-06         6.5362448548338570e-06
18                                    -2.2514284993320854e-04        -1.0517613377055640e-05         2.6010490393950867e-05
19                                     3.3702916658976480e-04         1.6923290751577122e-05        -1.6006150193787026e-05
20                                     1.0941738061941389e-04         6.5988076811208594e-06        -5.8761679971376035e-06
21                                     1.1389647006453229e-03         1.0692629869239377e-05        -1.5744433995890261e-05
22                                    -3.0243242940467202e-04        -2.3758562104791629e-06         5.2347723195780986e-06
23                                    -1.4325112429560368e-04         1.4159645097583043e-06         2.9604559171227515e-06
24                                     5.1882047438650876e-05         2.9718952050870447e-05        -5.6556627408805721e-05
25                                     1.8819141767274383e-05        -8.1892973916057133e-06        -2.4365872793193456e-06
26                                     2.2158289797806271e-06        -2.6030555530542467e-06         1.8128219826464165e-06
27                                    -3.9922136322337975e-05        -1.4356371555923131e-04         1.2074269930359378e-04
28                                    -1.3820329425488445e-04         1.5919479620443656e-05         8.1997867053616589e-05
29                                    -3.8091132196570515e-05         8.4025337513598185e-06         1.9031683572890723e-05
30                                     1.4284503907088888e-05         1.1330612680426806e-04        -8.0287650019573078e-05
31                                     2.8059376728341593e-06        -3.4722359849078531e-05        -6.1875300503729945e-05
32                                     3.8852051828042869e-07        -1.3831151523957371e-05        -1.9336028338919047e-05
33                                    -8.6296885171009241e-07        -3.2799467374660160e-04        -2.2434442483802377e-04
34                                    -2.1017659488545949e-06         1.0663188939536387e-03         4.0915147355944121e-05
35                                    -1.6759540406099110e-06         3.4144175968797594e-04         1.7238016157862588e-05
36                                     2.5697929023879444e-05         1.7913494820166133e-03         1.8477089634036099e-04
37                                    -3.4085817878350308e-05        -8.1989130185768457e-04        -2.5399612499652516e-04
38                                    -1.1644003272350129e-05        -2.6825084388914003e-04        -7.9435212571321169e-05
39                                     3.2685222564319259e-04         4.8716700952676502e-02        -1.6826440440646533e-03
40                                    -2.1062203002167874e-04        -3.4059970861054563e-02         1.2851330247114353e-03
41                                    -6.9572653818351487e-05        -1.0691320141593311e-02         4.0179319841610766e-04
42                                    -3.2809937155922489e-05        -1.6377260112781586e-04        -6.4944603398478930e-04
43                                    -9.7440689717133015e-06         1.1551763684168402e-03         8.9489830679406312e-04
44                                    -2.4575387086756629e-06         3.2205819980520321e-04         2.7196017025239396e-04
45                                     1.6519483861952508e-04        -7.5614597881761350e-04        -1.3225348574236165e-04
46                                    -1.5483008277755443e-04         5.8281696738333403e-04         5.0137075650887682e-04
47                                    -4.7073626919073866e-05         1.7672882718882245e-04         1.3751106764051246e-04
48                                    -8.4344128466374045e-06        -2.1058419440615646e-05        -8.2726714738057781e-04
49                                     2.8799511729205810e-05        -3.8905208032098389e-04        -1.3942577391536240e-03
50                                     8.5017576908834191e-06        -1.0731227514082525e-04        -3.3378115277294290e-04
51                                     5.1391719567925701e-05        -6.0112610758357703e-04        -1.5096998133300583e-02
52                                     1.4193158064506440e-04        -1.9132313323056279e-03        -5.6907856124635968e-02
53                                     3.5753146761227250e-05        -4.7060039699975122e-04        -1.4046624720185891e-02
54                                     2.5461895346077226e-06         1.1773195111437420e-04        -3.0387916414202713e-04
55                                     8.2872625449513238e-06         2.7086267736818598e-04         8.3336025507188050e-04
56                                     3.2529554839840016e-06         6.9445986432173232e-05         2.5144026500761835e-04
57                                     1.0784513380544796e-04         1.3936685930176552e-04        -1.3822974679100574e-04
58                                     1.3734909225221676e-04         6.8649965030264029e-06         2.9528848232671684e-06
59                                     3.6861971722067853e-05        -5.2312291514499858e-06         5.3973902372554273e-06
60                                     2.4819734586764133e-05         2.1857981393873412e-05        -1.9930866056369751e-05
61                                    -6.0145514027091570e-05         8.3636721878887745e-05        -8.6222869397478043e-05
62                                    -1.6154216683324869e-05         2.0515061772628200e-05        -2.6338437780653452e-05
63                                    -2.3636364394132909e-04        -1.1284972326553742e-04         1.0807708085025257e-04
64                                     2.9248021369710192e-04        -3.1647131154598165e-05         3.5264919464999845e-05
65                                     9.7762187806326863e-05        -6.2583647201601883e-06         4.5533447088657609e-06
66                                    -7.1617325277522115e-07         2.8351773750674118e-05        -2.8118011690024122e-05
67                                    -1.2730988821851177e-04         4.0573277454175736e-05        -3.6829306459972609e-05
68                                    -3.4453225187223872e-05         7.9060744408835774e-06        -1.1689731478685312e-05
69                                     9.4546716418655363e-01        -6.1117825197161300e-03         2.7442123747784125e-03
70                                     1.9929258263472707e-01        -1.2780311866296566e-03         5.7067229746224682e-04
71                                     1.4044328336418346e-02        -8.3401451853417269e-05         3.9383110542285692e-05
72                                    -4.2870309748175199e-03         5.7086257703700402e-05        -4.0518056876048739e-05
73                                     5.7709055310986915e-04        -9.5865710711612755e-06         1.0798365091791481e-05
74                                     1.2103690077619728e-04        -2.0831770603784717e-06         4.0084291985784785e-06
75                                    -4.0159347734599222e-04        -2.9169916379059884e-04         2.4675272571620857e-04
76                                     5.3986028706240626e-04         1.5600137732666388e-04        -1.1481027101030066e-04
77                                     1.8322820085800071e-04         5.6202983722132421e-05        -4.6118591466032084e-05
78                                     2.1952363641872667e-04        -1.6404706842526807e-06         1.1514255489413337e-05
79                                     1.2103251762668104e-05        -3.2117284858251419e-05         2.1529204933434172e-05
80                                    -7.9790358087962131e-06        -5.8852145171400967e-06         6.9500797687434299e-06
81                                    -3.7338444484814373e-05         1.8926856814423126e-03         2.4519974472692318e-04
82                                    -4.4916117460931947e-05        -3.8808104384354353e-03        -1.3643846981059319e-04
83                                    -1.5072246563405901e-05        -1.4393788669996954e-03        -2.2902157518464254e-05
84                                    -5.2490491838068729e-03        -7.8929386797325762e-01         2.7415105041823182e-02
85                                     3.4957834869617909e-03         5.3069394510679269e-01        -1.8545314754055499e-02
86                                     1.0994724268598803e-03         1.6725198734061397e-01        -5.8316624556816864e-03
87                                    -2.1866845715475544e-03         9.3609772465503976e-03         5.2118237604081557e-03
88                                     2.6455805539295145e-03        -1.0904577400151237e-02        -7.4431733101455681e-03
89                                     7.6807015797794402e-04        -3.1739583722481023e-03        -2.1035261409272032e-03
90                                    -6.9595750070100396e-04         9.0084319237881145e-03         2.5753719817325676e-01
91                                    -2.3893363025892823e-03         3.1369252346529000e-02         9.0380016742670644e-01
92                                    -5.8465719075383909e-04         7.7023880246264815e-03         2.2213972411492397e-01
93                                    -5.5627544662752333e-05        -1.4968942656547670e-04         6.8899969050582725e-04
94                                    -3.1616588713864452e-05        -9.8887940168734464e-04        -4.3257118861963952e-03
95                                    -5.3694931873921745e-06        -2.7273707963491406e-04        -1.2179965047695912e-03
96                                    -9.4364008019168691e-07        -5.7624690612428074e-04         6.1162846609600057e-04
97                                     2.9696832948625126e-04        -9.3228230839666952e-04         9.4004234680386870e-04
98                                     9.0129444255272181e-05        -2.5187405921693140e-04         2.4600625693098029e-04
$End
$Calculation_Info
   &GeometryIndex 13
   &Mult [&Type "Integer"] 1
   &Charge [&Type "Integer"] 0
   &NumOfAtoms [&Type "Integer"] 33
   &NumOfElectrons [&Type "Integer"] 164
   &NumOfBasisFuncts [&Type "Integer"] 372
   &NumOfAuxCBasisFuncts [&Type "Integer"] 0
   &NumOfAuxJBasisFuncts [&Type "Integer"] 1237
   &NumOfAuxJKBasisFuncts [&Type "Integer"] 0
   &NumOfCABSBasisFuncts [&Type "Integer"] 0
$End
$Calculation_Timings
   &GeometryIndex 13
   &GTOINT [&Type "Double"]       5.7515000000000327e+01
   &SCF [&Type "Double"]       2.1699980000000005e+03
   &SCFGRAD [&Type "Double"]       1.3214709999999995e+03
   &GSTEP [&Type "Double"]       3.2600000000080265e-01
   &PROPINT [&Type "Double"]       6.5788600000000031e+02
   &RESPONSE [&Type "Double"]       9.2831499999999960e+02
   &PROP [&Type "Double"]       1.6108890000000001e+03
   &SUM [&Type "Double"]       6.7464000000000015e+03
$End
